GeneID,Symbol_x,TaxID_x,PathwaySource,PathwayID,PathwayName,GeneConcept,Symbol_y,TaxID_y,Organism
6531,SLC6A3,9606,kegg,hsa04721,Synaptic vesicle cycle - Homo sapiens (human),SLC6A3,SLC6A3,,Homo sapiens
6531,SLC6A3,9606,kegg,hsa04728,Dopaminergic synapse - Homo sapiens (human),SLC6A3,SLC6A3,,Homo sapiens
6531,SLC6A3,9606,kegg,hsa05012,Parkinson disease - Homo sapiens (human),SLC6A3,SLC6A3,,Homo sapiens
6531,SLC6A3,9606,kegg,hsa05022,Pathways of neurodegeneration - multiple diseases - Homo sapiens (human),SLC6A3,SLC6A3,,Homo sapiens
6531,SLC6A3,9606,kegg,hsa05030,Cocaine addiction - Homo sapiens (human),SLC6A3,SLC6A3,,Homo sapiens
6531,SLC6A3,9606,kegg,hsa05031,Amphetamine addiction - Homo sapiens (human),SLC6A3,SLC6A3,,Homo sapiens
6531,SLC6A3,9606,kegg,hsa05034,Alcoholism - Homo sapiens (human),SLC6A3,SLC6A3,,Homo sapiens
6531,SLC6A3,9606,pid,alphasynuclein_pathway,Alpha-synuclein signaling,SLC6A3,SLC6A3,,Homo sapiens
6531,SLC6A3,9606,smpdb,SMP00392,Benzocaine Action Pathway,SLC6A3,SLC6A3,,Homo sapiens
6531,SLC6A3,9606,smpdb,SMP00393,Bupivacaine Action Pathway,SLC6A3,SLC6A3,,Homo sapiens
6531,SLC6A3,9606,smpdb,SMP00394,Chloroprocaine Action Pathway,SLC6A3,SLC6A3,,Homo sapiens
6531,SLC6A3,9606,smpdb,SMP00395,Cocaine Action Pathway,SLC6A3,SLC6A3,,Homo sapiens
6531,SLC6A3,9606,smpdb,SMP00396,Dibucaine Action Pathway,SLC6A3,SLC6A3,,Homo sapiens
6531,SLC6A3,9606,smpdb,SMP00397,Levobupivacaine Action Pathway,SLC6A3,SLC6A3,,Homo sapiens
6531,SLC6A3,9606,smpdb,SMP00398,Lidocaine (Local Anaesthetic) Action Pathway,SLC6A3,SLC6A3,,Homo sapiens
6531,SLC6A3,9606,smpdb,SMP00399,Mepivacaine Action Pathway,SLC6A3,SLC6A3,,Homo sapiens
6531,SLC6A3,9606,smpdb,SMP00400,Oxybuprocaine Action Pathway,SLC6A3,SLC6A3,,Homo sapiens
6531,SLC6A3,9606,smpdb,SMP00401,Prilocaine Action Pathway,SLC6A3,SLC6A3,,Homo sapiens
6531,SLC6A3,9606,smpdb,SMP00402,Procaine Action Pathway,SLC6A3,SLC6A3,,Homo sapiens
6531,SLC6A3,9606,smpdb,SMP00403,Proparacaine Action Pathway,SLC6A3,SLC6A3,,Homo sapiens
6531,SLC6A3,9606,smpdb,SMP00404,Ropivacaine Action Pathway,SLC6A3,SLC6A3,,Homo sapiens
6531,SLC6A3,9606,smpdb,SMP00405,Codeine Action Pathway,SLC6A3,SLC6A3,,Homo sapiens
6531,SLC6A3,9606,smpdb,SMP00406,Morphine Action Pathway,SLC6A3,SLC6A3,,Homo sapiens
6531,SLC6A3,9606,smpdb,SMP00407,Heroin Action Pathway,SLC6A3,SLC6A3,,Homo sapiens
6531,SLC6A3,9606,smpdb,SMP00408,Methadone Action Pathway,SLC6A3,SLC6A3,,Homo sapiens
6531,SLC6A3,9606,smpdb,SMP00409,Oxycodone Action Pathway,SLC6A3,SLC6A3,,Homo sapiens
6531,SLC6A3,9606,smpdb,SMP00410,Hydromorphone Action Pathway,SLC6A3,SLC6A3,,Homo sapiens
6531,SLC6A3,9606,smpdb,SMP00411,Hydrocodone Action Pathway,SLC6A3,SLC6A3,,Homo sapiens
6531,SLC6A3,9606,smpdb,SMP00412,Oxymorphone Action Pathway,SLC6A3,SLC6A3,,Homo sapiens
6531,SLC6A3,9606,smpdb,SMP00413,Alfentanil Action Pathway,SLC6A3,SLC6A3,,Homo sapiens
6531,SLC6A3,9606,smpdb,SMP00414,Carfentanil Action Pathway,SLC6A3,SLC6A3,,Homo sapiens
6531,SLC6A3,9606,smpdb,SMP00415,Fentanyl Action Pathway,SLC6A3,SLC6A3,,Homo sapiens
6531,SLC6A3,9606,smpdb,SMP00416,Remifentanil Action Pathway,SLC6A3,SLC6A3,,Homo sapiens
6531,SLC6A3,9606,smpdb,SMP00417,Sufentanil Action Pathway,SLC6A3,SLC6A3,,Homo sapiens
6531,SLC6A3,9606,smpdb,SMP00422,Imipramine Action Pathway,SLC6A3,SLC6A3,,Homo sapiens
6531,SLC6A3,9606,smpdb,SMP00423,Desipramine Action Pathway,SLC6A3,SLC6A3,,Homo sapiens
6531,SLC6A3,9606,smpdb,SMP00424,Citalopram Action Pathway,SLC6A3,SLC6A3,,Homo sapiens
6531,SLC6A3,9606,smpdb,SMP00425,Escitalopram Action Pathway,SLC6A3,SLC6A3,,Homo sapiens
6531,SLC6A3,9606,smpdb,SMP00426,Fluoxetine Action Pathway,SLC6A3,SLC6A3,,Homo sapiens
6531,SLC6A3,9606,smpdb,SMP00431,Nicotine Action Pathway,SLC6A3,SLC6A3,,Homo sapiens
6531,SLC6A3,9606,smpdb,SMP00671,Tramadol Action Action Pathway,SLC6A3,SLC6A3,,Homo sapiens
6531,SLC6A3,9606,smpdb,SMP00672,Propoxyphene Action Pathway,SLC6A3,SLC6A3,,Homo sapiens
6531,SLC6A3,9606,smpdb,SMP00673,Levorphanol Action Pathway,SLC6A3,SLC6A3,,Homo sapiens
6531,SLC6A3,9606,smpdb,SMP00674,Anileridine Action Pathway,SLC6A3,SLC6A3,,Homo sapiens
6531,SLC6A3,9606,smpdb,SMP00675,Diphenoxylate Action Pathway,SLC6A3,SLC6A3,,Homo sapiens
6531,SLC6A3,9606,smpdb,SMP00676,Dezocine Action Pathway,SLC6A3,SLC6A3,,Homo sapiens
6531,SLC6A3,9606,smpdb,SMP00677,Levomethadyl Acetate Action Action Pathway,SLC6A3,SLC6A3,,Homo sapiens
6531,SLC6A3,9606,smpdb,SMP00678,Methadyl Acetate Action Pathway,SLC6A3,SLC6A3,,Homo sapiens
6531,SLC6A3,9606,smpdb,SMP00679,3-Methylthiofentanyl Action Pathway,SLC6A3,SLC6A3,,Homo sapiens
6531,SLC6A3,9606,smpdb,SMP00680,Dimethylthiambutene Action Pathway,SLC6A3,SLC6A3,,Homo sapiens
6531,SLC6A3,9606,smpdb,SMP00681,Ethylmorphine Action Pathway,SLC6A3,SLC6A3,,Homo sapiens
6531,SLC6A3,9606,smpdb,SMP00683,Levallorphan Action Pathway,SLC6A3,SLC6A3,,Homo sapiens
6531,SLC6A3,9606,smpdb,SMP00684,Buprenorphine Action Pathway,SLC6A3,SLC6A3,,Homo sapiens
6531,SLC6A3,9606,smpdb,SMP00685,Alvimopan Action Pathway,SLC6A3,SLC6A3,,Homo sapiens
6531,SLC6A3,9606,smpdb,SMP00686,Pentazocine Action Pathway,SLC6A3,SLC6A3,,Homo sapiens
6531,SLC6A3,9606,smpdb,SMP00687,Naltrexone Action Pathway,SLC6A3,SLC6A3,,Homo sapiens
6531,SLC6A3,9606,smpdb,SMP00688,Naloxone Action Pathway,SLC6A3,SLC6A3,,Homo sapiens
6531,SLC6A3,9606,smpdb,SMP00689,Dihydromorphine Action Pathway,SLC6A3,SLC6A3,,Homo sapiens
6531,SLC6A3,9606,smpdb,SMP00690,Ketobemidone  Action Pathway,SLC6A3,SLC6A3,,Homo sapiens
6531,SLC6A3,9606,smpdb,SMP00691,Nalbuphine Action Pathway,SLC6A3,SLC6A3,,Homo sapiens
6531,SLC6A3,9606,wikipathways,WP2371,"Parkinson,s disease pathway",SLC6A3,SLC6A3,,Homo sapiens
6531,SLC6A3,9606,wikipathways,WP2855,Dopaminergic Neurogenesis,SLC6A3,SLC6A3,,Homo sapiens
6531,SLC6A3,9606,wikipathways,WP2882,Nuclear Receptors Meta-Pathway,SLC6A3,SLC6A3,,Homo sapiens
6531,SLC6A3,9606,wikipathways,WP2884,NRF2 pathway,SLC6A3,SLC6A3,,Homo sapiens
6531,SLC6A3,9606,wikipathways,WP727,Monoamine Transport,SLC6A3,SLC6A3,,Homo sapiens
7054,TH,9606,humancyc,PWY66-301,catecholamine biosynthesis,TH,TH,,Homo sapiens
7054,TH,9606,kegg,hsa00350,Tyrosine metabolism - Homo sapiens (human),TH,TH,,Homo sapiens
7054,TH,9606,kegg,hsa00790,Folate biosynthesis - Homo sapiens (human),TH,TH,,Homo sapiens
7054,TH,9606,kegg,hsa04728,Dopaminergic synapse - Homo sapiens (human),TH,TH,,Homo sapiens
7054,TH,9606,kegg,hsa04917,Prolactin signaling pathway - Homo sapiens (human),TH,TH,,Homo sapiens
7054,TH,9606,kegg,hsa05012,Parkinson disease - Homo sapiens (human),TH,TH,,Homo sapiens
7054,TH,9606,kegg,hsa05030,Cocaine addiction - Homo sapiens (human),TH,TH,,Homo sapiens
7054,TH,9606,kegg,hsa05031,Amphetamine addiction - Homo sapiens (human),TH,TH,,Homo sapiens
7054,TH,9606,kegg,hsa05034,Alcoholism - Homo sapiens (human),TH,TH,,Homo sapiens
7054,TH,9606,pid,alphasynuclein_pathway,Alpha-synuclein signaling,TH,TH,,Homo sapiens
7054,TH,9606,pid,ap1_pathway,AP-1 transcription factor network,TH,TH,,Homo sapiens
7054,TH,9606,pid,atf2_pathway,ATF-2 transcription factor network,TH,TH,,Homo sapiens
7054,TH,9606,pid,p38_mk2pathway,p38 signaling mediated by MAPKAP kinases,TH,TH,,Homo sapiens
7054,TH,9606,smpdb,SMP00012,Catecholamine Biosynthesis,TH,TH,,Homo sapiens
7054,TH,9606,smpdb,SMP00170,Aromatic L-Aminoacid Decarboxylase Deficiency,TH,TH,,Homo sapiens
7054,TH,9606,smpdb,SMP00497,Tyrosine hydroxylase deficiency,TH,TH,,Homo sapiens
7054,TH,9606,wikipathways,WP1602,Nicotine Activity on Dopaminergic Neurons,TH,TH,,Homo sapiens
7054,TH,9606,wikipathways,WP2371,"Parkinson,s disease pathway",TH,TH,,Homo sapiens
7054,TH,9606,wikipathways,WP2436,Dopamine metabolism,TH,TH,,Homo sapiens
7054,TH,9606,wikipathways,WP2855,Dopaminergic Neurogenesis,TH,TH,,Homo sapiens
7054,TH,9606,wikipathways,WP3925,Amino Acid metabolism,TH,TH,,Homo sapiens
7054,TH,9606,wikipathways,WP550,Biogenic Amine Synthesis,TH,TH,,Homo sapiens
7054,TH,9606,wikipathways,WP706,Sudden Infant Death Syndrome (SIDS) Susceptibility Pathways,TH,TH,,Homo sapiens
7054,TH,9606,wikipathways,WP727,Monoamine Transport,TH,TH,,Homo sapiens
6571,SLC18A2,9606,kegg,hsa04721,Synaptic vesicle cycle - Homo sapiens (human),SLC18A2,SLC18A2,,Homo sapiens
6571,SLC18A2,9606,kegg,hsa04726,Serotonergic synapse - Homo sapiens (human),SLC18A2,SLC18A2,,Homo sapiens
6571,SLC18A2,9606,kegg,hsa04728,Dopaminergic synapse - Homo sapiens (human),SLC18A2,SLC18A2,,Homo sapiens
6571,SLC18A2,9606,kegg,hsa05012,Parkinson disease - Homo sapiens (human),SLC18A2,SLC18A2,,Homo sapiens
6571,SLC18A2,9606,kegg,hsa05030,Cocaine addiction - Homo sapiens (human),SLC18A2,SLC18A2,,Homo sapiens
6571,SLC18A2,9606,kegg,hsa05031,Amphetamine addiction - Homo sapiens (human),SLC18A2,SLC18A2,,Homo sapiens
6571,SLC18A2,9606,kegg,hsa05034,Alcoholism - Homo sapiens (human),SLC18A2,SLC18A2,,Homo sapiens
6571,SLC18A2,9606,wikipathways,WP1602,Nicotine Activity on Dopaminergic Neurons,SLC18A2,SLC18A2,,Homo sapiens
6571,SLC18A2,9606,wikipathways,WP2267,Synaptic Vesicle Pathway,SLC18A2,SLC18A2,,Homo sapiens
6571,SLC18A2,9606,wikipathways,WP2855,Dopaminergic Neurogenesis,SLC18A2,SLC18A2,,Homo sapiens
366,AQP9,9606,kegg,hsa04613,Neutrophil extracellular trap formation - Homo sapiens (human),AQP9,AQP9,,Homo sapiens
366,AQP9,9606,kegg,hsa04976,Bile secretion - Homo sapiens (human),AQP9,AQP9,,Homo sapiens
366,AQP9,9606,wikipathways,WP3527,Pre-implantation embryo,AQP9,AQP9,,Homo sapiens
358,AQP1,9606,kegg,hsa04924,Renin secretion - Homo sapiens (human),AQP1,AQP1,,Homo sapiens
358,AQP1,9606,kegg,hsa04964,Proximal tubule bicarbonate reclamation - Homo sapiens (human),AQP1,AQP1,,Homo sapiens
358,AQP1,9606,kegg,hsa04976,Bile secretion - Homo sapiens (human),AQP1,AQP1,,Homo sapiens
358,AQP1,9606,smpdb,SMP00078,Chlorothiazide Action Pathway,AQP1,AQP1,,Homo sapiens
358,AQP1,9606,smpdb,SMP00080,Polythiazide Action Pathway,AQP1,AQP1,,Homo sapiens
358,AQP1,9606,smpdb,SMP00081,Methyclothiazide Action Pathway,AQP1,AQP1,,Homo sapiens
358,AQP1,9606,smpdb,SMP00088,Bumetanide Action Pathway,AQP1,AQP1,,Homo sapiens
358,AQP1,9606,smpdb,SMP00090,Bendroflumethiazide Action Pathway,AQP1,AQP1,,Homo sapiens
358,AQP1,9606,smpdb,SMP00091,Quinethazone Action Pathway,AQP1,AQP1,,Homo sapiens
358,AQP1,9606,smpdb,SMP00097,Ethacrynic Acid Action Pathway,AQP1,AQP1,,Homo sapiens
358,AQP1,9606,smpdb,SMP00100,Hydrochlorothiazide Action Pathway,AQP1,AQP1,,Homo sapiens
358,AQP1,9606,smpdb,SMP00103,Cyclothiazide Action Pathway,AQP1,AQP1,,Homo sapiens
358,AQP1,9606,smpdb,SMP00105,Metolazone Action Pathway,AQP1,AQP1,,Homo sapiens
358,AQP1,9606,smpdb,SMP00108,Hydroflumethiazide Action Pathway,AQP1,AQP1,,Homo sapiens
358,AQP1,9606,smpdb,SMP00110,Indapamide Action Pathway,AQP1,AQP1,,Homo sapiens
358,AQP1,9606,smpdb,SMP00115,Furosemide Action Pathway,AQP1,AQP1,,Homo sapiens
358,AQP1,9606,smpdb,SMP00118,Torsemide Action Pathway,AQP1,AQP1,,Homo sapiens
358,AQP1,9606,smpdb,SMP00121,Trichlormethiazide Action Pathway,AQP1,AQP1,,Homo sapiens
358,AQP1,9606,smpdb,SMP00122,Chlorthalidone Action Pathway,AQP1,AQP1,,Homo sapiens
358,AQP1,9606,smpdb,SMP00132,Triamterene Action Pathway,AQP1,AQP1,,Homo sapiens
358,AQP1,9606,smpdb,SMP00133,Amiloride Action Pathway,AQP1,AQP1,,Homo sapiens
358,AQP1,9606,smpdb,SMP00134,Spironolactone Action Pathway,AQP1,AQP1,,Homo sapiens
358,AQP1,9606,smpdb,SMP00135,Eplerenone Action Pathway,AQP1,AQP1,,Homo sapiens
358,AQP1,9606,smpdb,SMP00184,Glucose Transporter Defect (SGLT2),AQP1,AQP1,,Homo sapiens
358,AQP1,9606,smpdb,SMP00189,Hartnup Disorder,AQP1,AQP1,,Homo sapiens
358,AQP1,9606,smpdb,SMP00193,Iminoglycinuria,AQP1,AQP1,,Homo sapiens
358,AQP1,9606,smpdb,SMP00197,Lysinuric Protein Intolerance,AQP1,AQP1,,Homo sapiens
358,AQP1,9606,smpdb,SMP00245,Glucose Transporter Defect (SGLT2),AQP1,AQP1,,Homo sapiens
358,AQP1,9606,smpdb,SMP00483,Kidney Function,AQP1,AQP1,,Homo sapiens
358,AQP1,9606,smpdb,SMP00583,Blue diaper syndrome,AQP1,AQP1,,Homo sapiens
358,AQP1,9606,smpdb,SMP00585,Lysinuric protein intolerance (LPI),AQP1,AQP1,,Homo sapiens
358,AQP1,9606,smpdb,SMP00723,Cystinuria,AQP1,AQP1,,Homo sapiens
358,AQP1,9606,wikipathways,WP2431,Spinal Cord Injury,AQP1,AQP1,,Homo sapiens
358,AQP1,9606,wikipathways,WP4917,Proximal tubule transport,AQP1,AQP1,,Homo sapiens
361,AQP4,9606,kegg,hsa04962,Vasopressin-regulated water reabsorption - Homo sapiens (human),AQP4,AQP4,,Homo sapiens
361,AQP4,9606,kegg,hsa04976,Bile secretion - Homo sapiens (human),AQP4,AQP4,,Homo sapiens
361,AQP4,9606,wikipathways,WP2431,Spinal Cord Injury,AQP4,AQP4,,Homo sapiens
361,AQP4,9606,wikipathways,WP706,Sudden Infant Death Syndrome (SIDS) Susceptibility Pathways,AQP4,AQP4,,Homo sapiens
857,CAV1,9606,biocarta,gcrpathway,corticosteroids and cardioprotection,CAV1,CAV1,,Homo sapiens
857,CAV1,9606,biocarta,integrinpathway,integrin signaling pathway,CAV1,CAV1,,Homo sapiens
857,CAV1,9606,biocarta,no1pathway,actions of nitric oxide in the heart,CAV1,CAV1,,Homo sapiens
857,CAV1,9606,biocarta,raccpathway,ion channels and their functional role in vascular endothelium,CAV1,CAV1,,Homo sapiens
857,CAV1,9606,biocarta,vegfpathway,vegf hypoxia and angiogenesis,CAV1,CAV1,,Homo sapiens
857,CAV1,9606,kegg,hsa04144,Endocytosis - Homo sapiens (human),CAV1,CAV1,,Homo sapiens
857,CAV1,9606,kegg,hsa04510,Focal adhesion - Homo sapiens (human),CAV1,CAV1,,Homo sapiens
857,CAV1,9606,kegg,hsa05020,Prion disease - Homo sapiens (human),CAV1,CAV1,,Homo sapiens
857,CAV1,9606,kegg,hsa05100,Bacterial invasion of epithelial cells - Homo sapiens (human),CAV1,CAV1,,Homo sapiens
857,CAV1,9606,kegg,hsa05205,Proteoglycans in cancer - Homo sapiens (human),CAV1,CAV1,,Homo sapiens
857,CAV1,9606,kegg,hsa05416,Viral myocarditis - Homo sapiens (human),CAV1,CAV1,,Homo sapiens
857,CAV1,9606,kegg,hsa05418,Fluid shear stress and atherosclerosis - Homo sapiens (human),CAV1,CAV1,,Homo sapiens
857,CAV1,9606,netpath,Pathway_AndrogenReceptor,AndrogenReceptor,CAV1,CAV1,,Homo sapiens
857,CAV1,9606,netpath,Pathway_EGFR1,EGFR1,CAV1,CAV1,,Homo sapiens
857,CAV1,9606,netpath,Pathway_TGF_beta_Receptor,TGF_beta_Receptor,CAV1,CAV1,,Homo sapiens
857,CAV1,9606,netpath,Pathway_TNFalpha,TNFalpha,CAV1,CAV1,,Homo sapiens
857,CAV1,9606,pid,alk1pathway,ALK1 signaling events,CAV1,CAV1,,Homo sapiens
857,CAV1,9606,pid,insulin_pathway,Insulin Pathway,CAV1,CAV1,,Homo sapiens
857,CAV1,9606,pid,p53downstreampathway,Direct p53 effectors,CAV1,CAV1,,Homo sapiens
857,CAV1,9606,pid,pdgfrapathway,PDGFR-alpha signaling pathway,CAV1,CAV1,,Homo sapiens
857,CAV1,9606,pid,ptp1bpathway,Signaling events mediated by PTP1B,CAV1,CAV1,,Homo sapiens
857,CAV1,9606,pid,tgfbrpathway,TGF-beta receptor signaling,CAV1,CAV1,,Homo sapiens
857,CAV1,9606,pid,tnfpathway,TNF receptor signaling pathway ,CAV1,CAV1,,Homo sapiens
857,CAV1,9606,pid,vegfr1_2_pathway,Signaling events mediated by VEGFR1 and VEGFR2,CAV1,CAV1,,Homo sapiens
857,CAV1,9606,pid,vegfr1_pathway,VEGFR1 specific signals,CAV1,CAV1,,Homo sapiens
857,CAV1,9606,pid,wnt_canonical_pathway,Canonical Wnt signaling pathway,CAV1,CAV1,,Homo sapiens
857,CAV1,9606,wikipathways,WP138,Androgen receptor signaling pathway,CAV1,CAV1,,Homo sapiens
857,CAV1,9606,wikipathways,WP185,Integrin-mediated Cell Adhesion,CAV1,CAV1,,Homo sapiens
857,CAV1,9606,wikipathways,WP2817,Mammary gland development pathway - Pregnancy and lactation (Stage 3 of 4),CAV1,CAV1,,Homo sapiens
857,CAV1,9606,wikipathways,WP306,Focal Adhesion,CAV1,CAV1,,Homo sapiens
857,CAV1,9606,wikipathways,WP366,TGF-beta Signaling Pathway,CAV1,CAV1,,Homo sapiens
857,CAV1,9606,wikipathways,WP3888,VEGFA-VEGFR2 Signaling Pathway,CAV1,CAV1,,Homo sapiens
857,CAV1,9606,wikipathways,WP4217,Ebola Virus Pathway on Host,CAV1,CAV1,,Homo sapiens
857,CAV1,9606,wikipathways,WP4298,Acute viral myocarditis,CAV1,CAV1,,Homo sapiens
857,CAV1,9606,wikipathways,WP437,EGF-EGFR signaling pathway,CAV1,CAV1,,Homo sapiens
13492,Drd5,10090,kegg,mmu04020,Calcium signaling pathway - Mus musculus (mouse),DRD5,Drd5,,Mus musculus
13492,Drd5,10090,kegg,mmu04024,cAMP signaling pathway - Mus musculus (mouse),DRD5,Drd5,,Mus musculus
13492,Drd5,10090,kegg,mmu04080,Neuroactive ligand-receptor interaction - Mus musculus (mouse),DRD5,Drd5,,Mus musculus
13492,Drd5,10090,kegg,mmu04728,Dopaminergic synapse - Mus musculus (mouse),DRD5,Drd5,,Mus musculus
13489,Drd2,10090,kegg,mmu04015,Rap1 signaling pathway - Mus musculus (mouse),DRD2,Drd2,,Mus musculus
13489,Drd2,10090,kegg,mmu04024,cAMP signaling pathway - Mus musculus (mouse),DRD2,Drd2,,Mus musculus
13489,Drd2,10090,kegg,mmu04080,Neuroactive ligand-receptor interaction - Mus musculus (mouse),DRD2,Drd2,,Mus musculus
13489,Drd2,10090,kegg,mmu04540,Gap junction - Mus musculus (mouse),DRD2,Drd2,,Mus musculus
13489,Drd2,10090,kegg,mmu04728,Dopaminergic synapse - Mus musculus (mouse),DRD2,Drd2,,Mus musculus
13489,Drd2,10090,kegg,mmu05012,Parkinson disease - Mus musculus (mouse),DRD2,Drd2,,Mus musculus
13489,Drd2,10090,kegg,mmu05030,Cocaine addiction - Mus musculus (mouse),DRD2,Drd2,,Mus musculus
13489,Drd2,10090,kegg,mmu05034,Alcoholism - Mus musculus (mouse),DRD2,Drd2,,Mus musculus
920,CD4,9606,biocarta,cskpathway,activation of csk by camp-dependent protein kinase inhibits signaling through the t cell receptor,CD4,CD4,,Homo sapiens
920,CD4,9606,biocarta,mef2dpathway,role of mef2d in t-cell apoptosis,CD4,CD4,,Homo sapiens
920,CD4,9606,biocarta,tcrapathway,lck and fyn tyrosine kinases in initiation of tcr activation,CD4,CD4,,Homo sapiens
920,CD4,9606,biocarta,tcrpathway,t cell receptor signaling pathway,CD4,CD4,,Homo sapiens
920,CD4,9606,biocarta,vifpathway,hiv-1 defeats host-mediated resistance by cem15,CD4,CD4,,Homo sapiens
920,CD4,9606,kegg,hsa04060,Cytokine-cytokine receptor interaction - Homo sapiens (human),CD4,CD4,,Homo sapiens
920,CD4,9606,kegg,hsa04514,Cell adhesion molecules - Homo sapiens (human),CD4,CD4,,Homo sapiens
920,CD4,9606,kegg,hsa04612,Antigen processing and presentation - Homo sapiens (human),CD4,CD4,,Homo sapiens
920,CD4,9606,kegg,hsa04640,Hematopoietic cell lineage - Homo sapiens (human),CD4,CD4,,Homo sapiens
920,CD4,9606,kegg,hsa04658,Th1 and Th2 cell differentiation - Homo sapiens (human),CD4,CD4,,Homo sapiens
920,CD4,9606,kegg,hsa04659,Th17 cell differentiation - Homo sapiens (human),CD4,CD4,,Homo sapiens
920,CD4,9606,kegg,hsa04660,T cell receptor signaling pathway - Homo sapiens (human),CD4,CD4,,Homo sapiens
920,CD4,9606,kegg,hsa05135,Yersinia infection - Homo sapiens (human),CD4,CD4,,Homo sapiens
920,CD4,9606,kegg,hsa05166,Human T-cell leukemia virus 1 infection - Homo sapiens (human),CD4,CD4,,Homo sapiens
920,CD4,9606,kegg,hsa05170,Human immunodeficiency virus 1 infection - Homo sapiens (human),CD4,CD4,,Homo sapiens
920,CD4,9606,kegg,hsa05235,PD-L1 expression and PD-1 checkpoint pathway in cancer - Homo sapiens (human),CD4,CD4,,Homo sapiens
920,CD4,9606,kegg,hsa05340,Primary immunodeficiency - Homo sapiens (human),CD4,CD4,,Homo sapiens
920,CD4,9606,netpath,Pathway_TCR,TCR,CD4,CD4,,Homo sapiens
920,CD4,9606,pid,arf_3pathway,Arf1 pathway,CD4,CD4,,Homo sapiens
920,CD4,9606,pid,cmyb_pathway,C-MYB transcription factor network,CD4,CD4,,Homo sapiens
920,CD4,9606,pid,cxcr4_pathway,CXCR4-mediated signaling events,CD4,CD4,,Homo sapiens
920,CD4,9606,pid,hes_heypathway,Notch-mediated HES/HEY network,CD4,CD4,,Homo sapiens
920,CD4,9606,pid,il12_2pathway,IL12-mediated signaling events,CD4,CD4,,Homo sapiens
920,CD4,9606,pid,il12_stat4pathway,IL12 signaling mediated by STAT4,CD4,CD4,,Homo sapiens
920,CD4,9606,pid,il23pathway,IL23-mediated signaling events,CD4,CD4,,Homo sapiens
920,CD4,9606,pid,tcr_pathway,TCR signaling in na&#xef;ve CD4+ T cells,CD4,CD4,,Homo sapiens
920,CD4,9606,wikipathways,WP3863,T-Cell antigen Receptor (TCR) pathway during Staphylococcus aureus infection,CD4,CD4,,Homo sapiens
920,CD4,9606,wikipathways,WP3945,TYROBP causal network in microglia,CD4,CD4,,Homo sapiens
920,CD4,9606,wikipathways,WP4298,Acute viral myocarditis,CD4,CD4,,Homo sapiens
920,CD4,9606,wikipathways,WP4494,Selective expression of chemokine receptors during T-cell polarization,CD4,CD4,,Homo sapiens
920,CD4,9606,wikipathways,WP4884,Pathogenesis of SARS-CoV-2 Mediated by nsp9-nsp10 Complex,CD4,CD4,,Homo sapiens
920,CD4,9606,wikipathways,WP530,Cytokines and Inflammatory Response,CD4,CD4,,Homo sapiens
920,CD4,9606,wikipathways,WP69,T-cell receptor (TCR) signaling pathway,CD4,CD4,,Homo sapiens
6097,RORC,9606,kegg,hsa04659,Th17 cell differentiation - Homo sapiens (human),RORC,RORC,,Homo sapiens
6097,RORC,9606,kegg,hsa04710,Circadian rhythm - Homo sapiens (human),RORC,RORC,,Homo sapiens
6097,RORC,9606,kegg,hsa05321,Inflammatory bowel disease - Homo sapiens (human),RORC,RORC,,Homo sapiens
6097,RORC,9606,wikipathways,WP170,Nuclear receptors,RORC,RORC,,Homo sapiens
6097,RORC,9606,wikipathways,WP4657,22q11.2 copy number variation syndrome,RORC,RORC,,Homo sapiens
33569,Thor,7227,reactome,R-DME-110523,TOR signaling pathway,THOR,Thor,,Drosophila melanogaster
33569,Thor,7227,reactome,R-DME-110526,Insulin receptor mediated signaling,THOR,Thor,,Drosophila melanogaster
33569,Thor,7227,reactome,R-DME-162582,Signal Transduction,THOR,Thor,,Drosophila melanogaster
33569,Thor,7227,reactome,R-DME-165159,MTOR signalling,THOR,Thor,,Drosophila melanogaster
33569,Thor,7227,reactome,R-DME-166208,mTORC1-mediated signalling,THOR,Thor,,Drosophila melanogaster
33569,Thor,7227,reactome,R-DME-392499,Metabolism of proteins,THOR,Thor,,Drosophila melanogaster
33569,Thor,7227,reactome,R-DME-5252538,Drosophila signaling pathways,THOR,Thor,,Drosophila melanogaster
33569,Thor,7227,reactome,R-DME-72613,Eukaryotic Translation Initiation,THOR,Thor,,Drosophila melanogaster
33569,Thor,7227,reactome,R-DME-72662,"Activation of the mRNA upon binding of the cap-binding complex and eIFs, and subsequent binding to 43S",THOR,Thor,,Drosophila melanogaster
33569,Thor,7227,reactome,R-DME-72737,Cap-dependent Translation Initiation,THOR,Thor,,Drosophila melanogaster
33569,Thor,7227,reactome,R-DME-72766,Translation,THOR,Thor,,Drosophila melanogaster
43580,sima,7227,reactome,R-DME-1234158,Regulation of gene expression by Hypoxia-inducible Factor,SIMA,sima,,Drosophila melanogaster
43580,sima,7227,reactome,R-DME-1234174,Cellular response to hypoxia,SIMA,sima,,Drosophila melanogaster
43580,sima,7227,reactome,R-DME-1234176,Oxygen-dependent proline hydroxylation of Hypoxia-inducible Factor Alpha,SIMA,sima,,Drosophila melanogaster
43580,sima,7227,reactome,R-DME-2262752,Cellular responses to stress,SIMA,sima,,Drosophila melanogaster
43580,sima,7227,reactome,R-DME-392499,Metabolism of proteins,SIMA,sima,,Drosophila melanogaster
43580,sima,7227,reactome,R-DME-597592,Post-translational protein modification,SIMA,sima,,Drosophila melanogaster
43580,sima,7227,reactome,R-DME-8951664,Neddylation,SIMA,sima,,Drosophila melanogaster
43580,sima,7227,reactome,R-DME-8953897,Cellular responses to stimuli,SIMA,sima,,Drosophila melanogaster
41709,foxo,7227,reactome,R-DME-110478,Insulin signaling pathway,FOXO,foxo,,Drosophila melanogaster
41709,foxo,7227,reactome,R-DME-110526,Insulin receptor mediated signaling,FOXO,foxo,,Drosophila melanogaster
41709,foxo,7227,reactome,R-DME-1181150,Signaling by NODAL,FOXO,foxo,,Drosophila melanogaster
41709,foxo,7227,reactome,R-DME-1257604,PIP3 activates AKT signaling,FOXO,foxo,,Drosophila melanogaster
41709,foxo,7227,reactome,R-DME-1266738,Developmental Biology,FOXO,foxo,,Drosophila melanogaster
41709,foxo,7227,reactome,R-DME-1280215,Cytokine Signaling in Immune system,FOXO,foxo,,Drosophila melanogaster
41709,foxo,7227,reactome,R-DME-162582,Signal Transduction,FOXO,foxo,,Drosophila melanogaster
41709,foxo,7227,reactome,R-DME-168256,Immune System,FOXO,foxo,,Drosophila melanogaster
41709,foxo,7227,reactome,R-DME-186712,Regulation of beta-cell development,FOXO,foxo,,Drosophila melanogaster
41709,foxo,7227,reactome,R-DME-198693,AKT phosphorylates targets in the nucleus,FOXO,foxo,,Drosophila melanogaster
41709,foxo,7227,reactome,R-DME-210745,Regulation of gene expression in beta cells,FOXO,foxo,,Drosophila melanogaster
41709,foxo,7227,reactome,R-DME-211163,AKT-mediated inactivation of FOXO1A,FOXO,foxo,,Drosophila melanogaster
41709,foxo,7227,reactome,R-DME-212436,Generic Transcription Pathway,FOXO,foxo,,Drosophila melanogaster
41709,foxo,7227,reactome,R-DME-2262752,Cellular responses to stress,FOXO,foxo,,Drosophila melanogaster
41709,foxo,7227,reactome,R-DME-392499,Metabolism of proteins,FOXO,foxo,,Drosophila melanogaster
41709,foxo,7227,reactome,R-DME-5252538,Drosophila signaling pathways,FOXO,foxo,,Drosophila melanogaster
41709,foxo,7227,reactome,R-DME-5683057,MAPK family signaling cascades,FOXO,foxo,,Drosophila melanogaster
41709,foxo,7227,reactome,R-DME-5687128,MAPK6/MAPK4 signaling,FOXO,foxo,,Drosophila melanogaster
41709,foxo,7227,reactome,R-DME-5688426,Deubiquitination,FOXO,foxo,,Drosophila melanogaster
41709,foxo,7227,reactome,R-DME-5689880,Ub-specific processing proteases,FOXO,foxo,,Drosophila melanogaster
41709,foxo,7227,reactome,R-DME-597592,Post-translational protein modification,FOXO,foxo,,Drosophila melanogaster
41709,foxo,7227,reactome,R-DME-73857,RNA Polymerase II Transcription,FOXO,foxo,,Drosophila melanogaster
41709,foxo,7227,reactome,R-DME-74160,Gene expression (Transcription),FOXO,foxo,,Drosophila melanogaster
41709,foxo,7227,reactome,R-DME-8939211,ESR-mediated signaling,FOXO,foxo,,Drosophila melanogaster
41709,foxo,7227,reactome,R-DME-8953897,Cellular responses to stimuli,FOXO,foxo,,Drosophila melanogaster
41709,foxo,7227,reactome,R-DME-9006925,Intracellular signaling by second messengers,FOXO,foxo,,Drosophila melanogaster
41709,foxo,7227,reactome,R-DME-9006931,Signaling by Nuclear Receptors,FOXO,foxo,,Drosophila melanogaster
41709,foxo,7227,reactome,R-DME-9009391,Extra-nuclear estrogen signaling,FOXO,foxo,,Drosophila melanogaster
41709,foxo,7227,reactome,R-DME-9607240,FLT3 Signaling,FOXO,foxo,,Drosophila melanogaster
41709,foxo,7227,reactome,R-DME-9614085,FOXO-mediated transcription,FOXO,foxo,,Drosophila melanogaster
41709,foxo,7227,reactome,R-DME-9614399,Regulation of localization of FOXO transcription factors,FOXO,foxo,,Drosophila melanogaster
41709,foxo,7227,reactome,R-DME-9617629,Regulation of FOXO transcriptional activity by acetylation,FOXO,foxo,,Drosophila melanogaster
41709,foxo,7227,reactome,R-DME-9617828,FOXO-mediated transcription of cell cycle genes,FOXO,foxo,,Drosophila melanogaster
41709,foxo,7227,reactome,R-DME-9634638,Estrogen-dependent nuclear events downstream of ESR-membrane signaling,FOXO,foxo,,Drosophila melanogaster
41709,foxo,7227,reactome,R-DME-9841251,Mitochondrial unfolded protein response (UPRmt),FOXO,foxo,,Drosophila melanogaster
53947,A4GALT,9606,kegg,hsa00601,Glycosphingolipid biosynthesis - lacto and neolacto series - Homo sapiens (human),A4GALT,A4GALT,,Homo sapiens
53947,A4GALT,9606,kegg,hsa00603,Glycosphingolipid biosynthesis - globo and isoglobo series - Homo sapiens (human),A4GALT,A4GALT,,Homo sapiens
53947,A4GALT,9606,wikipathways,WP1424,Globo Sphingolipid Metabolism,A4GALT,A4GALT,,Homo sapiens
6804,STX1A,9606,kegg,hsa04130,SNARE interactions in vesicular transport - Homo sapiens (human),STX1A,STX1A,,Homo sapiens
6804,STX1A,9606,kegg,hsa04721,Synaptic vesicle cycle - Homo sapiens (human),STX1A,STX1A,,Homo sapiens
6804,STX1A,9606,kegg,hsa04911,Insulin secretion - Homo sapiens (human),STX1A,STX1A,,Homo sapiens
6804,STX1A,9606,kegg,hsa05016,Huntington disease - Homo sapiens (human),STX1A,STX1A,,Homo sapiens
6804,STX1A,9606,kegg,hsa05022,Pathways of neurodegeneration - multiple diseases - Homo sapiens (human),STX1A,STX1A,,Homo sapiens
6804,STX1A,9606,kegg,hsa05031,Amphetamine addiction - Homo sapiens (human),STX1A,STX1A,,Homo sapiens
6804,STX1A,9606,pid,botulinumtoxinpathway,Effects of Botulinum toxin,STX1A,STX1A,,Homo sapiens
6804,STX1A,9606,wikipathways,WP1455,Serotonin Transporter Activity,STX1A,STX1A,,Homo sapiens
6804,STX1A,9606,wikipathways,WP2267,Synaptic Vesicle Pathway,STX1A,STX1A,,Homo sapiens
6804,STX1A,9606,wikipathways,WP4875,Disruption of postsynaptic signaling by CNV,STX1A,STX1A,,Homo sapiens
6804,STX1A,9606,wikipathways,WP727,Monoamine Transport,STX1A,STX1A,,Homo sapiens
2054,STX2,9606,kegg,hsa04130,SNARE interactions in vesicular transport - Homo sapiens (human),STX2,STX2,,Homo sapiens
2054,STX2,9606,kegg,hsa04721,Synaptic vesicle cycle - Homo sapiens (human),STX2,STX2,,Homo sapiens
2054,STX2,9606,wikipathways,WP2267,Synaptic Vesicle Pathway,STX2,STX2,,Homo sapiens
2054,STX2,9606,wikipathways,WP4148,Splicing factor NOVA regulated synaptic proteins,STX2,STX2,,Homo sapiens
84557,MAP1LC3A,9606,kegg,hsa04216,Ferroptosis - Homo sapiens (human),MAP1LC3A,MAP1LC3A,,Homo sapiens
84557,MAP1LC3A,9606,wikipathways,WP2509,Nanoparticle triggered autophagic cell death,MAP1LC3A,MAP1LC3A,,Homo sapiens
84557,MAP1LC3A,9606,wikipathways,WP3850,Factors and pathways affecting insulin-like growth factor (IGF1)-Akt signaling,MAP1LC3A,MAP1LC3A,,Homo sapiens
84557,MAP1LC3A,9606,wikipathways,WP4313,Ferroptosis,MAP1LC3A,MAP1LC3A,,Homo sapiens
84557,MAP1LC3A,9606,wikipathways,WP4577,Neurodegeneration with brain iron accumulation (NBIA) subtypes pathway,MAP1LC3A,MAP1LC3A,,Homo sapiens
84557,MAP1LC3A,9606,wikipathways,WP4874,CAMKK2 Pathway,MAP1LC3A,MAP1LC3A,,Homo sapiens
84557,MAP1LC3A,9606,wikipathways,WP615,Senescence and Autophagy in Cancer,MAP1LC3A,MAP1LC3A,,Homo sapiens
23435,TARDBP,9606,kegg,hsa03013,RNA transport - Homo sapiens (human),TARDBP,TARDBP,,Homo sapiens
23435,TARDBP,9606,kegg,hsa03015,mRNA surveillance pathway - Homo sapiens (human),TARDBP,TARDBP,,Homo sapiens
23435,TARDBP,9606,kegg,hsa05014,Amyotrophic lateral sclerosis - Homo sapiens (human),TARDBP,TARDBP,,Homo sapiens
23435,TARDBP,9606,kegg,hsa05022,Pathways of neurodegeneration - multiple diseases - Homo sapiens (human),TARDBP,TARDBP,,Homo sapiens
23435,TARDBP,9606,wikipathways,WP3584,MECP2 and Associated Rett Syndrome,TARDBP,TARDBP,,Homo sapiens
360,AQP3,9606,kegg,hsa04962,Vasopressin-regulated water reabsorption - Homo sapiens (human),AQP3,AQP3,,Homo sapiens
360,AQP3,9606,pid,ecadherin_stabilization_pathway,Stabilization and expansion of the E-cadherin adherens junction,AQP3,AQP3,,Homo sapiens
360,AQP3,9606,smpdb,SMP00078,Chlorothiazide Action Pathway,AQP3,AQP3,,Homo sapiens
360,AQP3,9606,smpdb,SMP00080,Polythiazide Action Pathway,AQP3,AQP3,,Homo sapiens
360,AQP3,9606,smpdb,SMP00081,Methyclothiazide Action Pathway,AQP3,AQP3,,Homo sapiens
360,AQP3,9606,smpdb,SMP00088,Bumetanide Action Pathway,AQP3,AQP3,,Homo sapiens
360,AQP3,9606,smpdb,SMP00090,Bendroflumethiazide Action Pathway,AQP3,AQP3,,Homo sapiens
360,AQP3,9606,smpdb,SMP00091,Quinethazone Action Pathway,AQP3,AQP3,,Homo sapiens
360,AQP3,9606,smpdb,SMP00097,Ethacrynic Acid Action Pathway,AQP3,AQP3,,Homo sapiens
360,AQP3,9606,smpdb,SMP00100,Hydrochlorothiazide Action Pathway,AQP3,AQP3,,Homo sapiens
360,AQP3,9606,smpdb,SMP00103,Cyclothiazide Action Pathway,AQP3,AQP3,,Homo sapiens
360,AQP3,9606,smpdb,SMP00105,Metolazone Action Pathway,AQP3,AQP3,,Homo sapiens
360,AQP3,9606,smpdb,SMP00108,Hydroflumethiazide Action Pathway,AQP3,AQP3,,Homo sapiens
360,AQP3,9606,smpdb,SMP00110,Indapamide Action Pathway,AQP3,AQP3,,Homo sapiens
360,AQP3,9606,smpdb,SMP00115,Furosemide Action Pathway,AQP3,AQP3,,Homo sapiens
360,AQP3,9606,smpdb,SMP00118,Torsemide Action Pathway,AQP3,AQP3,,Homo sapiens
360,AQP3,9606,smpdb,SMP00121,Trichlormethiazide Action Pathway,AQP3,AQP3,,Homo sapiens
360,AQP3,9606,smpdb,SMP00122,Chlorthalidone Action Pathway,AQP3,AQP3,,Homo sapiens
360,AQP3,9606,smpdb,SMP00132,Triamterene Action Pathway,AQP3,AQP3,,Homo sapiens
360,AQP3,9606,smpdb,SMP00133,Amiloride Action Pathway,AQP3,AQP3,,Homo sapiens
360,AQP3,9606,smpdb,SMP00134,Spironolactone Action Pathway,AQP3,AQP3,,Homo sapiens
360,AQP3,9606,smpdb,SMP00135,Eplerenone Action Pathway,AQP3,AQP3,,Homo sapiens
360,AQP3,9606,smpdb,SMP00184,Glucose Transporter Defect (SGLT2),AQP3,AQP3,,Homo sapiens
360,AQP3,9606,smpdb,SMP00189,Hartnup Disorder,AQP3,AQP3,,Homo sapiens
360,AQP3,9606,smpdb,SMP00193,Iminoglycinuria,AQP3,AQP3,,Homo sapiens
360,AQP3,9606,smpdb,SMP00197,Lysinuric Protein Intolerance,AQP3,AQP3,,Homo sapiens
360,AQP3,9606,smpdb,SMP00245,Glucose Transporter Defect (SGLT2),AQP3,AQP3,,Homo sapiens
360,AQP3,9606,smpdb,SMP00483,Kidney Function,AQP3,AQP3,,Homo sapiens
360,AQP3,9606,smpdb,SMP00583,Blue diaper syndrome,AQP3,AQP3,,Homo sapiens
360,AQP3,9606,smpdb,SMP00585,Lysinuric protein intolerance (LPI),AQP3,AQP3,,Homo sapiens
360,AQP3,9606,smpdb,SMP00723,Cystinuria,AQP3,AQP3,,Homo sapiens
360,AQP3,9606,wikipathways,WP3527,Pre-implantation embryo,AQP3,AQP3,,Homo sapiens
10725,NFAT5,9606,wikipathways,WP4585,Cancer immunotherapy by PD-1 blockade,NFAT5,NFAT5,,Homo sapiens
4790,NFKB1,9606,biocarta,nfkbpathway,nf-kb signaling pathway,NFKB1,NFKB1,,Homo sapiens
4790,NFKB1,9606,kegg,hsa04010,MAPK signaling pathway - Homo sapiens (human),NFKB1,NFKB1,,Homo sapiens
4790,NFKB1,9606,kegg,hsa04014,Ras signaling pathway - Homo sapiens (human),NFKB1,NFKB1,,Homo sapiens
4790,NFKB1,9606,kegg,hsa04024,cAMP signaling pathway - Homo sapiens (human),NFKB1,NFKB1,,Homo sapiens
4790,NFKB1,9606,kegg,hsa04062,Chemokine signaling pathway - Homo sapiens (human),NFKB1,NFKB1,,Homo sapiens
4790,NFKB1,9606,kegg,hsa04064,NF-kappa B signaling pathway - Homo sapiens (human),NFKB1,NFKB1,,Homo sapiens
4790,NFKB1,9606,kegg,hsa04066,HIF-1 signaling pathway - Homo sapiens (human),NFKB1,NFKB1,,Homo sapiens
4790,NFKB1,9606,kegg,hsa04071,Sphingolipid signaling pathway - Homo sapiens (human),NFKB1,NFKB1,,Homo sapiens
4790,NFKB1,9606,kegg,hsa04151,PI3K-Akt signaling pathway - Homo sapiens (human),NFKB1,NFKB1,,Homo sapiens
4790,NFKB1,9606,kegg,hsa04210,Apoptosis - Homo sapiens (human),NFKB1,NFKB1,,Homo sapiens
4790,NFKB1,9606,kegg,hsa04211,Longevity regulating pathway - Homo sapiens (human),NFKB1,NFKB1,,Homo sapiens
4790,NFKB1,9606,kegg,hsa04218,Cellular senescence - Homo sapiens (human),NFKB1,NFKB1,,Homo sapiens
4790,NFKB1,9606,kegg,hsa04380,Osteoclast differentiation - Homo sapiens (human),NFKB1,NFKB1,,Homo sapiens
4790,NFKB1,9606,kegg,hsa04613,Neutrophil extracellular trap formation - Homo sapiens (human),NFKB1,NFKB1,,Homo sapiens
4790,NFKB1,9606,kegg,hsa04620,Toll-like receptor signaling pathway - Homo sapiens (human),NFKB1,NFKB1,,Homo sapiens
4790,NFKB1,9606,kegg,hsa04621,NOD-like receptor signaling pathway - Homo sapiens (human),NFKB1,NFKB1,,Homo sapiens
4790,NFKB1,9606,kegg,hsa04622,RIG-I-like receptor signaling pathway - Homo sapiens (human),NFKB1,NFKB1,,Homo sapiens
4790,NFKB1,9606,kegg,hsa04623,Cytosolic DNA-sensing pathway - Homo sapiens (human),NFKB1,NFKB1,,Homo sapiens
4790,NFKB1,9606,kegg,hsa04625,C-type lectin receptor signaling pathway - Homo sapiens (human),NFKB1,NFKB1,,Homo sapiens
4790,NFKB1,9606,kegg,hsa04657,IL-17 signaling pathway - Homo sapiens (human),NFKB1,NFKB1,,Homo sapiens
4790,NFKB1,9606,kegg,hsa04658,Th1 and Th2 cell differentiation - Homo sapiens (human),NFKB1,NFKB1,,Homo sapiens
4790,NFKB1,9606,kegg,hsa04659,Th17 cell differentiation - Homo sapiens (human),NFKB1,NFKB1,,Homo sapiens
4790,NFKB1,9606,kegg,hsa04660,T cell receptor signaling pathway - Homo sapiens (human),NFKB1,NFKB1,,Homo sapiens
4790,NFKB1,9606,kegg,hsa04662,B cell receptor signaling pathway - Homo sapiens (human),NFKB1,NFKB1,,Homo sapiens
4790,NFKB1,9606,kegg,hsa04668,TNF signaling pathway - Homo sapiens (human),NFKB1,NFKB1,,Homo sapiens
4790,NFKB1,9606,kegg,hsa04722,Neurotrophin signaling pathway - Homo sapiens (human),NFKB1,NFKB1,,Homo sapiens
4790,NFKB1,9606,kegg,hsa04917,Prolactin signaling pathway - Homo sapiens (human),NFKB1,NFKB1,,Homo sapiens
4790,NFKB1,9606,kegg,hsa04920,Adipocytokine signaling pathway - Homo sapiens (human),NFKB1,NFKB1,,Homo sapiens
4790,NFKB1,9606,kegg,hsa04926,Relaxin signaling pathway - Homo sapiens (human),NFKB1,NFKB1,,Homo sapiens
4790,NFKB1,9606,kegg,hsa04931,Insulin resistance - Homo sapiens (human),NFKB1,NFKB1,,Homo sapiens
4790,NFKB1,9606,kegg,hsa04932,Non-alcoholic fatty liver disease - Homo sapiens (human),NFKB1,NFKB1,,Homo sapiens
4790,NFKB1,9606,kegg,hsa04933,AGE-RAGE signaling pathway in diabetic complications - Homo sapiens (human),NFKB1,NFKB1,,Homo sapiens
4790,NFKB1,9606,kegg,hsa05010,Alzheimer disease - Homo sapiens (human),NFKB1,NFKB1,,Homo sapiens
4790,NFKB1,9606,kegg,hsa05022,Pathways of neurodegeneration - multiple diseases - Homo sapiens (human),NFKB1,NFKB1,,Homo sapiens
4790,NFKB1,9606,kegg,hsa05030,Cocaine addiction - Homo sapiens (human),NFKB1,NFKB1,,Homo sapiens
4790,NFKB1,9606,kegg,hsa05120,Epithelial cell signaling in Helicobacter pylori infection - Homo sapiens (human),NFKB1,NFKB1,,Homo sapiens
4790,NFKB1,9606,kegg,hsa05130,Pathogenic Escherichia coli infection - Homo sapiens (human),NFKB1,NFKB1,,Homo sapiens
4790,NFKB1,9606,kegg,hsa05131,Shigellosis - Homo sapiens (human),NFKB1,NFKB1,,Homo sapiens
4790,NFKB1,9606,kegg,hsa05132,Salmonella infection - Homo sapiens (human),NFKB1,NFKB1,,Homo sapiens
4790,NFKB1,9606,kegg,hsa05133,Pertussis - Homo sapiens (human),NFKB1,NFKB1,,Homo sapiens
4790,NFKB1,9606,kegg,hsa05134,Legionellosis - Homo sapiens (human),NFKB1,NFKB1,,Homo sapiens
4790,NFKB1,9606,kegg,hsa05135,Yersinia infection - Homo sapiens (human),NFKB1,NFKB1,,Homo sapiens
4790,NFKB1,9606,kegg,hsa05140,Leishmaniasis - Homo sapiens (human),NFKB1,NFKB1,,Homo sapiens
4790,NFKB1,9606,kegg,hsa05142,Chagas disease - Homo sapiens (human),NFKB1,NFKB1,,Homo sapiens
4790,NFKB1,9606,kegg,hsa05145,Toxoplasmosis - Homo sapiens (human),NFKB1,NFKB1,,Homo sapiens
4790,NFKB1,9606,kegg,hsa05146,Amoebiasis - Homo sapiens (human),NFKB1,NFKB1,,Homo sapiens
4790,NFKB1,9606,kegg,hsa05152,Tuberculosis - Homo sapiens (human),NFKB1,NFKB1,,Homo sapiens
4790,NFKB1,9606,kegg,hsa05160,Hepatitis C - Homo sapiens (human),NFKB1,NFKB1,,Homo sapiens
4790,NFKB1,9606,kegg,hsa05161,Hepatitis B - Homo sapiens (human),NFKB1,NFKB1,,Homo sapiens
4790,NFKB1,9606,kegg,hsa05162,Measles - Homo sapiens (human),NFKB1,NFKB1,,Homo sapiens
4790,NFKB1,9606,kegg,hsa05163,Human cytomegalovirus infection - Homo sapiens (human),NFKB1,NFKB1,,Homo sapiens
4790,NFKB1,9606,kegg,hsa05164,Influenza A - Homo sapiens (human),NFKB1,NFKB1,,Homo sapiens
4790,NFKB1,9606,kegg,hsa05165,Human papillomavirus infection - Homo sapiens (human),NFKB1,NFKB1,,Homo sapiens
4790,NFKB1,9606,kegg,hsa05166,Human T-cell leukemia virus 1 infection - Homo sapiens (human),NFKB1,NFKB1,,Homo sapiens
4790,NFKB1,9606,kegg,hsa05167,Kaposi sarcoma-associated herpesvirus infection - Homo sapiens (human),NFKB1,NFKB1,,Homo sapiens
4790,NFKB1,9606,kegg,hsa05168,Herpes simplex virus 1 infection - Homo sapiens (human),NFKB1,NFKB1,,Homo sapiens
4790,NFKB1,9606,kegg,hsa05169,Epstein-Barr virus infection - Homo sapiens (human),NFKB1,NFKB1,,Homo sapiens
4790,NFKB1,9606,kegg,hsa05170,Human immunodeficiency virus 1 infection - Homo sapiens (human),NFKB1,NFKB1,,Homo sapiens
4790,NFKB1,9606,kegg,hsa05171,Coronavirus disease - COVID-19 - Homo sapiens (human),NFKB1,NFKB1,,Homo sapiens
4790,NFKB1,9606,kegg,hsa05200,Pathways in cancer - Homo sapiens (human),NFKB1,NFKB1,,Homo sapiens
4790,NFKB1,9606,kegg,hsa05202,Transcriptional misregulation in cancer - Homo sapiens (human),NFKB1,NFKB1,,Homo sapiens
4790,NFKB1,9606,kegg,hsa05203,Viral carcinogenesis - Homo sapiens (human),NFKB1,NFKB1,,Homo sapiens
4790,NFKB1,9606,kegg,hsa05206,MicroRNAs in cancer - Homo sapiens (human),NFKB1,NFKB1,,Homo sapiens
4790,NFKB1,9606,kegg,hsa05212,Pancreatic cancer - Homo sapiens (human),NFKB1,NFKB1,,Homo sapiens
4790,NFKB1,9606,kegg,hsa05215,Prostate cancer - Homo sapiens (human),NFKB1,NFKB1,,Homo sapiens
4790,NFKB1,9606,kegg,hsa05220,Chronic myeloid leukemia - Homo sapiens (human),NFKB1,NFKB1,,Homo sapiens
4790,NFKB1,9606,kegg,hsa05221,Acute myeloid leukemia - Homo sapiens (human),NFKB1,NFKB1,,Homo sapiens
4790,NFKB1,9606,kegg,hsa05222,Small cell lung cancer - Homo sapiens (human),NFKB1,NFKB1,,Homo sapiens
4790,NFKB1,9606,kegg,hsa05235,PD-L1 expression and PD-1 checkpoint pathway in cancer - Homo sapiens (human),NFKB1,NFKB1,,Homo sapiens
4790,NFKB1,9606,kegg,hsa05321,Inflammatory bowel disease - Homo sapiens (human),NFKB1,NFKB1,,Homo sapiens
4790,NFKB1,9606,kegg,hsa05415,Diabetic cardiomyopathy - Homo sapiens (human),NFKB1,NFKB1,,Homo sapiens
4790,NFKB1,9606,kegg,hsa05417,Lipid and atherosclerosis - Homo sapiens (human),NFKB1,NFKB1,,Homo sapiens
4790,NFKB1,9606,kegg,hsa05418,Fluid shear stress and atherosclerosis - Homo sapiens (human),NFKB1,NFKB1,,Homo sapiens
4790,NFKB1,9606,netpath,Pathway_BDNF,BDNF,NFKB1,NFKB1,,Homo sapiens
4790,NFKB1,9606,netpath,Pathway_CRH,CRH,NFKB1,NFKB1,,Homo sapiens
4790,NFKB1,9606,netpath,Pathway_EGFR1,EGFR1,NFKB1,NFKB1,,Homo sapiens
4790,NFKB1,9606,netpath,Pathway_Fibroblast__growth__factor-1,Fibroblast growth factor-1,NFKB1,NFKB1,,Homo sapiens
4790,NFKB1,9606,netpath,Pathway_Gastrin,Gastrin,NFKB1,NFKB1,,Homo sapiens
4790,NFKB1,9606,netpath,Pathway_IL1,IL1,NFKB1,NFKB1,,Homo sapiens
4790,NFKB1,9606,netpath,Pathway_IL2,IL2,NFKB1,NFKB1,,Homo sapiens
4790,NFKB1,9606,netpath,Pathway_IL3,IL3,NFKB1,NFKB1,,Homo sapiens
4790,NFKB1,9606,netpath,Pathway_IL4,IL4,NFKB1,NFKB1,,Homo sapiens
4790,NFKB1,9606,netpath,Pathway_IL5,IL5,NFKB1,NFKB1,,Homo sapiens
4790,NFKB1,9606,netpath,Pathway_IL6,IL6,NFKB1,NFKB1,,Homo sapiens
4790,NFKB1,9606,netpath,Pathway_Notch,Notch,NFKB1,NFKB1,,Homo sapiens
4790,NFKB1,9606,netpath,Pathway_Oncostatin_M,Oncostatin_M,NFKB1,NFKB1,,Homo sapiens
4790,NFKB1,9606,netpath,Pathway_Prolactin,Prolactin,NFKB1,NFKB1,,Homo sapiens
4790,NFKB1,9606,netpath,Pathway_RAGE,RAGE,NFKB1,NFKB1,,Homo sapiens
4790,NFKB1,9606,netpath,Pathway_RANKL,RANKL,NFKB1,NFKB1,,Homo sapiens
4790,NFKB1,9606,netpath,Pathway_TCR,TCR,NFKB1,NFKB1,,Homo sapiens
4790,NFKB1,9606,netpath,Pathway_TNFalpha,TNFalpha,NFKB1,NFKB1,,Homo sapiens
4790,NFKB1,9606,netpath,Pathway_TSLP,TSLP,NFKB1,NFKB1,,Homo sapiens
4790,NFKB1,9606,netpath,Pathway_TWEAK,TWEAK,NFKB1,NFKB1,,Homo sapiens
4790,NFKB1,9606,pid,amb2_neutrophils_pathway,amb2 Integrin signaling,NFKB1,NFKB1,,Homo sapiens
4790,NFKB1,9606,pid,angiopoietinreceptor_pathway,Angiopoietin receptor Tie2-mediated signaling,NFKB1,NFKB1,,Homo sapiens
4790,NFKB1,9606,pid,avb3_opn_pathway,Osteopontin-mediated events,NFKB1,NFKB1,,Homo sapiens
4790,NFKB1,9606,pid,bcr_5pathway,BCR signaling pathway,NFKB1,NFKB1,,Homo sapiens
4790,NFKB1,9606,pid,cd40_pathway,CD40/CD40L signaling,NFKB1,NFKB1,,Homo sapiens
4790,NFKB1,9606,pid,ceramide_pathway,Ceramide signaling pathway,NFKB1,NFKB1,,Homo sapiens
4790,NFKB1,9606,pid,epopathway,EPO signaling pathway,NFKB1,NFKB1,,Homo sapiens
4790,NFKB1,9606,pid,fcer1pathway,Fc-epsilon receptor I signaling in mast cells,NFKB1,NFKB1,,Homo sapiens
4790,NFKB1,9606,pid,hdac_classi_pathway,Signaling events mediated by HDAC Class I,NFKB1,NFKB1,,Homo sapiens
4790,NFKB1,9606,pid,hivnefpathway,HIV-1 Nef: Negative effector of Fas and TNF-alpha,NFKB1,NFKB1,,Homo sapiens
4790,NFKB1,9606,pid,il12_2pathway,IL12-mediated signaling events,NFKB1,NFKB1,,Homo sapiens
4790,NFKB1,9606,pid,il1pathway,IL1-mediated signaling events,NFKB1,NFKB1,,Homo sapiens
4790,NFKB1,9606,pid,il23pathway,IL23-mediated signaling events,NFKB1,NFKB1,,Homo sapiens
4790,NFKB1,9606,pid,il2_pi3kpathway,IL2 signaling events mediated by PI3K,NFKB1,NFKB1,,Homo sapiens
4790,NFKB1,9606,pid,lysophospholipid_pathway,LPA receptor mediated events,NFKB1,NFKB1,,Homo sapiens
4790,NFKB1,9606,pid,nfkappabalternativepathway,Alternative NF-kappaB pathway,NFKB1,NFKB1,,Homo sapiens
4790,NFKB1,9606,pid,nfkappabatypicalpathway,Atypical NF-kappaB pathway,NFKB1,NFKB1,,Homo sapiens
4790,NFKB1,9606,pid,nfkappabcanonicalpathway,Canonical NF-kappaB pathway,NFKB1,NFKB1,,Homo sapiens
4790,NFKB1,9606,pid,reg_gr_pathway,Glucocorticoid receptor regulatory network,NFKB1,NFKB1,,Homo sapiens
4790,NFKB1,9606,pid,telomerasepathway,Regulation of Telomerase,NFKB1,NFKB1,,Homo sapiens
4790,NFKB1,9606,pid,tnfpathway,TNF receptor signaling pathway ,NFKB1,NFKB1,,Homo sapiens
4790,NFKB1,9606,smpdb,SMP00320,Intracellular Signalling Through Adenosine Receptor A2a and Adenosine,NFKB1,NFKB1,,Homo sapiens
4790,NFKB1,9606,smpdb,SMP00321,Intracellular Signalling Through Adenosine Receptor A2b and Adenosine,NFKB1,NFKB1,,Homo sapiens
4790,NFKB1,9606,wikipathways,WP1434,Osteopontin Signaling,NFKB1,NFKB1,,Homo sapiens
4790,NFKB1,9606,wikipathways,WP1449,Regulation of toll-like receptor signaling pathway,NFKB1,NFKB1,,Homo sapiens
4790,NFKB1,9606,wikipathways,WP15,Selenium Micronutrient Network,NFKB1,NFKB1,,Homo sapiens
4790,NFKB1,9606,wikipathways,WP1533,Vitamin B12 metabolism,NFKB1,NFKB1,,Homo sapiens
4790,NFKB1,9606,wikipathways,WP1544,MicroRNAs in cardiomyocyte hypertrophy,NFKB1,NFKB1,,Homo sapiens
4790,NFKB1,9606,wikipathways,WP1559,TFs regulate miRNAs related to cardiac hypertrophy,NFKB1,NFKB1,,Homo sapiens
4790,NFKB1,9606,wikipathways,WP176,Folate Metabolism,NFKB1,NFKB1,,Homo sapiens
4790,NFKB1,9606,wikipathways,WP1772,Apoptosis Modulation and Signaling,NFKB1,NFKB1,,Homo sapiens
4790,NFKB1,9606,wikipathways,WP195,IL-1 signaling pathway,NFKB1,NFKB1,,Homo sapiens
4790,NFKB1,9606,wikipathways,WP2018,RANKL-RANK signaling pathway,NFKB1,NFKB1,,Homo sapiens
4790,NFKB1,9606,wikipathways,WP2034,Leptin signaling pathway,NFKB1,NFKB1,,Homo sapiens
4790,NFKB1,9606,wikipathways,WP2036,TNF related weak inducer of apoptosis (TWEAK) Signaling Pathway,NFKB1,NFKB1,,Homo sapiens
4790,NFKB1,9606,wikipathways,WP2037,Prolactin Signaling Pathway,NFKB1,NFKB1,,Homo sapiens
4790,NFKB1,9606,wikipathways,WP2064,Neural Crest Differentiation,NFKB1,NFKB1,,Homo sapiens
4790,NFKB1,9606,wikipathways,WP2112,IL17 signaling pathway,NFKB1,NFKB1,,Homo sapiens
4790,NFKB1,9606,wikipathways,WP2203,Thymic Stromal LymphoPoietin (TSLP) Signaling Pathway,NFKB1,NFKB1,,Homo sapiens
4790,NFKB1,9606,wikipathways,WP23,B Cell Receptor Signaling Pathway,NFKB1,NFKB1,,Homo sapiens
4790,NFKB1,9606,wikipathways,WP231,TNF-alpha signaling pathway,NFKB1,NFKB1,,Homo sapiens
4790,NFKB1,9606,wikipathways,WP2324,AGE-RAGE pathway,NFKB1,NFKB1,,Homo sapiens
4790,NFKB1,9606,wikipathways,WP2355,Corticotropin-releasing hormone signaling pathway,NFKB1,NFKB1,,Homo sapiens
4790,NFKB1,9606,wikipathways,WP2374,Oncostatin M Signaling Pathway,NFKB1,NFKB1,,Homo sapiens
4790,NFKB1,9606,wikipathways,WP2380,Brain-derived neurotrophic factor (BDNF) signaling pathway,NFKB1,NFKB1,,Homo sapiens
4790,NFKB1,9606,wikipathways,WP2526,PDGF Pathway,NFKB1,NFKB1,,Homo sapiens
4790,NFKB1,9606,wikipathways,WP254,Apoptosis,NFKB1,NFKB1,,Homo sapiens
4790,NFKB1,9606,wikipathways,WP2583,T-Cell Receptor and Co-stimulatory Signaling,NFKB1,NFKB1,,Homo sapiens
4790,NFKB1,9606,wikipathways,WP2586,Aryl Hydrocarbon Receptor Netpath,NFKB1,NFKB1,,Homo sapiens
4790,NFKB1,9606,wikipathways,WP262,Ebstein-Barr virus LMP1 signaling,NFKB1,NFKB1,,Homo sapiens
4790,NFKB1,9606,wikipathways,WP2795,Cardiac Hypertrophic Response,NFKB1,NFKB1,,Homo sapiens
4790,NFKB1,9606,wikipathways,WP2864,Apoptosis-related network due to altered Notch3 in ovarian cancer,NFKB1,NFKB1,,Homo sapiens
4790,NFKB1,9606,wikipathways,WP2865,IL1 and megakaryocytes in obesity,NFKB1,NFKB1,,Homo sapiens
4790,NFKB1,9606,wikipathways,WP289,Myometrial relaxation and contraction pathways,NFKB1,NFKB1,,Homo sapiens
4790,NFKB1,9606,wikipathways,WP3298,Melatonin metabolism and effects,NFKB1,NFKB1,,Homo sapiens
4790,NFKB1,9606,wikipathways,WP3303,RAC1-PAK1-p38-MMP2 Pathway,NFKB1,NFKB1,,Homo sapiens
4790,NFKB1,9606,wikipathways,WP3414,Initiation of transcription and translation elongation at the HIV-1 LTR,NFKB1,NFKB1,,Homo sapiens
4790,NFKB1,9606,wikipathways,WP3617,Photodynamic therapy-induced NF-kB survival signaling,NFKB1,NFKB1,,Homo sapiens
4790,NFKB1,9606,wikipathways,WP3630,"NAD metabolism, sirtuins and aging",NFKB1,NFKB1,,Homo sapiens
4790,NFKB1,9606,wikipathways,WP3646,Hepatitis C and Hepatocellular Carcinoma,NFKB1,NFKB1,,Homo sapiens
4790,NFKB1,9606,wikipathways,WP382,MAPK Signaling Pathway,NFKB1,NFKB1,,Homo sapiens
4790,NFKB1,9606,wikipathways,WP384,Apoptosis Modulation by HSP70,NFKB1,NFKB1,,Homo sapiens
4790,NFKB1,9606,wikipathways,WP3849,MAPK and NFkB signaling pathways inhibited by Yersinia YopJ,NFKB1,NFKB1,,Homo sapiens
4790,NFKB1,9606,wikipathways,WP3850,Factors and pathways affecting insulin-like growth factor (IGF1)-Akt signaling,NFKB1,NFKB1,,Homo sapiens
4790,NFKB1,9606,wikipathways,WP3851,TLR4 Signaling and Tolerance,NFKB1,NFKB1,,Homo sapiens
4790,NFKB1,9606,wikipathways,WP3858,Toll-like Receptor Signaling related to MyD88,NFKB1,NFKB1,,Homo sapiens
4790,NFKB1,9606,wikipathways,WP3863,T-Cell antigen Receptor (TCR) pathway during Staphylococcus aureus infection,NFKB1,NFKB1,,Homo sapiens
4790,NFKB1,9606,wikipathways,WP3865,Novel intracellular components of RIG-I-like receptor (RLR) pathway,NFKB1,NFKB1,,Homo sapiens
4790,NFKB1,9606,wikipathways,WP3877,Simplified Depiction of MYD88 Distinct Input-Output Pathway,NFKB1,NFKB1,,Homo sapiens
4790,NFKB1,9606,wikipathways,WP3878,ATM Signaling Network in Development and Disease,NFKB1,NFKB1,,Homo sapiens
4790,NFKB1,9606,wikipathways,WP3888,VEGFA-VEGFR2 Signaling Pathway,NFKB1,NFKB1,,Homo sapiens
4790,NFKB1,9606,wikipathways,WP3890,Nanomaterial-induced inflammasome activation,NFKB1,NFKB1,,Homo sapiens
4790,NFKB1,9606,wikipathways,WP3929,Chemokine signaling pathway,NFKB1,NFKB1,,Homo sapiens
4790,NFKB1,9606,wikipathways,WP3941,Oxidative Damage,NFKB1,NFKB1,,Homo sapiens
4790,NFKB1,9606,wikipathways,WP395,IL-4 signaling pathway,NFKB1,NFKB1,,Homo sapiens
4790,NFKB1,9606,wikipathways,WP3995,Prion disease pathway,NFKB1,NFKB1,,Homo sapiens
4790,NFKB1,9606,wikipathways,WP4008,NO-cGMP-PKG mediated Neuroprotection,NFKB1,NFKB1,,Homo sapiens
4790,NFKB1,9606,wikipathways,WP408,Oxidative Stress,NFKB1,NFKB1,,Homo sapiens
4790,NFKB1,9606,wikipathways,WP4136,Fibrin Complement Receptor 3 Signaling Pathway,NFKB1,NFKB1,,Homo sapiens
4790,NFKB1,9606,wikipathways,WP4172,PI3K-Akt signaling pathway,NFKB1,NFKB1,,Homo sapiens
4790,NFKB1,9606,wikipathways,WP4217,Ebola Virus Pathway on Host,NFKB1,NFKB1,,Homo sapiens
4790,NFKB1,9606,wikipathways,WP4223,Ras signaling,NFKB1,NFKB1,,Homo sapiens
4790,NFKB1,9606,wikipathways,WP4263,Pancreatic adenocarcinoma pathway,NFKB1,NFKB1,,Homo sapiens
4790,NFKB1,9606,wikipathways,WP4329,miRNAs involvement in the immune response in sepsis,NFKB1,NFKB1,,Homo sapiens
4790,NFKB1,9606,wikipathways,WP4337,ncRNAs involved in STAT3 signaling in hepatocellular carcinoma,NFKB1,NFKB1,,Homo sapiens
4790,NFKB1,9606,wikipathways,WP4341,"Non-genomic actions of 1,25 dihydroxyvitamin D3",NFKB1,NFKB1,,Homo sapiens
4790,NFKB1,9606,wikipathways,WP4352,Ciliary landscape,NFKB1,NFKB1,,Homo sapiens
4790,NFKB1,9606,wikipathways,WP4396,Nonalcoholic fatty liver disease,NFKB1,NFKB1,,Homo sapiens
4790,NFKB1,9606,wikipathways,WP4479,Supression of HMGB1 mediated inflammation by THBD,NFKB1,NFKB1,,Homo sapiens
4790,NFKB1,9606,wikipathways,WP4480,Role of Altered Glycolysation of MUC1 in Tumour Microenvironment,NFKB1,NFKB1,,Homo sapiens
4790,NFKB1,9606,wikipathways,WP4481,Resistin as a regulator of inflammation,NFKB1,NFKB1,,Homo sapiens
4790,NFKB1,9606,wikipathways,WP4482,Vitamin D in inflammatory diseases,NFKB1,NFKB1,,Homo sapiens
4790,NFKB1,9606,wikipathways,WP4496,Signal transduction through IL1R,NFKB1,NFKB1,,Homo sapiens
4790,NFKB1,9606,wikipathways,WP4559,Interactions between immune cells and microRNAs in tumor microenvironment,NFKB1,NFKB1,,Homo sapiens
4790,NFKB1,9606,wikipathways,WP4562,Canonical NF-KB pathway,NFKB1,NFKB1,,Homo sapiens
4790,NFKB1,9606,wikipathways,WP4585,Cancer immunotherapy by PD-1 blockade,NFKB1,NFKB1,,Homo sapiens
4790,NFKB1,9606,wikipathways,WP4655,Cytosolic DNA-sensing pathway,NFKB1,NFKB1,,Homo sapiens
4790,NFKB1,9606,wikipathways,WP4658,Small cell lung cancer,NFKB1,NFKB1,,Homo sapiens
4790,NFKB1,9606,wikipathways,WP4659,Gastrin signaling pathway,NFKB1,NFKB1,,Homo sapiens
4790,NFKB1,9606,wikipathways,WP4666,Hepatitis B infection,NFKB1,NFKB1,,Homo sapiens
4790,NFKB1,9606,wikipathways,WP4674,Head and Neck Squamous Cell Carcinoma,NFKB1,NFKB1,,Homo sapiens
4790,NFKB1,9606,wikipathways,WP4707,Aspirin and miRNAs,NFKB1,NFKB1,,Homo sapiens
4790,NFKB1,9606,wikipathways,WP4754,IL-18 signaling pathway,NFKB1,NFKB1,,Homo sapiens
4790,NFKB1,9606,wikipathways,WP4788,Autosomal recessive Osteopetrosis pathways,NFKB1,NFKB1,,Homo sapiens
4790,NFKB1,9606,wikipathways,WP4790,FGF23 signaling in hypophosphatemic rickets and related disorders,NFKB1,NFKB1,,Homo sapiens
4790,NFKB1,9606,wikipathways,WP4816,TGF-beta receptor signaling in skeletal dysplasias,NFKB1,NFKB1,,Homo sapiens
4790,NFKB1,9606,wikipathways,WP4871,Kisspeptin-kisspeptin receptor system in the ovary,NFKB1,NFKB1,,Homo sapiens
4790,NFKB1,9606,wikipathways,WP4876,Activation of NLRP3 Inflammasome by SARS-CoV-2,NFKB1,NFKB1,,Homo sapiens
4790,NFKB1,9606,wikipathways,WP4880,Host-pathogen interaction of human coronaviruses - interferon induction,NFKB1,NFKB1,,Homo sapiens
4790,NFKB1,9606,wikipathways,WP4949,16p11.2 proximal deletion syndrome,NFKB1,NFKB1,,Homo sapiens
4790,NFKB1,9606,wikipathways,WP4961,STING pathway in Kawasaki-like disease and COVID-19,NFKB1,NFKB1,,Homo sapiens
4790,NFKB1,9606,wikipathways,WP4969,RAS and bradykinin pathways in COVID-19,NFKB1,NFKB1,,Homo sapiens
4790,NFKB1,9606,wikipathways,WP5038,SARS-CoV-2 mitochondrial interactions,NFKB1,NFKB1,,Homo sapiens
4790,NFKB1,9606,wikipathways,WP5039,SARS-CoV-2 innate immunity evasion and cell-specific immune response,NFKB1,NFKB1,,Homo sapiens
4790,NFKB1,9606,wikipathways,WP5072,Modulators of TCR signaling and T cell activation,NFKB1,NFKB1,,Homo sapiens
4790,NFKB1,9606,wikipathways,WP560,TGF-beta Receptor Signaling,NFKB1,NFKB1,,Homo sapiens
4790,NFKB1,9606,wikipathways,WP61,Notch Signaling Pathway Netpath,NFKB1,NFKB1,,Homo sapiens
4790,NFKB1,9606,wikipathways,WP69,T-cell receptor (TCR) signaling pathway,NFKB1,NFKB1,,Homo sapiens
4790,NFKB1,9606,wikipathways,WP706,Sudden Infant Death Syndrome (SIDS) Susceptibility Pathways,NFKB1,NFKB1,,Homo sapiens
4790,NFKB1,9606,wikipathways,WP710,DNA damage response (only ATM dependent),NFKB1,NFKB1,,Homo sapiens
4790,NFKB1,9606,wikipathways,WP712,Estrogen signaling pathway,NFKB1,NFKB1,,Homo sapiens
4790,NFKB1,9606,wikipathways,WP75,Toll-like Receptor Signaling Pathway,NFKB1,NFKB1,,Homo sapiens
581,BAX,9606,biocarta,badpathway,regulation of bad phosphorylation,BAX,BAX,,Homo sapiens
581,BAX,9606,biocarta,ceramidepathway,ceramide signaling pathway,BAX,BAX,,Homo sapiens
581,BAX,9606,biocarta,chemicalpathway,apoptotic signaling in response to dna damage,BAX,BAX,,Homo sapiens
581,BAX,9606,biocarta,mitochondriapathway,role of mitochondria in apoptotic signaling,BAX,BAX,,Homo sapiens
581,BAX,9606,biocarta,p53hypoxiapathway,hypoxia and p53 in the cardiovascular system,BAX,BAX,,Homo sapiens
581,BAX,9606,biocarta,plk3pathway,regulation of cell cycle progression by plk3,BAX,BAX,,Homo sapiens
581,BAX,9606,kegg,hsa04071,Sphingolipid signaling pathway - Homo sapiens (human),BAX,BAX,,Homo sapiens
581,BAX,9606,kegg,hsa04115,p53 signaling pathway - Homo sapiens (human),BAX,BAX,,Homo sapiens
581,BAX,9606,kegg,hsa04141,Protein processing in endoplasmic reticulum - Homo sapiens (human),BAX,BAX,,Homo sapiens
581,BAX,9606,kegg,hsa04210,Apoptosis - Homo sapiens (human),BAX,BAX,,Homo sapiens
581,BAX,9606,kegg,hsa04211,Longevity regulating pathway - Homo sapiens (human),BAX,BAX,,Homo sapiens
581,BAX,9606,kegg,hsa04215,Apoptosis - multiple species - Homo sapiens (human),BAX,BAX,,Homo sapiens
581,BAX,9606,kegg,hsa04217,Necroptosis - Homo sapiens (human),BAX,BAX,,Homo sapiens
581,BAX,9606,kegg,hsa04722,Neurotrophin signaling pathway - Homo sapiens (human),BAX,BAX,,Homo sapiens
581,BAX,9606,kegg,hsa04932,Non-alcoholic fatty liver disease - Homo sapiens (human),BAX,BAX,,Homo sapiens
581,BAX,9606,kegg,hsa04933,AGE-RAGE signaling pathway in diabetic complications - Homo sapiens (human),BAX,BAX,,Homo sapiens
581,BAX,9606,kegg,hsa05012,Parkinson disease - Homo sapiens (human),BAX,BAX,,Homo sapiens
581,BAX,9606,kegg,hsa05014,Amyotrophic lateral sclerosis - Homo sapiens (human),BAX,BAX,,Homo sapiens
581,BAX,9606,kegg,hsa05016,Huntington disease - Homo sapiens (human),BAX,BAX,,Homo sapiens
581,BAX,9606,kegg,hsa05020,Prion disease - Homo sapiens (human),BAX,BAX,,Homo sapiens
581,BAX,9606,kegg,hsa05022,Pathways of neurodegeneration - multiple diseases - Homo sapiens (human),BAX,BAX,,Homo sapiens
581,BAX,9606,kegg,hsa05130,Pathogenic Escherichia coli infection - Homo sapiens (human),BAX,BAX,,Homo sapiens
581,BAX,9606,kegg,hsa05131,Shigellosis - Homo sapiens (human),BAX,BAX,,Homo sapiens
581,BAX,9606,kegg,hsa05132,Salmonella infection - Homo sapiens (human),BAX,BAX,,Homo sapiens
581,BAX,9606,kegg,hsa05152,Tuberculosis - Homo sapiens (human),BAX,BAX,,Homo sapiens
581,BAX,9606,kegg,hsa05160,Hepatitis C - Homo sapiens (human),BAX,BAX,,Homo sapiens
581,BAX,9606,kegg,hsa05161,Hepatitis B - Homo sapiens (human),BAX,BAX,,Homo sapiens
581,BAX,9606,kegg,hsa05162,Measles - Homo sapiens (human),BAX,BAX,,Homo sapiens
581,BAX,9606,kegg,hsa05163,Human cytomegalovirus infection - Homo sapiens (human),BAX,BAX,,Homo sapiens
581,BAX,9606,kegg,hsa05164,Influenza A - Homo sapiens (human),BAX,BAX,,Homo sapiens
581,BAX,9606,kegg,hsa05165,Human papillomavirus infection - Homo sapiens (human),BAX,BAX,,Homo sapiens
581,BAX,9606,kegg,hsa05166,Human T-cell leukemia virus 1 infection - Homo sapiens (human),BAX,BAX,,Homo sapiens
581,BAX,9606,kegg,hsa05167,Kaposi sarcoma-associated herpesvirus infection - Homo sapiens (human),BAX,BAX,,Homo sapiens
581,BAX,9606,kegg,hsa05168,Herpes simplex virus 1 infection - Homo sapiens (human),BAX,BAX,,Homo sapiens
581,BAX,9606,kegg,hsa05169,Epstein-Barr virus infection - Homo sapiens (human),BAX,BAX,,Homo sapiens
581,BAX,9606,kegg,hsa05170,Human immunodeficiency virus 1 infection - Homo sapiens (human),BAX,BAX,,Homo sapiens
581,BAX,9606,kegg,hsa05200,Pathways in cancer - Homo sapiens (human),BAX,BAX,,Homo sapiens
581,BAX,9606,kegg,hsa05202,Transcriptional misregulation in cancer - Homo sapiens (human),BAX,BAX,,Homo sapiens
581,BAX,9606,kegg,hsa05203,Viral carcinogenesis - Homo sapiens (human),BAX,BAX,,Homo sapiens
581,BAX,9606,kegg,hsa05210,Colorectal cancer - Homo sapiens (human),BAX,BAX,,Homo sapiens
581,BAX,9606,kegg,hsa05212,Pancreatic cancer - Homo sapiens (human),BAX,BAX,,Homo sapiens
581,BAX,9606,kegg,hsa05213,Endometrial cancer - Homo sapiens (human),BAX,BAX,,Homo sapiens
581,BAX,9606,kegg,hsa05214,Glioma - Homo sapiens (human),BAX,BAX,,Homo sapiens
581,BAX,9606,kegg,hsa05216,Thyroid cancer - Homo sapiens (human),BAX,BAX,,Homo sapiens
581,BAX,9606,kegg,hsa05217,Basal cell carcinoma - Homo sapiens (human),BAX,BAX,,Homo sapiens
581,BAX,9606,kegg,hsa05218,Melanoma - Homo sapiens (human),BAX,BAX,,Homo sapiens
581,BAX,9606,kegg,hsa05220,Chronic myeloid leukemia - Homo sapiens (human),BAX,BAX,,Homo sapiens
581,BAX,9606,kegg,hsa05222,Small cell lung cancer - Homo sapiens (human),BAX,BAX,,Homo sapiens
581,BAX,9606,kegg,hsa05223,Non-small cell lung cancer - Homo sapiens (human),BAX,BAX,,Homo sapiens
581,BAX,9606,kegg,hsa05224,Breast cancer - Homo sapiens (human),BAX,BAX,,Homo sapiens
581,BAX,9606,kegg,hsa05225,Hepatocellular carcinoma - Homo sapiens (human),BAX,BAX,,Homo sapiens
581,BAX,9606,kegg,hsa05226,Gastric cancer - Homo sapiens (human),BAX,BAX,,Homo sapiens
581,BAX,9606,kegg,hsa05417,Lipid and atherosclerosis - Homo sapiens (human),BAX,BAX,,Homo sapiens
581,BAX,9606,netpath,Pathway_BCR,BCR,BAX,BAX,,Homo sapiens
581,BAX,9606,netpath,Pathway_IL5,IL5,BAX,BAX,,Homo sapiens
581,BAX,9606,pid,caspase_pathway,Caspase Cascade in Apoptosis,BAX,BAX,,Homo sapiens
581,BAX,9606,pid,ceramide_pathway,Ceramide signaling pathway,BAX,BAX,,Homo sapiens
581,BAX,9606,pid,hdac_classiii_pathway,Signaling events mediated by HDAC Class III,BAX,BAX,,Homo sapiens
581,BAX,9606,pid,myc_activpathway,Validated targets of C-MYC transcriptional activation,BAX,BAX,,Homo sapiens
581,BAX,9606,pid,nfat_3pathway,Role of Calcineurin-dependent NFAT signaling in lymphocytes,BAX,BAX,,Homo sapiens
581,BAX,9606,pid,p53downstreampathway,Direct p53 effectors,BAX,BAX,,Homo sapiens
581,BAX,9606,pid,p73pathway,p73 transcription factor network,BAX,BAX,,Homo sapiens
581,BAX,9606,pid,reg_gr_pathway,Glucocorticoid receptor regulatory network,BAX,BAX,,Homo sapiens
581,BAX,9606,pid,syndecan_2_pathway,Syndecan-2-mediated signaling events,BAX,BAX,,Homo sapiens
581,BAX,9606,pid,tap63pathway,Validated transcriptional targets of TAp63 isoforms,BAX,BAX,,Homo sapiens
581,BAX,9606,wikipathways,WP1530,miRNA regulation of DNA damage response,BAX,BAX,,Homo sapiens
581,BAX,9606,wikipathways,WP1742,TP53 network,BAX,BAX,,Homo sapiens
581,BAX,9606,wikipathways,WP1772,Apoptosis Modulation and Signaling,BAX,BAX,,Homo sapiens
581,BAX,9606,wikipathways,WP1984,Integrated breast cancer pathway,BAX,BAX,,Homo sapiens
581,BAX,9606,wikipathways,WP2034,Leptin signaling pathway,BAX,BAX,,Homo sapiens
581,BAX,9606,wikipathways,WP231,TNF-alpha signaling pathway,BAX,BAX,,Homo sapiens
581,BAX,9606,wikipathways,WP2447,Amyotrophic lateral sclerosis (ALS),BAX,BAX,,Homo sapiens
581,BAX,9606,wikipathways,WP2507,Nanomaterial induced apoptosis,BAX,BAX,,Homo sapiens
581,BAX,9606,wikipathways,WP254,Apoptosis,BAX,BAX,,Homo sapiens
581,BAX,9606,wikipathways,WP2815,Mammary gland development pathway - Involution (Stage 4 of 4),BAX,BAX,,Homo sapiens
581,BAX,9606,wikipathways,WP2873,Aryl Hydrocarbon Receptor Pathway,BAX,BAX,,Homo sapiens
581,BAX,9606,wikipathways,WP2882,Nuclear Receptors Meta-Pathway,BAX,BAX,,Homo sapiens
581,BAX,9606,wikipathways,WP3287,Overview of nanoparticle effects,BAX,BAX,,Homo sapiens
581,BAX,9606,wikipathways,WP3303,RAC1-PAK1-p38-MMP2 Pathway,BAX,BAX,,Homo sapiens
581,BAX,9606,wikipathways,WP3614,Photodynamic therapy-induced HIF-1 survival signaling,BAX,BAX,,Homo sapiens
581,BAX,9606,wikipathways,WP3872,Regulation of apoptosis by parathyroid hormone-related protein,BAX,BAX,,Homo sapiens
581,BAX,9606,wikipathways,WP3982,miRNA regulation of p53 pathway in prostate cancer,BAX,BAX,,Homo sapiens
581,BAX,9606,wikipathways,WP4155,Endometrial cancer,BAX,BAX,,Homo sapiens
581,BAX,9606,wikipathways,WP4216,Chromosomal and microsatellite instability in colorectal cancer,BAX,BAX,,Homo sapiens
581,BAX,9606,wikipathways,WP4255,Non-small cell lung cancer,BAX,BAX,,Homo sapiens
581,BAX,9606,wikipathways,WP4262,Breast cancer pathway,BAX,BAX,,Homo sapiens
581,BAX,9606,wikipathways,WP4263,Pancreatic adenocarcinoma pathway,BAX,BAX,,Homo sapiens
581,BAX,9606,wikipathways,WP4298,Acute viral myocarditis,BAX,BAX,,Homo sapiens
581,BAX,9606,wikipathways,WP4396,Nonalcoholic fatty liver disease,BAX,BAX,,Homo sapiens
581,BAX,9606,wikipathways,WP4658,Small cell lung cancer,BAX,BAX,,Homo sapiens
581,BAX,9606,wikipathways,WP4666,Hepatitis B infection,BAX,BAX,,Homo sapiens
581,BAX,9606,wikipathways,WP4685,Melanoma,BAX,BAX,,Homo sapiens
581,BAX,9606,wikipathways,WP4754,IL-18 signaling pathway,BAX,BAX,,Homo sapiens
581,BAX,9606,wikipathways,WP4806,EGFR Tyrosine Kinase Inhibitor Resistance,BAX,BAX,,Homo sapiens
581,BAX,9606,wikipathways,WP4838,Regucalcin in proximal tubule epithelial kidney cells,BAX,BAX,,Homo sapiens
581,BAX,9606,wikipathways,WP4864,Host-pathogen interaction of human coronaviruses - apoptosis,BAX,BAX,,Homo sapiens
581,BAX,9606,wikipathways,WP4873,Peroxiredoxin 2 induced ovarian failure,BAX,BAX,,Homo sapiens
581,BAX,9606,wikipathways,WP4963,p53 transcriptional gene network,BAX,BAX,,Homo sapiens
581,BAX,9606,wikipathways,WP707,DNA damage response,BAX,BAX,,Homo sapiens
581,BAX,9606,wikipathways,WP710,DNA damage response (only ATM dependent),BAX,BAX,,Homo sapiens
596,BCL2,9606,biocarta,badpathway,regulation of bad phosphorylation,BCL2,BCL2,,Homo sapiens
596,BCL2,9606,biocarta,carm1pathway,transcription regulation by methyltransferase of carm1,BCL2,BCL2,,Homo sapiens
596,BCL2,9606,biocarta,ceramidepathway,ceramide signaling pathway,BCL2,BCL2,,Homo sapiens
596,BCL2,9606,biocarta,chemicalpathway,apoptotic signaling in response to dna damage,BCL2,BCL2,,Homo sapiens
596,BCL2,9606,biocarta,gleevecpathway,inhibition of cellular proliferation by gleevec,BCL2,BCL2,,Homo sapiens
596,BCL2,9606,biocarta,hivnefpathway,hiv-1 nef: negative effector of fas and tnf,BCL2,BCL2,,Homo sapiens
596,BCL2,9606,biocarta,hsp27pathway,stress induction of hsp regulation,BCL2,BCL2,,Homo sapiens
596,BCL2,9606,biocarta,il2rbpathway,il-2 receptor beta chain in t cell activation,BCL2,BCL2,,Homo sapiens
596,BCL2,9606,biocarta,il7pathway,il-7 signal transduction,BCL2,BCL2,,Homo sapiens
596,BCL2,9606,biocarta,keratinocytepathway,keratinocyte differentiation,BCL2,BCL2,,Homo sapiens
596,BCL2,9606,biocarta,melanocytepathway,melanocyte development and pigmentation pathway,BCL2,BCL2,,Homo sapiens
596,BCL2,9606,biocarta,mitochondriapathway,role of mitochondria in apoptotic signaling,BCL2,BCL2,,Homo sapiens
596,BCL2,9606,biocarta,p53pathway,p53 signaling pathway,BCL2,BCL2,,Homo sapiens
596,BCL2,9606,biocarta,prionpathway,prion pathway,BCL2,BCL2,,Homo sapiens
596,BCL2,9606,biocarta,telpathway,telomeres telomerase cellular aging and immortality,BCL2,BCL2,,Homo sapiens
596,BCL2,9606,kegg,hsa04064,NF-kappa B signaling pathway - Homo sapiens (human),BCL2,BCL2,,Homo sapiens
596,BCL2,9606,kegg,hsa04066,HIF-1 signaling pathway - Homo sapiens (human),BCL2,BCL2,,Homo sapiens
596,BCL2,9606,kegg,hsa04071,Sphingolipid signaling pathway - Homo sapiens (human),BCL2,BCL2,,Homo sapiens
596,BCL2,9606,kegg,hsa04115,p53 signaling pathway - Homo sapiens (human),BCL2,BCL2,,Homo sapiens
596,BCL2,9606,kegg,hsa04140,Autophagy - animal - Homo sapiens (human),BCL2,BCL2,,Homo sapiens
596,BCL2,9606,kegg,hsa04141,Protein processing in endoplasmic reticulum - Homo sapiens (human),BCL2,BCL2,,Homo sapiens
596,BCL2,9606,kegg,hsa04151,PI3K-Akt signaling pathway - Homo sapiens (human),BCL2,BCL2,,Homo sapiens
596,BCL2,9606,kegg,hsa04210,Apoptosis - Homo sapiens (human),BCL2,BCL2,,Homo sapiens
596,BCL2,9606,kegg,hsa04215,Apoptosis - multiple species - Homo sapiens (human),BCL2,BCL2,,Homo sapiens
596,BCL2,9606,kegg,hsa04217,Necroptosis - Homo sapiens (human),BCL2,BCL2,,Homo sapiens
596,BCL2,9606,kegg,hsa04261,Adrenergic signaling in cardiomyocytes - Homo sapiens (human),BCL2,BCL2,,Homo sapiens
596,BCL2,9606,kegg,hsa04340,Hedgehog signaling pathway - Homo sapiens (human),BCL2,BCL2,,Homo sapiens
596,BCL2,9606,kegg,hsa04510,Focal adhesion - Homo sapiens (human),BCL2,BCL2,,Homo sapiens
596,BCL2,9606,kegg,hsa04621,NOD-like receptor signaling pathway - Homo sapiens (human),BCL2,BCL2,,Homo sapiens
596,BCL2,9606,kegg,hsa04630,JAK-STAT signaling pathway - Homo sapiens (human),BCL2,BCL2,,Homo sapiens
596,BCL2,9606,kegg,hsa04722,Neurotrophin signaling pathway - Homo sapiens (human),BCL2,BCL2,,Homo sapiens
596,BCL2,9606,kegg,hsa04725,Cholinergic synapse - Homo sapiens (human),BCL2,BCL2,,Homo sapiens
596,BCL2,9606,kegg,hsa04915,Estrogen signaling pathway - Homo sapiens (human),BCL2,BCL2,,Homo sapiens
596,BCL2,9606,kegg,hsa04928,"Parathyroid hormone synthesis, secretion and action - Homo sapiens (human)",BCL2,BCL2,,Homo sapiens
596,BCL2,9606,kegg,hsa04933,AGE-RAGE signaling pathway in diabetic complications - Homo sapiens (human),BCL2,BCL2,,Homo sapiens
596,BCL2,9606,kegg,hsa05014,Amyotrophic lateral sclerosis - Homo sapiens (human),BCL2,BCL2,,Homo sapiens
596,BCL2,9606,kegg,hsa05022,Pathways of neurodegeneration - multiple diseases - Homo sapiens (human),BCL2,BCL2,,Homo sapiens
596,BCL2,9606,kegg,hsa05131,Shigellosis - Homo sapiens (human),BCL2,BCL2,,Homo sapiens
596,BCL2,9606,kegg,hsa05132,Salmonella infection - Homo sapiens (human),BCL2,BCL2,,Homo sapiens
596,BCL2,9606,kegg,hsa05145,Toxoplasmosis - Homo sapiens (human),BCL2,BCL2,,Homo sapiens
596,BCL2,9606,kegg,hsa05152,Tuberculosis - Homo sapiens (human),BCL2,BCL2,,Homo sapiens
596,BCL2,9606,kegg,hsa05161,Hepatitis B - Homo sapiens (human),BCL2,BCL2,,Homo sapiens
596,BCL2,9606,kegg,hsa05162,Measles - Homo sapiens (human),BCL2,BCL2,,Homo sapiens
596,BCL2,9606,kegg,hsa05168,Herpes simplex virus 1 infection - Homo sapiens (human),BCL2,BCL2,,Homo sapiens
596,BCL2,9606,kegg,hsa05169,Epstein-Barr virus infection - Homo sapiens (human),BCL2,BCL2,,Homo sapiens
596,BCL2,9606,kegg,hsa05170,Human immunodeficiency virus 1 infection - Homo sapiens (human),BCL2,BCL2,,Homo sapiens
596,BCL2,9606,kegg,hsa05200,Pathways in cancer - Homo sapiens (human),BCL2,BCL2,,Homo sapiens
596,BCL2,9606,kegg,hsa05206,MicroRNAs in cancer - Homo sapiens (human),BCL2,BCL2,,Homo sapiens
596,BCL2,9606,kegg,hsa05210,Colorectal cancer - Homo sapiens (human),BCL2,BCL2,,Homo sapiens
596,BCL2,9606,kegg,hsa05215,Prostate cancer - Homo sapiens (human),BCL2,BCL2,,Homo sapiens
596,BCL2,9606,kegg,hsa05222,Small cell lung cancer - Homo sapiens (human),BCL2,BCL2,,Homo sapiens
596,BCL2,9606,kegg,hsa05226,Gastric cancer - Homo sapiens (human),BCL2,BCL2,,Homo sapiens
596,BCL2,9606,kegg,hsa05417,Lipid and atherosclerosis - Homo sapiens (human),BCL2,BCL2,,Homo sapiens
596,BCL2,9606,kegg,hsa05418,Fluid shear stress and atherosclerosis - Homo sapiens (human),BCL2,BCL2,,Homo sapiens
596,BCL2,9606,netpath,Pathway_EGFR1,EGFR1,BCL2,BCL2,,Homo sapiens
596,BCL2,9606,netpath,Pathway_IL2,IL2,BCL2,BCL2,,Homo sapiens
596,BCL2,9606,netpath,Pathway_IL3,IL3,BCL2,BCL2,,Homo sapiens
596,BCL2,9606,pid,atf2_pathway,ATF-2 transcription factor network,BCL2,BCL2,,Homo sapiens
596,BCL2,9606,pid,caspase_pathway,Caspase Cascade in Apoptosis,BCL2,BCL2,,Homo sapiens
596,BCL2,9606,pid,ceramide_pathway,Ceramide signaling pathway,BCL2,BCL2,,Homo sapiens
596,BCL2,9606,pid,cmyb_pathway,C-MYB transcription factor network,BCL2,BCL2,,Homo sapiens
596,BCL2,9606,pid,epopathway,EPO signaling pathway,BCL2,BCL2,,Homo sapiens
596,BCL2,9606,pid,hivnefpathway,HIV-1 Nef: Negative effector of Fas and TNF-alpha,BCL2,BCL2,,Homo sapiens
596,BCL2,9606,pid,il2_1pathway,IL2-mediated signaling events,BCL2,BCL2,,Homo sapiens
596,BCL2,9606,pid,il2_pi3kpathway,IL2 signaling events mediated by PI3K,BCL2,BCL2,,Homo sapiens
596,BCL2,9606,pid,il2_stat5pathway,IL2 signaling events mediated by STAT5,BCL2,BCL2,,Homo sapiens
596,BCL2,9606,pid,kitpathway,Signaling events mediated by Stem cell factor receptor (c-Kit),BCL2,BCL2,,Homo sapiens
596,BCL2,9606,pid,myc_represspathway,Validated targets of C-MYC transcriptional repression,BCL2,BCL2,,Homo sapiens
596,BCL2,9606,pid,nfat_3pathway,Role of Calcineurin-dependent NFAT signaling in lymphocytes,BCL2,BCL2,,Homo sapiens
596,BCL2,9606,pid,p53downstreampathway,Direct p53 effectors,BCL2,BCL2,,Homo sapiens
596,BCL2,9606,pid,rxr_vdr_pathway,RXR and RAR heterodimerization with other nuclear receptor,BCL2,BCL2,,Homo sapiens
596,BCL2,9606,wikipathways,WP127,IL-5 signaling pathway,BCL2,BCL2,,Homo sapiens
596,BCL2,9606,wikipathways,WP1438,Influenza A virus infection,BCL2,BCL2,,Homo sapiens
596,BCL2,9606,wikipathways,WP1742,TP53 network,BCL2,BCL2,,Homo sapiens
596,BCL2,9606,wikipathways,WP1772,Apoptosis Modulation and Signaling,BCL2,BCL2,,Homo sapiens
596,BCL2,9606,wikipathways,WP2332,Interleukin-11 Signaling Pathway,BCL2,BCL2,,Homo sapiens
596,BCL2,9606,wikipathways,WP2355,Corticotropin-releasing hormone signaling pathway,BCL2,BCL2,,Homo sapiens
596,BCL2,9606,wikipathways,WP2447,Amyotrophic lateral sclerosis (ALS),BCL2,BCL2,,Homo sapiens
596,BCL2,9606,wikipathways,WP2507,Nanomaterial induced apoptosis,BCL2,BCL2,,Homo sapiens
596,BCL2,9606,wikipathways,WP2509,Nanoparticle triggered autophagic cell death,BCL2,BCL2,,Homo sapiens
596,BCL2,9606,wikipathways,WP254,Apoptosis,BCL2,BCL2,,Homo sapiens
596,BCL2,9606,wikipathways,WP286,IL-3 signaling pathway,BCL2,BCL2,,Homo sapiens
596,BCL2,9606,wikipathways,WP304,Kit receptor signaling pathway,BCL2,BCL2,,Homo sapiens
596,BCL2,9606,wikipathways,WP306,Focal Adhesion,BCL2,BCL2,,Homo sapiens
596,BCL2,9606,wikipathways,WP314,Fas ligand pathway and stress induction of heat shock proteins,BCL2,BCL2,,Homo sapiens
596,BCL2,9606,wikipathways,WP3287,Overview of nanoparticle effects,BCL2,BCL2,,Homo sapiens
596,BCL2,9606,wikipathways,WP3657,Hematopoietic Stem Cell Gene Regulation by GABP alpha-beta Complex,BCL2,BCL2,,Homo sapiens
596,BCL2,9606,wikipathways,WP3872,Regulation of apoptosis by parathyroid hormone-related protein,BCL2,BCL2,,Homo sapiens
596,BCL2,9606,wikipathways,WP3888,VEGFA-VEGFR2 Signaling Pathway,BCL2,BCL2,,Homo sapiens
596,BCL2,9606,wikipathways,WP3941,Oxidative Damage,BCL2,BCL2,,Homo sapiens
596,BCL2,9606,wikipathways,WP3995,Prion disease pathway,BCL2,BCL2,,Homo sapiens
596,BCL2,9606,wikipathways,WP4008,NO-cGMP-PKG mediated Neuroprotection,BCL2,BCL2,,Homo sapiens
596,BCL2,9606,wikipathways,WP4172,PI3K-Akt signaling pathway,BCL2,BCL2,,Homo sapiens
596,BCL2,9606,wikipathways,WP4216,Chromosomal and microsatellite instability in colorectal cancer,BCL2,BCL2,,Homo sapiens
596,BCL2,9606,wikipathways,WP4249,Hedgehog Signaling Pathway,BCL2,BCL2,,Homo sapiens
596,BCL2,9606,wikipathways,WP4298,Acute viral myocarditis,BCL2,BCL2,,Homo sapiens
596,BCL2,9606,wikipathways,WP4399,MicroRNA network associated with chronic lymphocytic leukemia,BCL2,BCL2,,Homo sapiens
596,BCL2,9606,wikipathways,WP4657,22q11.2 copy number variation syndrome,BCL2,BCL2,,Homo sapiens
596,BCL2,9606,wikipathways,WP4658,Small cell lung cancer,BCL2,BCL2,,Homo sapiens
596,BCL2,9606,wikipathways,WP4666,Hepatitis B infection,BCL2,BCL2,,Homo sapiens
596,BCL2,9606,wikipathways,WP4673,Male infertility,BCL2,BCL2,,Homo sapiens
596,BCL2,9606,wikipathways,WP4698,Vitamin D-sensitive calcium signaling in depression,BCL2,BCL2,,Homo sapiens
596,BCL2,9606,wikipathways,WP4754,IL-18 signaling pathway,BCL2,BCL2,,Homo sapiens
596,BCL2,9606,wikipathways,WP4806,EGFR Tyrosine Kinase Inhibitor Resistance,BCL2,BCL2,,Homo sapiens
596,BCL2,9606,wikipathways,WP4861,Endoplasmic reticulum stress response in coronavirus infection,BCL2,BCL2,,Homo sapiens
596,BCL2,9606,wikipathways,WP4864,Host-pathogen interaction of human coronaviruses - apoptosis,BCL2,BCL2,,Homo sapiens
596,BCL2,9606,wikipathways,WP4877,Host-pathogen interaction of human coronaviruses - MAPK signaling,BCL2,BCL2,,Homo sapiens
596,BCL2,9606,wikipathways,WP49,IL-2 signaling pathway,BCL2,BCL2,,Homo sapiens
596,BCL2,9606,wikipathways,WP4925,Unfolded protein response,BCL2,BCL2,,Homo sapiens
596,BCL2,9606,wikipathways,WP615,Senescence and Autophagy in Cancer,BCL2,BCL2,,Homo sapiens
596,BCL2,9606,wikipathways,WP710,DNA damage response (only ATM dependent),BCL2,BCL2,,Homo sapiens
596,BCL2,9606,wikipathways,WP712,Estrogen signaling pathway,BCL2,BCL2,,Homo sapiens
1644,DDC,9606,humancyc,PWY-6030,serotonin and melatonin biosynthesis,DDC,DDC,,Homo sapiens
1644,DDC,9606,humancyc,PWY-6307,"tryptophan degradation X (mammalian, via tryptamine)",DDC,DDC,,Homo sapiens
1644,DDC,9606,humancyc,PWY66-301,catecholamine biosynthesis,DDC,DDC,,Homo sapiens
1644,DDC,9606,humancyc,PWY66-401,superpathway of tryptophan utilization,DDC,DDC,,Homo sapiens
1644,DDC,9606,kegg,hsa00350,Tyrosine metabolism - Homo sapiens (human),DDC,DDC,,Homo sapiens
1644,DDC,9606,kegg,hsa00360,Phenylalanine metabolism - Homo sapiens (human),DDC,DDC,,Homo sapiens
1644,DDC,9606,kegg,hsa00380,Tryptophan metabolism - Homo sapiens (human),DDC,DDC,,Homo sapiens
1644,DDC,9606,kegg,hsa04726,Serotonergic synapse - Homo sapiens (human),DDC,DDC,,Homo sapiens
1644,DDC,9606,kegg,hsa04728,Dopaminergic synapse - Homo sapiens (human),DDC,DDC,,Homo sapiens
1644,DDC,9606,kegg,hsa05030,Cocaine addiction - Homo sapiens (human),DDC,DDC,,Homo sapiens
1644,DDC,9606,kegg,hsa05031,Amphetamine addiction - Homo sapiens (human),DDC,DDC,,Homo sapiens
1644,DDC,9606,kegg,hsa05034,Alcoholism - Homo sapiens (human),DDC,DDC,,Homo sapiens
1644,DDC,9606,netpath,Pathway_AndrogenReceptor,AndrogenReceptor,DDC,DDC,,Homo sapiens
1644,DDC,9606,smpdb,SMP00006,Tyrosine Metabolism,DDC,DDC,,Homo sapiens
1644,DDC,9606,smpdb,SMP00012,Catecholamine Biosynthesis,DDC,DDC,,Homo sapiens
1644,DDC,9606,smpdb,SMP00063,Tryptophan Metabolism,DDC,DDC,,Homo sapiens
1644,DDC,9606,smpdb,SMP00169,Alkaptonuria,DDC,DDC,,Homo sapiens
1644,DDC,9606,smpdb,SMP00170,Aromatic L-Aminoacid Decarboxylase Deficiency,DDC,DDC,,Homo sapiens
1644,DDC,9606,smpdb,SMP00190,Hawkinsinuria,DDC,DDC,,Homo sapiens
1644,DDC,9606,smpdb,SMP00218,Tyrosinemia Type I,DDC,DDC,,Homo sapiens
1644,DDC,9606,smpdb,SMP00429,Disulfiram Action Pathway,DDC,DDC,,Homo sapiens
1644,DDC,9606,smpdb,SMP00494,"Tyrosinemia, transient, of the newborn",DDC,DDC,,Homo sapiens
1644,DDC,9606,smpdb,SMP00497,Tyrosine hydroxylase deficiency,DDC,DDC,,Homo sapiens
1644,DDC,9606,smpdb,SMP00498,Dopamine beta-hydroxylase deficiency,DDC,DDC,,Homo sapiens
1644,DDC,9606,smpdb,SMP00533,Monoamine oxidase-a deficiency (MAO-A),DDC,DDC,,Homo sapiens
1644,DDC,9606,wikipathways,WP1602,Nicotine Activity on Dopaminergic Neurons,DDC,DDC,,Homo sapiens
1644,DDC,9606,wikipathways,WP2371,"Parkinson,s disease pathway",DDC,DDC,,Homo sapiens
1644,DDC,9606,wikipathways,WP2436,Dopamine metabolism,DDC,DDC,,Homo sapiens
1644,DDC,9606,wikipathways,WP2855,Dopaminergic Neurogenesis,DDC,DDC,,Homo sapiens
1644,DDC,9606,wikipathways,WP3925,Amino Acid metabolism,DDC,DDC,,Homo sapiens
1644,DDC,9606,wikipathways,WP465,Tryptophan metabolism,DDC,DDC,,Homo sapiens
1644,DDC,9606,wikipathways,WP550,Biogenic Amine Synthesis,DDC,DDC,,Homo sapiens
1644,DDC,9606,wikipathways,WP706,Sudden Infant Death Syndrome (SIDS) Susceptibility Pathways,DDC,DDC,,Homo sapiens
793,CALB1,9606,kegg,hsa04961,Endocrine and other factor-regulated calcium reabsorption - Homo sapiens (human),CALB1,CALB1,,Homo sapiens
7432,VIP,9606,kegg,hsa04024,cAMP signaling pathway - Homo sapiens (human),VIP,VIP,,Homo sapiens
7432,VIP,9606,kegg,hsa04080,Neuroactive ligand-receptor interaction - Homo sapiens (human),VIP,VIP,,Homo sapiens
7432,VIP,9606,netpath,Pathway_AndrogenReceptor,AndrogenReceptor,VIP,VIP,,Homo sapiens
7432,VIP,9606,wikipathways,WP2596,Gastric acid production,VIP,VIP,,Homo sapiens
7432,VIP,9606,wikipathways,WP364,IL-6 signaling pathway,VIP,VIP,,Homo sapiens
7432,VIP,9606,wikipathways,WP4484,Control of immune tolerance by vasoactive intestinal peptide,VIP,VIP,,Homo sapiens
42490,Mvl,7227,reactome,R-DME-1222556,ROS and RNS production in phagocytes,MVL,Mvl,,Drosophila melanogaster
42490,Mvl,7227,reactome,R-DME-168249,Innate Immune System,MVL,Mvl,,Drosophila melanogaster
42490,Mvl,7227,reactome,R-DME-168256,Immune System,MVL,Mvl,,Drosophila melanogaster
42490,Mvl,7227,reactome,R-DME-382551,Transport of small molecules,MVL,Mvl,,Drosophila melanogaster
42490,Mvl,7227,reactome,R-DME-425407,SLC-mediated transmembrane transport,MVL,Mvl,,Drosophila melanogaster
42490,Mvl,7227,reactome,R-DME-425410,Metal ion SLC transporters,MVL,Mvl,,Drosophila melanogaster
42490,Mvl,7227,reactome,R-DME-6798695,Neutrophil degranulation,MVL,Mvl,,Drosophila melanogaster
42490,Mvl,7227,reactome,R-DME-6803157,Antimicrobial peptides,MVL,Mvl,,Drosophila melanogaster
42490,Mvl,7227,reactome,R-DME-6803544,Ion influx/efflux at host-pathogen interface,MVL,Mvl,,Drosophila melanogaster
42490,Mvl,7227,reactome,R-DME-917937,Iron uptake and transport,MVL,Mvl,,Drosophila melanogaster
46415,Fer1HCH,7227,reactome,R-DME-168249,Innate Immune System,FER1HCH,Fer1HCH,,Drosophila melanogaster
46415,Fer1HCH,7227,reactome,R-DME-168256,Immune System,FER1HCH,Fer1HCH,,Drosophila melanogaster
46415,Fer1HCH,7227,reactome,R-DME-199991,Membrane Trafficking,FER1HCH,Fer1HCH,,Drosophila melanogaster
46415,Fer1HCH,7227,reactome,R-DME-199992,trans-Golgi Network Vesicle Budding,FER1HCH,Fer1HCH,,Drosophila melanogaster
46415,Fer1HCH,7227,reactome,R-DME-382551,Transport of small molecules,FER1HCH,Fer1HCH,,Drosophila melanogaster
46415,Fer1HCH,7227,reactome,R-DME-432722,Golgi Associated Vesicle Biogenesis,FER1HCH,Fer1HCH,,Drosophila melanogaster
46415,Fer1HCH,7227,reactome,R-DME-5653656,Vesicle-mediated transport,FER1HCH,Fer1HCH,,Drosophila melanogaster
46415,Fer1HCH,7227,reactome,R-DME-6798695,Neutrophil degranulation,FER1HCH,Fer1HCH,,Drosophila melanogaster
46415,Fer1HCH,7227,reactome,R-DME-917937,Iron uptake and transport,FER1HCH,Fer1HCH,,Drosophila melanogaster
32260,Fer3HCH,7227,reactome,R-DME-168249,Innate Immune System,FER3HCH,Fer3HCH,,Drosophila melanogaster
32260,Fer3HCH,7227,reactome,R-DME-168256,Immune System,FER3HCH,Fer3HCH,,Drosophila melanogaster
32260,Fer3HCH,7227,reactome,R-DME-199991,Membrane Trafficking,FER3HCH,Fer3HCH,,Drosophila melanogaster
32260,Fer3HCH,7227,reactome,R-DME-199992,trans-Golgi Network Vesicle Budding,FER3HCH,Fer3HCH,,Drosophila melanogaster
32260,Fer3HCH,7227,reactome,R-DME-382551,Transport of small molecules,FER3HCH,Fer3HCH,,Drosophila melanogaster
32260,Fer3HCH,7227,reactome,R-DME-432722,Golgi Associated Vesicle Biogenesis,FER3HCH,Fer3HCH,,Drosophila melanogaster
32260,Fer3HCH,7227,reactome,R-DME-5653656,Vesicle-mediated transport,FER3HCH,Fer3HCH,,Drosophila melanogaster
32260,Fer3HCH,7227,reactome,R-DME-6798695,Neutrophil degranulation,FER3HCH,Fer3HCH,,Drosophila melanogaster
32260,Fer3HCH,7227,reactome,R-DME-917937,Iron uptake and transport,FER3HCH,Fer3HCH,,Drosophila melanogaster
7056,THBD,9606,kegg,hsa04610,Complement and coagulation cascades - Homo sapiens (human),THBD,THBD,,Homo sapiens
7056,THBD,9606,kegg,hsa04933,AGE-RAGE signaling pathway in diabetic complications - Homo sapiens (human),THBD,THBD,,Homo sapiens
7056,THBD,9606,kegg,hsa05418,Fluid shear stress and atherosclerosis - Homo sapiens (human),THBD,THBD,,Homo sapiens
7056,THBD,9606,pid,fra_pathway,Validated transcriptional targets of AP1 family members Fra1 and Fra2,THBD,THBD,,Homo sapiens
7056,THBD,9606,wikipathways,WP2877,Vitamin D Receptor Pathway,THBD,THBD,,Homo sapiens
7056,THBD,9606,wikipathways,WP2880,Glucocorticoid Receptor Pathway,THBD,THBD,,Homo sapiens
7056,THBD,9606,wikipathways,WP2882,Nuclear Receptors Meta-Pathway,THBD,THBD,,Homo sapiens
7056,THBD,9606,wikipathways,WP4479,Supression of HMGB1 mediated inflammation by THBD,THBD,THBD,,Homo sapiens
7056,THBD,9606,wikipathways,WP558,Complement and Coagulation Cascades,THBD,THBD,,Homo sapiens
3091,HIF1A,9606,biocarta,eponfkbpathway,erythropoietin mediated neuroprotection through nf-kb,HIF1A,HIF1A,,Homo sapiens
3091,HIF1A,9606,biocarta,hifpathway,hypoxia-inducible factor in the cardivascular system,HIF1A,HIF1A,,Homo sapiens
3091,HIF1A,9606,biocarta,p53hypoxiapathway,hypoxia and p53 in the cardiovascular system,HIF1A,HIF1A,,Homo sapiens
3091,HIF1A,9606,biocarta,vegfpathway,vegf hypoxia and angiogenesis,HIF1A,HIF1A,,Homo sapiens
3091,HIF1A,9606,kegg,hsa04066,HIF-1 signaling pathway - Homo sapiens (human),HIF1A,HIF1A,,Homo sapiens
3091,HIF1A,9606,kegg,hsa04137,Mitophagy - animal - Homo sapiens (human),HIF1A,HIF1A,,Homo sapiens
3091,HIF1A,9606,kegg,hsa04140,Autophagy - animal - Homo sapiens (human),HIF1A,HIF1A,,Homo sapiens
3091,HIF1A,9606,kegg,hsa04659,Th17 cell differentiation - Homo sapiens (human),HIF1A,HIF1A,,Homo sapiens
3091,HIF1A,9606,kegg,hsa04919,Thyroid hormone signaling pathway - Homo sapiens (human),HIF1A,HIF1A,,Homo sapiens
3091,HIF1A,9606,kegg,hsa05167,Kaposi sarcoma-associated herpesvirus infection - Homo sapiens (human),HIF1A,HIF1A,,Homo sapiens
3091,HIF1A,9606,kegg,hsa05200,Pathways in cancer - Homo sapiens (human),HIF1A,HIF1A,,Homo sapiens
3091,HIF1A,9606,kegg,hsa05205,Proteoglycans in cancer - Homo sapiens (human),HIF1A,HIF1A,,Homo sapiens
3091,HIF1A,9606,kegg,hsa05211,Renal cell carcinoma - Homo sapiens (human),HIF1A,HIF1A,,Homo sapiens
3091,HIF1A,9606,kegg,hsa05230,Central carbon metabolism in cancer - Homo sapiens (human),HIF1A,HIF1A,,Homo sapiens
3091,HIF1A,9606,kegg,hsa05231,Choline metabolism in cancer - Homo sapiens (human),HIF1A,HIF1A,,Homo sapiens
3091,HIF1A,9606,kegg,hsa05235,PD-L1 expression and PD-1 checkpoint pathway in cancer - Homo sapiens (human),HIF1A,HIF1A,,Homo sapiens
3091,HIF1A,9606,netpath,Pathway_RAGE,RAGE,HIF1A,HIF1A,,Homo sapiens
3091,HIF1A,9606,pid,ap1_pathway,AP-1 transcription factor network,HIF1A,HIF1A,,Homo sapiens
3091,HIF1A,9606,pid,hes_heypathway,Notch-mediated HES/HEY network,HIF1A,HIF1A,,Homo sapiens
3091,HIF1A,9606,pid,hif1_tfpathway,HIF-1-alpha transcription factor network,HIF1A,HIF1A,,Homo sapiens
3091,HIF1A,9606,pid,hif1apathway,Hypoxic and oxygen homeostasis regulation of HIF-1-alpha,HIF1A,HIF1A,,Homo sapiens
3091,HIF1A,9606,pid,vegfr1_pathway,VEGFR1 specific signals,HIF1A,HIF1A,,Homo sapiens
3091,HIF1A,9606,smpdb,SMP02292,The oncogenic action of Succinate,HIF1A,HIF1A,,Homo sapiens
3091,HIF1A,9606,smpdb,SMP02295,The oncogenic action of Fumarate,HIF1A,HIF1A,,Homo sapiens
3091,HIF1A,9606,wikipathways,WP1539,Angiogenesis,HIF1A,HIF1A,,Homo sapiens
3091,HIF1A,9606,wikipathways,WP2324,AGE-RAGE pathway,HIF1A,HIF1A,,Homo sapiens
3091,HIF1A,9606,wikipathways,WP236,Adipogenesis,HIF1A,HIF1A,,Homo sapiens
3091,HIF1A,9606,wikipathways,WP2374,Oncostatin M Signaling Pathway,HIF1A,HIF1A,,Homo sapiens
3091,HIF1A,9606,wikipathways,WP2456,HIF1A and PPARG regulation of glycolysis,HIF1A,HIF1A,,Homo sapiens
3091,HIF1A,9606,wikipathways,WP2877,Vitamin D Receptor Pathway,HIF1A,HIF1A,,Homo sapiens
3091,HIF1A,9606,wikipathways,WP3593,MicroRNA for Targeting Cancer Growth and Vascularization in Glioblastoma,HIF1A,HIF1A,,Homo sapiens
3091,HIF1A,9606,wikipathways,WP3614,Photodynamic therapy-induced HIF-1 survival signaling,HIF1A,HIF1A,,Homo sapiens
3091,HIF1A,9606,wikipathways,WP3630,"NAD metabolism, sirtuins and aging",HIF1A,HIF1A,,Homo sapiens
3091,HIF1A,9606,wikipathways,WP3646,Hepatitis C and Hepatocellular Carcinoma,HIF1A,HIF1A,,Homo sapiens
3091,HIF1A,9606,wikipathways,WP3672,LncRNA-mediated mechanisms of therapeutic resistance,HIF1A,HIF1A,,Homo sapiens
3091,HIF1A,9606,wikipathways,WP3932,Focal Adhesion-PI3K-Akt-mTOR-signaling pathway,HIF1A,HIF1A,,Homo sapiens
3091,HIF1A,9606,wikipathways,WP4018,Pathways in clear cell renal cell carcinoma,HIF1A,HIF1A,,Homo sapiens
3091,HIF1A,9606,wikipathways,WP4239,Epithelial to mesenchymal transition in colorectal cancer,HIF1A,HIF1A,,Homo sapiens
3091,HIF1A,9606,wikipathways,WP4241,Type 2 papillary renal cell carcinoma,HIF1A,HIF1A,,Homo sapiens
3091,HIF1A,9606,wikipathways,WP4331,Neovascularisation processes,HIF1A,HIF1A,,Homo sapiens
3091,HIF1A,9606,wikipathways,WP4906,3q29 copy number variation syndrome,HIF1A,HIF1A,,Homo sapiens
3091,HIF1A,9606,wikipathways,WP61,Notch Signaling Pathway Netpath,HIF1A,HIF1A,,Homo sapiens
3091,HIF1A,9606,wikipathways,WP706,Sudden Infant Death Syndrome (SIDS) Susceptibility Pathways,HIF1A,HIF1A,,Homo sapiens
9314,KLF4,9606,kegg,hsa04550,Signaling pathways regulating pluripotency of stem cells - Homo sapiens (human),KLF4,KLF4,,Homo sapiens
9314,KLF4,9606,pid,betacatenin_nuc_pathway,Regulation of nuclear beta catenin signaling and target gene transcription,KLF4,KLF4,,Homo sapiens
9314,KLF4,9606,wikipathways,WP1991,SRF and miRs in Smooth Muscle Differentiation and Proliferation,KLF4,KLF4,,Homo sapiens
9314,KLF4,9606,wikipathways,WP2023,Cell Differentiation - Index expanded,KLF4,KLF4,,Homo sapiens
9314,KLF4,9606,wikipathways,WP2857,Mesodermal commitment pathway,KLF4,KLF4,,Homo sapiens
9314,KLF4,9606,wikipathways,WP2877,Vitamin D Receptor Pathway,KLF4,KLF4,,Homo sapiens
9314,KLF4,9606,wikipathways,WP3299,let-7 inhibition of ES cell reprogramming,KLF4,KLF4,,Homo sapiens
9314,KLF4,9606,wikipathways,WP3527,Pre-implantation embryo,KLF4,KLF4,,Homo sapiens
9314,KLF4,9606,wikipathways,WP3971,Role of Osx and miRNAs in tooth development,KLF4,KLF4,,Homo sapiens
9314,KLF4,9606,wikipathways,WP4149,White fat cell differentiation,KLF4,KLF4,,Homo sapiens
9314,KLF4,9606,wikipathways,WP4336,ncRNAs involved in Wnt signaling in hepatocellular carcinoma,KLF4,KLF4,,Homo sapiens
9314,KLF4,9606,wikipathways,WP4659,Gastrin signaling pathway,KLF4,KLF4,,Homo sapiens
59341,TRPV4,9606,biocarta,raccpathway,ion channels and their functional role in vascular endothelium,TRPV4,TRPV4,,Homo sapiens
59341,TRPV4,9606,kegg,hsa04218,Cellular senescence - Homo sapiens (human),TRPV4,TRPV4,,Homo sapiens
59341,TRPV4,9606,kegg,hsa04750,Inflammatory mediator regulation of TRP channels - Homo sapiens (human),TRPV4,TRPV4,,Homo sapiens
59341,TRPV4,9606,kegg,hsa05418,Fluid shear stress and atherosclerosis - Homo sapiens (human),TRPV4,TRPV4,,Homo sapiens
14281,Fos,10090,kegg,mmu04010,MAPK signaling pathway - Mus musculus (mouse),FOS,Fos,,Mus musculus
14281,Fos,10090,kegg,mmu04024,cAMP signaling pathway - Mus musculus (mouse),FOS,Fos,,Mus musculus
14281,Fos,10090,kegg,mmu04210,Apoptosis - Mus musculus (mouse),FOS,Fos,,Mus musculus
14281,Fos,10090,kegg,mmu04380,Osteoclast differentiation - Mus musculus (mouse),FOS,Fos,,Mus musculus
14281,Fos,10090,kegg,mmu04620,Toll-like receptor signaling pathway - Mus musculus (mouse),FOS,Fos,,Mus musculus
14281,Fos,10090,kegg,mmu04657,IL-17 signaling pathway - Mus musculus (mouse),FOS,Fos,,Mus musculus
14281,Fos,10090,kegg,mmu04658,Th1 and Th2 cell differentiation - Mus musculus (mouse),FOS,Fos,,Mus musculus
14281,Fos,10090,kegg,mmu04659,Th17 cell differentiation - Mus musculus (mouse),FOS,Fos,,Mus musculus
14281,Fos,10090,kegg,mmu04660,T cell receptor signaling pathway - Mus musculus (mouse),FOS,Fos,,Mus musculus
14281,Fos,10090,kegg,mmu04662,B cell receptor signaling pathway - Mus musculus (mouse),FOS,Fos,,Mus musculus
14281,Fos,10090,kegg,mmu04668,TNF signaling pathway - Mus musculus (mouse),FOS,Fos,,Mus musculus
14281,Fos,10090,kegg,mmu04713,Circadian entrainment - Mus musculus (mouse),FOS,Fos,,Mus musculus
14281,Fos,10090,kegg,mmu04725,Cholinergic synapse - Mus musculus (mouse),FOS,Fos,,Mus musculus
14281,Fos,10090,kegg,mmu04728,Dopaminergic synapse - Mus musculus (mouse),FOS,Fos,,Mus musculus
14281,Fos,10090,kegg,mmu04915,Estrogen signaling pathway - Mus musculus (mouse),FOS,Fos,,Mus musculus
14281,Fos,10090,kegg,mmu04917,Prolactin signaling pathway - Mus musculus (mouse),FOS,Fos,,Mus musculus
14281,Fos,10090,kegg,mmu04921,Oxytocin signaling pathway - Mus musculus (mouse),FOS,Fos,,Mus musculus
14281,Fos,10090,kegg,mmu04926,Relaxin signaling pathway - Mus musculus (mouse),FOS,Fos,,Mus musculus
14281,Fos,10090,kegg,mmu04928,"Parathyroid hormone synthesis, secretion and action - Mus musculus (mouse)",FOS,Fos,,Mus musculus
14281,Fos,10090,kegg,mmu04932,Non-alcoholic fatty liver disease - Mus musculus (mouse),FOS,Fos,,Mus musculus
14281,Fos,10090,kegg,mmu04935,"Growth hormone synthesis, secretion and action - Mus musculus (mouse)",FOS,Fos,,Mus musculus
14281,Fos,10090,kegg,mmu05031,Amphetamine addiction - Mus musculus (mouse),FOS,Fos,,Mus musculus
14281,Fos,10090,kegg,mmu05132,Salmonella infection - Mus musculus (mouse),FOS,Fos,,Mus musculus
14281,Fos,10090,kegg,mmu05133,Pertussis - Mus musculus (mouse),FOS,Fos,,Mus musculus
14281,Fos,10090,kegg,mmu05135,Yersinia infection - Mus musculus (mouse),FOS,Fos,,Mus musculus
14281,Fos,10090,kegg,mmu05140,Leishmaniasis - Mus musculus (mouse),FOS,Fos,,Mus musculus
14281,Fos,10090,kegg,mmu05142,Chagas disease - Mus musculus (mouse),FOS,Fos,,Mus musculus
14281,Fos,10090,kegg,mmu05161,Hepatitis B - Mus musculus (mouse),FOS,Fos,,Mus musculus
14281,Fos,10090,kegg,mmu05162,Measles - Mus musculus (mouse),FOS,Fos,,Mus musculus
14281,Fos,10090,kegg,mmu05166,Human T-cell leukemia virus 1 infection - Mus musculus (mouse),FOS,Fos,,Mus musculus
14281,Fos,10090,kegg,mmu05167,Kaposi sarcoma-associated herpesvirus infection - Mus musculus (mouse),FOS,Fos,,Mus musculus
14281,Fos,10090,kegg,mmu05170,Human immunodeficiency virus 1 infection - Mus musculus (mouse),FOS,Fos,,Mus musculus
14281,Fos,10090,kegg,mmu05171,Coronavirus disease - COVID-19 - Mus musculus (mouse),FOS,Fos,,Mus musculus
14281,Fos,10090,kegg,mmu05200,Pathways in cancer - Mus musculus (mouse),FOS,Fos,,Mus musculus
14281,Fos,10090,kegg,mmu05207,Chemical carcinogenesis - receptor activation - Mus musculus (mouse),FOS,Fos,,Mus musculus
14281,Fos,10090,kegg,mmu05208,Chemical carcinogenesis - reactive oxygen species - Mus musculus (mouse),FOS,Fos,,Mus musculus
14281,Fos,10090,kegg,mmu05210,Colorectal cancer - Mus musculus (mouse),FOS,Fos,,Mus musculus
14281,Fos,10090,kegg,mmu05224,Breast cancer - Mus musculus (mouse),FOS,Fos,,Mus musculus
14281,Fos,10090,kegg,mmu05231,Choline metabolism in cancer - Mus musculus (mouse),FOS,Fos,,Mus musculus
14281,Fos,10090,kegg,mmu05235,PD-L1 expression and PD-1 checkpoint pathway in cancer - Mus musculus (mouse),FOS,Fos,,Mus musculus
14281,Fos,10090,kegg,mmu05323,Rheumatoid arthritis - Mus musculus (mouse),FOS,Fos,,Mus musculus
14281,Fos,10090,kegg,mmu05417,Lipid and atherosclerosis - Mus musculus (mouse),FOS,Fos,,Mus musculus
14281,Fos,10090,kegg,mmu05418,Fluid shear stress and atherosclerosis - Mus musculus (mouse),FOS,Fos,,Mus musculus
83626,Ugcg,10116,reactome,R-RNO-1430728,Metabolism,UGCG,Ugcg,,Rattus norvegicus
83626,Ugcg,10116,reactome,R-RNO-1660662,Glycosphingolipid metabolism,UGCG,Ugcg,,Rattus norvegicus
83626,Ugcg,10116,reactome,R-RNO-428157,Sphingolipid metabolism,UGCG,Ugcg,,Rattus norvegicus
83626,Ugcg,10116,reactome,R-RNO-556833,Metabolism of lipids,UGCG,Ugcg,,Rattus norvegicus
83626,Ugcg,10116,reactome,R-RNO-9840309,Glycosphingolipid biosynthesis,UGCG,Ugcg,,Rattus norvegicus
25240,Aqp1,10116,reactome,R-RNO-1237044,Erythrocytes take up carbon dioxide and release oxygen,AQP1,Aqp1,,Rattus norvegicus
25240,Aqp1,10116,reactome,R-RNO-1247673,Erythrocytes take up oxygen and release carbon dioxide,AQP1,Aqp1,,Rattus norvegicus
25240,Aqp1,10116,reactome,R-RNO-1480926,O2/CO2 exchange in erythrocytes,AQP1,Aqp1,,Rattus norvegicus
25240,Aqp1,10116,reactome,R-RNO-382551,Transport of small molecules,AQP1,Aqp1,,Rattus norvegicus
25240,Aqp1,10116,reactome,R-RNO-432040,Vasopressin regulates renal water homeostasis via Aquaporins,AQP1,Aqp1,,Rattus norvegicus
25240,Aqp1,10116,reactome,R-RNO-432047,Passive transport by Aquaporins,AQP1,Aqp1,,Rattus norvegicus
25240,Aqp1,10116,reactome,R-RNO-445717,Aquaporin-mediated transport,AQP1,Aqp1,,Rattus norvegicus
170496,Lcn2,10116,reactome,R-RNO-168249,Innate Immune System,LCN2,Lcn2,,Rattus norvegicus
170496,Lcn2,10116,reactome,R-RNO-168256,Immune System,LCN2,Lcn2,,Rattus norvegicus
170496,Lcn2,10116,reactome,R-RNO-382551,Transport of small molecules,LCN2,Lcn2,,Rattus norvegicus
170496,Lcn2,10116,reactome,R-RNO-6798695,Neutrophil degranulation,LCN2,Lcn2,,Rattus norvegicus
170496,Lcn2,10116,reactome,R-RNO-6799990,Metal sequestration by antimicrobial proteins,LCN2,Lcn2,,Rattus norvegicus
170496,Lcn2,10116,reactome,R-RNO-6803157,Antimicrobial peptides,LCN2,Lcn2,,Rattus norvegicus
170496,Lcn2,10116,reactome,R-RNO-917937,Iron uptake and transport,LCN2,Lcn2,,Rattus norvegicus
20604,Sst,10090,kegg,mmu04024,cAMP signaling pathway - Mus musculus (mouse),SST,Sst,,Mus musculus
20604,Sst,10090,kegg,mmu04080,Neuroactive ligand-receptor interaction - Mus musculus (mouse),SST,Sst,,Mus musculus
20604,Sst,10090,kegg,mmu04935,"Growth hormone synthesis, secretion and action - Mus musculus (mouse)",SST,Sst,,Mus musculus
20604,Sst,10090,kegg,mmu04971,Gastric acid secretion - Mus musculus (mouse),SST,Sst,,Mus musculus
13488,Drd1,10090,kegg,mmu04020,Calcium signaling pathway - Mus musculus (mouse),DRD1,Drd1,,Mus musculus
13488,Drd1,10090,kegg,mmu04024,cAMP signaling pathway - Mus musculus (mouse),DRD1,Drd1,,Mus musculus
13488,Drd1,10090,kegg,mmu04080,Neuroactive ligand-receptor interaction - Mus musculus (mouse),DRD1,Drd1,,Mus musculus
13488,Drd1,10090,kegg,mmu04540,Gap junction - Mus musculus (mouse),DRD1,Drd1,,Mus musculus
13488,Drd1,10090,kegg,mmu04728,Dopaminergic synapse - Mus musculus (mouse),DRD1,Drd1,,Mus musculus
13488,Drd1,10090,kegg,mmu05012,Parkinson disease - Mus musculus (mouse),DRD1,Drd1,,Mus musculus
13488,Drd1,10090,kegg,mmu05030,Cocaine addiction - Mus musculus (mouse),DRD1,Drd1,,Mus musculus
13488,Drd1,10090,kegg,mmu05031,Amphetamine addiction - Mus musculus (mouse),DRD1,Drd1,,Mus musculus
13488,Drd1,10090,kegg,mmu05032,Morphine addiction - Mus musculus (mouse),DRD1,Drd1,,Mus musculus
13488,Drd1,10090,kegg,mmu05034,Alcoholism - Mus musculus (mouse),DRD1,Drd1,,Mus musculus
6548,SLC9A1,9606,kegg,hsa04024,cAMP signaling pathway - Homo sapiens (human),SLC9A1,SLC9A1,,Homo sapiens
6548,SLC9A1,9606,kegg,hsa04260,Cardiac muscle contraction - Homo sapiens (human),SLC9A1,SLC9A1,,Homo sapiens
6548,SLC9A1,9606,kegg,hsa04261,Adrenergic signaling in cardiomyocytes - Homo sapiens (human),SLC9A1,SLC9A1,,Homo sapiens
6548,SLC9A1,9606,kegg,hsa04371,Apelin signaling pathway - Homo sapiens (human),SLC9A1,SLC9A1,,Homo sapiens
6548,SLC9A1,9606,kegg,hsa04810,Regulation of actin cytoskeleton - Homo sapiens (human),SLC9A1,SLC9A1,,Homo sapiens
6548,SLC9A1,9606,kegg,hsa04919,Thyroid hormone signaling pathway - Homo sapiens (human),SLC9A1,SLC9A1,,Homo sapiens
6548,SLC9A1,9606,kegg,hsa04970,Salivary secretion - Homo sapiens (human),SLC9A1,SLC9A1,,Homo sapiens
6548,SLC9A1,9606,kegg,hsa04971,Gastric acid secretion - Homo sapiens (human),SLC9A1,SLC9A1,,Homo sapiens
6548,SLC9A1,9606,kegg,hsa04972,Pancreatic secretion - Homo sapiens (human),SLC9A1,SLC9A1,,Homo sapiens
6548,SLC9A1,9606,kegg,hsa04976,Bile secretion - Homo sapiens (human),SLC9A1,SLC9A1,,Homo sapiens
6548,SLC9A1,9606,kegg,hsa05205,Proteoglycans in cancer - Homo sapiens (human),SLC9A1,SLC9A1,,Homo sapiens
6548,SLC9A1,9606,pid,endothelinpathway,Endothelins,SLC9A1,SLC9A1,,Homo sapiens
6548,SLC9A1,9606,pid,erbb1_downstream_pathway,ErbB1 downstream signaling,SLC9A1,SLC9A1,,Homo sapiens
6548,SLC9A1,9606,pid,p38alphabetadownstreampathway,Signaling mediated by p38-alpha and p38-beta,SLC9A1,SLC9A1,,Homo sapiens
6548,SLC9A1,9606,pid,rhoa_pathway,RhoA signaling pathway,SLC9A1,SLC9A1,,Homo sapiens
6548,SLC9A1,9606,wikipathways,WP12,Osteoclast Signaling,SLC9A1,SLC9A1,,Homo sapiens
6548,SLC9A1,9606,wikipathways,WP35,G Protein Signaling Pathways,SLC9A1,SLC9A1,,Homo sapiens
6548,SLC9A1,9606,wikipathways,WP4659,Gastrin signaling pathway,SLC9A1,SLC9A1,,Homo sapiens
6548,SLC9A1,9606,wikipathways,WP51,Regulation of Actin Cytoskeleton,SLC9A1,SLC9A1,,Homo sapiens
7431,VIM,9606,kegg,hsa05169,Epstein-Barr virus infection - Homo sapiens (human),VIM,VIM,,Homo sapiens
7431,VIM,9606,kegg,hsa05206,MicroRNAs in cancer - Homo sapiens (human),VIM,VIM,,Homo sapiens
7431,VIM,9606,netpath,Pathway_Alpha6Beta4Integrin,Alpha6Beta4Integrin,VIM,VIM,,Homo sapiens
7431,VIM,9606,netpath,Pathway_EGFR1,EGFR1,VIM,VIM,,Homo sapiens
7431,VIM,9606,pid,aurora_b_pathway,Aurora B signaling,VIM,VIM,,Homo sapiens
7431,VIM,9606,pid,caspase_pathway,Caspase Cascade in Apoptosis,VIM,VIM,,Homo sapiens
7431,VIM,9606,wikipathways,WP2328,Allograft Rejection,VIM,VIM,,Homo sapiens
7431,VIM,9606,wikipathways,WP2431,Spinal Cord Injury,VIM,VIM,,Homo sapiens
7431,VIM,9606,wikipathways,WP2572,Primary focal segmental glomerulosclerosis (FSGS),VIM,VIM,,Homo sapiens
7431,VIM,9606,wikipathways,WP2814,Mammary gland development pathway - Puberty (Stage 2 of 4),VIM,VIM,,Homo sapiens
7431,VIM,9606,wikipathways,WP2864,Apoptosis-related network due to altered Notch3 in ovarian cancer,VIM,VIM,,Homo sapiens
7431,VIM,9606,wikipathways,WP383,Striated Muscle Contraction Pathway,VIM,VIM,,Homo sapiens
7431,VIM,9606,wikipathways,WP3859,TGF-B Signaling in Thyroid Cells for Epithelial-Mesenchymal Transition,VIM,VIM,,Homo sapiens
7431,VIM,9606,wikipathways,WP4352,Ciliary landscape,VIM,VIM,,Homo sapiens
7431,VIM,9606,wikipathways,WP69,T-cell receptor (TCR) signaling pathway,VIM,VIM,,Homo sapiens
5291,PIK3CB,9606,humancyc,PWY-6352,3-phosphoinositide biosynthesis,PIK3CB,PIK3CB,,Homo sapiens
5291,PIK3CB,9606,humancyc,PWY-6371,superpathway of inositol phosphate compounds,PIK3CB,PIK3CB,,Homo sapiens
5291,PIK3CB,9606,kegg,hsa00562,Inositol phosphate metabolism - Homo sapiens (human),PIK3CB,PIK3CB,,Homo sapiens
5291,PIK3CB,9606,kegg,hsa04012,ErbB signaling pathway - Homo sapiens (human),PIK3CB,PIK3CB,,Homo sapiens
5291,PIK3CB,9606,kegg,hsa04014,Ras signaling pathway - Homo sapiens (human),PIK3CB,PIK3CB,,Homo sapiens
5291,PIK3CB,9606,kegg,hsa04015,Rap1 signaling pathway - Homo sapiens (human),PIK3CB,PIK3CB,,Homo sapiens
5291,PIK3CB,9606,kegg,hsa04024,cAMP signaling pathway - Homo sapiens (human),PIK3CB,PIK3CB,,Homo sapiens
5291,PIK3CB,9606,kegg,hsa04062,Chemokine signaling pathway - Homo sapiens (human),PIK3CB,PIK3CB,,Homo sapiens
5291,PIK3CB,9606,kegg,hsa04066,HIF-1 signaling pathway - Homo sapiens (human),PIK3CB,PIK3CB,,Homo sapiens
5291,PIK3CB,9606,kegg,hsa04068,FoxO signaling pathway - Homo sapiens (human),PIK3CB,PIK3CB,,Homo sapiens
5291,PIK3CB,9606,kegg,hsa04070,Phosphatidylinositol signaling system - Homo sapiens (human),PIK3CB,PIK3CB,,Homo sapiens
5291,PIK3CB,9606,kegg,hsa04071,Sphingolipid signaling pathway - Homo sapiens (human),PIK3CB,PIK3CB,,Homo sapiens
5291,PIK3CB,9606,kegg,hsa04072,Phospholipase D signaling pathway - Homo sapiens (human),PIK3CB,PIK3CB,,Homo sapiens
5291,PIK3CB,9606,kegg,hsa04140,Autophagy - animal - Homo sapiens (human),PIK3CB,PIK3CB,,Homo sapiens
5291,PIK3CB,9606,kegg,hsa04150,mTOR signaling pathway - Homo sapiens (human),PIK3CB,PIK3CB,,Homo sapiens
5291,PIK3CB,9606,kegg,hsa04151,PI3K-Akt signaling pathway - Homo sapiens (human),PIK3CB,PIK3CB,,Homo sapiens
5291,PIK3CB,9606,kegg,hsa04152,AMPK signaling pathway - Homo sapiens (human),PIK3CB,PIK3CB,,Homo sapiens
5291,PIK3CB,9606,kegg,hsa04210,Apoptosis - Homo sapiens (human),PIK3CB,PIK3CB,,Homo sapiens
5291,PIK3CB,9606,kegg,hsa04211,Longevity regulating pathway - Homo sapiens (human),PIK3CB,PIK3CB,,Homo sapiens
5291,PIK3CB,9606,kegg,hsa04213,Longevity regulating pathway - multiple species - Homo sapiens (human),PIK3CB,PIK3CB,,Homo sapiens
5291,PIK3CB,9606,kegg,hsa04218,Cellular senescence - Homo sapiens (human),PIK3CB,PIK3CB,,Homo sapiens
5291,PIK3CB,9606,kegg,hsa04360,Axon guidance - Homo sapiens (human),PIK3CB,PIK3CB,,Homo sapiens
5291,PIK3CB,9606,kegg,hsa04370,VEGF signaling pathway - Homo sapiens (human),PIK3CB,PIK3CB,,Homo sapiens
5291,PIK3CB,9606,kegg,hsa04380,Osteoclast differentiation - Homo sapiens (human),PIK3CB,PIK3CB,,Homo sapiens
5291,PIK3CB,9606,kegg,hsa04510,Focal adhesion - Homo sapiens (human),PIK3CB,PIK3CB,,Homo sapiens
5291,PIK3CB,9606,kegg,hsa04550,Signaling pathways regulating pluripotency of stem cells - Homo sapiens (human),PIK3CB,PIK3CB,,Homo sapiens
5291,PIK3CB,9606,kegg,hsa04611,Platelet activation - Homo sapiens (human),PIK3CB,PIK3CB,,Homo sapiens
5291,PIK3CB,9606,kegg,hsa04613,Neutrophil extracellular trap formation - Homo sapiens (human),PIK3CB,PIK3CB,,Homo sapiens
5291,PIK3CB,9606,kegg,hsa04620,Toll-like receptor signaling pathway - Homo sapiens (human),PIK3CB,PIK3CB,,Homo sapiens
5291,PIK3CB,9606,kegg,hsa04625,C-type lectin receptor signaling pathway - Homo sapiens (human),PIK3CB,PIK3CB,,Homo sapiens
5291,PIK3CB,9606,kegg,hsa04630,JAK-STAT signaling pathway - Homo sapiens (human),PIK3CB,PIK3CB,,Homo sapiens
5291,PIK3CB,9606,kegg,hsa04650,Natural killer cell mediated cytotoxicity - Homo sapiens (human),PIK3CB,PIK3CB,,Homo sapiens
5291,PIK3CB,9606,kegg,hsa04660,T cell receptor signaling pathway - Homo sapiens (human),PIK3CB,PIK3CB,,Homo sapiens
5291,PIK3CB,9606,kegg,hsa04662,B cell receptor signaling pathway - Homo sapiens (human),PIK3CB,PIK3CB,,Homo sapiens
5291,PIK3CB,9606,kegg,hsa04664,Fc epsilon RI signaling pathway - Homo sapiens (human),PIK3CB,PIK3CB,,Homo sapiens
5291,PIK3CB,9606,kegg,hsa04666,Fc gamma R-mediated phagocytosis - Homo sapiens (human),PIK3CB,PIK3CB,,Homo sapiens
5291,PIK3CB,9606,kegg,hsa04668,TNF signaling pathway - Homo sapiens (human),PIK3CB,PIK3CB,,Homo sapiens
5291,PIK3CB,9606,kegg,hsa04670,Leukocyte transendothelial migration - Homo sapiens (human),PIK3CB,PIK3CB,,Homo sapiens
5291,PIK3CB,9606,kegg,hsa04722,Neurotrophin signaling pathway - Homo sapiens (human),PIK3CB,PIK3CB,,Homo sapiens
5291,PIK3CB,9606,kegg,hsa04725,Cholinergic synapse - Homo sapiens (human),PIK3CB,PIK3CB,,Homo sapiens
5291,PIK3CB,9606,kegg,hsa04750,Inflammatory mediator regulation of TRP channels - Homo sapiens (human),PIK3CB,PIK3CB,,Homo sapiens
5291,PIK3CB,9606,kegg,hsa04810,Regulation of actin cytoskeleton - Homo sapiens (human),PIK3CB,PIK3CB,,Homo sapiens
5291,PIK3CB,9606,kegg,hsa04910,Insulin signaling pathway - Homo sapiens (human),PIK3CB,PIK3CB,,Homo sapiens
5291,PIK3CB,9606,kegg,hsa04914,Progesterone-mediated oocyte maturation - Homo sapiens (human),PIK3CB,PIK3CB,,Homo sapiens
5291,PIK3CB,9606,kegg,hsa04915,Estrogen signaling pathway - Homo sapiens (human),PIK3CB,PIK3CB,,Homo sapiens
5291,PIK3CB,9606,kegg,hsa04917,Prolactin signaling pathway - Homo sapiens (human),PIK3CB,PIK3CB,,Homo sapiens
5291,PIK3CB,9606,kegg,hsa04919,Thyroid hormone signaling pathway - Homo sapiens (human),PIK3CB,PIK3CB,,Homo sapiens
5291,PIK3CB,9606,kegg,hsa04923,Regulation of lipolysis in adipocytes - Homo sapiens (human),PIK3CB,PIK3CB,,Homo sapiens
5291,PIK3CB,9606,kegg,hsa04926,Relaxin signaling pathway - Homo sapiens (human),PIK3CB,PIK3CB,,Homo sapiens
5291,PIK3CB,9606,kegg,hsa04929,GnRH secretion - Homo sapiens (human),PIK3CB,PIK3CB,,Homo sapiens
5291,PIK3CB,9606,kegg,hsa04930,Type II diabetes mellitus - Homo sapiens (human),PIK3CB,PIK3CB,,Homo sapiens
5291,PIK3CB,9606,kegg,hsa04931,Insulin resistance - Homo sapiens (human),PIK3CB,PIK3CB,,Homo sapiens
5291,PIK3CB,9606,kegg,hsa04932,Non-alcoholic fatty liver disease - Homo sapiens (human),PIK3CB,PIK3CB,,Homo sapiens
5291,PIK3CB,9606,kegg,hsa04933,AGE-RAGE signaling pathway in diabetic complications - Homo sapiens (human),PIK3CB,PIK3CB,,Homo sapiens
5291,PIK3CB,9606,kegg,hsa04935,"Growth hormone synthesis, secretion and action - Homo sapiens (human)",PIK3CB,PIK3CB,,Homo sapiens
5291,PIK3CB,9606,kegg,hsa04960,Aldosterone-regulated sodium reabsorption - Homo sapiens (human),PIK3CB,PIK3CB,,Homo sapiens
5291,PIK3CB,9606,kegg,hsa04973,Carbohydrate digestion and absorption - Homo sapiens (human),PIK3CB,PIK3CB,,Homo sapiens
5291,PIK3CB,9606,kegg,hsa05010,Alzheimer disease - Homo sapiens (human),PIK3CB,PIK3CB,,Homo sapiens
5291,PIK3CB,9606,kegg,hsa05017,Spinocerebellar ataxia - Homo sapiens (human),PIK3CB,PIK3CB,,Homo sapiens
5291,PIK3CB,9606,kegg,hsa05020,Prion disease - Homo sapiens (human),PIK3CB,PIK3CB,,Homo sapiens
5291,PIK3CB,9606,kegg,hsa05100,Bacterial invasion of epithelial cells - Homo sapiens (human),PIK3CB,PIK3CB,,Homo sapiens
5291,PIK3CB,9606,kegg,hsa05131,Shigellosis - Homo sapiens (human),PIK3CB,PIK3CB,,Homo sapiens
5291,PIK3CB,9606,kegg,hsa05132,Salmonella infection - Homo sapiens (human),PIK3CB,PIK3CB,,Homo sapiens
5291,PIK3CB,9606,kegg,hsa05135,Yersinia infection - Homo sapiens (human),PIK3CB,PIK3CB,,Homo sapiens
5291,PIK3CB,9606,kegg,hsa05142,Chagas disease - Homo sapiens (human),PIK3CB,PIK3CB,,Homo sapiens
5291,PIK3CB,9606,kegg,hsa05146,Amoebiasis - Homo sapiens (human),PIK3CB,PIK3CB,,Homo sapiens
5291,PIK3CB,9606,kegg,hsa05160,Hepatitis C - Homo sapiens (human),PIK3CB,PIK3CB,,Homo sapiens
5291,PIK3CB,9606,kegg,hsa05161,Hepatitis B - Homo sapiens (human),PIK3CB,PIK3CB,,Homo sapiens
5291,PIK3CB,9606,kegg,hsa05162,Measles - Homo sapiens (human),PIK3CB,PIK3CB,,Homo sapiens
5291,PIK3CB,9606,kegg,hsa05163,Human cytomegalovirus infection - Homo sapiens (human),PIK3CB,PIK3CB,,Homo sapiens
5291,PIK3CB,9606,kegg,hsa05164,Influenza A - Homo sapiens (human),PIK3CB,PIK3CB,,Homo sapiens
5291,PIK3CB,9606,kegg,hsa05165,Human papillomavirus infection - Homo sapiens (human),PIK3CB,PIK3CB,,Homo sapiens
5291,PIK3CB,9606,kegg,hsa05166,Human T-cell leukemia virus 1 infection - Homo sapiens (human),PIK3CB,PIK3CB,,Homo sapiens
5291,PIK3CB,9606,kegg,hsa05167,Kaposi sarcoma-associated herpesvirus infection - Homo sapiens (human),PIK3CB,PIK3CB,,Homo sapiens
5291,PIK3CB,9606,kegg,hsa05168,Herpes simplex virus 1 infection - Homo sapiens (human),PIK3CB,PIK3CB,,Homo sapiens
5291,PIK3CB,9606,kegg,hsa05169,Epstein-Barr virus infection - Homo sapiens (human),PIK3CB,PIK3CB,,Homo sapiens
5291,PIK3CB,9606,kegg,hsa05170,Human immunodeficiency virus 1 infection - Homo sapiens (human),PIK3CB,PIK3CB,,Homo sapiens
5291,PIK3CB,9606,kegg,hsa05171,Coronavirus disease - COVID-19 - Homo sapiens (human),PIK3CB,PIK3CB,,Homo sapiens
5291,PIK3CB,9606,kegg,hsa05200,Pathways in cancer - Homo sapiens (human),PIK3CB,PIK3CB,,Homo sapiens
5291,PIK3CB,9606,kegg,hsa05203,Viral carcinogenesis - Homo sapiens (human),PIK3CB,PIK3CB,,Homo sapiens
5291,PIK3CB,9606,kegg,hsa05205,Proteoglycans in cancer - Homo sapiens (human),PIK3CB,PIK3CB,,Homo sapiens
5291,PIK3CB,9606,kegg,hsa05206,MicroRNAs in cancer - Homo sapiens (human),PIK3CB,PIK3CB,,Homo sapiens
5291,PIK3CB,9606,kegg,hsa05210,Colorectal cancer - Homo sapiens (human),PIK3CB,PIK3CB,,Homo sapiens
5291,PIK3CB,9606,kegg,hsa05211,Renal cell carcinoma - Homo sapiens (human),PIK3CB,PIK3CB,,Homo sapiens
5291,PIK3CB,9606,kegg,hsa05212,Pancreatic cancer - Homo sapiens (human),PIK3CB,PIK3CB,,Homo sapiens
5291,PIK3CB,9606,kegg,hsa05213,Endometrial cancer - Homo sapiens (human),PIK3CB,PIK3CB,,Homo sapiens
5291,PIK3CB,9606,kegg,hsa05214,Glioma - Homo sapiens (human),PIK3CB,PIK3CB,,Homo sapiens
5291,PIK3CB,9606,kegg,hsa05215,Prostate cancer - Homo sapiens (human),PIK3CB,PIK3CB,,Homo sapiens
5291,PIK3CB,9606,kegg,hsa05218,Melanoma - Homo sapiens (human),PIK3CB,PIK3CB,,Homo sapiens
5291,PIK3CB,9606,kegg,hsa05220,Chronic myeloid leukemia - Homo sapiens (human),PIK3CB,PIK3CB,,Homo sapiens
5291,PIK3CB,9606,kegg,hsa05221,Acute myeloid leukemia - Homo sapiens (human),PIK3CB,PIK3CB,,Homo sapiens
5291,PIK3CB,9606,kegg,hsa05222,Small cell lung cancer - Homo sapiens (human),PIK3CB,PIK3CB,,Homo sapiens
5291,PIK3CB,9606,kegg,hsa05223,Non-small cell lung cancer - Homo sapiens (human),PIK3CB,PIK3CB,,Homo sapiens
5291,PIK3CB,9606,kegg,hsa05224,Breast cancer - Homo sapiens (human),PIK3CB,PIK3CB,,Homo sapiens
5291,PIK3CB,9606,kegg,hsa05225,Hepatocellular carcinoma - Homo sapiens (human),PIK3CB,PIK3CB,,Homo sapiens
5291,PIK3CB,9606,kegg,hsa05226,Gastric cancer - Homo sapiens (human),PIK3CB,PIK3CB,,Homo sapiens
5291,PIK3CB,9606,kegg,hsa05230,Central carbon metabolism in cancer - Homo sapiens (human),PIK3CB,PIK3CB,,Homo sapiens
5291,PIK3CB,9606,kegg,hsa05231,Choline metabolism in cancer - Homo sapiens (human),PIK3CB,PIK3CB,,Homo sapiens
5291,PIK3CB,9606,kegg,hsa05235,PD-L1 expression and PD-1 checkpoint pathway in cancer - Homo sapiens (human),PIK3CB,PIK3CB,,Homo sapiens
5291,PIK3CB,9606,kegg,hsa05415,Diabetic cardiomyopathy - Homo sapiens (human),PIK3CB,PIK3CB,,Homo sapiens
5291,PIK3CB,9606,kegg,hsa05417,Lipid and atherosclerosis - Homo sapiens (human),PIK3CB,PIK3CB,,Homo sapiens
5291,PIK3CB,9606,kegg,hsa05418,Fluid shear stress and atherosclerosis - Homo sapiens (human),PIK3CB,PIK3CB,,Homo sapiens
5291,PIK3CB,9606,netpath,Pathway_Alpha6Beta4Integrin,Alpha6Beta4Integrin,PIK3CB,PIK3CB,,Homo sapiens
5291,PIK3CB,9606,netpath,Pathway_EGFR1,EGFR1,PIK3CB,PIK3CB,,Homo sapiens
5291,PIK3CB,9606,netpath,Pathway_IL2,IL2,PIK3CB,PIK3CB,,Homo sapiens
5291,PIK3CB,9606,pid,cd40_pathway,CD40/CD40L signaling,PIK3CB,PIK3CB,,Homo sapiens
5291,PIK3CB,9606,pid,cxcr3pathway,CXCR3-mediated signaling events,PIK3CB,PIK3CB,,Homo sapiens
5291,PIK3CB,9606,pid,cxcr4_pathway,CXCR4-mediated signaling events,PIK3CB,PIK3CB,,Homo sapiens
5291,PIK3CB,9606,pid,erbb1_downstream_pathway,ErbB1 downstream signaling,PIK3CB,PIK3CB,,Homo sapiens
5291,PIK3CB,9606,pid,erbb1_internalization_pathway,Internalization of ErbB1,PIK3CB,PIK3CB,,Homo sapiens
5291,PIK3CB,9606,pid,erbb2erbb3pathway,ErbB2/ErbB3 signaling events,PIK3CB,PIK3CB,,Homo sapiens
5291,PIK3CB,9606,pid,erbb4_pathway,ErbB4 signaling events,PIK3CB,PIK3CB,,Homo sapiens
5291,PIK3CB,9606,pid,faspathway,FAS (CD95) signaling pathway,PIK3CB,PIK3CB,,Homo sapiens
5291,PIK3CB,9606,pid,lysophospholipid_pathway,LPA receptor mediated events,PIK3CB,PIK3CB,,Homo sapiens
5291,PIK3CB,9606,pid,nephrin_neph1_pathway,Nephrin/Neph1 signaling in the kidney podocyte,PIK3CB,PIK3CB,,Homo sapiens
5291,PIK3CB,9606,pid,pdgfrbpathway,PDGFR-beta signaling pathway,PIK3CB,PIK3CB,,Homo sapiens
5291,PIK3CB,9606,pid,pi3kcipathway,Class I PI3K signaling events,PIK3CB,PIK3CB,,Homo sapiens
5291,PIK3CB,9606,pid,tcptp_pathway,Signaling events mediated by TCPTP,PIK3CB,PIK3CB,,Homo sapiens
5291,PIK3CB,9606,pid,trail_pathway,TRAIL signaling pathway,PIK3CB,PIK3CB,,Homo sapiens
5291,PIK3CB,9606,wikipathways,WP1403,AMP-activated protein kinase (AMPK) signaling,PIK3CB,PIK3CB,,Homo sapiens
5291,PIK3CB,9606,wikipathways,WP1449,Regulation of toll-like receptor signaling pathway,PIK3CB,PIK3CB,,Homo sapiens
5291,PIK3CB,9606,wikipathways,WP1544,MicroRNAs in cardiomyocyte hypertrophy,PIK3CB,PIK3CB,,Homo sapiens
5291,PIK3CB,9606,wikipathways,WP2037,Prolactin Signaling Pathway,PIK3CB,PIK3CB,,Homo sapiens
5291,PIK3CB,9606,wikipathways,WP2261,Glioblastoma signaling pathways,PIK3CB,PIK3CB,,Homo sapiens
5291,PIK3CB,9606,wikipathways,WP306,Focal Adhesion,PIK3CB,PIK3CB,,Homo sapiens
5291,PIK3CB,9606,wikipathways,WP3844,PI3K-AKT-mTOR signaling pathway and therapeutic opportunities,PIK3CB,PIK3CB,,Homo sapiens
5291,PIK3CB,9606,wikipathways,WP3915,Angiopoietin Like Protein 8 Regulatory Pathway,PIK3CB,PIK3CB,,Homo sapiens
5291,PIK3CB,9606,wikipathways,WP3929,Chemokine signaling pathway,PIK3CB,PIK3CB,,Homo sapiens
5291,PIK3CB,9606,wikipathways,WP3932,Focal Adhesion-PI3K-Akt-mTOR-signaling pathway,PIK3CB,PIK3CB,,Homo sapiens
5291,PIK3CB,9606,wikipathways,WP3937,Microglia Pathogen Phagocytosis Pathway,PIK3CB,PIK3CB,,Homo sapiens
5291,PIK3CB,9606,wikipathways,WP4155,Endometrial cancer,PIK3CB,PIK3CB,,Homo sapiens
5291,PIK3CB,9606,wikipathways,WP4172,PI3K-Akt signaling pathway,PIK3CB,PIK3CB,,Homo sapiens
5291,PIK3CB,9606,wikipathways,WP4217,Ebola Virus Pathway on Host,PIK3CB,PIK3CB,,Homo sapiens
5291,PIK3CB,9606,wikipathways,WP4223,Ras signaling,PIK3CB,PIK3CB,,Homo sapiens
5291,PIK3CB,9606,wikipathways,WP4239,Epithelial to mesenchymal transition in colorectal cancer,PIK3CB,PIK3CB,,Homo sapiens
5291,PIK3CB,9606,wikipathways,WP4255,Non-small cell lung cancer,PIK3CB,PIK3CB,,Homo sapiens
5291,PIK3CB,9606,wikipathways,WP4263,Pancreatic adenocarcinoma pathway,PIK3CB,PIK3CB,,Homo sapiens
5291,PIK3CB,9606,wikipathways,WP4396,Nonalcoholic fatty liver disease,PIK3CB,PIK3CB,,Homo sapiens
5291,PIK3CB,9606,wikipathways,WP4481,Resistin as a regulator of inflammation,PIK3CB,PIK3CB,,Homo sapiens
5291,PIK3CB,9606,wikipathways,WP4483,"Relationship between inflammation, COX-2 and EGFR",PIK3CB,PIK3CB,,Homo sapiens
5291,PIK3CB,9606,wikipathways,WP4539,Synaptic signaling pathways associated with autism spectrum disorder,PIK3CB,PIK3CB,,Homo sapiens
5291,PIK3CB,9606,wikipathways,WP4549,Fragile X Syndrome,PIK3CB,PIK3CB,,Homo sapiens
5291,PIK3CB,9606,wikipathways,WP4564,Neural Crest Cell Migration during Development,PIK3CB,PIK3CB,,Homo sapiens
5291,PIK3CB,9606,wikipathways,WP4565,Neural Crest Cell Migration in Cancer,PIK3CB,PIK3CB,,Homo sapiens
5291,PIK3CB,9606,wikipathways,WP4566,Translation inhibitors in chronically activated PDGFRA cells,PIK3CB,PIK3CB,,Homo sapiens
5291,PIK3CB,9606,wikipathways,WP4582,Cancer immunotherapy by CTLA4 blockade,PIK3CB,PIK3CB,,Homo sapiens
5291,PIK3CB,9606,wikipathways,WP4658,Small cell lung cancer,PIK3CB,PIK3CB,,Homo sapiens
5291,PIK3CB,9606,wikipathways,WP4666,Hepatitis B infection,PIK3CB,PIK3CB,,Homo sapiens
5291,PIK3CB,9606,wikipathways,WP4674,Head and Neck Squamous Cell Carcinoma,PIK3CB,PIK3CB,,Homo sapiens
5291,PIK3CB,9606,wikipathways,WP4685,Melanoma,PIK3CB,PIK3CB,,Homo sapiens
5291,PIK3CB,9606,wikipathways,WP4787,Osteoblast differentiation,PIK3CB,PIK3CB,,Homo sapiens
5291,PIK3CB,9606,wikipathways,WP4806,EGFR Tyrosine Kinase Inhibitor Resistance,PIK3CB,PIK3CB,,Homo sapiens
5291,PIK3CB,9606,wikipathways,WP481,Insulin Signaling,PIK3CB,PIK3CB,,Homo sapiens
5291,PIK3CB,9606,wikipathways,WP4829,mBDNF and proBDNF regulation of GABA neurotransmission,PIK3CB,PIK3CB,,Homo sapiens
5291,PIK3CB,9606,wikipathways,WP4871,Kisspeptin-kisspeptin receptor system in the ovary,PIK3CB,PIK3CB,,Homo sapiens
5291,PIK3CB,9606,wikipathways,WP51,Regulation of Actin Cytoskeleton,PIK3CB,PIK3CB,,Homo sapiens
5291,PIK3CB,9606,wikipathways,WP524,G13 Signaling Pathway,PIK3CB,PIK3CB,,Homo sapiens
5291,PIK3CB,9606,wikipathways,WP673,ErbB signaling pathway,PIK3CB,PIK3CB,,Homo sapiens
5291,PIK3CB,9606,wikipathways,WP710,DNA damage response (only ATM dependent),PIK3CB,PIK3CB,,Homo sapiens
5291,PIK3CB,9606,wikipathways,WP75,Toll-like Receptor Signaling Pathway,PIK3CB,PIK3CB,,Homo sapiens
79213,Slc6a11,10116,reactome,R-RNO-112310,Neurotransmitter release cycle,SLC6A11,Slc6a11,,Rattus norvegicus
79213,Slc6a11,10116,reactome,R-RNO-112315,Transmission across Chemical Synapses,SLC6A11,Slc6a11,,Rattus norvegicus
79213,Slc6a11,10116,reactome,R-RNO-112316,Neuronal System,SLC6A11,Slc6a11,,Rattus norvegicus
79213,Slc6a11,10116,reactome,R-RNO-1430728,Metabolism,SLC6A11,Slc6a11,,Rattus norvegicus
79213,Slc6a11,10116,reactome,R-RNO-382551,Transport of small molecules,SLC6A11,Slc6a11,,Rattus norvegicus
79213,Slc6a11,10116,reactome,R-RNO-425407,SLC-mediated transmembrane transport,SLC6A11,Slc6a11,,Rattus norvegicus
79213,Slc6a11,10116,reactome,R-RNO-442660,SLC-mediated transport of neurotransmitters,SLC6A11,Slc6a11,,Rattus norvegicus
79213,Slc6a11,10116,reactome,R-RNO-71288,Creatine metabolism,SLC6A11,Slc6a11,,Rattus norvegicus
79213,Slc6a11,10116,reactome,R-RNO-71291,Metabolism of amino acids and derivatives,SLC6A11,Slc6a11,,Rattus norvegicus
79213,Slc6a11,10116,reactome,R-RNO-888590,"GABA synthesis, release, reuptake and degradation",SLC6A11,Slc6a11,,Rattus norvegicus
79213,Slc6a11,10116,reactome,R-RNO-888593,Reuptake of GABA,SLC6A11,Slc6a11,,Rattus norvegicus
171049,Folr1,10116,reactome,R-RNO-199977,ER to Golgi Anterograde Transport,FOLR1,Folr1,,Rattus norvegicus
171049,Folr1,10116,reactome,R-RNO-199991,Membrane Trafficking,FOLR1,Folr1,,Rattus norvegicus
171049,Folr1,10116,reactome,R-RNO-204005,COPII-mediated vesicle transport,FOLR1,Folr1,,Rattus norvegicus
171049,Folr1,10116,reactome,R-RNO-392499,Metabolism of proteins,FOLR1,Folr1,,Rattus norvegicus
171049,Folr1,10116,reactome,R-RNO-446203,Asparagine N-linked glycosylation,FOLR1,Folr1,,Rattus norvegicus
171049,Folr1,10116,reactome,R-RNO-5653656,Vesicle-mediated transport,FOLR1,Folr1,,Rattus norvegicus
171049,Folr1,10116,reactome,R-RNO-5694530,Cargo concentration in the ER,FOLR1,Folr1,,Rattus norvegicus
171049,Folr1,10116,reactome,R-RNO-597592,Post-translational protein modification,FOLR1,Folr1,,Rattus norvegicus
171049,Folr1,10116,reactome,R-RNO-6807878,COPI-mediated anterograde transport,FOLR1,Folr1,,Rattus norvegicus
171049,Folr1,10116,reactome,R-RNO-948021,Transport to the Golgi and subsequent modification,FOLR1,Folr1,,Rattus norvegicus
29723,Slc19a1,10116,reactome,R-RNO-1430728,Metabolism,SLC19A1,Slc19a1,,Rattus norvegicus
29723,Slc19a1,10116,reactome,R-RNO-196757,Metabolism of folate and pterines,SLC19A1,Slc19a1,,Rattus norvegicus
29723,Slc19a1,10116,reactome,R-RNO-196849,Metabolism of water-soluble vitamins and cofactors,SLC19A1,Slc19a1,,Rattus norvegicus
29723,Slc19a1,10116,reactome,R-RNO-196854,Metabolism of vitamins and cofactors,SLC19A1,Slc19a1,,Rattus norvegicus
50719,Slc7a5,10116,reactome,R-RNO-109582,Hemostasis,SLC7A5,Slc7a5,,Rattus norvegicus
50719,Slc7a5,10116,reactome,R-RNO-1430728,Metabolism,SLC7A5,Slc7a5,,Rattus norvegicus
50719,Slc7a5,10116,reactome,R-RNO-202733,Cell surface interactions at the vascular wall,SLC7A5,Slc7a5,,Rattus norvegicus
50719,Slc7a5,10116,reactome,R-RNO-210991,Basigin interactions,SLC7A5,Slc7a5,,Rattus norvegicus
50719,Slc7a5,10116,reactome,R-RNO-352230,Amino acid transport across the plasma membrane,SLC7A5,Slc7a5,,Rattus norvegicus
50719,Slc7a5,10116,reactome,R-RNO-382551,Transport of small molecules,SLC7A5,Slc7a5,,Rattus norvegicus
50719,Slc7a5,10116,reactome,R-RNO-425407,SLC-mediated transmembrane transport,SLC7A5,Slc7a5,,Rattus norvegicus
50719,Slc7a5,10116,reactome,R-RNO-71240,Tryptophan catabolism,SLC7A5,Slc7a5,,Rattus norvegicus
50719,Slc7a5,10116,reactome,R-RNO-71291,Metabolism of amino acids and derivatives,SLC7A5,Slc7a5,,Rattus norvegicus
50719,Slc7a5,10116,reactome,R-RNO-9958863,SLC-mediated transport of amino acids,SLC7A5,Slc7a5,,Rattus norvegicus
230908,Tardbp,10090,kegg,mmu03015,mRNA surveillance pathway - Mus musculus (mouse),TARDBP,Tardbp,,Mus musculus
230908,Tardbp,10090,kegg,mmu05014,Amyotrophic lateral sclerosis - Mus musculus (mouse),TARDBP,Tardbp,,Mus musculus
230908,Tardbp,10090,kegg,mmu05022,Pathways of neurodegeneration - multiple diseases - Mus musculus (mouse),TARDBP,Tardbp,,Mus musculus
11829,Aqp4,10090,kegg,mmu04962,Vasopressin-regulated water reabsorption - Mus musculus (mouse),AQP4,Aqp4,,Mus musculus
11829,Aqp4,10090,kegg,mmu04976,Bile secretion - Mus musculus (mouse),AQP4,Aqp4,,Mus musculus
1401,CRP,9606,netpath,Pathway_Leptin,Leptin,CRP,CRP,,Homo sapiens
1401,CRP,9606,pid,il6_7pathway,IL6-mediated signaling events,CRP,CRP,,Homo sapiens
1401,CRP,9606,wikipathways,WP15,Selenium Micronutrient Network,CRP,CRP,,Homo sapiens
1401,CRP,9606,wikipathways,WP1533,Vitamin B12 metabolism,CRP,CRP,,Homo sapiens
1401,CRP,9606,wikipathways,WP176,Folate Metabolism,CRP,CRP,,Homo sapiens
1401,CRP,9606,wikipathways,WP2806,Complement system,CRP,CRP,,Homo sapiens
1401,CRP,9606,wikipathways,WP3287,Overview of nanoparticle effects,CRP,CRP,,Homo sapiens
1401,CRP,9606,wikipathways,WP364,IL-6 signaling pathway,CRP,CRP,,Homo sapiens
1401,CRP,9606,wikipathways,WP4884,Pathogenesis of SARS-CoV-2 Mediated by nsp9-nsp10 Complex,CRP,CRP,,Homo sapiens
1401,CRP,9606,wikipathways,WP4970,Galanin receptor pathway,CRP,CRP,,Homo sapiens
135,ADORA2A,9606,kegg,hsa04015,Rap1 signaling pathway - Homo sapiens (human),ADORA2A,ADORA2A,,Homo sapiens
135,ADORA2A,9606,kegg,hsa04020,Calcium signaling pathway - Homo sapiens (human),ADORA2A,ADORA2A,,Homo sapiens
135,ADORA2A,9606,kegg,hsa04024,cAMP signaling pathway - Homo sapiens (human),ADORA2A,ADORA2A,,Homo sapiens
135,ADORA2A,9606,kegg,hsa04080,Neuroactive ligand-receptor interaction - Homo sapiens (human),ADORA2A,ADORA2A,,Homo sapiens
135,ADORA2A,9606,kegg,hsa04270,Vascular smooth muscle contraction - Homo sapiens (human),ADORA2A,ADORA2A,,Homo sapiens
135,ADORA2A,9606,kegg,hsa05012,Parkinson disease - Homo sapiens (human),ADORA2A,ADORA2A,,Homo sapiens
135,ADORA2A,9606,kegg,hsa05034,Alcoholism - Homo sapiens (human),ADORA2A,ADORA2A,,Homo sapiens
135,ADORA2A,9606,pid,hif2pathway,HIF-2-alpha transcription factor network,ADORA2A,ADORA2A,,Homo sapiens
135,ADORA2A,9606,smpdb,SMP00320,Intracellular Signalling Through Adenosine Receptor A2a and Adenosine,ADORA2A,ADORA2A,,Homo sapiens
135,ADORA2A,9606,wikipathways,WP117,"GPCRs, Other",ADORA2A,ADORA2A,,Homo sapiens
135,ADORA2A,9606,wikipathways,WP3869,Cannabinoid receptor signaling,ADORA2A,ADORA2A,,Homo sapiens
135,ADORA2A,9606,wikipathways,WP4222,Phosphodiesterases in neuronal function,ADORA2A,ADORA2A,,Homo sapiens
135,ADORA2A,9606,wikipathways,WP455,"GPCRs, Class A Rhodopsin-like",ADORA2A,ADORA2A,,Homo sapiens
135,ADORA2A,9606,wikipathways,WP4900,Purinergic signaling,ADORA2A,ADORA2A,,Homo sapiens
135,ADORA2A,9606,wikipathways,WP727,Monoamine Transport,ADORA2A,ADORA2A,,Homo sapiens
135,ADORA2A,9606,wikipathways,WP80,Nucleotide GPCRs,ADORA2A,ADORA2A,,Homo sapiens
7038,TG,9606,kegg,hsa04918,Thyroid hormone synthesis - Homo sapiens (human),TG,TG,,Homo sapiens
7038,TG,9606,kegg,hsa05320,Autoimmune thyroid disease - Homo sapiens (human),TG,TG,,Homo sapiens
7038,TG,9606,smpdb,SMP00716,Thyroid hormone synthesis,TG,TG,,Homo sapiens
7038,TG,9606,wikipathways,WP1981,Thyroxine (Thyroid Hormone) Production,TG,TG,,Homo sapiens
13370,Dio1,10090,kegg,mmu04919,Thyroid hormone signaling pathway - Mus musculus (mouse),DIO1,Dio1,,Mus musculus
13370,Dio1,10090,mousecyc,PWY-6260,thyroid hormone metabolism I (via deiodination),DIO1,Dio1,,Mus musculus
16491,Kcna3,10090,reactome,R-MMU-112316,Neuronal System,KCNA3,Kcna3,,Mus musculus
16491,Kcna3,10090,reactome,R-MMU-1296071,Potassium Channels,KCNA3,Kcna3,,Mus musculus
16491,Kcna3,10090,reactome,R-MMU-1296072,Voltage gated Potassium channels,KCNA3,Kcna3,,Mus musculus
26417,Mapk3,10090,kegg,mmu04010,MAPK signaling pathway - Mus musculus (mouse),MAPK3,Mapk3,,Mus musculus
26417,Mapk3,10090,kegg,mmu04012,ErbB signaling pathway - Mus musculus (mouse),MAPK3,Mapk3,,Mus musculus
26417,Mapk3,10090,kegg,mmu04014,Ras signaling pathway - Mus musculus (mouse),MAPK3,Mapk3,,Mus musculus
26417,Mapk3,10090,kegg,mmu04015,Rap1 signaling pathway - Mus musculus (mouse),MAPK3,Mapk3,,Mus musculus
26417,Mapk3,10090,kegg,mmu04022,cGMP-PKG signaling pathway - Mus musculus (mouse),MAPK3,Mapk3,,Mus musculus
26417,Mapk3,10090,kegg,mmu04024,cAMP signaling pathway - Mus musculus (mouse),MAPK3,Mapk3,,Mus musculus
26417,Mapk3,10090,kegg,mmu04062,Chemokine signaling pathway - Mus musculus (mouse),MAPK3,Mapk3,,Mus musculus
26417,Mapk3,10090,kegg,mmu04066,HIF-1 signaling pathway - Mus musculus (mouse),MAPK3,Mapk3,,Mus musculus
26417,Mapk3,10090,kegg,mmu04068,FoxO signaling pathway - Mus musculus (mouse),MAPK3,Mapk3,,Mus musculus
26417,Mapk3,10090,kegg,mmu04071,Sphingolipid signaling pathway - Mus musculus (mouse),MAPK3,Mapk3,,Mus musculus
26417,Mapk3,10090,kegg,mmu04072,Phospholipase D signaling pathway - Mus musculus (mouse),MAPK3,Mapk3,,Mus musculus
26417,Mapk3,10090,kegg,mmu04114,Oocyte meiosis - Mus musculus (mouse),MAPK3,Mapk3,,Mus musculus
26417,Mapk3,10090,kegg,mmu04140,Autophagy - animal - Mus musculus (mouse),MAPK3,Mapk3,,Mus musculus
26417,Mapk3,10090,kegg,mmu04150,mTOR signaling pathway - Mus musculus (mouse),MAPK3,Mapk3,,Mus musculus
26417,Mapk3,10090,kegg,mmu04151,PI3K-Akt signaling pathway - Mus musculus (mouse),MAPK3,Mapk3,,Mus musculus
26417,Mapk3,10090,kegg,mmu04210,Apoptosis - Mus musculus (mouse),MAPK3,Mapk3,,Mus musculus
26417,Mapk3,10090,kegg,mmu04218,Cellular senescence - Mus musculus (mouse),MAPK3,Mapk3,,Mus musculus
26417,Mapk3,10090,kegg,mmu04261,Adrenergic signaling in cardiomyocytes - Mus musculus (mouse),MAPK3,Mapk3,,Mus musculus
26417,Mapk3,10090,kegg,mmu04270,Vascular smooth muscle contraction - Mus musculus (mouse),MAPK3,Mapk3,,Mus musculus
26417,Mapk3,10090,kegg,mmu04350,TGF-beta signaling pathway - Mus musculus (mouse),MAPK3,Mapk3,,Mus musculus
26417,Mapk3,10090,kegg,mmu04360,Axon guidance - Mus musculus (mouse),MAPK3,Mapk3,,Mus musculus
26417,Mapk3,10090,kegg,mmu04370,VEGF signaling pathway - Mus musculus (mouse),MAPK3,Mapk3,,Mus musculus
26417,Mapk3,10090,kegg,mmu04371,Apelin signaling pathway - Mus musculus (mouse),MAPK3,Mapk3,,Mus musculus
26417,Mapk3,10090,kegg,mmu04380,Osteoclast differentiation - Mus musculus (mouse),MAPK3,Mapk3,,Mus musculus
26417,Mapk3,10090,kegg,mmu04510,Focal adhesion - Mus musculus (mouse),MAPK3,Mapk3,,Mus musculus
26417,Mapk3,10090,kegg,mmu04520,Adherens junction - Mus musculus (mouse),MAPK3,Mapk3,,Mus musculus
26417,Mapk3,10090,kegg,mmu04540,Gap junction - Mus musculus (mouse),MAPK3,Mapk3,,Mus musculus
26417,Mapk3,10090,kegg,mmu04550,Signaling pathways regulating pluripotency of stem cells - Mus musculus (mouse),MAPK3,Mapk3,,Mus musculus
26417,Mapk3,10090,kegg,mmu04611,Platelet activation - Mus musculus (mouse),MAPK3,Mapk3,,Mus musculus
26417,Mapk3,10090,kegg,mmu04613,Neutrophil extracellular trap formation - Mus musculus (mouse),MAPK3,Mapk3,,Mus musculus
26417,Mapk3,10090,kegg,mmu04620,Toll-like receptor signaling pathway - Mus musculus (mouse),MAPK3,Mapk3,,Mus musculus
26417,Mapk3,10090,kegg,mmu04621,NOD-like receptor signaling pathway - Mus musculus (mouse),MAPK3,Mapk3,,Mus musculus
26417,Mapk3,10090,kegg,mmu04625,C-type lectin receptor signaling pathway - Mus musculus (mouse),MAPK3,Mapk3,,Mus musculus
26417,Mapk3,10090,kegg,mmu04650,Natural killer cell mediated cytotoxicity - Mus musculus (mouse),MAPK3,Mapk3,,Mus musculus
26417,Mapk3,10090,kegg,mmu04657,IL-17 signaling pathway - Mus musculus (mouse),MAPK3,Mapk3,,Mus musculus
26417,Mapk3,10090,kegg,mmu04658,Th1 and Th2 cell differentiation - Mus musculus (mouse),MAPK3,Mapk3,,Mus musculus
26417,Mapk3,10090,kegg,mmu04659,Th17 cell differentiation - Mus musculus (mouse),MAPK3,Mapk3,,Mus musculus
26417,Mapk3,10090,kegg,mmu04660,T cell receptor signaling pathway - Mus musculus (mouse),MAPK3,Mapk3,,Mus musculus
26417,Mapk3,10090,kegg,mmu04662,B cell receptor signaling pathway - Mus musculus (mouse),MAPK3,Mapk3,,Mus musculus
26417,Mapk3,10090,kegg,mmu04664,Fc epsilon RI signaling pathway - Mus musculus (mouse),MAPK3,Mapk3,,Mus musculus
26417,Mapk3,10090,kegg,mmu04666,Fc gamma R-mediated phagocytosis - Mus musculus (mouse),MAPK3,Mapk3,,Mus musculus
26417,Mapk3,10090,kegg,mmu04668,TNF signaling pathway - Mus musculus (mouse),MAPK3,Mapk3,,Mus musculus
26417,Mapk3,10090,kegg,mmu04713,Circadian entrainment - Mus musculus (mouse),MAPK3,Mapk3,,Mus musculus
26417,Mapk3,10090,kegg,mmu04720,Long-term potentiation - Mus musculus (mouse),MAPK3,Mapk3,,Mus musculus
26417,Mapk3,10090,kegg,mmu04722,Neurotrophin signaling pathway - Mus musculus (mouse),MAPK3,Mapk3,,Mus musculus
26417,Mapk3,10090,kegg,mmu04723,Retrograde endocannabinoid signaling - Mus musculus (mouse),MAPK3,Mapk3,,Mus musculus
26417,Mapk3,10090,kegg,mmu04724,Glutamatergic synapse - Mus musculus (mouse),MAPK3,Mapk3,,Mus musculus
26417,Mapk3,10090,kegg,mmu04725,Cholinergic synapse - Mus musculus (mouse),MAPK3,Mapk3,,Mus musculus
26417,Mapk3,10090,kegg,mmu04726,Serotonergic synapse - Mus musculus (mouse),MAPK3,Mapk3,,Mus musculus
26417,Mapk3,10090,kegg,mmu04730,Long-term depression - Mus musculus (mouse),MAPK3,Mapk3,,Mus musculus
26417,Mapk3,10090,kegg,mmu04810,Regulation of actin cytoskeleton - Mus musculus (mouse),MAPK3,Mapk3,,Mus musculus
26417,Mapk3,10090,kegg,mmu04910,Insulin signaling pathway - Mus musculus (mouse),MAPK3,Mapk3,,Mus musculus
26417,Mapk3,10090,kegg,mmu04912,GnRH signaling pathway - Mus musculus (mouse),MAPK3,Mapk3,,Mus musculus
26417,Mapk3,10090,kegg,mmu04914,Progesterone-mediated oocyte maturation - Mus musculus (mouse),MAPK3,Mapk3,,Mus musculus
26417,Mapk3,10090,kegg,mmu04915,Estrogen signaling pathway - Mus musculus (mouse),MAPK3,Mapk3,,Mus musculus
26417,Mapk3,10090,kegg,mmu04916,Melanogenesis - Mus musculus (mouse),MAPK3,Mapk3,,Mus musculus
26417,Mapk3,10090,kegg,mmu04917,Prolactin signaling pathway - Mus musculus (mouse),MAPK3,Mapk3,,Mus musculus
26417,Mapk3,10090,kegg,mmu04919,Thyroid hormone signaling pathway - Mus musculus (mouse),MAPK3,Mapk3,,Mus musculus
26417,Mapk3,10090,kegg,mmu04921,Oxytocin signaling pathway - Mus musculus (mouse),MAPK3,Mapk3,,Mus musculus
26417,Mapk3,10090,kegg,mmu04926,Relaxin signaling pathway - Mus musculus (mouse),MAPK3,Mapk3,,Mus musculus
26417,Mapk3,10090,kegg,mmu04928,"Parathyroid hormone synthesis, secretion and action - Mus musculus (mouse)",MAPK3,Mapk3,,Mus musculus
26417,Mapk3,10090,kegg,mmu04929,GnRH secretion - Mus musculus (mouse),MAPK3,Mapk3,,Mus musculus
26417,Mapk3,10090,kegg,mmu04930,Type II diabetes mellitus - Mus musculus (mouse),MAPK3,Mapk3,,Mus musculus
26417,Mapk3,10090,kegg,mmu04933,AGE-RAGE signaling pathway in diabetic complications - Mus musculus (mouse),MAPK3,Mapk3,,Mus musculus
26417,Mapk3,10090,kegg,mmu04934,Cushing syndrome - Mus musculus (mouse),MAPK3,Mapk3,,Mus musculus
26417,Mapk3,10090,kegg,mmu04935,"Growth hormone synthesis, secretion and action - Mus musculus (mouse)",MAPK3,Mapk3,,Mus musculus
26417,Mapk3,10090,kegg,mmu04960,Aldosterone-regulated sodium reabsorption - Mus musculus (mouse),MAPK3,Mapk3,,Mus musculus
26417,Mapk3,10090,kegg,mmu05010,Alzheimer disease - Mus musculus (mouse),MAPK3,Mapk3,,Mus musculus
26417,Mapk3,10090,kegg,mmu05020,Prion disease - Mus musculus (mouse),MAPK3,Mapk3,,Mus musculus
26417,Mapk3,10090,kegg,mmu05022,Pathways of neurodegeneration - multiple diseases - Mus musculus (mouse),MAPK3,Mapk3,,Mus musculus
26417,Mapk3,10090,kegg,mmu05034,Alcoholism - Mus musculus (mouse),MAPK3,Mapk3,,Mus musculus
26417,Mapk3,10090,kegg,mmu05132,Salmonella infection - Mus musculus (mouse),MAPK3,Mapk3,,Mus musculus
26417,Mapk3,10090,kegg,mmu05133,Pertussis - Mus musculus (mouse),MAPK3,Mapk3,,Mus musculus
26417,Mapk3,10090,kegg,mmu05135,Yersinia infection - Mus musculus (mouse),MAPK3,Mapk3,,Mus musculus
26417,Mapk3,10090,kegg,mmu05140,Leishmaniasis - Mus musculus (mouse),MAPK3,Mapk3,,Mus musculus
26417,Mapk3,10090,kegg,mmu05142,Chagas disease - Mus musculus (mouse),MAPK3,Mapk3,,Mus musculus
26417,Mapk3,10090,kegg,mmu05145,Toxoplasmosis - Mus musculus (mouse),MAPK3,Mapk3,,Mus musculus
26417,Mapk3,10090,kegg,mmu05152,Tuberculosis - Mus musculus (mouse),MAPK3,Mapk3,,Mus musculus
26417,Mapk3,10090,kegg,mmu05160,Hepatitis C - Mus musculus (mouse),MAPK3,Mapk3,,Mus musculus
26417,Mapk3,10090,kegg,mmu05161,Hepatitis B - Mus musculus (mouse),MAPK3,Mapk3,,Mus musculus
26417,Mapk3,10090,kegg,mmu05163,Human cytomegalovirus infection - Mus musculus (mouse),MAPK3,Mapk3,,Mus musculus
26417,Mapk3,10090,kegg,mmu05164,Influenza A - Mus musculus (mouse),MAPK3,Mapk3,,Mus musculus
26417,Mapk3,10090,kegg,mmu05165,Human papillomavirus infection - Mus musculus (mouse),MAPK3,Mapk3,,Mus musculus
26417,Mapk3,10090,kegg,mmu05166,Human T-cell leukemia virus 1 infection - Mus musculus (mouse),MAPK3,Mapk3,,Mus musculus
26417,Mapk3,10090,kegg,mmu05167,Kaposi sarcoma-associated herpesvirus infection - Mus musculus (mouse),MAPK3,Mapk3,,Mus musculus
26417,Mapk3,10090,kegg,mmu05170,Human immunodeficiency virus 1 infection - Mus musculus (mouse),MAPK3,Mapk3,,Mus musculus
26417,Mapk3,10090,kegg,mmu05171,Coronavirus disease - COVID-19 - Mus musculus (mouse),MAPK3,Mapk3,,Mus musculus
26417,Mapk3,10090,kegg,mmu05200,Pathways in cancer - Mus musculus (mouse),MAPK3,Mapk3,,Mus musculus
26417,Mapk3,10090,kegg,mmu05203,Viral carcinogenesis - Mus musculus (mouse),MAPK3,Mapk3,,Mus musculus
26417,Mapk3,10090,kegg,mmu05205,Proteoglycans in cancer - Mus musculus (mouse),MAPK3,Mapk3,,Mus musculus
26417,Mapk3,10090,kegg,mmu05206,MicroRNAs in cancer - Mus musculus (mouse),MAPK3,Mapk3,,Mus musculus
26417,Mapk3,10090,kegg,mmu05207,Chemical carcinogenesis - receptor activation - Mus musculus (mouse),MAPK3,Mapk3,,Mus musculus
26417,Mapk3,10090,kegg,mmu05208,Chemical carcinogenesis - reactive oxygen species - Mus musculus (mouse),MAPK3,Mapk3,,Mus musculus
26417,Mapk3,10090,kegg,mmu05210,Colorectal cancer - Mus musculus (mouse),MAPK3,Mapk3,,Mus musculus
26417,Mapk3,10090,kegg,mmu05211,Renal cell carcinoma - Mus musculus (mouse),MAPK3,Mapk3,,Mus musculus
26417,Mapk3,10090,kegg,mmu05212,Pancreatic cancer - Mus musculus (mouse),MAPK3,Mapk3,,Mus musculus
26417,Mapk3,10090,kegg,mmu05213,Endometrial cancer - Mus musculus (mouse),MAPK3,Mapk3,,Mus musculus
26417,Mapk3,10090,kegg,mmu05214,Glioma - Mus musculus (mouse),MAPK3,Mapk3,,Mus musculus
26417,Mapk3,10090,kegg,mmu05215,Prostate cancer - Mus musculus (mouse),MAPK3,Mapk3,,Mus musculus
26417,Mapk3,10090,kegg,mmu05216,Thyroid cancer - Mus musculus (mouse),MAPK3,Mapk3,,Mus musculus
26417,Mapk3,10090,kegg,mmu05218,Melanoma - Mus musculus (mouse),MAPK3,Mapk3,,Mus musculus
26417,Mapk3,10090,kegg,mmu05219,Bladder cancer - Mus musculus (mouse),MAPK3,Mapk3,,Mus musculus
26417,Mapk3,10090,kegg,mmu05220,Chronic myeloid leukemia - Mus musculus (mouse),MAPK3,Mapk3,,Mus musculus
26417,Mapk3,10090,kegg,mmu05221,Acute myeloid leukemia - Mus musculus (mouse),MAPK3,Mapk3,,Mus musculus
26417,Mapk3,10090,kegg,mmu05223,Non-small cell lung cancer - Mus musculus (mouse),MAPK3,Mapk3,,Mus musculus
26417,Mapk3,10090,kegg,mmu05224,Breast cancer - Mus musculus (mouse),MAPK3,Mapk3,,Mus musculus
26417,Mapk3,10090,kegg,mmu05225,Hepatocellular carcinoma - Mus musculus (mouse),MAPK3,Mapk3,,Mus musculus
26417,Mapk3,10090,kegg,mmu05226,Gastric cancer - Mus musculus (mouse),MAPK3,Mapk3,,Mus musculus
26417,Mapk3,10090,kegg,mmu05230,Central carbon metabolism in cancer - Mus musculus (mouse),MAPK3,Mapk3,,Mus musculus
26417,Mapk3,10090,kegg,mmu05231,Choline metabolism in cancer - Mus musculus (mouse),MAPK3,Mapk3,,Mus musculus
26417,Mapk3,10090,kegg,mmu05235,PD-L1 expression and PD-1 checkpoint pathway in cancer - Mus musculus (mouse),MAPK3,Mapk3,,Mus musculus
26417,Mapk3,10090,kegg,mmu05417,Lipid and atherosclerosis - Mus musculus (mouse),MAPK3,Mapk3,,Mus musculus
2353,FOS,9606,biocarta,arenrf2pathway,oxidative stress induced gene expression via nrf2,FOS,FOS,,Homo sapiens
2353,FOS,9606,biocarta,at1rpathway,angiotensin ii mediated activation of jnk pathway via pyk2 dependent signaling,FOS,FOS,,Homo sapiens
2353,FOS,9606,biocarta,bcrpathway,bcr signaling pathway,FOS,FOS,,Homo sapiens
2353,FOS,9606,biocarta,cardiacegfpathway,role of egf receptor transactivation by gpcrs in cardiac hypertrophy,FOS,FOS,,Homo sapiens
2353,FOS,9606,biocarta,ccr5pathway,pertussis toxin-insensitive ccr5 signaling in macrophage,FOS,FOS,,Homo sapiens
2353,FOS,9606,biocarta,cdmacpathway,cadmium induces dna synthesis and proliferation in macrophages,FOS,FOS,,Homo sapiens
2353,FOS,9606,biocarta,dreampathway,repression of pain sensation by the transcriptional regulator dream,FOS,FOS,,Homo sapiens
2353,FOS,9606,biocarta,etspathway,mets affect on macrophage differentiation,FOS,FOS,,Homo sapiens
2353,FOS,9606,biocarta,fcer1pathway,fc epsilon receptor i signaling in mast cells,FOS,FOS,,Homo sapiens
2353,FOS,9606,biocarta,gleevecpathway,inhibition of cellular proliferation by gleevec,FOS,FOS,,Homo sapiens
2353,FOS,9606,biocarta,hbxpathway,calcium signaling by hbx of hepatitis b virus,FOS,FOS,,Homo sapiens
2353,FOS,9606,biocarta,igf1pathway,igf-1 signaling pathway,FOS,FOS,,Homo sapiens
2353,FOS,9606,biocarta,il1rpathway,signal transduction through il1r,FOS,FOS,,Homo sapiens
2353,FOS,9606,biocarta,il2rbpathway,il-2 receptor beta chain in t cell activation,FOS,FOS,,Homo sapiens
2353,FOS,9606,biocarta,il3pathway,il 3 signaling pathway,FOS,FOS,,Homo sapiens
2353,FOS,9606,biocarta,keratinocytepathway,keratinocyte differentiation,FOS,FOS,,Homo sapiens
2353,FOS,9606,biocarta,mapkpathway,mapkinase signaling pathway,FOS,FOS,,Homo sapiens
2353,FOS,9606,biocarta,ngfpathway,nerve growth factor pathway (ngf),FOS,FOS,,Homo sapiens
2353,FOS,9606,biocarta,pdgfpathway,pdgf signaling pathway,FOS,FOS,,Homo sapiens
2353,FOS,9606,biocarta,ranklpathway,bone remodeling,FOS,FOS,,Homo sapiens
2353,FOS,9606,biocarta,tcrpathway,t cell receptor signaling pathway,FOS,FOS,,Homo sapiens
2353,FOS,9606,biocarta,tollpathway,toll-like receptor pathway,FOS,FOS,,Homo sapiens
2353,FOS,9606,biocarta,tpopathway,tpo signaling pathway,FOS,FOS,,Homo sapiens
2353,FOS,9606,biocarta,tsp1pathway,tsp-1 induced apoptosis in microvascular endothelial cell,FOS,FOS,,Homo sapiens
2353,FOS,9606,kegg,hsa04010,MAPK signaling pathway - Homo sapiens (human),FOS,FOS,,Homo sapiens
2353,FOS,9606,kegg,hsa04024,cAMP signaling pathway - Homo sapiens (human),FOS,FOS,,Homo sapiens
2353,FOS,9606,kegg,hsa04210,Apoptosis - Homo sapiens (human),FOS,FOS,,Homo sapiens
2353,FOS,9606,kegg,hsa04380,Osteoclast differentiation - Homo sapiens (human),FOS,FOS,,Homo sapiens
2353,FOS,9606,kegg,hsa04620,Toll-like receptor signaling pathway - Homo sapiens (human),FOS,FOS,,Homo sapiens
2353,FOS,9606,kegg,hsa04657,IL-17 signaling pathway - Homo sapiens (human),FOS,FOS,,Homo sapiens
2353,FOS,9606,kegg,hsa04658,Th1 and Th2 cell differentiation - Homo sapiens (human),FOS,FOS,,Homo sapiens
2353,FOS,9606,kegg,hsa04659,Th17 cell differentiation - Homo sapiens (human),FOS,FOS,,Homo sapiens
2353,FOS,9606,kegg,hsa04660,T cell receptor signaling pathway - Homo sapiens (human),FOS,FOS,,Homo sapiens
2353,FOS,9606,kegg,hsa04662,B cell receptor signaling pathway - Homo sapiens (human),FOS,FOS,,Homo sapiens
2353,FOS,9606,kegg,hsa04668,TNF signaling pathway - Homo sapiens (human),FOS,FOS,,Homo sapiens
2353,FOS,9606,kegg,hsa04713,Circadian entrainment - Homo sapiens (human),FOS,FOS,,Homo sapiens
2353,FOS,9606,kegg,hsa04725,Cholinergic synapse - Homo sapiens (human),FOS,FOS,,Homo sapiens
2353,FOS,9606,kegg,hsa04728,Dopaminergic synapse - Homo sapiens (human),FOS,FOS,,Homo sapiens
2353,FOS,9606,kegg,hsa04915,Estrogen signaling pathway - Homo sapiens (human),FOS,FOS,,Homo sapiens
2353,FOS,9606,kegg,hsa04917,Prolactin signaling pathway - Homo sapiens (human),FOS,FOS,,Homo sapiens
2353,FOS,9606,kegg,hsa04921,Oxytocin signaling pathway - Homo sapiens (human),FOS,FOS,,Homo sapiens
2353,FOS,9606,kegg,hsa04926,Relaxin signaling pathway - Homo sapiens (human),FOS,FOS,,Homo sapiens
2353,FOS,9606,kegg,hsa04928,"Parathyroid hormone synthesis, secretion and action - Homo sapiens (human)",FOS,FOS,,Homo sapiens
2353,FOS,9606,kegg,hsa04932,Non-alcoholic fatty liver disease - Homo sapiens (human),FOS,FOS,,Homo sapiens
2353,FOS,9606,kegg,hsa04935,"Growth hormone synthesis, secretion and action - Homo sapiens (human)",FOS,FOS,,Homo sapiens
2353,FOS,9606,kegg,hsa05031,Amphetamine addiction - Homo sapiens (human),FOS,FOS,,Homo sapiens
2353,FOS,9606,kegg,hsa05130,Pathogenic Escherichia coli infection - Homo sapiens (human),FOS,FOS,,Homo sapiens
2353,FOS,9606,kegg,hsa05132,Salmonella infection - Homo sapiens (human),FOS,FOS,,Homo sapiens
2353,FOS,9606,kegg,hsa05133,Pertussis - Homo sapiens (human),FOS,FOS,,Homo sapiens
2353,FOS,9606,kegg,hsa05135,Yersinia infection - Homo sapiens (human),FOS,FOS,,Homo sapiens
2353,FOS,9606,kegg,hsa05140,Leishmaniasis - Homo sapiens (human),FOS,FOS,,Homo sapiens
2353,FOS,9606,kegg,hsa05142,Chagas disease - Homo sapiens (human),FOS,FOS,,Homo sapiens
2353,FOS,9606,kegg,hsa05161,Hepatitis B - Homo sapiens (human),FOS,FOS,,Homo sapiens
2353,FOS,9606,kegg,hsa05162,Measles - Homo sapiens (human),FOS,FOS,,Homo sapiens
2353,FOS,9606,kegg,hsa05166,Human T-cell leukemia virus 1 infection - Homo sapiens (human),FOS,FOS,,Homo sapiens
2353,FOS,9606,kegg,hsa05167,Kaposi sarcoma-associated herpesvirus infection - Homo sapiens (human),FOS,FOS,,Homo sapiens
2353,FOS,9606,kegg,hsa05170,Human immunodeficiency virus 1 infection - Homo sapiens (human),FOS,FOS,,Homo sapiens
2353,FOS,9606,kegg,hsa05171,Coronavirus disease - COVID-19 - Homo sapiens (human),FOS,FOS,,Homo sapiens
2353,FOS,9606,kegg,hsa05200,Pathways in cancer - Homo sapiens (human),FOS,FOS,,Homo sapiens
2353,FOS,9606,kegg,hsa05210,Colorectal cancer - Homo sapiens (human),FOS,FOS,,Homo sapiens
2353,FOS,9606,kegg,hsa05224,Breast cancer - Homo sapiens (human),FOS,FOS,,Homo sapiens
2353,FOS,9606,kegg,hsa05231,Choline metabolism in cancer - Homo sapiens (human),FOS,FOS,,Homo sapiens
2353,FOS,9606,kegg,hsa05235,PD-L1 expression and PD-1 checkpoint pathway in cancer - Homo sapiens (human),FOS,FOS,,Homo sapiens
2353,FOS,9606,kegg,hsa05323,Rheumatoid arthritis - Homo sapiens (human),FOS,FOS,,Homo sapiens
2353,FOS,9606,kegg,hsa05417,Lipid and atherosclerosis - Homo sapiens (human),FOS,FOS,,Homo sapiens
2353,FOS,9606,kegg,hsa05418,Fluid shear stress and atherosclerosis - Homo sapiens (human),FOS,FOS,,Homo sapiens
2353,FOS,9606,netpath,Pathway_Alpha6Beta4Integrin,Alpha6Beta4Integrin,FOS,FOS,,Homo sapiens
2353,FOS,9606,netpath,Pathway_BCR,BCR,FOS,FOS,,Homo sapiens
2353,FOS,9606,netpath,Pathway_EGFR1,EGFR1,FOS,FOS,,Homo sapiens
2353,FOS,9606,netpath,Pathway_IL6,IL6,FOS,FOS,,Homo sapiens
2353,FOS,9606,netpath,Pathway_Oncostatin_M,Oncostatin_M,FOS,FOS,,Homo sapiens
2353,FOS,9606,netpath,Pathway_Prolactin,Prolactin,FOS,FOS,,Homo sapiens
2353,FOS,9606,netpath,Pathway_TGF_beta_Receptor,TGF_beta_Receptor,FOS,FOS,,Homo sapiens
2353,FOS,9606,pid,ap1_pathway,AP-1 transcription factor network,FOS,FOS,,Homo sapiens
2353,FOS,9606,pid,ar_nongenomic_pathway,Nongenotropic Androgen signaling,FOS,FOS,,Homo sapiens
2353,FOS,9606,pid,atf2_pathway,ATF-2 transcription factor network,FOS,FOS,,Homo sapiens
2353,FOS,9606,pid,avb3_opn_pathway,Osteopontin-mediated events,FOS,FOS,,Homo sapiens
2353,FOS,9606,pid,bcr_5pathway,BCR signaling pathway,FOS,FOS,,Homo sapiens
2353,FOS,9606,pid,cd8tcrdownstreampathway,Downstream signaling in na&#xef;ve CD8+ T cells,FOS,FOS,,Homo sapiens
2353,FOS,9606,pid,endothelinpathway,Endothelins,FOS,FOS,,Homo sapiens
2353,FOS,9606,pid,erbb1_downstream_pathway,ErbB1 downstream signaling,FOS,FOS,,Homo sapiens
2353,FOS,9606,pid,erbb2erbb3pathway,ErbB2/ErbB3 signaling events,FOS,FOS,,Homo sapiens
2353,FOS,9606,pid,fcer1pathway,Fc-epsilon receptor I signaling in mast cells,FOS,FOS,,Homo sapiens
2353,FOS,9606,pid,fgf_pathway,FGF signaling pathway,FOS,FOS,,Homo sapiens
2353,FOS,9606,pid,foxm1pathway,FOXM1 transcription factor network,FOS,FOS,,Homo sapiens
2353,FOS,9606,pid,gmcsf_pathway,GMCSF-mediated signaling events,FOS,FOS,,Homo sapiens
2353,FOS,9606,pid,hif1_tfpathway,HIF-1-alpha transcription factor network,FOS,FOS,,Homo sapiens
2353,FOS,9606,pid,hnf3apathway,FOXA1 transcription factor network,FOS,FOS,,Homo sapiens
2353,FOS,9606,pid,il12_2pathway,IL12-mediated signaling events,FOS,FOS,,Homo sapiens
2353,FOS,9606,pid,il12_stat4pathway,IL12 signaling mediated by STAT4,FOS,FOS,,Homo sapiens
2353,FOS,9606,pid,il2_1pathway,IL2-mediated signaling events,FOS,FOS,,Homo sapiens
2353,FOS,9606,pid,il6_7pathway,IL6-mediated signaling events,FOS,FOS,,Homo sapiens
2353,FOS,9606,pid,lysophospholipid_pathway,LPA receptor mediated events,FOS,FOS,,Homo sapiens
2353,FOS,9606,pid,mapktrkpathway,Trk receptor signaling mediated by the MAPK pathway,FOS,FOS,,Homo sapiens
2353,FOS,9606,pid,nfat_tfpathway,Calcineurin-regulated NFAT-dependent transcription in lymphocytes,FOS,FOS,,Homo sapiens
2353,FOS,9606,pid,pdgfrapathway,PDGFR-alpha signaling pathway,FOS,FOS,,Homo sapiens
2353,FOS,9606,pid,pdgfrbpathway,PDGFR-beta signaling pathway,FOS,FOS,,Homo sapiens
2353,FOS,9606,pid,ps1pathway,Presenilin action in Notch and Wnt signaling,FOS,FOS,,Homo sapiens
2353,FOS,9606,pid,reg_gr_pathway,Glucocorticoid receptor regulatory network,FOS,FOS,,Homo sapiens
2353,FOS,9606,pid,rhoa_pathway,RhoA signaling pathway,FOS,FOS,,Homo sapiens
2353,FOS,9606,pid,s1p_s1p2_pathway,S1P2 pathway,FOS,FOS,,Homo sapiens
2353,FOS,9606,pid,smad2_3nuclearpathway,Regulation of nuclear SMAD2/3 signaling,FOS,FOS,,Homo sapiens
2353,FOS,9606,pid,tcrcalciumpathway,Calcium signaling in the CD4+ TCR pathway,FOS,FOS,,Homo sapiens
2353,FOS,9606,pid,tcrraspathway,Ras signaling in the CD4+ TCR pathway,FOS,FOS,,Homo sapiens
2353,FOS,9606,pid,telomerasepathway,Regulation of Telomerase,FOS,FOS,,Homo sapiens
2353,FOS,9606,wikipathways,WP127,IL-5 signaling pathway,FOS,FOS,,Homo sapiens
2353,FOS,9606,wikipathways,WP1449,Regulation of toll-like receptor signaling pathway,FOS,FOS,,Homo sapiens
2353,FOS,9606,wikipathways,WP1528,Physiological and pathological hypertrophy of the heart,FOS,FOS,,Homo sapiens
2353,FOS,9606,wikipathways,WP1772,Apoptosis Modulation and Signaling,FOS,FOS,,Homo sapiens
2353,FOS,9606,wikipathways,WP2018,RANKL-RANK signaling pathway,FOS,FOS,,Homo sapiens
2353,FOS,9606,wikipathways,WP2032,Thyroid stimulating hormone (TSH) signaling pathway,FOS,FOS,,Homo sapiens
2353,FOS,9606,wikipathways,WP2037,Prolactin Signaling Pathway,FOS,FOS,,Homo sapiens
2353,FOS,9606,wikipathways,WP2355,Corticotropin-releasing hormone signaling pathway,FOS,FOS,,Homo sapiens
2353,FOS,9606,wikipathways,WP2374,Oncostatin M Signaling Pathway,FOS,FOS,,Homo sapiens
2353,FOS,9606,wikipathways,WP2380,Brain-derived neurotrophic factor (BDNF) signaling pathway,FOS,FOS,,Homo sapiens
2353,FOS,9606,wikipathways,WP2431,Spinal Cord Injury,FOS,FOS,,Homo sapiens
2353,FOS,9606,wikipathways,WP2637,Structural Pathway of Interleukin 1 (IL-1),FOS,FOS,,Homo sapiens
2353,FOS,9606,wikipathways,WP286,IL-3 signaling pathway,FOS,FOS,,Homo sapiens
2353,FOS,9606,wikipathways,WP289,Myometrial relaxation and contraction pathways,FOS,FOS,,Homo sapiens
2353,FOS,9606,wikipathways,WP304,Kit receptor signaling pathway,FOS,FOS,,Homo sapiens
2353,FOS,9606,wikipathways,WP313,Signaling of Hepatocyte Growth Factor Receptor,FOS,FOS,,Homo sapiens
2353,FOS,9606,wikipathways,WP3612,Photodynamic therapy-induced NFE2L2 (NRF2) survival signaling,FOS,FOS,,Homo sapiens
2353,FOS,9606,wikipathways,WP366,TGF-beta Signaling Pathway,FOS,FOS,,Homo sapiens
2353,FOS,9606,wikipathways,WP382,MAPK Signaling Pathway,FOS,FOS,,Homo sapiens
2353,FOS,9606,wikipathways,WP3863,T-Cell antigen Receptor (TCR) pathway during Staphylococcus aureus infection,FOS,FOS,,Homo sapiens
2353,FOS,9606,wikipathways,WP3931,ESC Pluripotency Pathways,FOS,FOS,,Homo sapiens
2353,FOS,9606,wikipathways,WP3944,Serotonin and anxiety-related events,FOS,FOS,,Homo sapiens
2353,FOS,9606,wikipathways,WP3947,Serotonin and anxiety,FOS,FOS,,Homo sapiens
2353,FOS,9606,wikipathways,WP395,IL-4 signaling pathway,FOS,FOS,,Homo sapiens
2353,FOS,9606,wikipathways,WP408,Oxidative Stress,FOS,FOS,,Homo sapiens
2353,FOS,9606,wikipathways,WP4155,Endometrial cancer,FOS,FOS,,Homo sapiens
2353,FOS,9606,wikipathways,WP4216,Chromosomal and microsatellite instability in colorectal cancer,FOS,FOS,,Homo sapiens
2353,FOS,9606,wikipathways,WP4262,Breast cancer pathway,FOS,FOS,,Homo sapiens
2353,FOS,9606,wikipathways,WP437,EGF-EGFR signaling pathway,FOS,FOS,,Homo sapiens
2353,FOS,9606,wikipathways,WP4564,Neural Crest Cell Migration during Development,FOS,FOS,,Homo sapiens
2353,FOS,9606,wikipathways,WP4565,Neural Crest Cell Migration in Cancer,FOS,FOS,,Homo sapiens
2353,FOS,9606,wikipathways,WP4659,Gastrin signaling pathway,FOS,FOS,,Homo sapiens
2353,FOS,9606,wikipathways,WP4666,Hepatitis B infection,FOS,FOS,,Homo sapiens
2353,FOS,9606,wikipathways,WP4685,Melanoma,FOS,FOS,,Homo sapiens
2353,FOS,9606,wikipathways,WP4754,IL-18 signaling pathway,FOS,FOS,,Homo sapiens
2353,FOS,9606,wikipathways,WP481,Insulin Signaling,FOS,FOS,,Homo sapiens
2353,FOS,9606,wikipathways,WP4816,TGF-beta receptor signaling in skeletal dysplasias,FOS,FOS,,Homo sapiens
2353,FOS,9606,wikipathways,WP4877,Host-pathogen interaction of human coronaviruses - MAPK signaling,FOS,FOS,,Homo sapiens
2353,FOS,9606,wikipathways,WP4880,Host-pathogen interaction of human coronaviruses - interferon induction,FOS,FOS,,Homo sapiens
2353,FOS,9606,wikipathways,WP49,IL-2 signaling pathway,FOS,FOS,,Homo sapiens
2353,FOS,9606,wikipathways,WP4919,Neuroinflammation,FOS,FOS,,Homo sapiens
2353,FOS,9606,wikipathways,WP4928,MAPK pathway in congenital thyroid cancer,FOS,FOS,,Homo sapiens
2353,FOS,9606,wikipathways,WP4970,Galanin receptor pathway,FOS,FOS,,Homo sapiens
2353,FOS,9606,wikipathways,WP560,TGF-beta Receptor Signaling,FOS,FOS,,Homo sapiens
2353,FOS,9606,wikipathways,WP69,T-cell receptor (TCR) signaling pathway,FOS,FOS,,Homo sapiens
2353,FOS,9606,wikipathways,WP712,Estrogen signaling pathway,FOS,FOS,,Homo sapiens
2353,FOS,9606,wikipathways,WP75,Toll-like Receptor Signaling Pathway,FOS,FOS,,Homo sapiens
18429,Oxt,10090,kegg,mmu04024,cAMP signaling pathway - Mus musculus (mouse),OXT,Oxt,,Mus musculus
18429,Oxt,10090,kegg,mmu04080,Neuroactive ligand-receptor interaction - Mus musculus (mouse),OXT,Oxt,,Mus musculus
18429,Oxt,10090,kegg,mmu04921,Oxytocin signaling pathway - Mus musculus (mouse),OXT,Oxt,,Mus musculus
11998,Avp,10090,kegg,mmu04072,Phospholipase D signaling pathway - Mus musculus (mouse),AVP,Avp,,Mus musculus
11998,Avp,10090,kegg,mmu04080,Neuroactive ligand-receptor interaction - Mus musculus (mouse),AVP,Avp,,Mus musculus
11998,Avp,10090,kegg,mmu04270,Vascular smooth muscle contraction - Mus musculus (mouse),AVP,Avp,,Mus musculus
11998,Avp,10090,kegg,mmu04962,Vasopressin-regulated water reabsorption - Mus musculus (mouse),AVP,Avp,,Mus musculus
14580,Gfap,10090,kegg,mmu04630,JAK-STAT signaling pathway - Mus musculus (mouse),GFAP,Gfap,,Mus musculus
21926,Tnf,10090,kegg,mmu04010,MAPK signaling pathway - Mus musculus (mouse),TNF,Tnf,,Mus musculus
21926,Tnf,10090,kegg,mmu04060,Cytokine-cytokine receptor interaction - Mus musculus (mouse),TNF,Tnf,,Mus musculus
21926,Tnf,10090,kegg,mmu04061,Viral protein interaction with cytokine and cytokine receptor - Mus musculus (mouse),TNF,Tnf,,Mus musculus
21926,Tnf,10090,kegg,mmu04064,NF-kappa B signaling pathway - Mus musculus (mouse),TNF,Tnf,,Mus musculus
21926,Tnf,10090,kegg,mmu04071,Sphingolipid signaling pathway - Mus musculus (mouse),TNF,Tnf,,Mus musculus
21926,Tnf,10090,kegg,mmu04150,mTOR signaling pathway - Mus musculus (mouse),TNF,Tnf,,Mus musculus
21926,Tnf,10090,kegg,mmu04210,Apoptosis - Mus musculus (mouse),TNF,Tnf,,Mus musculus
21926,Tnf,10090,kegg,mmu04217,Necroptosis - Mus musculus (mouse),TNF,Tnf,,Mus musculus
21926,Tnf,10090,kegg,mmu04350,TGF-beta signaling pathway - Mus musculus (mouse),TNF,Tnf,,Mus musculus
21926,Tnf,10090,kegg,mmu04380,Osteoclast differentiation - Mus musculus (mouse),TNF,Tnf,,Mus musculus
21926,Tnf,10090,kegg,mmu04612,Antigen processing and presentation - Mus musculus (mouse),TNF,Tnf,,Mus musculus
21926,Tnf,10090,kegg,mmu04620,Toll-like receptor signaling pathway - Mus musculus (mouse),TNF,Tnf,,Mus musculus
21926,Tnf,10090,kegg,mmu04621,NOD-like receptor signaling pathway - Mus musculus (mouse),TNF,Tnf,,Mus musculus
21926,Tnf,10090,kegg,mmu04622,RIG-I-like receptor signaling pathway - Mus musculus (mouse),TNF,Tnf,,Mus musculus
21926,Tnf,10090,kegg,mmu04625,C-type lectin receptor signaling pathway - Mus musculus (mouse),TNF,Tnf,,Mus musculus
21926,Tnf,10090,kegg,mmu04640,Hematopoietic cell lineage - Mus musculus (mouse),TNF,Tnf,,Mus musculus
21926,Tnf,10090,kegg,mmu04650,Natural killer cell mediated cytotoxicity - Mus musculus (mouse),TNF,Tnf,,Mus musculus
21926,Tnf,10090,kegg,mmu04657,IL-17 signaling pathway - Mus musculus (mouse),TNF,Tnf,,Mus musculus
21926,Tnf,10090,kegg,mmu04660,T cell receptor signaling pathway - Mus musculus (mouse),TNF,Tnf,,Mus musculus
21926,Tnf,10090,kegg,mmu04664,Fc epsilon RI signaling pathway - Mus musculus (mouse),TNF,Tnf,,Mus musculus
21926,Tnf,10090,kegg,mmu04668,TNF signaling pathway - Mus musculus (mouse),TNF,Tnf,,Mus musculus
21926,Tnf,10090,kegg,mmu04920,Adipocytokine signaling pathway - Mus musculus (mouse),TNF,Tnf,,Mus musculus
21926,Tnf,10090,kegg,mmu04930,Type II diabetes mellitus - Mus musculus (mouse),TNF,Tnf,,Mus musculus
21926,Tnf,10090,kegg,mmu04931,Insulin resistance - Mus musculus (mouse),TNF,Tnf,,Mus musculus
21926,Tnf,10090,kegg,mmu04932,Non-alcoholic fatty liver disease - Mus musculus (mouse),TNF,Tnf,,Mus musculus
21926,Tnf,10090,kegg,mmu04933,AGE-RAGE signaling pathway in diabetic complications - Mus musculus (mouse),TNF,Tnf,,Mus musculus
21926,Tnf,10090,kegg,mmu04936,Alcoholic liver disease - Mus musculus (mouse),TNF,Tnf,,Mus musculus
21926,Tnf,10090,kegg,mmu04940,Type I diabetes mellitus - Mus musculus (mouse),TNF,Tnf,,Mus musculus
21926,Tnf,10090,kegg,mmu05010,Alzheimer disease - Mus musculus (mouse),TNF,Tnf,,Mus musculus
21926,Tnf,10090,kegg,mmu05014,Amyotrophic lateral sclerosis - Mus musculus (mouse),TNF,Tnf,,Mus musculus
21926,Tnf,10090,kegg,mmu05020,Prion disease - Mus musculus (mouse),TNF,Tnf,,Mus musculus
21926,Tnf,10090,kegg,mmu05022,Pathways of neurodegeneration - multiple diseases - Mus musculus (mouse),TNF,Tnf,,Mus musculus
21926,Tnf,10090,kegg,mmu05132,Salmonella infection - Mus musculus (mouse),TNF,Tnf,,Mus musculus
21926,Tnf,10090,kegg,mmu05133,Pertussis - Mus musculus (mouse),TNF,Tnf,,Mus musculus
21926,Tnf,10090,kegg,mmu05134,Legionellosis - Mus musculus (mouse),TNF,Tnf,,Mus musculus
21926,Tnf,10090,kegg,mmu05135,Yersinia infection - Mus musculus (mouse),TNF,Tnf,,Mus musculus
21926,Tnf,10090,kegg,mmu05140,Leishmaniasis - Mus musculus (mouse),TNF,Tnf,,Mus musculus
21926,Tnf,10090,kegg,mmu05142,Chagas disease - Mus musculus (mouse),TNF,Tnf,,Mus musculus
21926,Tnf,10090,kegg,mmu05143,African trypanosomiasis - Mus musculus (mouse),TNF,Tnf,,Mus musculus
21926,Tnf,10090,kegg,mmu05144,Malaria - Mus musculus (mouse),TNF,Tnf,,Mus musculus
21926,Tnf,10090,kegg,mmu05145,Toxoplasmosis - Mus musculus (mouse),TNF,Tnf,,Mus musculus
21926,Tnf,10090,kegg,mmu05146,Amoebiasis - Mus musculus (mouse),TNF,Tnf,,Mus musculus
21926,Tnf,10090,kegg,mmu05152,Tuberculosis - Mus musculus (mouse),TNF,Tnf,,Mus musculus
21926,Tnf,10090,kegg,mmu05160,Hepatitis C - Mus musculus (mouse),TNF,Tnf,,Mus musculus
21926,Tnf,10090,kegg,mmu05161,Hepatitis B - Mus musculus (mouse),TNF,Tnf,,Mus musculus
21926,Tnf,10090,kegg,mmu05163,Human cytomegalovirus infection - Mus musculus (mouse),TNF,Tnf,,Mus musculus
21926,Tnf,10090,kegg,mmu05164,Influenza A - Mus musculus (mouse),TNF,Tnf,,Mus musculus
21926,Tnf,10090,kegg,mmu05165,Human papillomavirus infection - Mus musculus (mouse),TNF,Tnf,,Mus musculus
21926,Tnf,10090,kegg,mmu05166,Human T-cell leukemia virus 1 infection - Mus musculus (mouse),TNF,Tnf,,Mus musculus
21926,Tnf,10090,kegg,mmu05168,Herpes simplex virus 1 infection - Mus musculus (mouse),TNF,Tnf,,Mus musculus
21926,Tnf,10090,kegg,mmu05169,Epstein-Barr virus infection - Mus musculus (mouse),TNF,Tnf,,Mus musculus
21926,Tnf,10090,kegg,mmu05170,Human immunodeficiency virus 1 infection - Mus musculus (mouse),TNF,Tnf,,Mus musculus
21926,Tnf,10090,kegg,mmu05171,Coronavirus disease - COVID-19 - Mus musculus (mouse),TNF,Tnf,,Mus musculus
21926,Tnf,10090,kegg,mmu05205,Proteoglycans in cancer - Mus musculus (mouse),TNF,Tnf,,Mus musculus
21926,Tnf,10090,kegg,mmu05310,Asthma - Mus musculus (mouse),TNF,Tnf,,Mus musculus
21926,Tnf,10090,kegg,mmu05321,Inflammatory bowel disease - Mus musculus (mouse),TNF,Tnf,,Mus musculus
21926,Tnf,10090,kegg,mmu05322,Systemic lupus erythematosus - Mus musculus (mouse),TNF,Tnf,,Mus musculus
21926,Tnf,10090,kegg,mmu05323,Rheumatoid arthritis - Mus musculus (mouse),TNF,Tnf,,Mus musculus
21926,Tnf,10090,kegg,mmu05330,Allograft rejection - Mus musculus (mouse),TNF,Tnf,,Mus musculus
21926,Tnf,10090,kegg,mmu05332,Graft-versus-host disease - Mus musculus (mouse),TNF,Tnf,,Mus musculus
21926,Tnf,10090,kegg,mmu05410,Hypertrophic cardiomyopathy - Mus musculus (mouse),TNF,Tnf,,Mus musculus
21926,Tnf,10090,kegg,mmu05414,Dilated cardiomyopathy - Mus musculus (mouse),TNF,Tnf,,Mus musculus
21926,Tnf,10090,kegg,mmu05417,Lipid and atherosclerosis - Mus musculus (mouse),TNF,Tnf,,Mus musculus
21926,Tnf,10090,kegg,mmu05418,Fluid shear stress and atherosclerosis - Mus musculus (mouse),TNF,Tnf,,Mus musculus
16183,Il2,10090,kegg,mmu04060,Cytokine-cytokine receptor interaction - Mus musculus (mouse),IL2,Il2,,Mus musculus
16183,Il2,10090,kegg,mmu04061,Viral protein interaction with cytokine and cytokine receptor - Mus musculus (mouse),IL2,Il2,,Mus musculus
16183,Il2,10090,kegg,mmu04151,PI3K-Akt signaling pathway - Mus musculus (mouse),IL2,Il2,,Mus musculus
16183,Il2,10090,kegg,mmu04625,C-type lectin receptor signaling pathway - Mus musculus (mouse),IL2,Il2,,Mus musculus
16183,Il2,10090,kegg,mmu04630,JAK-STAT signaling pathway - Mus musculus (mouse),IL2,Il2,,Mus musculus
16183,Il2,10090,kegg,mmu04658,Th1 and Th2 cell differentiation - Mus musculus (mouse),IL2,Il2,,Mus musculus
16183,Il2,10090,kegg,mmu04659,Th17 cell differentiation - Mus musculus (mouse),IL2,Il2,,Mus musculus
16183,Il2,10090,kegg,mmu04660,T cell receptor signaling pathway - Mus musculus (mouse),IL2,Il2,,Mus musculus
16183,Il2,10090,kegg,mmu04672,Intestinal immune network for IgA production - Mus musculus (mouse),IL2,Il2,,Mus musculus
16183,Il2,10090,kegg,mmu04940,Type I diabetes mellitus - Mus musculus (mouse),IL2,Il2,,Mus musculus
16183,Il2,10090,kegg,mmu05135,Yersinia infection - Mus musculus (mouse),IL2,Il2,,Mus musculus
16183,Il2,10090,kegg,mmu05142,Chagas disease - Mus musculus (mouse),IL2,Il2,,Mus musculus
16183,Il2,10090,kegg,mmu05162,Measles - Mus musculus (mouse),IL2,Il2,,Mus musculus
16183,Il2,10090,kegg,mmu05166,Human T-cell leukemia virus 1 infection - Mus musculus (mouse),IL2,Il2,,Mus musculus
16183,Il2,10090,kegg,mmu05171,Coronavirus disease - COVID-19 - Mus musculus (mouse),IL2,Il2,,Mus musculus
16183,Il2,10090,kegg,mmu05200,Pathways in cancer - Mus musculus (mouse),IL2,Il2,,Mus musculus
16183,Il2,10090,kegg,mmu05320,Autoimmune thyroid disease - Mus musculus (mouse),IL2,Il2,,Mus musculus
16183,Il2,10090,kegg,mmu05321,Inflammatory bowel disease - Mus musculus (mouse),IL2,Il2,,Mus musculus
16183,Il2,10090,kegg,mmu05330,Allograft rejection - Mus musculus (mouse),IL2,Il2,,Mus musculus
16183,Il2,10090,kegg,mmu05332,Graft-versus-host disease - Mus musculus (mouse),IL2,Il2,,Mus musculus
9467,SH3BP5,9606,pid,bcr_5pathway,BCR signaling pathway,SH3BP5,SH3BP5,,Homo sapiens
24768,Scnn1g,10116,reactome,R-RNO-2672351,Stimuli-sensing channels,SCNN1G,Scnn1g,,Rattus norvegicus
24768,Scnn1g,10116,reactome,R-RNO-382551,Transport of small molecules,SCNN1G,Scnn1g,,Rattus norvegicus
24768,Scnn1g,10116,reactome,R-RNO-9709957,Sensory Perception,SCNN1G,Scnn1g,,Rattus norvegicus
24768,Scnn1g,10116,reactome,R-RNO-9717189,Sensory perception of taste,SCNN1G,Scnn1g,,Rattus norvegicus
24768,Scnn1g,10116,reactome,R-RNO-9730628,Sensory perception of salty taste,SCNN1G,Scnn1g,,Rattus norvegicus
24768,Scnn1g,10116,reactome,R-RNO-983712,Ion channel transport,SCNN1G,Scnn1g,,Rattus norvegicus
4846,NOS3,9606,biocarta,gcrpathway,corticosteroids and cardioprotection,NOS3,NOS3,,Homo sapiens
4846,NOS3,9606,biocarta,hifpathway,hypoxia-inducible factor in the cardivascular system,NOS3,NOS3,,Homo sapiens
4846,NOS3,9606,biocarta,no1pathway,actions of nitric oxide in the heart,NOS3,NOS3,,Homo sapiens
4846,NOS3,9606,biocarta,raccpathway,ion channels and their functional role in vascular endothelium,NOS3,NOS3,,Homo sapiens
4846,NOS3,9606,biocarta,vegfpathway,vegf hypoxia and angiogenesis,NOS3,NOS3,,Homo sapiens
4846,NOS3,9606,humancyc,PWY-4983,citrulline-nitric oxide cycle,NOS3,NOS3,,Homo sapiens
4846,NOS3,9606,kegg,hsa00220,Arginine biosynthesis - Homo sapiens (human),NOS3,NOS3,,Homo sapiens
4846,NOS3,9606,kegg,hsa00330,Arginine and proline metabolism - Homo sapiens (human),NOS3,NOS3,,Homo sapiens
4846,NOS3,9606,kegg,hsa04020,Calcium signaling pathway - Homo sapiens (human),NOS3,NOS3,,Homo sapiens
4846,NOS3,9606,kegg,hsa04022,cGMP-PKG signaling pathway - Homo sapiens (human),NOS3,NOS3,,Homo sapiens
4846,NOS3,9606,kegg,hsa04066,HIF-1 signaling pathway - Homo sapiens (human),NOS3,NOS3,,Homo sapiens
4846,NOS3,9606,kegg,hsa04071,Sphingolipid signaling pathway - Homo sapiens (human),NOS3,NOS3,,Homo sapiens
4846,NOS3,9606,kegg,hsa04151,PI3K-Akt signaling pathway - Homo sapiens (human),NOS3,NOS3,,Homo sapiens
4846,NOS3,9606,kegg,hsa04370,VEGF signaling pathway - Homo sapiens (human),NOS3,NOS3,,Homo sapiens
4846,NOS3,9606,kegg,hsa04371,Apelin signaling pathway - Homo sapiens (human),NOS3,NOS3,,Homo sapiens
4846,NOS3,9606,kegg,hsa04611,Platelet activation - Homo sapiens (human),NOS3,NOS3,,Homo sapiens
4846,NOS3,9606,kegg,hsa04915,Estrogen signaling pathway - Homo sapiens (human),NOS3,NOS3,,Homo sapiens
4846,NOS3,9606,kegg,hsa04921,Oxytocin signaling pathway - Homo sapiens (human),NOS3,NOS3,,Homo sapiens
4846,NOS3,9606,kegg,hsa04926,Relaxin signaling pathway - Homo sapiens (human),NOS3,NOS3,,Homo sapiens
4846,NOS3,9606,kegg,hsa04931,Insulin resistance - Homo sapiens (human),NOS3,NOS3,,Homo sapiens
4846,NOS3,9606,kegg,hsa04933,AGE-RAGE signaling pathway in diabetic complications - Homo sapiens (human),NOS3,NOS3,,Homo sapiens
4846,NOS3,9606,kegg,hsa05415,Diabetic cardiomyopathy - Homo sapiens (human),NOS3,NOS3,,Homo sapiens
4846,NOS3,9606,kegg,hsa05417,Lipid and atherosclerosis - Homo sapiens (human),NOS3,NOS3,,Homo sapiens
4846,NOS3,9606,kegg,hsa05418,Fluid shear stress and atherosclerosis - Homo sapiens (human),NOS3,NOS3,,Homo sapiens
4846,NOS3,9606,netpath,Pathway_EGFR1,EGFR1,NOS3,NOS3,,Homo sapiens
4846,NOS3,9606,netpath,Pathway_Ghrelin,Ghrelin,NOS3,NOS3,,Homo sapiens
4846,NOS3,9606,netpath,Pathway_Leptin,Leptin,NOS3,NOS3,,Homo sapiens
4846,NOS3,9606,pid,angiopoietinreceptor_pathway,Angiopoietin receptor Tie2-mediated signaling,NOS3,NOS3,,Homo sapiens
4846,NOS3,9606,pid,er_nongenomic_pathway,Plasma membrane estrogen receptor signaling,NOS3,NOS3,,Homo sapiens
4846,NOS3,9606,pid,fra_pathway,Validated transcriptional targets of AP1 family members Fra1 and Fra2,NOS3,NOS3,,Homo sapiens
4846,NOS3,9606,pid,shp2_pathway,SHP2 signaling,NOS3,NOS3,,Homo sapiens
4846,NOS3,9606,pid,thrombin_par1_pathway,PAR1-mediated thrombin signaling events,NOS3,NOS3,,Homo sapiens
4846,NOS3,9606,pid,txa2pathway,Thromboxane A2 receptor signaling,NOS3,NOS3,,Homo sapiens
4846,NOS3,9606,pid,vegfr1_2_pathway,Signaling events mediated by VEGFR1 and VEGFR2,NOS3,NOS3,,Homo sapiens
4846,NOS3,9606,pid,vegfr1_pathway,VEGFR1 specific signals,NOS3,NOS3,,Homo sapiens
4846,NOS3,9606,smpdb,SMP00650,Doxorubicin Metabolism Pathway,NOS3,NOS3,,Homo sapiens
4846,NOS3,9606,wikipathways,WP1539,Angiogenesis,NOS3,NOS3,,Homo sapiens
4846,NOS3,9606,wikipathways,WP1995,Effects of nitric oxide,NOS3,NOS3,,Homo sapiens
4846,NOS3,9606,wikipathways,WP2034,Leptin signaling pathway,NOS3,NOS3,,Homo sapiens
4846,NOS3,9606,wikipathways,WP2197,Endothelin Pathways,NOS3,NOS3,,Homo sapiens
4846,NOS3,9606,wikipathways,WP2324,AGE-RAGE pathway,NOS3,NOS3,,Homo sapiens
4846,NOS3,9606,wikipathways,WP2355,Corticotropin-releasing hormone signaling pathway,NOS3,NOS3,,Homo sapiens
4846,NOS3,9606,wikipathways,WP289,Myometrial relaxation and contraction pathways,NOS3,NOS3,,Homo sapiens
4846,NOS3,9606,wikipathways,WP3844,PI3K-AKT-mTOR signaling pathway and therapeutic opportunities,NOS3,NOS3,,Homo sapiens
4846,NOS3,9606,wikipathways,WP3888,VEGFA-VEGFR2 Signaling Pathway,NOS3,NOS3,,Homo sapiens
4846,NOS3,9606,wikipathways,WP3932,Focal Adhesion-PI3K-Akt-mTOR-signaling pathway,NOS3,NOS3,,Homo sapiens
4846,NOS3,9606,wikipathways,WP4008,NO-cGMP-PKG mediated Neuroprotection,NOS3,NOS3,,Homo sapiens
4846,NOS3,9606,wikipathways,WP4172,PI3K-Akt signaling pathway,NOS3,NOS3,,Homo sapiens
4846,NOS3,9606,wikipathways,WP437,EGF-EGFR signaling pathway,NOS3,NOS3,,Homo sapiens
4846,NOS3,9606,wikipathways,WP4673,Male infertility,NOS3,NOS3,,Homo sapiens
4846,NOS3,9606,wikipathways,WP4707,Aspirin and miRNAs,NOS3,NOS3,,Homo sapiens
4846,NOS3,9606,wikipathways,WP4947,NO metabolism in cystic fibrosis,NOS3,NOS3,,Homo sapiens
4846,NOS3,9606,wikipathways,WP4969,RAS and bradykinin pathways in COVID-19,NOS3,NOS3,,Homo sapiens
4846,NOS3,9606,wikipathways,WP554,ACE Inhibitor Pathway,NOS3,NOS3,,Homo sapiens
7422,VEGFA,9606,biocarta,hifpathway,hypoxia-inducible factor in the cardivascular system,VEGFA,VEGFA,,Homo sapiens
7422,VEGFA,9606,biocarta,no1pathway,actions of nitric oxide in the heart,VEGFA,VEGFA,,Homo sapiens
7422,VEGFA,9606,biocarta,vegfpathway,vegf hypoxia and angiogenesis,VEGFA,VEGFA,,Homo sapiens
7422,VEGFA,9606,kegg,hsa04010,MAPK signaling pathway - Homo sapiens (human),VEGFA,VEGFA,,Homo sapiens
7422,VEGFA,9606,kegg,hsa04014,Ras signaling pathway - Homo sapiens (human),VEGFA,VEGFA,,Homo sapiens
7422,VEGFA,9606,kegg,hsa04015,Rap1 signaling pathway - Homo sapiens (human),VEGFA,VEGFA,,Homo sapiens
7422,VEGFA,9606,kegg,hsa04020,Calcium signaling pathway - Homo sapiens (human),VEGFA,VEGFA,,Homo sapiens
7422,VEGFA,9606,kegg,hsa04066,HIF-1 signaling pathway - Homo sapiens (human),VEGFA,VEGFA,,Homo sapiens
7422,VEGFA,9606,kegg,hsa04151,PI3K-Akt signaling pathway - Homo sapiens (human),VEGFA,VEGFA,,Homo sapiens
7422,VEGFA,9606,kegg,hsa04370,VEGF signaling pathway - Homo sapiens (human),VEGFA,VEGFA,,Homo sapiens
7422,VEGFA,9606,kegg,hsa04510,Focal adhesion - Homo sapiens (human),VEGFA,VEGFA,,Homo sapiens
7422,VEGFA,9606,kegg,hsa04926,Relaxin signaling pathway - Homo sapiens (human),VEGFA,VEGFA,,Homo sapiens
7422,VEGFA,9606,kegg,hsa04933,AGE-RAGE signaling pathway in diabetic complications - Homo sapiens (human),VEGFA,VEGFA,,Homo sapiens
7422,VEGFA,9606,kegg,hsa05163,Human cytomegalovirus infection - Homo sapiens (human),VEGFA,VEGFA,,Homo sapiens
7422,VEGFA,9606,kegg,hsa05165,Human papillomavirus infection - Homo sapiens (human),VEGFA,VEGFA,,Homo sapiens
7422,VEGFA,9606,kegg,hsa05167,Kaposi sarcoma-associated herpesvirus infection - Homo sapiens (human),VEGFA,VEGFA,,Homo sapiens
7422,VEGFA,9606,kegg,hsa05200,Pathways in cancer - Homo sapiens (human),VEGFA,VEGFA,,Homo sapiens
7422,VEGFA,9606,kegg,hsa05205,Proteoglycans in cancer - Homo sapiens (human),VEGFA,VEGFA,,Homo sapiens
7422,VEGFA,9606,kegg,hsa05206,MicroRNAs in cancer - Homo sapiens (human),VEGFA,VEGFA,,Homo sapiens
7422,VEGFA,9606,kegg,hsa05211,Renal cell carcinoma - Homo sapiens (human),VEGFA,VEGFA,,Homo sapiens
7422,VEGFA,9606,kegg,hsa05212,Pancreatic cancer - Homo sapiens (human),VEGFA,VEGFA,,Homo sapiens
7422,VEGFA,9606,kegg,hsa05219,Bladder cancer - Homo sapiens (human),VEGFA,VEGFA,,Homo sapiens
7422,VEGFA,9606,kegg,hsa05323,Rheumatoid arthritis - Homo sapiens (human),VEGFA,VEGFA,,Homo sapiens
7422,VEGFA,9606,kegg,hsa05418,Fluid shear stress and atherosclerosis - Homo sapiens (human),VEGFA,VEGFA,,Homo sapiens
7422,VEGFA,9606,pid,avb3_integrin_pathway,Integrins in angiogenesis,VEGFA,VEGFA,,Homo sapiens
7422,VEGFA,9606,pid,glypican_1pathway,Glypican 1 network,VEGFA,VEGFA,,Homo sapiens
7422,VEGFA,9606,pid,hif1_tfpathway,HIF-1-alpha transcription factor network,VEGFA,VEGFA,,Homo sapiens
7422,VEGFA,9606,pid,hif2pathway,HIF-2-alpha transcription factor network,VEGFA,VEGFA,,Homo sapiens
7422,VEGFA,9606,pid,integrin1_pathway,Beta1 integrin cell surface interactions,VEGFA,VEGFA,,Homo sapiens
7422,VEGFA,9606,pid,integrin3_pathway,Beta3 integrin cell surface interactions,VEGFA,VEGFA,,Homo sapiens
7422,VEGFA,9606,pid,integrin_a9b1_pathway,Alpha9 beta1 integrin signaling events,VEGFA,VEGFA,,Homo sapiens
7422,VEGFA,9606,pid,plexind1_pathway,Plexin-D1 Signaling,VEGFA,VEGFA,,Homo sapiens
7422,VEGFA,9606,pid,s1p_s1p1_pathway,S1P1 pathway,VEGFA,VEGFA,,Homo sapiens
7422,VEGFA,9606,pid,s1p_s1p3_pathway,S1P3 pathway,VEGFA,VEGFA,,Homo sapiens
7422,VEGFA,9606,pid,shp2_pathway,SHP2 signaling,VEGFA,VEGFA,,Homo sapiens
7422,VEGFA,9606,pid,tcptp_pathway,Signaling events mediated by TCPTP,VEGFA,VEGFA,,Homo sapiens
7422,VEGFA,9606,pid,vegf_vegfr_pathway,VEGF and VEGFR signaling network,VEGFA,VEGFA,,Homo sapiens
7422,VEGFA,9606,pid,vegfr1_2_pathway,Signaling events mediated by VEGFR1 and VEGFR2,VEGFA,VEGFA,,Homo sapiens
7422,VEGFA,9606,pid,vegfr1_pathway,VEGFR1 specific signals,VEGFA,VEGFA,,Homo sapiens
7422,VEGFA,9606,smpdb,SMP00420,Bevacizumab Action Pathway,VEGFA,VEGFA,,Homo sapiens
7422,VEGFA,9606,wikipathways,WP1591,Heart Development,VEGFA,VEGFA,,Homo sapiens
7422,VEGFA,9606,wikipathways,WP1984,Integrated breast cancer pathway,VEGFA,VEGFA,,Homo sapiens
7422,VEGFA,9606,wikipathways,WP2328,Allograft Rejection,VEGFA,VEGFA,,Homo sapiens
7422,VEGFA,9606,wikipathways,WP2374,Oncostatin M Signaling Pathway,VEGFA,VEGFA,,Homo sapiens
7422,VEGFA,9606,wikipathways,WP2586,Aryl Hydrocarbon Receptor Netpath,VEGFA,VEGFA,,Homo sapiens
7422,VEGFA,9606,wikipathways,WP2828,Bladder cancer,VEGFA,VEGFA,,Homo sapiens
7422,VEGFA,9606,wikipathways,WP2848,Differentiation Pathway,VEGFA,VEGFA,,Homo sapiens
7422,VEGFA,9606,wikipathways,WP306,Focal Adhesion,VEGFA,VEGFA,,Homo sapiens
7422,VEGFA,9606,wikipathways,WP3413,NOTCH1 regulation of endothelial cell calcification,VEGFA,VEGFA,,Homo sapiens
7422,VEGFA,9606,wikipathways,WP3593,MicroRNA for Targeting Cancer Growth and Vascularization in Glioblastoma,VEGFA,VEGFA,,Homo sapiens
7422,VEGFA,9606,wikipathways,WP3614,Photodynamic therapy-induced HIF-1 survival signaling,VEGFA,VEGFA,,Homo sapiens
7422,VEGFA,9606,wikipathways,WP3617,Photodynamic therapy-induced NF-kB survival signaling,VEGFA,VEGFA,,Homo sapiens
7422,VEGFA,9606,wikipathways,WP3646,Hepatitis C and Hepatocellular Carcinoma,VEGFA,VEGFA,,Homo sapiens
7422,VEGFA,9606,wikipathways,WP3678,Amplification and Expansion of Oncogenic Pathways as Metastatic Traits,VEGFA,VEGFA,,Homo sapiens
7422,VEGFA,9606,wikipathways,WP3888,VEGFA-VEGFR2 Signaling Pathway,VEGFA,VEGFA,,Homo sapiens
7422,VEGFA,9606,wikipathways,WP3932,Focal Adhesion-PI3K-Akt-mTOR-signaling pathway,VEGFA,VEGFA,,Homo sapiens
7422,VEGFA,9606,wikipathways,WP3943,Robo4 and VEGF Signaling Pathways Crosstalk,VEGFA,VEGFA,,Homo sapiens
7422,VEGFA,9606,wikipathways,WP4018,Pathways in clear cell renal cell carcinoma,VEGFA,VEGFA,,Homo sapiens
7422,VEGFA,9606,wikipathways,WP4172,PI3K-Akt signaling pathway,VEGFA,VEGFA,,Homo sapiens
7422,VEGFA,9606,wikipathways,WP4241,Type 2 papillary renal cell carcinoma,VEGFA,VEGFA,,Homo sapiens
7422,VEGFA,9606,wikipathways,WP4263,Pancreatic adenocarcinoma pathway,VEGFA,VEGFA,,Homo sapiens
7422,VEGFA,9606,wikipathways,WP4659,Gastrin signaling pathway,VEGFA,VEGFA,,Homo sapiens
7422,VEGFA,9606,wikipathways,WP4674,Head and Neck Squamous Cell Carcinoma,VEGFA,VEGFA,,Homo sapiens
7422,VEGFA,9606,wikipathways,WP4707,Aspirin and miRNAs,VEGFA,VEGFA,,Homo sapiens
7422,VEGFA,9606,wikipathways,WP474,Endochondral Ossification,VEGFA,VEGFA,,Homo sapiens
7422,VEGFA,9606,wikipathways,WP4754,IL-18 signaling pathway,VEGFA,VEGFA,,Homo sapiens
7422,VEGFA,9606,wikipathways,WP4806,EGFR Tyrosine Kinase Inhibitor Resistance,VEGFA,VEGFA,,Homo sapiens
7422,VEGFA,9606,wikipathways,WP4808,Endochondral Ossification with Skeletal Dysplasias,VEGFA,VEGFA,,Homo sapiens
7422,VEGFA,9606,wikipathways,WP4823,Genes controlling nephrogenesis,VEGFA,VEGFA,,Homo sapiens
7422,VEGFA,9606,wikipathways,WP4970,Galanin receptor pathway,VEGFA,VEGFA,,Homo sapiens
7422,VEGFA,9606,wikipathways,WP5065,SARS-CoV-2 altering angiogenesis via NRP1,VEGFA,VEGFA,,Homo sapiens
7422,VEGFA,9606,wikipathways,WP516,Hypertrophy Model,VEGFA,VEGFA,,Homo sapiens
7422,VEGFA,9606,wikipathways,WP706,Sudden Infant Death Syndrome (SIDS) Susceptibility Pathways,VEGFA,VEGFA,,Homo sapiens
2321,FLT1,9606,biocarta,no1pathway,actions of nitric oxide in the heart,FLT1,FLT1,,Homo sapiens
2321,FLT1,9606,biocarta,vegfpathway,vegf hypoxia and angiogenesis,FLT1,FLT1,,Homo sapiens
2321,FLT1,9606,kegg,hsa04010,MAPK signaling pathway - Homo sapiens (human),FLT1,FLT1,,Homo sapiens
2321,FLT1,9606,kegg,hsa04014,Ras signaling pathway - Homo sapiens (human),FLT1,FLT1,,Homo sapiens
2321,FLT1,9606,kegg,hsa04015,Rap1 signaling pathway - Homo sapiens (human),FLT1,FLT1,,Homo sapiens
2321,FLT1,9606,kegg,hsa04020,Calcium signaling pathway - Homo sapiens (human),FLT1,FLT1,,Homo sapiens
2321,FLT1,9606,kegg,hsa04066,HIF-1 signaling pathway - Homo sapiens (human),FLT1,FLT1,,Homo sapiens
2321,FLT1,9606,kegg,hsa04151,PI3K-Akt signaling pathway - Homo sapiens (human),FLT1,FLT1,,Homo sapiens
2321,FLT1,9606,kegg,hsa04510,Focal adhesion - Homo sapiens (human),FLT1,FLT1,,Homo sapiens
2321,FLT1,9606,kegg,hsa05202,Transcriptional misregulation in cancer - Homo sapiens (human),FLT1,FLT1,,Homo sapiens
2321,FLT1,9606,kegg,hsa05323,Rheumatoid arthritis - Homo sapiens (human),FLT1,FLT1,,Homo sapiens
2321,FLT1,9606,pid,glypican_1pathway,Glypican 1 network,FLT1,FLT1,,Homo sapiens
2321,FLT1,9606,pid,hif2pathway,HIF-2-alpha transcription factor network,FLT1,FLT1,,Homo sapiens
2321,FLT1,9606,pid,s1p_s1p3_pathway,S1P3 pathway,FLT1,FLT1,,Homo sapiens
2321,FLT1,9606,pid,vegf_vegfr_pathway,VEGF and VEGFR signaling network,FLT1,FLT1,,Homo sapiens
2321,FLT1,9606,pid,vegfr1_2_pathway,Signaling events mediated by VEGFR1 and VEGFR2,FLT1,FLT1,,Homo sapiens
2321,FLT1,9606,pid,vegfr1_pathway,VEGFR1 specific signals,FLT1,FLT1,,Homo sapiens
2321,FLT1,9606,smpdb,SMP00420,Bevacizumab Action Pathway,FLT1,FLT1,,Homo sapiens
2321,FLT1,9606,wikipathways,WP1539,Angiogenesis,FLT1,FLT1,,Homo sapiens
2321,FLT1,9606,wikipathways,WP306,Focal Adhesion,FLT1,FLT1,,Homo sapiens
2321,FLT1,9606,wikipathways,WP3640,Imatinib and Chronic Myeloid Leukemia,FLT1,FLT1,,Homo sapiens
2321,FLT1,9606,wikipathways,WP3888,VEGFA-VEGFR2 Signaling Pathway,FLT1,FLT1,,Homo sapiens
2321,FLT1,9606,wikipathways,WP3932,Focal Adhesion-PI3K-Akt-mTOR-signaling pathway,FLT1,FLT1,,Homo sapiens
2321,FLT1,9606,wikipathways,WP4018,Pathways in clear cell renal cell carcinoma,FLT1,FLT1,,Homo sapiens
2321,FLT1,9606,wikipathways,WP4172,PI3K-Akt signaling pathway,FLT1,FLT1,,Homo sapiens
2321,FLT1,9606,wikipathways,WP4223,Ras signaling,FLT1,FLT1,,Homo sapiens
2321,FLT1,9606,wikipathways,WP4540,Pathways Regulating Hippo Signaling,FLT1,FLT1,,Homo sapiens
2321,FLT1,9606,wikipathways,WP4541,Hippo-Merlin Signaling Dysregulation,FLT1,FLT1,,Homo sapiens
775,CACNA1C,9606,kegg,hsa04010,MAPK signaling pathway - Homo sapiens (human),CACNA1C,CACNA1C,,Homo sapiens
775,CACNA1C,9606,kegg,hsa04020,Calcium signaling pathway - Homo sapiens (human),CACNA1C,CACNA1C,,Homo sapiens
775,CACNA1C,9606,kegg,hsa04022,cGMP-PKG signaling pathway - Homo sapiens (human),CACNA1C,CACNA1C,,Homo sapiens
775,CACNA1C,9606,kegg,hsa04024,cAMP signaling pathway - Homo sapiens (human),CACNA1C,CACNA1C,,Homo sapiens
775,CACNA1C,9606,kegg,hsa04260,Cardiac muscle contraction - Homo sapiens (human),CACNA1C,CACNA1C,,Homo sapiens
775,CACNA1C,9606,kegg,hsa04261,Adrenergic signaling in cardiomyocytes - Homo sapiens (human),CACNA1C,CACNA1C,,Homo sapiens
775,CACNA1C,9606,kegg,hsa04270,Vascular smooth muscle contraction - Homo sapiens (human),CACNA1C,CACNA1C,,Homo sapiens
775,CACNA1C,9606,kegg,hsa04713,Circadian entrainment - Homo sapiens (human),CACNA1C,CACNA1C,,Homo sapiens
775,CACNA1C,9606,kegg,hsa04720,Long-term potentiation - Homo sapiens (human),CACNA1C,CACNA1C,,Homo sapiens
775,CACNA1C,9606,kegg,hsa04723,Retrograde endocannabinoid signaling - Homo sapiens (human),CACNA1C,CACNA1C,,Homo sapiens
775,CACNA1C,9606,kegg,hsa04724,Glutamatergic synapse - Homo sapiens (human),CACNA1C,CACNA1C,,Homo sapiens
775,CACNA1C,9606,kegg,hsa04725,Cholinergic synapse - Homo sapiens (human),CACNA1C,CACNA1C,,Homo sapiens
775,CACNA1C,9606,kegg,hsa04726,Serotonergic synapse - Homo sapiens (human),CACNA1C,CACNA1C,,Homo sapiens
775,CACNA1C,9606,kegg,hsa04727,GABAergic synapse - Homo sapiens (human),CACNA1C,CACNA1C,,Homo sapiens
775,CACNA1C,9606,kegg,hsa04728,Dopaminergic synapse - Homo sapiens (human),CACNA1C,CACNA1C,,Homo sapiens
775,CACNA1C,9606,kegg,hsa04742,Taste transduction - Homo sapiens (human),CACNA1C,CACNA1C,,Homo sapiens
775,CACNA1C,9606,kegg,hsa04911,Insulin secretion - Homo sapiens (human),CACNA1C,CACNA1C,,Homo sapiens
775,CACNA1C,9606,kegg,hsa04912,GnRH signaling pathway - Homo sapiens (human),CACNA1C,CACNA1C,,Homo sapiens
775,CACNA1C,9606,kegg,hsa04921,Oxytocin signaling pathway - Homo sapiens (human),CACNA1C,CACNA1C,,Homo sapiens
775,CACNA1C,9606,kegg,hsa04924,Renin secretion - Homo sapiens (human),CACNA1C,CACNA1C,,Homo sapiens
775,CACNA1C,9606,kegg,hsa04925,Aldosterone synthesis and secretion - Homo sapiens (human),CACNA1C,CACNA1C,,Homo sapiens
775,CACNA1C,9606,kegg,hsa04927,Cortisol synthesis and secretion - Homo sapiens (human),CACNA1C,CACNA1C,,Homo sapiens
775,CACNA1C,9606,kegg,hsa04929,GnRH secretion - Homo sapiens (human),CACNA1C,CACNA1C,,Homo sapiens
775,CACNA1C,9606,kegg,hsa04930,Type II diabetes mellitus - Homo sapiens (human),CACNA1C,CACNA1C,,Homo sapiens
775,CACNA1C,9606,kegg,hsa04934,Cushing syndrome - Homo sapiens (human),CACNA1C,CACNA1C,,Homo sapiens
775,CACNA1C,9606,kegg,hsa04935,"Growth hormone synthesis, secretion and action - Homo sapiens (human)",CACNA1C,CACNA1C,,Homo sapiens
775,CACNA1C,9606,kegg,hsa05010,Alzheimer disease - Homo sapiens (human),CACNA1C,CACNA1C,,Homo sapiens
775,CACNA1C,9606,kegg,hsa05020,Prion disease - Homo sapiens (human),CACNA1C,CACNA1C,,Homo sapiens
775,CACNA1C,9606,kegg,hsa05022,Pathways of neurodegeneration - multiple diseases - Homo sapiens (human),CACNA1C,CACNA1C,,Homo sapiens
775,CACNA1C,9606,kegg,hsa05031,Amphetamine addiction - Homo sapiens (human),CACNA1C,CACNA1C,,Homo sapiens
775,CACNA1C,9606,kegg,hsa05410,Hypertrophic cardiomyopathy - Homo sapiens (human),CACNA1C,CACNA1C,,Homo sapiens
775,CACNA1C,9606,kegg,hsa05412,Arrhythmogenic right ventricular cardiomyopathy - Homo sapiens (human),CACNA1C,CACNA1C,,Homo sapiens
775,CACNA1C,9606,kegg,hsa05414,Dilated cardiomyopathy - Homo sapiens (human),CACNA1C,CACNA1C,,Homo sapiens
775,CACNA1C,9606,smpdb,SMP00296,Acebutolol Action Pathway,CACNA1C,CACNA1C,,Homo sapiens
775,CACNA1C,9606,smpdb,SMP00297,Alprenolol Action Pathway,CACNA1C,CACNA1C,,Homo sapiens
775,CACNA1C,9606,smpdb,SMP00298,Atenolol Action Pathway,CACNA1C,CACNA1C,,Homo sapiens
775,CACNA1C,9606,smpdb,SMP00299,Betaxolol Action Pathway,CACNA1C,CACNA1C,,Homo sapiens
775,CACNA1C,9606,smpdb,SMP00300,Bisoprolol Action Pathway,CACNA1C,CACNA1C,,Homo sapiens
775,CACNA1C,9606,smpdb,SMP00301,Esmolol Action Pathway,CACNA1C,CACNA1C,,Homo sapiens
775,CACNA1C,9606,smpdb,SMP00302,Metoprolol Action Pathway,CACNA1C,CACNA1C,,Homo sapiens
775,CACNA1C,9606,smpdb,SMP00303,Nadolol Action Pathway,CACNA1C,CACNA1C,,Homo sapiens
775,CACNA1C,9606,smpdb,SMP00304,Oxprenolol Action Pathway,CACNA1C,CACNA1C,,Homo sapiens
775,CACNA1C,9606,smpdb,SMP00305,Penbutolol Action Pathway,CACNA1C,CACNA1C,,Homo sapiens
775,CACNA1C,9606,smpdb,SMP00306,Pindolol Action Pathway,CACNA1C,CACNA1C,,Homo sapiens
775,CACNA1C,9606,smpdb,SMP00307,Propranolol Action Pathway,CACNA1C,CACNA1C,,Homo sapiens
775,CACNA1C,9606,smpdb,SMP00323,Quinidine Action Pathway,CACNA1C,CACNA1C,,Homo sapiens
775,CACNA1C,9606,smpdb,SMP00324,Procainamide (Antiarrhythmic) Action Pathway,CACNA1C,CACNA1C,,Homo sapiens
775,CACNA1C,9606,smpdb,SMP00325,Disopyramide Action Pathway,CACNA1C,CACNA1C,,Homo sapiens
775,CACNA1C,9606,smpdb,SMP00326,Fosphenytoin (Antiarrhythmic) Action Pathway,CACNA1C,CACNA1C,,Homo sapiens
775,CACNA1C,9606,smpdb,SMP00327,Phenytoin (Antiarrhythmic) Action Pathway,CACNA1C,CACNA1C,,Homo sapiens
775,CACNA1C,9606,smpdb,SMP00328,Lidocaine (Antiarrhythmic) Action Pathway,CACNA1C,CACNA1C,,Homo sapiens
775,CACNA1C,9606,smpdb,SMP00329,Mexiletine Action Pathway,CACNA1C,CACNA1C,,Homo sapiens
775,CACNA1C,9606,smpdb,SMP00330,Tocainide Action Pathway,CACNA1C,CACNA1C,,Homo sapiens
775,CACNA1C,9606,smpdb,SMP00331,Flecainide Action Pathway,CACNA1C,CACNA1C,,Homo sapiens
775,CACNA1C,9606,smpdb,SMP00332,Ibutilide Action Pathway,CACNA1C,CACNA1C,,Homo sapiens
775,CACNA1C,9606,smpdb,SMP00359,Diltiazem Action Pathway,CACNA1C,CACNA1C,,Homo sapiens
775,CACNA1C,9606,smpdb,SMP00366,Nebivolol Action Pathway,CACNA1C,CACNA1C,,Homo sapiens
775,CACNA1C,9606,smpdb,SMP00367,Carvedilol Action Pathway,CACNA1C,CACNA1C,,Homo sapiens
775,CACNA1C,9606,smpdb,SMP00368,Labetalol Action Pathway,CACNA1C,CACNA1C,,Homo sapiens
775,CACNA1C,9606,smpdb,SMP00375,Verapamil Action Pathway,CACNA1C,CACNA1C,,Homo sapiens
775,CACNA1C,9606,smpdb,SMP00376,Amlodipine Action Pathway,CACNA1C,CACNA1C,,Homo sapiens
775,CACNA1C,9606,smpdb,SMP00377,Felodipine Action Pathway,CACNA1C,CACNA1C,,Homo sapiens
775,CACNA1C,9606,smpdb,SMP00378,Isradipine Action Pathway,CACNA1C,CACNA1C,,Homo sapiens
775,CACNA1C,9606,smpdb,SMP00379,Nifedipine Action Pathway,CACNA1C,CACNA1C,,Homo sapiens
775,CACNA1C,9606,smpdb,SMP00380,Nimodipine Action Pathway,CACNA1C,CACNA1C,,Homo sapiens
775,CACNA1C,9606,smpdb,SMP00381,Nisoldipine Action Pathway,CACNA1C,CACNA1C,,Homo sapiens
775,CACNA1C,9606,smpdb,SMP00382,Nitrendipine Action Pathway,CACNA1C,CACNA1C,,Homo sapiens
775,CACNA1C,9606,smpdb,SMP00588,Muscle/Heart Contraction,CACNA1C,CACNA1C,,Homo sapiens
775,CACNA1C,9606,smpdb,SMP00619,Felodipine Metabolism Pathway,CACNA1C,CACNA1C,,Homo sapiens
775,CACNA1C,9606,smpdb,SMP00657,Bopindolol Action Pathway,CACNA1C,CACNA1C,,Homo sapiens
775,CACNA1C,9606,smpdb,SMP00658,Carteolol Action Pathway,CACNA1C,CACNA1C,,Homo sapiens
775,CACNA1C,9606,smpdb,SMP00659,Timolol Action Pathway,CACNA1C,CACNA1C,,Homo sapiens
775,CACNA1C,9606,smpdb,SMP00660,Sotalol Action Pathway,CACNA1C,CACNA1C,,Homo sapiens
775,CACNA1C,9606,smpdb,SMP00661,Epinephrine Action Pathway,CACNA1C,CACNA1C,,Homo sapiens
775,CACNA1C,9606,smpdb,SMP00662,Dobutamine Action Pathway,CACNA1C,CACNA1C,,Homo sapiens
775,CACNA1C,9606,smpdb,SMP00663,Isoprenaline Action Pathway,CACNA1C,CACNA1C,,Homo sapiens
775,CACNA1C,9606,smpdb,SMP00664,Arbutamine Action Pathway,CACNA1C,CACNA1C,,Homo sapiens
775,CACNA1C,9606,smpdb,SMP00665,Amiodarone Action Pathway,CACNA1C,CACNA1C,,Homo sapiens
775,CACNA1C,9606,smpdb,SMP00666,Levobunolol Action Pathway,CACNA1C,CACNA1C,,Homo sapiens
775,CACNA1C,9606,smpdb,SMP00667,Metipranolol Action Pathway,CACNA1C,CACNA1C,,Homo sapiens
775,CACNA1C,9606,smpdb,SMP00668,Bevantolol Action Pathway,CACNA1C,CACNA1C,,Homo sapiens
775,CACNA1C,9606,smpdb,SMP00669,Practolol Action Pathway,CACNA1C,CACNA1C,,Homo sapiens
775,CACNA1C,9606,smpdb,SMP00670,Bupranolol Action Pathway,CACNA1C,CACNA1C,,Homo sapiens
775,CACNA1C,9606,wikipathways,WP1603,Nicotine Activity on Chromaffin Cells,CACNA1C,CACNA1C,,Homo sapiens
775,CACNA1C,9606,wikipathways,WP2059,"Alzheimer,s disease",CACNA1C,CACNA1C,,Homo sapiens
775,CACNA1C,9606,wikipathways,WP2118,Arrhythmogenic Right Ventricular Cardiomyopathy,CACNA1C,CACNA1C,,Homo sapiens
775,CACNA1C,9606,wikipathways,WP382,MAPK Signaling Pathway,CACNA1C,CACNA1C,,Homo sapiens
775,CACNA1C,9606,wikipathways,WP4539,Synaptic signaling pathways associated with autism spectrum disorder,CACNA1C,CACNA1C,,Homo sapiens
775,CACNA1C,9606,wikipathways,WP4698,Vitamin D-sensitive calcium signaling in depression,CACNA1C,CACNA1C,,Homo sapiens
775,CACNA1C,9606,wikipathways,WP536,Calcium Regulation in the Cardiac Cell,CACNA1C,CACNA1C,,Homo sapiens
776,CACNA1D,9606,kegg,hsa04010,MAPK signaling pathway - Homo sapiens (human),CACNA1D,CACNA1D,,Homo sapiens
776,CACNA1D,9606,kegg,hsa04020,Calcium signaling pathway - Homo sapiens (human),CACNA1D,CACNA1D,,Homo sapiens
776,CACNA1D,9606,kegg,hsa04022,cGMP-PKG signaling pathway - Homo sapiens (human),CACNA1D,CACNA1D,,Homo sapiens
776,CACNA1D,9606,kegg,hsa04024,cAMP signaling pathway - Homo sapiens (human),CACNA1D,CACNA1D,,Homo sapiens
776,CACNA1D,9606,kegg,hsa04218,Cellular senescence - Homo sapiens (human),CACNA1D,CACNA1D,,Homo sapiens
776,CACNA1D,9606,kegg,hsa04260,Cardiac muscle contraction - Homo sapiens (human),CACNA1D,CACNA1D,,Homo sapiens
776,CACNA1D,9606,kegg,hsa04261,Adrenergic signaling in cardiomyocytes - Homo sapiens (human),CACNA1D,CACNA1D,,Homo sapiens
776,CACNA1D,9606,kegg,hsa04270,Vascular smooth muscle contraction - Homo sapiens (human),CACNA1D,CACNA1D,,Homo sapiens
776,CACNA1D,9606,kegg,hsa04530,Tight junction - Homo sapiens (human),CACNA1D,CACNA1D,,Homo sapiens
776,CACNA1D,9606,kegg,hsa04713,Circadian entrainment - Homo sapiens (human),CACNA1D,CACNA1D,,Homo sapiens
776,CACNA1D,9606,kegg,hsa04723,Retrograde endocannabinoid signaling - Homo sapiens (human),CACNA1D,CACNA1D,,Homo sapiens
776,CACNA1D,9606,kegg,hsa04724,Glutamatergic synapse - Homo sapiens (human),CACNA1D,CACNA1D,,Homo sapiens
776,CACNA1D,9606,kegg,hsa04725,Cholinergic synapse - Homo sapiens (human),CACNA1D,CACNA1D,,Homo sapiens
776,CACNA1D,9606,kegg,hsa04726,Serotonergic synapse - Homo sapiens (human),CACNA1D,CACNA1D,,Homo sapiens
776,CACNA1D,9606,kegg,hsa04727,GABAergic synapse - Homo sapiens (human),CACNA1D,CACNA1D,,Homo sapiens
776,CACNA1D,9606,kegg,hsa04728,Dopaminergic synapse - Homo sapiens (human),CACNA1D,CACNA1D,,Homo sapiens
776,CACNA1D,9606,kegg,hsa04911,Insulin secretion - Homo sapiens (human),CACNA1D,CACNA1D,,Homo sapiens
776,CACNA1D,9606,kegg,hsa04912,GnRH signaling pathway - Homo sapiens (human),CACNA1D,CACNA1D,,Homo sapiens
776,CACNA1D,9606,kegg,hsa04921,Oxytocin signaling pathway - Homo sapiens (human),CACNA1D,CACNA1D,,Homo sapiens
776,CACNA1D,9606,kegg,hsa04924,Renin secretion - Homo sapiens (human),CACNA1D,CACNA1D,,Homo sapiens
776,CACNA1D,9606,kegg,hsa04925,Aldosterone synthesis and secretion - Homo sapiens (human),CACNA1D,CACNA1D,,Homo sapiens
776,CACNA1D,9606,kegg,hsa04927,Cortisol synthesis and secretion - Homo sapiens (human),CACNA1D,CACNA1D,,Homo sapiens
776,CACNA1D,9606,kegg,hsa04929,GnRH secretion - Homo sapiens (human),CACNA1D,CACNA1D,,Homo sapiens
776,CACNA1D,9606,kegg,hsa04930,Type II diabetes mellitus - Homo sapiens (human),CACNA1D,CACNA1D,,Homo sapiens
776,CACNA1D,9606,kegg,hsa04934,Cushing syndrome - Homo sapiens (human),CACNA1D,CACNA1D,,Homo sapiens
776,CACNA1D,9606,kegg,hsa04935,"Growth hormone synthesis, secretion and action - Homo sapiens (human)",CACNA1D,CACNA1D,,Homo sapiens
776,CACNA1D,9606,kegg,hsa04973,Carbohydrate digestion and absorption - Homo sapiens (human),CACNA1D,CACNA1D,,Homo sapiens
776,CACNA1D,9606,kegg,hsa05010,Alzheimer disease - Homo sapiens (human),CACNA1D,CACNA1D,,Homo sapiens
776,CACNA1D,9606,kegg,hsa05020,Prion disease - Homo sapiens (human),CACNA1D,CACNA1D,,Homo sapiens
776,CACNA1D,9606,kegg,hsa05022,Pathways of neurodegeneration - multiple diseases - Homo sapiens (human),CACNA1D,CACNA1D,,Homo sapiens
776,CACNA1D,9606,kegg,hsa05031,Amphetamine addiction - Homo sapiens (human),CACNA1D,CACNA1D,,Homo sapiens
776,CACNA1D,9606,kegg,hsa05410,Hypertrophic cardiomyopathy - Homo sapiens (human),CACNA1D,CACNA1D,,Homo sapiens
776,CACNA1D,9606,kegg,hsa05412,Arrhythmogenic right ventricular cardiomyopathy - Homo sapiens (human),CACNA1D,CACNA1D,,Homo sapiens
776,CACNA1D,9606,kegg,hsa05414,Dilated cardiomyopathy - Homo sapiens (human),CACNA1D,CACNA1D,,Homo sapiens
776,CACNA1D,9606,wikipathways,WP2059,"Alzheimer,s disease",CACNA1D,CACNA1D,,Homo sapiens
776,CACNA1D,9606,wikipathways,WP2118,Arrhythmogenic Right Ventricular Cardiomyopathy,CACNA1D,CACNA1D,,Homo sapiens
776,CACNA1D,9606,wikipathways,WP382,MAPK Signaling Pathway,CACNA1D,CACNA1D,,Homo sapiens
776,CACNA1D,9606,wikipathways,WP536,Calcium Regulation in the Cardiac Cell,CACNA1D,CACNA1D,,Homo sapiens
10536,P3H3,9606,reactome,R-HSA-1474244,Extracellular matrix organization,P3H3,P3H3,,Homo sapiens
10536,P3H3,9606,reactome,R-HSA-1474290,Collagen formation,P3H3,P3H3,,Homo sapiens
10536,P3H3,9606,reactome,R-HSA-1650814,Collagen biosynthesis and modifying enzymes,P3H3,P3H3,,Homo sapiens
4681,NBL1,9606,kegg,hsa04350,TGF-beta signaling pathway - Homo sapiens (human),NBL1,NBL1,,Homo sapiens
3759,KCNJ2,9606,kegg,hsa04725,Cholinergic synapse - Homo sapiens (human),KCNJ2,KCNJ2,,Homo sapiens
3759,KCNJ2,9606,kegg,hsa04921,Oxytocin signaling pathway - Homo sapiens (human),KCNJ2,KCNJ2,,Homo sapiens
3759,KCNJ2,9606,kegg,hsa04924,Renin secretion - Homo sapiens (human),KCNJ2,KCNJ2,,Homo sapiens
3759,KCNJ2,9606,kegg,hsa04971,Gastric acid secretion - Homo sapiens (human),KCNJ2,KCNJ2,,Homo sapiens
3759,KCNJ2,9606,smpdb,SMP00296,Acebutolol Action Pathway,KCNJ2,KCNJ2,,Homo sapiens
3759,KCNJ2,9606,smpdb,SMP00297,Alprenolol Action Pathway,KCNJ2,KCNJ2,,Homo sapiens
3759,KCNJ2,9606,smpdb,SMP00298,Atenolol Action Pathway,KCNJ2,KCNJ2,,Homo sapiens
3759,KCNJ2,9606,smpdb,SMP00299,Betaxolol Action Pathway,KCNJ2,KCNJ2,,Homo sapiens
3759,KCNJ2,9606,smpdb,SMP00300,Bisoprolol Action Pathway,KCNJ2,KCNJ2,,Homo sapiens
3759,KCNJ2,9606,smpdb,SMP00301,Esmolol Action Pathway,KCNJ2,KCNJ2,,Homo sapiens
3759,KCNJ2,9606,smpdb,SMP00302,Metoprolol Action Pathway,KCNJ2,KCNJ2,,Homo sapiens
3759,KCNJ2,9606,smpdb,SMP00303,Nadolol Action Pathway,KCNJ2,KCNJ2,,Homo sapiens
3759,KCNJ2,9606,smpdb,SMP00304,Oxprenolol Action Pathway,KCNJ2,KCNJ2,,Homo sapiens
3759,KCNJ2,9606,smpdb,SMP00305,Penbutolol Action Pathway,KCNJ2,KCNJ2,,Homo sapiens
3759,KCNJ2,9606,smpdb,SMP00306,Pindolol Action Pathway,KCNJ2,KCNJ2,,Homo sapiens
3759,KCNJ2,9606,smpdb,SMP00307,Propranolol Action Pathway,KCNJ2,KCNJ2,,Homo sapiens
3759,KCNJ2,9606,smpdb,SMP00323,Quinidine Action Pathway,KCNJ2,KCNJ2,,Homo sapiens
3759,KCNJ2,9606,smpdb,SMP00324,Procainamide (Antiarrhythmic) Action Pathway,KCNJ2,KCNJ2,,Homo sapiens
3759,KCNJ2,9606,smpdb,SMP00325,Disopyramide Action Pathway,KCNJ2,KCNJ2,,Homo sapiens
3759,KCNJ2,9606,smpdb,SMP00326,Fosphenytoin (Antiarrhythmic) Action Pathway,KCNJ2,KCNJ2,,Homo sapiens
3759,KCNJ2,9606,smpdb,SMP00327,Phenytoin (Antiarrhythmic) Action Pathway,KCNJ2,KCNJ2,,Homo sapiens
3759,KCNJ2,9606,smpdb,SMP00328,Lidocaine (Antiarrhythmic) Action Pathway,KCNJ2,KCNJ2,,Homo sapiens
3759,KCNJ2,9606,smpdb,SMP00329,Mexiletine Action Pathway,KCNJ2,KCNJ2,,Homo sapiens
3759,KCNJ2,9606,smpdb,SMP00330,Tocainide Action Pathway,KCNJ2,KCNJ2,,Homo sapiens
3759,KCNJ2,9606,smpdb,SMP00331,Flecainide Action Pathway,KCNJ2,KCNJ2,,Homo sapiens
3759,KCNJ2,9606,smpdb,SMP00332,Ibutilide Action Pathway,KCNJ2,KCNJ2,,Homo sapiens
3759,KCNJ2,9606,smpdb,SMP00359,Diltiazem Action Pathway,KCNJ2,KCNJ2,,Homo sapiens
3759,KCNJ2,9606,smpdb,SMP00366,Nebivolol Action Pathway,KCNJ2,KCNJ2,,Homo sapiens
3759,KCNJ2,9606,smpdb,SMP00367,Carvedilol Action Pathway,KCNJ2,KCNJ2,,Homo sapiens
3759,KCNJ2,9606,smpdb,SMP00368,Labetalol Action Pathway,KCNJ2,KCNJ2,,Homo sapiens
3759,KCNJ2,9606,smpdb,SMP00375,Verapamil Action Pathway,KCNJ2,KCNJ2,,Homo sapiens
3759,KCNJ2,9606,smpdb,SMP00376,Amlodipine Action Pathway,KCNJ2,KCNJ2,,Homo sapiens
3759,KCNJ2,9606,smpdb,SMP00377,Felodipine Action Pathway,KCNJ2,KCNJ2,,Homo sapiens
3759,KCNJ2,9606,smpdb,SMP00378,Isradipine Action Pathway,KCNJ2,KCNJ2,,Homo sapiens
3759,KCNJ2,9606,smpdb,SMP00379,Nifedipine Action Pathway,KCNJ2,KCNJ2,,Homo sapiens
3759,KCNJ2,9606,smpdb,SMP00380,Nimodipine Action Pathway,KCNJ2,KCNJ2,,Homo sapiens
3759,KCNJ2,9606,smpdb,SMP00381,Nisoldipine Action Pathway,KCNJ2,KCNJ2,,Homo sapiens
3759,KCNJ2,9606,smpdb,SMP00382,Nitrendipine Action Pathway,KCNJ2,KCNJ2,,Homo sapiens
3759,KCNJ2,9606,smpdb,SMP00588,Muscle/Heart Contraction,KCNJ2,KCNJ2,,Homo sapiens
3759,KCNJ2,9606,smpdb,SMP00657,Bopindolol Action Pathway,KCNJ2,KCNJ2,,Homo sapiens
3759,KCNJ2,9606,smpdb,SMP00658,Carteolol Action Pathway,KCNJ2,KCNJ2,,Homo sapiens
3759,KCNJ2,9606,smpdb,SMP00659,Timolol Action Pathway,KCNJ2,KCNJ2,,Homo sapiens
3759,KCNJ2,9606,smpdb,SMP00660,Sotalol Action Pathway,KCNJ2,KCNJ2,,Homo sapiens
3759,KCNJ2,9606,smpdb,SMP00661,Epinephrine Action Pathway,KCNJ2,KCNJ2,,Homo sapiens
3759,KCNJ2,9606,smpdb,SMP00662,Dobutamine Action Pathway,KCNJ2,KCNJ2,,Homo sapiens
3759,KCNJ2,9606,smpdb,SMP00663,Isoprenaline Action Pathway,KCNJ2,KCNJ2,,Homo sapiens
3759,KCNJ2,9606,smpdb,SMP00664,Arbutamine Action Pathway,KCNJ2,KCNJ2,,Homo sapiens
3759,KCNJ2,9606,smpdb,SMP00665,Amiodarone Action Pathway,KCNJ2,KCNJ2,,Homo sapiens
3759,KCNJ2,9606,smpdb,SMP00666,Levobunolol Action Pathway,KCNJ2,KCNJ2,,Homo sapiens
3759,KCNJ2,9606,smpdb,SMP00667,Metipranolol Action Pathway,KCNJ2,KCNJ2,,Homo sapiens
3759,KCNJ2,9606,smpdb,SMP00668,Bevantolol Action Pathway,KCNJ2,KCNJ2,,Homo sapiens
3759,KCNJ2,9606,smpdb,SMP00669,Practolol Action Pathway,KCNJ2,KCNJ2,,Homo sapiens
3759,KCNJ2,9606,smpdb,SMP00670,Bupranolol Action Pathway,KCNJ2,KCNJ2,,Homo sapiens
3759,KCNJ2,9606,wikipathways,WP1992,Genes targeted by miRNAs in adipocytes,KCNJ2,KCNJ2,,Homo sapiens
3759,KCNJ2,9606,wikipathways,WP4018,Pathways in clear cell renal cell carcinoma,KCNJ2,KCNJ2,,Homo sapiens
2706,GJB2,9606,wikipathways,WP2817,Mammary gland development pathway - Pregnancy and lactation (Stage 3 of 4),GJB2,GJB2,,Homo sapiens
2706,GJB2,9606,wikipathways,WP536,Calcium Regulation in the Cardiac Cell,GJB2,GJB2,,Homo sapiens
3552,IL1A,9606,biocarta,gata3pathway,gata3 participate in activating the th2 cytokine genes expression,IL1A,IL1A,,Homo sapiens
3552,IL1A,9606,biocarta,hsp27pathway,stress induction of hsp regulation,IL1A,IL1A,,Homo sapiens
3552,IL1A,9606,biocarta,il10pathway,il-10 anti-inflammatory signaling pathway,IL1A,IL1A,,Homo sapiens
3552,IL1A,9606,biocarta,il1rpathway,signal transduction through il1r,IL1A,IL1A,,Homo sapiens
3552,IL1A,9606,biocarta,nfkbpathway,nf-kb signaling pathway,IL1A,IL1A,,Homo sapiens
3552,IL1A,9606,kegg,hsa04010,MAPK signaling pathway - Homo sapiens (human),IL1A,IL1A,,Homo sapiens
3552,IL1A,9606,kegg,hsa04060,Cytokine-cytokine receptor interaction - Homo sapiens (human),IL1A,IL1A,,Homo sapiens
3552,IL1A,9606,kegg,hsa04217,Necroptosis - Homo sapiens (human),IL1A,IL1A,,Homo sapiens
3552,IL1A,9606,kegg,hsa04218,Cellular senescence - Homo sapiens (human),IL1A,IL1A,,Homo sapiens
3552,IL1A,9606,kegg,hsa04380,Osteoclast differentiation - Homo sapiens (human),IL1A,IL1A,,Homo sapiens
3552,IL1A,9606,kegg,hsa04640,Hematopoietic cell lineage - Homo sapiens (human),IL1A,IL1A,,Homo sapiens
3552,IL1A,9606,kegg,hsa04932,Non-alcoholic fatty liver disease - Homo sapiens (human),IL1A,IL1A,,Homo sapiens
3552,IL1A,9606,kegg,hsa04933,AGE-RAGE signaling pathway in diabetic complications - Homo sapiens (human),IL1A,IL1A,,Homo sapiens
3552,IL1A,9606,kegg,hsa04940,Type I diabetes mellitus - Homo sapiens (human),IL1A,IL1A,,Homo sapiens
3552,IL1A,9606,kegg,hsa05010,Alzheimer disease - Homo sapiens (human),IL1A,IL1A,,Homo sapiens
3552,IL1A,9606,kegg,hsa05020,Prion disease - Homo sapiens (human),IL1A,IL1A,,Homo sapiens
3552,IL1A,9606,kegg,hsa05022,Pathways of neurodegeneration - multiple diseases - Homo sapiens (human),IL1A,IL1A,,Homo sapiens
3552,IL1A,9606,kegg,hsa05133,Pertussis - Homo sapiens (human),IL1A,IL1A,,Homo sapiens
3552,IL1A,9606,kegg,hsa05140,Leishmaniasis - Homo sapiens (human),IL1A,IL1A,,Homo sapiens
3552,IL1A,9606,kegg,hsa05152,Tuberculosis - Homo sapiens (human),IL1A,IL1A,,Homo sapiens
3552,IL1A,9606,kegg,hsa05162,Measles - Homo sapiens (human),IL1A,IL1A,,Homo sapiens
3552,IL1A,9606,kegg,hsa05164,Influenza A - Homo sapiens (human),IL1A,IL1A,,Homo sapiens
3552,IL1A,9606,kegg,hsa05321,Inflammatory bowel disease - Homo sapiens (human),IL1A,IL1A,,Homo sapiens
3552,IL1A,9606,kegg,hsa05323,Rheumatoid arthritis - Homo sapiens (human),IL1A,IL1A,,Homo sapiens
3552,IL1A,9606,kegg,hsa05332,Graft-versus-host disease - Homo sapiens (human),IL1A,IL1A,,Homo sapiens
3552,IL1A,9606,kegg,hsa05418,Fluid shear stress and atherosclerosis - Homo sapiens (human),IL1A,IL1A,,Homo sapiens
3552,IL1A,9606,netpath,Pathway_IL1,IL1,IL1A,IL1A,,Homo sapiens
3552,IL1A,9606,pid,a6b1_a6b4_integrin_pathway,a6b1 and a6b4 Integrin signaling,IL1A,IL1A,,Homo sapiens
3552,IL1A,9606,pid,deltanp63pathway,Validated transcriptional targets of deltaNp63 isoforms,IL1A,IL1A,,Homo sapiens
3552,IL1A,9606,pid,il1pathway,IL1-mediated signaling events,IL1A,IL1A,,Homo sapiens
3552,IL1A,9606,wikipathways,WP195,IL-1 signaling pathway,IL1A,IL1A,,Homo sapiens
3552,IL1A,9606,wikipathways,WP2328,Allograft Rejection,IL1A,IL1A,,Homo sapiens
3552,IL1A,9606,wikipathways,WP2431,Spinal Cord Injury,IL1A,IL1A,,Homo sapiens
3552,IL1A,9606,wikipathways,WP2637,Structural Pathway of Interleukin 1 (IL-1),IL1A,IL1A,,Homo sapiens
3552,IL1A,9606,wikipathways,WP314,Fas ligand pathway and stress induction of heat shock proteins,IL1A,IL1A,,Homo sapiens
3552,IL1A,9606,wikipathways,WP3617,Photodynamic therapy-induced NF-kB survival signaling,IL1A,IL1A,,Homo sapiens
3552,IL1A,9606,wikipathways,WP3656,Interleukin-1 Induced Activation of NF-kappa-B,IL1A,IL1A,,Homo sapiens
3552,IL1A,9606,wikipathways,WP382,MAPK Signaling Pathway,IL1A,IL1A,,Homo sapiens
3552,IL1A,9606,wikipathways,WP3877,Simplified Depiction of MYD88 Distinct Input-Output Pathway,IL1A,IL1A,,Homo sapiens
3552,IL1A,9606,wikipathways,WP4329,miRNAs involvement in the immune response in sepsis,IL1A,IL1A,,Homo sapiens
3552,IL1A,9606,wikipathways,WP4396,Nonalcoholic fatty liver disease,IL1A,IL1A,,Homo sapiens
3552,IL1A,9606,wikipathways,WP4493,Cells and molecules involved in local acute inflammatory response,IL1A,IL1A,,Homo sapiens
3552,IL1A,9606,wikipathways,WP4495,IL-10 Anti-inflammatory Signaling Pathway,IL1A,IL1A,,Homo sapiens
3552,IL1A,9606,wikipathways,WP4496,Signal transduction through IL1R,IL1A,IL1A,,Homo sapiens
3552,IL1A,9606,wikipathways,WP4747,Netrin-UNC5B signaling pathway,IL1A,IL1A,,Homo sapiens
3552,IL1A,9606,wikipathways,WP4969,RAS and bradykinin pathways in COVID-19,IL1A,IL1A,,Homo sapiens
3552,IL1A,9606,wikipathways,WP516,Hypertrophy Model,IL1A,IL1A,,Homo sapiens
3552,IL1A,9606,wikipathways,WP530,Cytokines and Inflammatory Response,IL1A,IL1A,,Homo sapiens
3552,IL1A,9606,wikipathways,WP615,Senescence and Autophagy in Cancer,IL1A,IL1A,,Homo sapiens
3552,IL1A,9606,wikipathways,WP69,T-cell receptor (TCR) signaling pathway,IL1A,IL1A,,Homo sapiens
3552,IL1A,9606,wikipathways,WP706,Sudden Infant Death Syndrome (SIDS) Susceptibility Pathways,IL1A,IL1A,,Homo sapiens
1440,CSF3,9606,kegg,hsa04060,Cytokine-cytokine receptor interaction - Homo sapiens (human),CSF3,CSF3,,Homo sapiens
1440,CSF3,9606,kegg,hsa04151,PI3K-Akt signaling pathway - Homo sapiens (human),CSF3,CSF3,,Homo sapiens
1440,CSF3,9606,kegg,hsa04630,JAK-STAT signaling pathway - Homo sapiens (human),CSF3,CSF3,,Homo sapiens
1440,CSF3,9606,kegg,hsa04640,Hematopoietic cell lineage - Homo sapiens (human),CSF3,CSF3,,Homo sapiens
1440,CSF3,9606,kegg,hsa04657,IL-17 signaling pathway - Homo sapiens (human),CSF3,CSF3,,Homo sapiens
1440,CSF3,9606,kegg,hsa05144,Malaria - Homo sapiens (human),CSF3,CSF3,,Homo sapiens
1440,CSF3,9606,kegg,hsa05171,Coronavirus disease - COVID-19 - Homo sapiens (human),CSF3,CSF3,,Homo sapiens
1440,CSF3,9606,wikipathways,WP3624,Lung fibrosis,CSF3,CSF3,,Homo sapiens
1440,CSF3,9606,wikipathways,WP3932,Focal Adhesion-PI3K-Akt-mTOR-signaling pathway,CSF3,CSF3,,Homo sapiens
1440,CSF3,9606,wikipathways,WP4172,PI3K-Akt signaling pathway,CSF3,CSF3,,Homo sapiens
1440,CSF3,9606,wikipathways,WP4891,COVID-19 adverse outcome pathway,CSF3,CSF3,,Homo sapiens
1440,CSF3,9606,wikipathways,WP530,Cytokines and Inflammatory Response,CSF3,CSF3,,Homo sapiens
5806,PTX3,9606,wikipathways,WP2806,Complement system,PTX3,PTX3,,Homo sapiens
5806,PTX3,9606,wikipathways,WP3624,Lung fibrosis,PTX3,PTX3,,Homo sapiens
5806,PTX3,9606,wikipathways,WP4754,IL-18 signaling pathway,PTX3,PTX3,,Homo sapiens
7130,TNFAIP6,9606,reactome,R-HSA-168249,Innate Immune System,TNFAIP6,TNFAIP6,,Homo sapiens
7130,TNFAIP6,9606,reactome,R-HSA-168256,Immune System,TNFAIP6,TNFAIP6,,Homo sapiens
7130,TNFAIP6,9606,reactome,R-HSA-6798695,Neutrophil degranulation,TNFAIP6,TNFAIP6,,Homo sapiens
79689,STEAP4,9606,wikipathways,WP2877,Vitamin D Receptor Pathway,STEAP4,STEAP4,,Homo sapiens
79689,STEAP4,9606,wikipathways,WP3286,Copper homeostasis,STEAP4,STEAP4,,Homo sapiens
2921,CXCL3,9606,kegg,hsa04060,Cytokine-cytokine receptor interaction - Homo sapiens (human),CXCL3,CXCL3,,Homo sapiens
2921,CXCL3,9606,kegg,hsa04061,Viral protein interaction with cytokine and cytokine receptor - Homo sapiens (human),CXCL3,CXCL3,,Homo sapiens
2921,CXCL3,9606,kegg,hsa04062,Chemokine signaling pathway - Homo sapiens (human),CXCL3,CXCL3,,Homo sapiens
2921,CXCL3,9606,kegg,hsa04064,NF-kappa B signaling pathway - Homo sapiens (human),CXCL3,CXCL3,,Homo sapiens
2921,CXCL3,9606,kegg,hsa04621,NOD-like receptor signaling pathway - Homo sapiens (human),CXCL3,CXCL3,,Homo sapiens
2921,CXCL3,9606,kegg,hsa04657,IL-17 signaling pathway - Homo sapiens (human),CXCL3,CXCL3,,Homo sapiens
2921,CXCL3,9606,kegg,hsa04668,TNF signaling pathway - Homo sapiens (human),CXCL3,CXCL3,,Homo sapiens
2921,CXCL3,9606,kegg,hsa05120,Epithelial cell signaling in Helicobacter pylori infection - Homo sapiens (human),CXCL3,CXCL3,,Homo sapiens
2921,CXCL3,9606,kegg,hsa05134,Legionellosis - Homo sapiens (human),CXCL3,CXCL3,,Homo sapiens
2921,CXCL3,9606,kegg,hsa05146,Amoebiasis - Homo sapiens (human),CXCL3,CXCL3,,Homo sapiens
2921,CXCL3,9606,kegg,hsa05167,Kaposi sarcoma-associated herpesvirus infection - Homo sapiens (human),CXCL3,CXCL3,,Homo sapiens
2921,CXCL3,9606,kegg,hsa05323,Rheumatoid arthritis - Homo sapiens (human),CXCL3,CXCL3,,Homo sapiens
2921,CXCL3,9606,kegg,hsa05417,Lipid and atherosclerosis - Homo sapiens (human),CXCL3,CXCL3,,Homo sapiens
2921,CXCL3,9606,wikipathways,WP3929,Chemokine signaling pathway,CXCL3,CXCL3,,Homo sapiens
2921,CXCL3,9606,wikipathways,WP4136,Fibrin Complement Receptor 3 Signaling Pathway,CXCL3,CXCL3,,Homo sapiens
2921,CXCL3,9606,wikipathways,WP4754,IL-18 signaling pathway,CXCL3,CXCL3,,Homo sapiens
2921,CXCL3,9606,wikipathways,WP5039,SARS-CoV-2 innate immunity evasion and cell-specific immune response,CXCL3,CXCL3,,Homo sapiens
3627,CXCL10,9606,kegg,hsa04060,Cytokine-cytokine receptor interaction - Homo sapiens (human),CXCL10,CXCL10,,Homo sapiens
3627,CXCL10,9606,kegg,hsa04061,Viral protein interaction with cytokine and cytokine receptor - Homo sapiens (human),CXCL10,CXCL10,,Homo sapiens
3627,CXCL10,9606,kegg,hsa04062,Chemokine signaling pathway - Homo sapiens (human),CXCL10,CXCL10,,Homo sapiens
3627,CXCL10,9606,kegg,hsa04620,Toll-like receptor signaling pathway - Homo sapiens (human),CXCL10,CXCL10,,Homo sapiens
3627,CXCL10,9606,kegg,hsa04622,RIG-I-like receptor signaling pathway - Homo sapiens (human),CXCL10,CXCL10,,Homo sapiens
3627,CXCL10,9606,kegg,hsa04623,Cytosolic DNA-sensing pathway - Homo sapiens (human),CXCL10,CXCL10,,Homo sapiens
3627,CXCL10,9606,kegg,hsa04657,IL-17 signaling pathway - Homo sapiens (human),CXCL10,CXCL10,,Homo sapiens
3627,CXCL10,9606,kegg,hsa04668,TNF signaling pathway - Homo sapiens (human),CXCL10,CXCL10,,Homo sapiens
3627,CXCL10,9606,kegg,hsa05160,Hepatitis C - Homo sapiens (human),CXCL10,CXCL10,,Homo sapiens
3627,CXCL10,9606,kegg,hsa05164,Influenza A - Homo sapiens (human),CXCL10,CXCL10,,Homo sapiens
3627,CXCL10,9606,kegg,hsa05169,Epstein-Barr virus infection - Homo sapiens (human),CXCL10,CXCL10,,Homo sapiens
3627,CXCL10,9606,kegg,hsa05171,Coronavirus disease - COVID-19 - Homo sapiens (human),CXCL10,CXCL10,,Homo sapiens
3627,CXCL10,9606,pid,cxcr3pathway,CXCR3-mediated signaling events,CXCL10,CXCL10,,Homo sapiens
3627,CXCL10,9606,wikipathways,WP1449,Regulation of toll-like receptor signaling pathway,CXCL10,CXCL10,,Homo sapiens
3627,CXCL10,9606,wikipathways,WP2431,Spinal Cord Injury,CXCL10,CXCL10,,Homo sapiens
3627,CXCL10,9606,wikipathways,WP3865,Novel intracellular components of RIG-I-like receptor (RLR) pathway,CXCL10,CXCL10,,Homo sapiens
3627,CXCL10,9606,wikipathways,WP3929,Chemokine signaling pathway,CXCL10,CXCL10,,Homo sapiens
3627,CXCL10,9606,wikipathways,WP4136,Fibrin Complement Receptor 3 Signaling Pathway,CXCL10,CXCL10,,Homo sapiens
3627,CXCL10,9606,wikipathways,WP4537,Hippo-Yap signaling pathway,CXCL10,CXCL10,,Homo sapiens
3627,CXCL10,9606,wikipathways,WP4541,Hippo-Merlin Signaling Dysregulation,CXCL10,CXCL10,,Homo sapiens
3627,CXCL10,9606,wikipathways,WP4559,Interactions between immune cells and microRNAs in tumor microenvironment,CXCL10,CXCL10,,Homo sapiens
3627,CXCL10,9606,wikipathways,WP4655,Cytosolic DNA-sensing pathway,CXCL10,CXCL10,,Homo sapiens
3627,CXCL10,9606,wikipathways,WP4891,COVID-19 adverse outcome pathway,CXCL10,CXCL10,,Homo sapiens
3627,CXCL10,9606,wikipathways,WP5039,SARS-CoV-2 innate immunity evasion and cell-specific immune response,CXCL10,CXCL10,,Homo sapiens
3627,CXCL10,9606,wikipathways,WP619,Type II interferon signaling (IFNG),CXCL10,CXCL10,,Homo sapiens
3627,CXCL10,9606,wikipathways,WP75,Toll-like Receptor Signaling Pathway,CXCL10,CXCL10,,Homo sapiens
51284,TLR7,9606,biocarta,tollpathway,toll-like receptor pathway,TLR7,TLR7,,Homo sapiens
51284,TLR7,9606,kegg,hsa04613,Neutrophil extracellular trap formation - Homo sapiens (human),TLR7,TLR7,,Homo sapiens
51284,TLR7,9606,kegg,hsa04620,Toll-like receptor signaling pathway - Homo sapiens (human),TLR7,TLR7,,Homo sapiens
51284,TLR7,9606,kegg,hsa05162,Measles - Homo sapiens (human),TLR7,TLR7,,Homo sapiens
51284,TLR7,9606,kegg,hsa05164,Influenza A - Homo sapiens (human),TLR7,TLR7,,Homo sapiens
51284,TLR7,9606,kegg,hsa05171,Coronavirus disease - COVID-19 - Homo sapiens (human),TLR7,TLR7,,Homo sapiens
51284,TLR7,9606,wikipathways,WP1449,Regulation of toll-like receptor signaling pathway,TLR7,TLR7,,Homo sapiens
51284,TLR7,9606,wikipathways,WP3858,Toll-like Receptor Signaling related to MyD88,TLR7,TLR7,,Homo sapiens
51284,TLR7,9606,wikipathways,WP3877,Simplified Depiction of MYD88 Distinct Input-Output Pathway,TLR7,TLR7,,Homo sapiens
51284,TLR7,9606,wikipathways,WP4329,miRNAs involvement in the immune response in sepsis,TLR7,TLR7,,Homo sapiens
51284,TLR7,9606,wikipathways,WP4559,Interactions between immune cells and microRNAs in tumor microenvironment,TLR7,TLR7,,Homo sapiens
51284,TLR7,9606,wikipathways,WP4868,Type I interferon induction and signaling during SARS-CoV-2 infection,TLR7,TLR7,,Homo sapiens
51284,TLR7,9606,wikipathways,WP4880,Host-pathogen interaction of human coronaviruses - interferon induction,TLR7,TLR7,,Homo sapiens
51284,TLR7,9606,wikipathways,WP5038,SARS-CoV-2 mitochondrial interactions,TLR7,TLR7,,Homo sapiens
51284,TLR7,9606,wikipathways,WP5039,SARS-CoV-2 innate immunity evasion and cell-specific immune response,TLR7,TLR7,,Homo sapiens
51284,TLR7,9606,wikipathways,WP75,Toll-like Receptor Signaling Pathway,TLR7,TLR7,,Homo sapiens
7099,TLR4,9606,biocarta,gsk3pathway,inactivation of gsk3 by akt causes accumulation of b-catenin in alveolar macrophages,TLR4,TLR4,,Homo sapiens
7099,TLR4,9606,biocarta,nfkbpathway,nf-kb signaling pathway,TLR4,TLR4,,Homo sapiens
7099,TLR4,9606,biocarta,tollpathway,toll-like receptor pathway,TLR4,TLR4,,Homo sapiens
7099,TLR4,9606,kegg,hsa04064,NF-kappa B signaling pathway - Homo sapiens (human),TLR4,TLR4,,Homo sapiens
7099,TLR4,9606,kegg,hsa04066,HIF-1 signaling pathway - Homo sapiens (human),TLR4,TLR4,,Homo sapiens
7099,TLR4,9606,kegg,hsa04145,Phagosome - Homo sapiens (human),TLR4,TLR4,,Homo sapiens
7099,TLR4,9606,kegg,hsa04151,PI3K-Akt signaling pathway - Homo sapiens (human),TLR4,TLR4,,Homo sapiens
7099,TLR4,9606,kegg,hsa04217,Necroptosis - Homo sapiens (human),TLR4,TLR4,,Homo sapiens
7099,TLR4,9606,kegg,hsa04613,Neutrophil extracellular trap formation - Homo sapiens (human),TLR4,TLR4,,Homo sapiens
7099,TLR4,9606,kegg,hsa04620,Toll-like receptor signaling pathway - Homo sapiens (human),TLR4,TLR4,,Homo sapiens
7099,TLR4,9606,kegg,hsa04621,NOD-like receptor signaling pathway - Homo sapiens (human),TLR4,TLR4,,Homo sapiens
7099,TLR4,9606,kegg,hsa05130,Pathogenic Escherichia coli infection - Homo sapiens (human),TLR4,TLR4,,Homo sapiens
7099,TLR4,9606,kegg,hsa05131,Shigellosis - Homo sapiens (human),TLR4,TLR4,,Homo sapiens
7099,TLR4,9606,kegg,hsa05132,Salmonella infection - Homo sapiens (human),TLR4,TLR4,,Homo sapiens
7099,TLR4,9606,kegg,hsa05133,Pertussis - Homo sapiens (human),TLR4,TLR4,,Homo sapiens
7099,TLR4,9606,kegg,hsa05134,Legionellosis - Homo sapiens (human),TLR4,TLR4,,Homo sapiens
7099,TLR4,9606,kegg,hsa05135,Yersinia infection - Homo sapiens (human),TLR4,TLR4,,Homo sapiens
7099,TLR4,9606,kegg,hsa05140,Leishmaniasis - Homo sapiens (human),TLR4,TLR4,,Homo sapiens
7099,TLR4,9606,kegg,hsa05142,Chagas disease - Homo sapiens (human),TLR4,TLR4,,Homo sapiens
7099,TLR4,9606,kegg,hsa05144,Malaria - Homo sapiens (human),TLR4,TLR4,,Homo sapiens
7099,TLR4,9606,kegg,hsa05145,Toxoplasmosis - Homo sapiens (human),TLR4,TLR4,,Homo sapiens
7099,TLR4,9606,kegg,hsa05146,Amoebiasis - Homo sapiens (human),TLR4,TLR4,,Homo sapiens
7099,TLR4,9606,kegg,hsa05152,Tuberculosis - Homo sapiens (human),TLR4,TLR4,,Homo sapiens
7099,TLR4,9606,kegg,hsa05161,Hepatitis B - Homo sapiens (human),TLR4,TLR4,,Homo sapiens
7099,TLR4,9606,kegg,hsa05162,Measles - Homo sapiens (human),TLR4,TLR4,,Homo sapiens
7099,TLR4,9606,kegg,hsa05164,Influenza A - Homo sapiens (human),TLR4,TLR4,,Homo sapiens
7099,TLR4,9606,kegg,hsa05170,Human immunodeficiency virus 1 infection - Homo sapiens (human),TLR4,TLR4,,Homo sapiens
7099,TLR4,9606,kegg,hsa05171,Coronavirus disease - COVID-19 - Homo sapiens (human),TLR4,TLR4,,Homo sapiens
7099,TLR4,9606,kegg,hsa05205,Proteoglycans in cancer - Homo sapiens (human),TLR4,TLR4,,Homo sapiens
7099,TLR4,9606,kegg,hsa05235,PD-L1 expression and PD-1 checkpoint pathway in cancer - Homo sapiens (human),TLR4,TLR4,,Homo sapiens
7099,TLR4,9606,kegg,hsa05321,Inflammatory bowel disease - Homo sapiens (human),TLR4,TLR4,,Homo sapiens
7099,TLR4,9606,kegg,hsa05323,Rheumatoid arthritis - Homo sapiens (human),TLR4,TLR4,,Homo sapiens
7099,TLR4,9606,kegg,hsa05417,Lipid and atherosclerosis - Homo sapiens (human),TLR4,TLR4,,Homo sapiens
7099,TLR4,9606,pid,toll_endogenous_pathway,Endogenous TLR signaling,TLR4,TLR4,,Homo sapiens
7099,TLR4,9606,wikipathways,WP1449,Regulation of toll-like receptor signaling pathway,TLR4,TLR4,,Homo sapiens
7099,TLR4,9606,wikipathways,WP2272,Pathogenic Escherichia coli infection,TLR4,TLR4,,Homo sapiens
7099,TLR4,9606,wikipathways,WP2355,Corticotropin-releasing hormone signaling pathway,TLR4,TLR4,,Homo sapiens
7099,TLR4,9606,wikipathways,WP2431,Spinal Cord Injury,TLR4,TLR4,,Homo sapiens
7099,TLR4,9606,wikipathways,WP2572,Primary focal segmental glomerulosclerosis (FSGS),TLR4,TLR4,,Homo sapiens
7099,TLR4,9606,wikipathways,WP3851,TLR4 Signaling and Tolerance,TLR4,TLR4,,Homo sapiens
7099,TLR4,9606,wikipathways,WP3858,Toll-like Receptor Signaling related to MyD88,TLR4,TLR4,,Homo sapiens
7099,TLR4,9606,wikipathways,WP3877,Simplified Depiction of MYD88 Distinct Input-Output Pathway,TLR4,TLR4,,Homo sapiens
7099,TLR4,9606,wikipathways,WP3890,Nanomaterial-induced inflammasome activation,TLR4,TLR4,,Homo sapiens
7099,TLR4,9606,wikipathways,WP3926,ApoE and miR-146 in inflammation and atherosclerosis,TLR4,TLR4,,Homo sapiens
7099,TLR4,9606,wikipathways,WP4136,Fibrin Complement Receptor 3 Signaling Pathway,TLR4,TLR4,,Homo sapiens
7099,TLR4,9606,wikipathways,WP4172,PI3K-Akt signaling pathway,TLR4,TLR4,,Homo sapiens
7099,TLR4,9606,wikipathways,WP4217,Ebola Virus Pathway on Host,TLR4,TLR4,,Homo sapiens
7099,TLR4,9606,wikipathways,WP4298,Acute viral myocarditis,TLR4,TLR4,,Homo sapiens
7099,TLR4,9606,wikipathways,WP4300,Extracellular vesicles in the crosstalk of cardiac cells,TLR4,TLR4,,Homo sapiens
7099,TLR4,9606,wikipathways,WP4329,miRNAs involvement in the immune response in sepsis,TLR4,TLR4,,Homo sapiens
7099,TLR4,9606,wikipathways,WP4341,"Non-genomic actions of 1,25 dihydroxyvitamin D3",TLR4,TLR4,,Homo sapiens
7099,TLR4,9606,wikipathways,WP4559,Interactions between immune cells and microRNAs in tumor microenvironment,TLR4,TLR4,,Homo sapiens
7099,TLR4,9606,wikipathways,WP4666,Hepatitis B infection,TLR4,TLR4,,Homo sapiens
7099,TLR4,9606,wikipathways,WP4919,Neuroinflammation,TLR4,TLR4,,Homo sapiens
7099,TLR4,9606,wikipathways,WP75,Toll-like Receptor Signaling Pathway,TLR4,TLR4,,Homo sapiens
3586,IL10,9606,biocarta,il10pathway,il-10 anti-inflammatory signaling pathway,IL10,IL10,,Homo sapiens
3586,IL10,9606,kegg,hsa04060,Cytokine-cytokine receptor interaction - Homo sapiens (human),IL10,IL10,,Homo sapiens
3586,IL10,9606,kegg,hsa04061,Viral protein interaction with cytokine and cytokine receptor - Homo sapiens (human),IL10,IL10,,Homo sapiens
3586,IL10,9606,kegg,hsa04068,FoxO signaling pathway - Homo sapiens (human),IL10,IL10,,Homo sapiens
3586,IL10,9606,kegg,hsa04625,C-type lectin receptor signaling pathway - Homo sapiens (human),IL10,IL10,,Homo sapiens
3586,IL10,9606,kegg,hsa04630,JAK-STAT signaling pathway - Homo sapiens (human),IL10,IL10,,Homo sapiens
3586,IL10,9606,kegg,hsa04660,T cell receptor signaling pathway - Homo sapiens (human),IL10,IL10,,Homo sapiens
3586,IL10,9606,kegg,hsa04672,Intestinal immune network for IgA production - Homo sapiens (human),IL10,IL10,,Homo sapiens
3586,IL10,9606,kegg,hsa05133,Pertussis - Homo sapiens (human),IL10,IL10,,Homo sapiens
3586,IL10,9606,kegg,hsa05135,Yersinia infection - Homo sapiens (human),IL10,IL10,,Homo sapiens
3586,IL10,9606,kegg,hsa05140,Leishmaniasis - Homo sapiens (human),IL10,IL10,,Homo sapiens
3586,IL10,9606,kegg,hsa05142,Chagas disease - Homo sapiens (human),IL10,IL10,,Homo sapiens
3586,IL10,9606,kegg,hsa05143,African trypanosomiasis - Homo sapiens (human),IL10,IL10,,Homo sapiens
3586,IL10,9606,kegg,hsa05144,Malaria - Homo sapiens (human),IL10,IL10,,Homo sapiens
3586,IL10,9606,kegg,hsa05145,Toxoplasmosis - Homo sapiens (human),IL10,IL10,,Homo sapiens
3586,IL10,9606,kegg,hsa05146,Amoebiasis - Homo sapiens (human),IL10,IL10,,Homo sapiens
3586,IL10,9606,kegg,hsa05150,Staphylococcus aureus infection - Homo sapiens (human),IL10,IL10,,Homo sapiens
3586,IL10,9606,kegg,hsa05152,Tuberculosis - Homo sapiens (human),IL10,IL10,,Homo sapiens
3586,IL10,9606,kegg,hsa05310,Asthma - Homo sapiens (human),IL10,IL10,,Homo sapiens
3586,IL10,9606,kegg,hsa05320,Autoimmune thyroid disease - Homo sapiens (human),IL10,IL10,,Homo sapiens
3586,IL10,9606,kegg,hsa05321,Inflammatory bowel disease - Homo sapiens (human),IL10,IL10,,Homo sapiens
3586,IL10,9606,kegg,hsa05322,Systemic lupus erythematosus - Homo sapiens (human),IL10,IL10,,Homo sapiens
3586,IL10,9606,kegg,hsa05330,Allograft rejection - Homo sapiens (human),IL10,IL10,,Homo sapiens
3586,IL10,9606,pid,ap1_pathway,AP-1 transcription factor network,IL10,IL10,,Homo sapiens
3586,IL10,9606,pid,il4_2pathway,IL4-mediated signaling events,IL10,IL10,,Homo sapiens
3586,IL10,9606,pid,smad2_3nuclearpathway,Regulation of nuclear SMAD2/3 signaling,IL10,IL10,,Homo sapiens
3586,IL10,9606,wikipathways,WP2328,Allograft Rejection,IL10,IL10,,Homo sapiens
3586,IL10,9606,wikipathways,WP3863,T-Cell antigen Receptor (TCR) pathway during Staphylococcus aureus infection,IL10,IL10,,Homo sapiens
3586,IL10,9606,wikipathways,WP4141,PI3K-AKT-mTOR - VitD3 signaling,IL10,IL10,,Homo sapiens
3586,IL10,9606,wikipathways,WP4298,Acute viral myocarditis,IL10,IL10,,Homo sapiens
3586,IL10,9606,wikipathways,WP4329,miRNAs involvement in the immune response in sepsis,IL10,IL10,,Homo sapiens
3586,IL10,9606,wikipathways,WP4484,Control of immune tolerance by vasoactive intestinal peptide,IL10,IL10,,Homo sapiens
3586,IL10,9606,wikipathways,WP4495,IL-10 Anti-inflammatory Signaling Pathway,IL10,IL10,,Homo sapiens
3586,IL10,9606,wikipathways,WP4747,Netrin-UNC5B signaling pathway,IL10,IL10,,Homo sapiens
3586,IL10,9606,wikipathways,WP4754,IL-18 signaling pathway,IL10,IL10,,Homo sapiens
3586,IL10,9606,wikipathways,WP4891,COVID-19 adverse outcome pathway,IL10,IL10,,Homo sapiens
3586,IL10,9606,wikipathways,WP530,Cytokines and Inflammatory Response,IL10,IL10,,Homo sapiens
3586,IL10,9606,wikipathways,WP706,Sudden Infant Death Syndrome (SIDS) Susceptibility Pathways,IL10,IL10,,Homo sapiens
7124,TNF,9606,biocarta,cdmacpathway,cadmium induces dna synthesis and proliferation in macrophages,TNF,TNF,,Homo sapiens
7124,TNF,9606,biocarta,ceramidepathway,ceramide signaling pathway,TNF,TNF,,Homo sapiens
7124,TNF,9606,biocarta,hivnefpathway,hiv-1 nef: negative effector of fas and tnf,TNF,TNF,,Homo sapiens
7124,TNF,9606,biocarta,hsp27pathway,stress induction of hsp regulation,TNF,TNF,,Homo sapiens
7124,TNF,9606,biocarta,il10pathway,il-10 anti-inflammatory signaling pathway,TNF,TNF,,Homo sapiens
7124,TNF,9606,biocarta,il1rpathway,signal transduction through il1r,TNF,TNF,,Homo sapiens
7124,TNF,9606,biocarta,keratinocytepathway,keratinocyte differentiation,TNF,TNF,,Homo sapiens
7124,TNF,9606,biocarta,nfatpathway,nfat and hypertrophy of the heart ,TNF,TNF,,Homo sapiens
7124,TNF,9606,biocarta,nfkbpathway,nf-kb signaling pathway,TNF,TNF,,Homo sapiens
7124,TNF,9606,biocarta,nthipathway,nfkb activation by nontypeable hemophilus influenzae,TNF,TNF,,Homo sapiens
7124,TNF,9606,biocarta,pparapathway,mechanism of gene regulation by peroxisome proliferators via ppara,TNF,TNF,,Homo sapiens
7124,TNF,9606,biocarta,soddpathway,sodd/tnfr1 signaling pathway,TNF,TNF,,Homo sapiens
7124,TNF,9606,biocarta,stresspathway,tnf/stress related signaling,TNF,TNF,,Homo sapiens
7124,TNF,9606,biocarta,tnfr1pathway,tnfr1 signaling pathway,TNF,TNF,,Homo sapiens
7124,TNF,9606,biocarta,vobesitypathway,visceral fat deposits and the metabolic syndrome,TNF,TNF,,Homo sapiens
7124,TNF,9606,kegg,hsa04010,MAPK signaling pathway - Homo sapiens (human),TNF,TNF,,Homo sapiens
7124,TNF,9606,kegg,hsa04060,Cytokine-cytokine receptor interaction - Homo sapiens (human),TNF,TNF,,Homo sapiens
7124,TNF,9606,kegg,hsa04061,Viral protein interaction with cytokine and cytokine receptor - Homo sapiens (human),TNF,TNF,,Homo sapiens
7124,TNF,9606,kegg,hsa04064,NF-kappa B signaling pathway - Homo sapiens (human),TNF,TNF,,Homo sapiens
7124,TNF,9606,kegg,hsa04071,Sphingolipid signaling pathway - Homo sapiens (human),TNF,TNF,,Homo sapiens
7124,TNF,9606,kegg,hsa04150,mTOR signaling pathway - Homo sapiens (human),TNF,TNF,,Homo sapiens
7124,TNF,9606,kegg,hsa04210,Apoptosis - Homo sapiens (human),TNF,TNF,,Homo sapiens
7124,TNF,9606,kegg,hsa04217,Necroptosis - Homo sapiens (human),TNF,TNF,,Homo sapiens
7124,TNF,9606,kegg,hsa04350,TGF-beta signaling pathway - Homo sapiens (human),TNF,TNF,,Homo sapiens
7124,TNF,9606,kegg,hsa04380,Osteoclast differentiation - Homo sapiens (human),TNF,TNF,,Homo sapiens
7124,TNF,9606,kegg,hsa04612,Antigen processing and presentation - Homo sapiens (human),TNF,TNF,,Homo sapiens
7124,TNF,9606,kegg,hsa04620,Toll-like receptor signaling pathway - Homo sapiens (human),TNF,TNF,,Homo sapiens
7124,TNF,9606,kegg,hsa04621,NOD-like receptor signaling pathway - Homo sapiens (human),TNF,TNF,,Homo sapiens
7124,TNF,9606,kegg,hsa04622,RIG-I-like receptor signaling pathway - Homo sapiens (human),TNF,TNF,,Homo sapiens
7124,TNF,9606,kegg,hsa04625,C-type lectin receptor signaling pathway - Homo sapiens (human),TNF,TNF,,Homo sapiens
7124,TNF,9606,kegg,hsa04640,Hematopoietic cell lineage - Homo sapiens (human),TNF,TNF,,Homo sapiens
7124,TNF,9606,kegg,hsa04650,Natural killer cell mediated cytotoxicity - Homo sapiens (human),TNF,TNF,,Homo sapiens
7124,TNF,9606,kegg,hsa04657,IL-17 signaling pathway - Homo sapiens (human),TNF,TNF,,Homo sapiens
7124,TNF,9606,kegg,hsa04660,T cell receptor signaling pathway - Homo sapiens (human),TNF,TNF,,Homo sapiens
7124,TNF,9606,kegg,hsa04664,Fc epsilon RI signaling pathway - Homo sapiens (human),TNF,TNF,,Homo sapiens
7124,TNF,9606,kegg,hsa04668,TNF signaling pathway - Homo sapiens (human),TNF,TNF,,Homo sapiens
7124,TNF,9606,kegg,hsa04920,Adipocytokine signaling pathway - Homo sapiens (human),TNF,TNF,,Homo sapiens
7124,TNF,9606,kegg,hsa04930,Type II diabetes mellitus - Homo sapiens (human),TNF,TNF,,Homo sapiens
7124,TNF,9606,kegg,hsa04931,Insulin resistance - Homo sapiens (human),TNF,TNF,,Homo sapiens
7124,TNF,9606,kegg,hsa04932,Non-alcoholic fatty liver disease - Homo sapiens (human),TNF,TNF,,Homo sapiens
7124,TNF,9606,kegg,hsa04933,AGE-RAGE signaling pathway in diabetic complications - Homo sapiens (human),TNF,TNF,,Homo sapiens
7124,TNF,9606,kegg,hsa04940,Type I diabetes mellitus - Homo sapiens (human),TNF,TNF,,Homo sapiens
7124,TNF,9606,kegg,hsa05010,Alzheimer disease - Homo sapiens (human),TNF,TNF,,Homo sapiens
7124,TNF,9606,kegg,hsa05014,Amyotrophic lateral sclerosis - Homo sapiens (human),TNF,TNF,,Homo sapiens
7124,TNF,9606,kegg,hsa05020,Prion disease - Homo sapiens (human),TNF,TNF,,Homo sapiens
7124,TNF,9606,kegg,hsa05022,Pathways of neurodegeneration - multiple diseases - Homo sapiens (human),TNF,TNF,,Homo sapiens
7124,TNF,9606,kegg,hsa05130,Pathogenic Escherichia coli infection - Homo sapiens (human),TNF,TNF,,Homo sapiens
7124,TNF,9606,kegg,hsa05131,Shigellosis - Homo sapiens (human),TNF,TNF,,Homo sapiens
7124,TNF,9606,kegg,hsa05132,Salmonella infection - Homo sapiens (human),TNF,TNF,,Homo sapiens
7124,TNF,9606,kegg,hsa05133,Pertussis - Homo sapiens (human),TNF,TNF,,Homo sapiens
7124,TNF,9606,kegg,hsa05134,Legionellosis - Homo sapiens (human),TNF,TNF,,Homo sapiens
7124,TNF,9606,kegg,hsa05135,Yersinia infection - Homo sapiens (human),TNF,TNF,,Homo sapiens
7124,TNF,9606,kegg,hsa05140,Leishmaniasis - Homo sapiens (human),TNF,TNF,,Homo sapiens
7124,TNF,9606,kegg,hsa05142,Chagas disease - Homo sapiens (human),TNF,TNF,,Homo sapiens
7124,TNF,9606,kegg,hsa05143,African trypanosomiasis - Homo sapiens (human),TNF,TNF,,Homo sapiens
7124,TNF,9606,kegg,hsa05144,Malaria - Homo sapiens (human),TNF,TNF,,Homo sapiens
7124,TNF,9606,kegg,hsa05145,Toxoplasmosis - Homo sapiens (human),TNF,TNF,,Homo sapiens
7124,TNF,9606,kegg,hsa05146,Amoebiasis - Homo sapiens (human),TNF,TNF,,Homo sapiens
7124,TNF,9606,kegg,hsa05152,Tuberculosis - Homo sapiens (human),TNF,TNF,,Homo sapiens
7124,TNF,9606,kegg,hsa05160,Hepatitis C - Homo sapiens (human),TNF,TNF,,Homo sapiens
7124,TNF,9606,kegg,hsa05161,Hepatitis B - Homo sapiens (human),TNF,TNF,,Homo sapiens
7124,TNF,9606,kegg,hsa05163,Human cytomegalovirus infection - Homo sapiens (human),TNF,TNF,,Homo sapiens
7124,TNF,9606,kegg,hsa05164,Influenza A - Homo sapiens (human),TNF,TNF,,Homo sapiens
7124,TNF,9606,kegg,hsa05165,Human papillomavirus infection - Homo sapiens (human),TNF,TNF,,Homo sapiens
7124,TNF,9606,kegg,hsa05166,Human T-cell leukemia virus 1 infection - Homo sapiens (human),TNF,TNF,,Homo sapiens
7124,TNF,9606,kegg,hsa05168,Herpes simplex virus 1 infection - Homo sapiens (human),TNF,TNF,,Homo sapiens
7124,TNF,9606,kegg,hsa05169,Epstein-Barr virus infection - Homo sapiens (human),TNF,TNF,,Homo sapiens
7124,TNF,9606,kegg,hsa05170,Human immunodeficiency virus 1 infection - Homo sapiens (human),TNF,TNF,,Homo sapiens
7124,TNF,9606,kegg,hsa05171,Coronavirus disease - COVID-19 - Homo sapiens (human),TNF,TNF,,Homo sapiens
7124,TNF,9606,kegg,hsa05205,Proteoglycans in cancer - Homo sapiens (human),TNF,TNF,,Homo sapiens
7124,TNF,9606,kegg,hsa05310,Asthma - Homo sapiens (human),TNF,TNF,,Homo sapiens
7124,TNF,9606,kegg,hsa05321,Inflammatory bowel disease - Homo sapiens (human),TNF,TNF,,Homo sapiens
7124,TNF,9606,kegg,hsa05322,Systemic lupus erythematosus - Homo sapiens (human),TNF,TNF,,Homo sapiens
7124,TNF,9606,kegg,hsa05323,Rheumatoid arthritis - Homo sapiens (human),TNF,TNF,,Homo sapiens
7124,TNF,9606,kegg,hsa05330,Allograft rejection - Homo sapiens (human),TNF,TNF,,Homo sapiens
7124,TNF,9606,kegg,hsa05332,Graft-versus-host disease - Homo sapiens (human),TNF,TNF,,Homo sapiens
7124,TNF,9606,kegg,hsa05410,Hypertrophic cardiomyopathy - Homo sapiens (human),TNF,TNF,,Homo sapiens
7124,TNF,9606,kegg,hsa05414,Dilated cardiomyopathy - Homo sapiens (human),TNF,TNF,,Homo sapiens
7124,TNF,9606,kegg,hsa05417,Lipid and atherosclerosis - Homo sapiens (human),TNF,TNF,,Homo sapiens
7124,TNF,9606,kegg,hsa05418,Fluid shear stress and atherosclerosis - Homo sapiens (human),TNF,TNF,,Homo sapiens
7124,TNF,9606,netpath,Pathway_TNFalpha,TNFalpha,TNF,TNF,,Homo sapiens
7124,TNF,9606,netpath,Pathway_TWEAK,TWEAK,TNF,TNF,,Homo sapiens
7124,TNF,9606,pid,amb2_neutrophils_pathway,amb2 Integrin signaling,TNF,TNF,,Homo sapiens
7124,TNF,9606,pid,angiopoietinreceptor_pathway,Angiopoietin receptor Tie2-mediated signaling,TNF,TNF,,Homo sapiens
7124,TNF,9606,pid,anthraxpathway,Cellular roles of Anthrax toxin,TNF,TNF,,Homo sapiens
7124,TNF,9606,pid,caspase_pathway,Caspase Cascade in Apoptosis,TNF,TNF,,Homo sapiens
7124,TNF,9606,pid,cd8tcrdownstreampathway,Downstream signaling in na&#xef;ve CD8+ T cells,TNF,TNF,,Homo sapiens
7124,TNF,9606,pid,ceramide_pathway,Ceramide signaling pathway,TNF,TNF,,Homo sapiens
7124,TNF,9606,pid,hdac_classi_pathway,Signaling events mediated by HDAC Class I,TNF,TNF,,Homo sapiens
7124,TNF,9606,pid,hivnefpathway,HIV-1 Nef: Negative effector of Fas and TNF-alpha,TNF,TNF,,Homo sapiens
7124,TNF,9606,pid,il23pathway,IL23-mediated signaling events,TNF,TNF,,Homo sapiens
7124,TNF,9606,pid,il27pathway,IL27-mediated signaling events,TNF,TNF,,Homo sapiens
7124,TNF,9606,pid,nfat_tfpathway,Calcineurin-regulated NFAT-dependent transcription in lymphocytes,TNF,TNF,,Homo sapiens
7124,TNF,9606,pid,nfkappabcanonicalpathway,Canonical NF-kappaB pathway,TNF,TNF,,Homo sapiens
7124,TNF,9606,pid,rxr_vdr_pathway,RXR and RAR heterodimerization with other nuclear receptor,TNF,TNF,,Homo sapiens
7124,TNF,9606,pid,tnfpathway,TNF receptor signaling pathway ,TNF,TNF,,Homo sapiens
7124,TNF,9606,smpdb,SMP00358,Fc Epsilon Receptor I Signaling in Mast Cells,TNF,TNF,,Homo sapiens
7124,TNF,9606,wikipathways,WP129,Matrix Metalloproteinases,TNF,TNF,,Homo sapiens
7124,TNF,9606,wikipathways,WP1449,Regulation of toll-like receptor signaling pathway,TNF,TNF,,Homo sapiens
7124,TNF,9606,wikipathways,WP15,Selenium Micronutrient Network,TNF,TNF,,Homo sapiens
7124,TNF,9606,wikipathways,WP1533,Vitamin B12 metabolism,TNF,TNF,,Homo sapiens
7124,TNF,9606,wikipathways,WP1544,MicroRNAs in cardiomyocyte hypertrophy,TNF,TNF,,Homo sapiens
7124,TNF,9606,wikipathways,WP1584,Type II diabetes mellitus,TNF,TNF,,Homo sapiens
7124,TNF,9606,wikipathways,WP176,Folate Metabolism,TNF,TNF,,Homo sapiens
7124,TNF,9606,wikipathways,WP2036,TNF related weak inducer of apoptosis (TWEAK) Signaling Pathway,TNF,TNF,,Homo sapiens
7124,TNF,9606,wikipathways,WP2059,"Alzheimer,s disease",TNF,TNF,,Homo sapiens
7124,TNF,9606,wikipathways,WP231,TNF-alpha signaling pathway,TNF,TNF,,Homo sapiens
7124,TNF,9606,wikipathways,WP2328,Allograft Rejection,TNF,TNF,,Homo sapiens
7124,TNF,9606,wikipathways,WP236,Adipogenesis,TNF,TNF,,Homo sapiens
7124,TNF,9606,wikipathways,WP2431,Spinal Cord Injury,TNF,TNF,,Homo sapiens
7124,TNF,9606,wikipathways,WP2447,Amyotrophic lateral sclerosis (ALS),TNF,TNF,,Homo sapiens
7124,TNF,9606,wikipathways,WP254,Apoptosis,TNF,TNF,,Homo sapiens
7124,TNF,9606,wikipathways,WP2586,Aryl Hydrocarbon Receptor Netpath,TNF,TNF,,Homo sapiens
7124,TNF,9606,wikipathways,WP262,Ebstein-Barr virus LMP1 signaling,TNF,TNF,,Homo sapiens
7124,TNF,9606,wikipathways,WP2795,Cardiac Hypertrophic Response,TNF,TNF,,Homo sapiens
7124,TNF,9606,wikipathways,WP2813,Mammary gland development pathway - Embryonic development (Stage 1 of 4),TNF,TNF,,Homo sapiens
7124,TNF,9606,wikipathways,WP2864,Apoptosis-related network due to altered Notch3 in ovarian cancer,TNF,TNF,,Homo sapiens
7124,TNF,9606,wikipathways,WP2873,Aryl Hydrocarbon Receptor Pathway,TNF,TNF,,Homo sapiens
7124,TNF,9606,wikipathways,WP2882,Nuclear Receptors Meta-Pathway,TNF,TNF,,Homo sapiens
7124,TNF,9606,wikipathways,WP314,Fas ligand pathway and stress induction of heat shock proteins,TNF,TNF,,Homo sapiens
7124,TNF,9606,wikipathways,WP3287,Overview of nanoparticle effects,TNF,TNF,,Homo sapiens
7124,TNF,9606,wikipathways,WP3297,EV release from cardiac cells and their functional effects,TNF,TNF,,Homo sapiens
7124,TNF,9606,wikipathways,WP3599,Transcription factor regulation in adipogenesis,TNF,TNF,,Homo sapiens
7124,TNF,9606,wikipathways,WP3617,Photodynamic therapy-induced NF-kB survival signaling,TNF,TNF,,Homo sapiens
7124,TNF,9606,wikipathways,WP3624,Lung fibrosis,TNF,TNF,,Homo sapiens
7124,TNF,9606,wikipathways,WP382,MAPK Signaling Pathway,TNF,TNF,,Homo sapiens
7124,TNF,9606,wikipathways,WP3863,T-Cell antigen Receptor (TCR) pathway during Staphylococcus aureus infection,TNF,TNF,,Homo sapiens
7124,TNF,9606,wikipathways,WP3865,Novel intracellular components of RIG-I-like receptor (RLR) pathway,TNF,TNF,,Homo sapiens
7124,TNF,9606,wikipathways,WP3893,Development and heterogeneity of the ILC family,TNF,TNF,,Homo sapiens
7124,TNF,9606,wikipathways,WP3941,Oxidative Damage,TNF,TNF,,Homo sapiens
7124,TNF,9606,wikipathways,WP4008,NO-cGMP-PKG mediated Neuroprotection,TNF,TNF,,Homo sapiens
7124,TNF,9606,wikipathways,WP4136,Fibrin Complement Receptor 3 Signaling Pathway,TNF,TNF,,Homo sapiens
7124,TNF,9606,wikipathways,WP4298,Acute viral myocarditis,TNF,TNF,,Homo sapiens
7124,TNF,9606,wikipathways,WP4329,miRNAs involvement in the immune response in sepsis,TNF,TNF,,Homo sapiens
7124,TNF,9606,wikipathways,WP4341,"Non-genomic actions of 1,25 dihydroxyvitamin D3",TNF,TNF,,Homo sapiens
7124,TNF,9606,wikipathways,WP4396,Nonalcoholic fatty liver disease,TNF,TNF,,Homo sapiens
7124,TNF,9606,wikipathways,WP4480,Role of Altered Glycolysation of MUC1 in Tumour Microenvironment,TNF,TNF,,Homo sapiens
7124,TNF,9606,wikipathways,WP4481,Resistin as a regulator of inflammation,TNF,TNF,,Homo sapiens
7124,TNF,9606,wikipathways,WP4482,Vitamin D in inflammatory diseases,TNF,TNF,,Homo sapiens
7124,TNF,9606,wikipathways,WP4493,Cells and molecules involved in local acute inflammatory response,TNF,TNF,,Homo sapiens
7124,TNF,9606,wikipathways,WP4496,Signal transduction through IL1R,TNF,TNF,,Homo sapiens
7124,TNF,9606,wikipathways,WP4666,Hepatitis B infection,TNF,TNF,,Homo sapiens
7124,TNF,9606,wikipathways,WP4673,Male infertility,TNF,TNF,,Homo sapiens
7124,TNF,9606,wikipathways,WP4747,Netrin-UNC5B signaling pathway,TNF,TNF,,Homo sapiens
7124,TNF,9606,wikipathways,WP4754,IL-18 signaling pathway,TNF,TNF,,Homo sapiens
7124,TNF,9606,wikipathways,WP4816,TGF-beta receptor signaling in skeletal dysplasias,TNF,TNF,,Homo sapiens
7124,TNF,9606,wikipathways,WP4864,Host-pathogen interaction of human coronaviruses - apoptosis,TNF,TNF,,Homo sapiens
7124,TNF,9606,wikipathways,WP4891,COVID-19 adverse outcome pathway,TNF,TNF,,Homo sapiens
7124,TNF,9606,wikipathways,WP4969,RAS and bradykinin pathways in COVID-19,TNF,TNF,,Homo sapiens
7124,TNF,9606,wikipathways,WP530,Cytokines and Inflammatory Response,TNF,TNF,,Homo sapiens
7124,TNF,9606,wikipathways,WP560,TGF-beta Receptor Signaling,TNF,TNF,,Homo sapiens
7124,TNF,9606,wikipathways,WP706,Sudden Infant Death Syndrome (SIDS) Susceptibility Pathways,TNF,TNF,,Homo sapiens
7124,TNF,9606,wikipathways,WP727,Monoamine Transport,TNF,TNF,,Homo sapiens
7124,TNF,9606,wikipathways,WP75,Toll-like Receptor Signaling Pathway,TNF,TNF,,Homo sapiens
81818,Vim,10116,reactome,R-RNO-109581,Apoptosis,VIM,Vim,,Rattus norvegicus
81818,Vim,10116,reactome,R-RNO-111465,Apoptotic cleavage of cellular proteins,VIM,Vim,,Rattus norvegicus
81818,Vim,10116,reactome,R-RNO-162582,Signal Transduction,VIM,Vim,,Rattus norvegicus
81818,Vim,10116,reactome,R-RNO-1632852,Macroautophagy,VIM,Vim,,Rattus norvegicus
81818,Vim,10116,reactome,R-RNO-194315,Signaling by Rho GTPases,VIM,Vim,,Rattus norvegicus
81818,Vim,10116,reactome,R-RNO-264870,Caspase-mediated cleavage of cytoskeletal proteins,VIM,Vim,,Rattus norvegicus
81818,Vim,10116,reactome,R-RNO-390522,Striated Muscle Contraction,VIM,Vim,,Rattus norvegicus
81818,Vim,10116,reactome,R-RNO-397014,Muscle contraction,VIM,Vim,,Rattus norvegicus
81818,Vim,10116,reactome,R-RNO-5357801,Programmed Cell Death,VIM,Vim,,Rattus norvegicus
81818,Vim,10116,reactome,R-RNO-75153,Apoptotic execution phase,VIM,Vim,,Rattus norvegicus
81818,Vim,10116,reactome,R-RNO-9012999,RHO GTPase cycle,VIM,Vim,,Rattus norvegicus
81818,Vim,10116,reactome,R-RNO-9013422,RHOBTB1 GTPase cycle,VIM,Vim,,Rattus norvegicus
81818,Vim,10116,reactome,R-RNO-9612973,Autophagy,VIM,Vim,,Rattus norvegicus
81818,Vim,10116,reactome,R-RNO-9646399,Aggrephagy,VIM,Vim,,Rattus norvegicus
81818,Vim,10116,reactome,R-RNO-9663891,Selective autophagy,VIM,Vim,,Rattus norvegicus
81818,Vim,10116,reactome,R-RNO-9706574,RHOBTB GTPase Cycle,VIM,Vim,,Rattus norvegicus
81818,Vim,10116,reactome,R-RNO-9716542,"Signaling by Rho GTPases, Miro GTPases and RHOBTB3",VIM,Vim,,Rattus norvegicus
569250,ehmt2,7955,reactome,R-DRE-212436,Generic Transcription Pathway,EHMT2,ehmt2,,Danio rerio
569250,ehmt2,7955,reactome,R-DRE-2262752,Cellular responses to stress,EHMT2,ehmt2,,Danio rerio
569250,ehmt2,7955,reactome,R-DRE-2559582,Senescence-Associated Secretory Phenotype (SASP),EHMT2,ehmt2,,Danio rerio
569250,ehmt2,7955,reactome,R-DRE-2559583,Cellular Senescence,EHMT2,ehmt2,,Danio rerio
569250,ehmt2,7955,reactome,R-DRE-3214841,PKMTs methylate histone lysines,EHMT2,ehmt2,,Danio rerio
569250,ehmt2,7955,reactome,R-DRE-3247509,Chromatin modifying enzymes,EHMT2,ehmt2,,Danio rerio
569250,ehmt2,7955,reactome,R-DRE-3700989,Transcriptional Regulation by TP53,EHMT2,ehmt2,,Danio rerio
569250,ehmt2,7955,reactome,R-DRE-4839726,Chromatin organization,EHMT2,ehmt2,,Danio rerio
569250,ehmt2,7955,reactome,R-DRE-5633007,Regulation of TP53 Activity,EHMT2,ehmt2,,Danio rerio
569250,ehmt2,7955,reactome,R-DRE-6804760,Regulation of TP53 Activity through Methylation,EHMT2,ehmt2,,Danio rerio
569250,ehmt2,7955,reactome,R-DRE-73857,RNA Polymerase II Transcription,EHMT2,ehmt2,,Danio rerio
569250,ehmt2,7955,reactome,R-DRE-74160,Gene expression (Transcription),EHMT2,ehmt2,,Danio rerio
569250,ehmt2,7955,reactome,R-DRE-8953750,Transcriptional Regulation by E2F6,EHMT2,ehmt2,,Danio rerio
569250,ehmt2,7955,reactome,R-DRE-8953897,Cellular responses to stimuli,EHMT2,ehmt2,,Danio rerio
192302,hdac1,7955,reactome,R-DRE-109582,Hemostasis,HDAC1,hdac1,,Danio rerio
192302,hdac1,7955,reactome,R-DRE-1257604,PIP3 activates AKT signaling,HDAC1,hdac1,,Danio rerio
192302,hdac1,7955,reactome,R-DRE-1266738,Developmental Biology,HDAC1,hdac1,,Danio rerio
192302,hdac1,7955,reactome,R-DRE-1538133,G0 and Early G1,HDAC1,hdac1,,Danio rerio
192302,hdac1,7955,reactome,R-DRE-162582,Signal Transduction,HDAC1,hdac1,,Danio rerio
192302,hdac1,7955,reactome,R-DRE-1640170,Cell Cycle,HDAC1,hdac1,,Danio rerio
192302,hdac1,7955,reactome,R-DRE-195721,Signaling by WNT,HDAC1,hdac1,,Danio rerio
192302,hdac1,7955,reactome,R-DRE-201681,TCF dependent signaling in response to WNT,HDAC1,hdac1,,Danio rerio
192302,hdac1,7955,reactome,R-DRE-201722,Formation of the beta-catenin:TCF transactivating complex,HDAC1,hdac1,,Danio rerio
192302,hdac1,7955,reactome,R-DRE-212436,Generic Transcription Pathway,HDAC1,hdac1,,Danio rerio
192302,hdac1,7955,reactome,R-DRE-2990846,SUMOylation,HDAC1,hdac1,,Danio rerio
192302,hdac1,7955,reactome,R-DRE-3108232,SUMO E3 ligases SUMOylate target proteins,HDAC1,hdac1,,Danio rerio
192302,hdac1,7955,reactome,R-DRE-3214815,HDACs deacetylate histones,HDAC1,hdac1,,Danio rerio
192302,hdac1,7955,reactome,R-DRE-3247509,Chromatin modifying enzymes,HDAC1,hdac1,,Danio rerio
192302,hdac1,7955,reactome,R-DRE-3700989,Transcriptional Regulation by TP53,HDAC1,hdac1,,Danio rerio
192302,hdac1,7955,reactome,R-DRE-392499,Metabolism of proteins,HDAC1,hdac1,,Danio rerio
192302,hdac1,7955,reactome,R-DRE-453279,Mitotic G1 phase and G1/S transition,HDAC1,hdac1,,Danio rerio
192302,hdac1,7955,reactome,R-DRE-4551638,SUMOylation of chromatin organization proteins,HDAC1,hdac1,,Danio rerio
192302,hdac1,7955,reactome,R-DRE-4839726,Chromatin organization,HDAC1,hdac1,,Danio rerio
192302,hdac1,7955,reactome,R-DRE-5633007,Regulation of TP53 Activity,HDAC1,hdac1,,Danio rerio
192302,hdac1,7955,reactome,R-DRE-597592,Post-translational protein modification,HDAC1,hdac1,,Danio rerio
192302,hdac1,7955,reactome,R-DRE-6804758,Regulation of TP53 Activity through Acetylation,HDAC1,hdac1,,Danio rerio
192302,hdac1,7955,reactome,R-DRE-6807070,PTEN Regulation,HDAC1,hdac1,,Danio rerio
192302,hdac1,7955,reactome,R-DRE-69278,"Cell Cycle, Mitotic",HDAC1,hdac1,,Danio rerio
192302,hdac1,7955,reactome,R-DRE-73857,RNA Polymerase II Transcription,HDAC1,hdac1,,Danio rerio
192302,hdac1,7955,reactome,R-DRE-74160,Gene expression (Transcription),HDAC1,hdac1,,Danio rerio
192302,hdac1,7955,reactome,R-DRE-8878171,Transcriptional regulation by RUNX1,HDAC1,hdac1,,Danio rerio
192302,hdac1,7955,reactome,R-DRE-8936459,RUNX1 regulates genes involved in megakaryocyte differentiation and platelet function,HDAC1,hdac1,,Danio rerio
192302,hdac1,7955,reactome,R-DRE-8939211,ESR-mediated signaling,HDAC1,hdac1,,Danio rerio
192302,hdac1,7955,reactome,R-DRE-8943724,Regulation of PTEN gene transcription,HDAC1,hdac1,,Danio rerio
192302,hdac1,7955,reactome,R-DRE-8986944,Transcriptional Regulation by MECP2,HDAC1,hdac1,,Danio rerio
192302,hdac1,7955,reactome,R-DRE-9006925,Intracellular signaling by second messengers,HDAC1,hdac1,,Danio rerio
192302,hdac1,7955,reactome,R-DRE-9006931,Signaling by Nuclear Receptors,HDAC1,hdac1,,Danio rerio
192302,hdac1,7955,reactome,R-DRE-9018519,Estrogen-dependent gene expression,HDAC1,hdac1,,Danio rerio
192302,hdac1,7955,reactome,R-DRE-9022692,Regulation of MECP2 expression and activity,HDAC1,hdac1,,Danio rerio
192302,hdac1,7955,reactome,R-DRE-9730414,MITF-M-regulated melanocyte development,HDAC1,hdac1,,Danio rerio
192302,hdac1,7955,reactome,R-DRE-9824594,Regulation of MITF-M-dependent genes involved in apoptosis,HDAC1,hdac1,,Danio rerio
192302,hdac1,7955,reactome,R-DRE-9825892,Regulation of MITF-M-dependent genes involved in cell cycle and proliferation,HDAC1,hdac1,,Danio rerio
192302,hdac1,7955,reactome,R-DRE-983231,Factors involved in megakaryocyte development and platelet production,HDAC1,hdac1,,Danio rerio
192302,hdac1,7955,reactome,R-DRE-9856651,MITF-M-dependent gene expression,HDAC1,hdac1,,Danio rerio
192302,hdac1,7955,reactome,R-DRE-9932444,ATP-dependent chromatin remodelers,HDAC1,hdac1,,Danio rerio
192302,hdac1,7955,reactome,R-DRE-9937848,CHD chromatin remodelers,HDAC1,hdac1,,Danio rerio
192302,hdac1,7955,reactome,R-DRE-9937850,NuRD complex assembly,HDAC1,hdac1,,Danio rerio
192302,hdac1,7955,reactome,R-DRE-9940951,Interaction of NuRD complexes with transcription factors,HDAC1,hdac1,,Danio rerio
192302,hdac1,7955,reactome,R-DRE-9943965,"CHD3, CHD4, CHD5 subfamily",HDAC1,hdac1,,Danio rerio
24932,Cd4,10116,reactome,R-RNO-1280215,Cytokine Signaling in Immune system,CD4,Cd4,,Rattus norvegicus
24932,Cd4,10116,reactome,R-RNO-1280218,Adaptive Immune System,CD4,Cd4,,Rattus norvegicus
24932,Cd4,10116,reactome,R-RNO-1461973,Defensins,CD4,Cd4,,Rattus norvegicus
24932,Cd4,10116,reactome,R-RNO-1462054,Alpha-defensins,CD4,Cd4,,Rattus norvegicus
24932,Cd4,10116,reactome,R-RNO-168249,Innate Immune System,CD4,Cd4,,Rattus norvegicus
24932,Cd4,10116,reactome,R-RNO-168256,Immune System,CD4,Cd4,,Rattus norvegicus
24932,Cd4,10116,reactome,R-RNO-199991,Membrane Trafficking,CD4,Cd4,,Rattus norvegicus
24932,Cd4,10116,reactome,R-RNO-202403,TCR signaling,CD4,Cd4,,Rattus norvegicus
24932,Cd4,10116,reactome,R-RNO-202424,Downstream TCR signaling,CD4,Cd4,,Rattus norvegicus
24932,Cd4,10116,reactome,R-RNO-202427,Phosphorylation of CD3 and TCR zeta chains,CD4,Cd4,,Rattus norvegicus
24932,Cd4,10116,reactome,R-RNO-202430,Translocation of ZAP-70 to Immunological synapse,CD4,Cd4,,Rattus norvegicus
24932,Cd4,10116,reactome,R-RNO-202433,Generation of second messenger molecules,CD4,Cd4,,Rattus norvegicus
24932,Cd4,10116,reactome,R-RNO-388841,Regulation of T cell activation by CD28 family,CD4,Cd4,,Rattus norvegicus
24932,Cd4,10116,reactome,R-RNO-389948,Co-inhibition by PD-1,CD4,Cd4,,Rattus norvegicus
24932,Cd4,10116,reactome,R-RNO-449147,Signaling by Interleukins,CD4,Cd4,,Rattus norvegicus
24932,Cd4,10116,reactome,R-RNO-449836,Other interleukin signaling,CD4,Cd4,,Rattus norvegicus
24932,Cd4,10116,reactome,R-RNO-5653656,Vesicle-mediated transport,CD4,Cd4,,Rattus norvegicus
24932,Cd4,10116,reactome,R-RNO-6803157,Antimicrobial peptides,CD4,Cd4,,Rattus norvegicus
24932,Cd4,10116,reactome,R-RNO-8856825,Cargo recognition for clathrin-mediated endocytosis,CD4,Cd4,,Rattus norvegicus
24932,Cd4,10116,reactome,R-RNO-8856828,Clathrin-mediated endocytosis,CD4,Cd4,,Rattus norvegicus
24699,Ptprc,10116,reactome,R-RNO-1266738,Developmental Biology,PTPRC,Ptprc,,Rattus norvegicus
24699,Ptprc,10116,reactome,R-RNO-1280218,Adaptive Immune System,PTPRC,Ptprc,,Rattus norvegicus
24699,Ptprc,10116,reactome,R-RNO-168249,Innate Immune System,PTPRC,Ptprc,,Rattus norvegicus
24699,Ptprc,10116,reactome,R-RNO-168256,Immune System,PTPRC,Ptprc,,Rattus norvegicus
24699,Ptprc,10116,reactome,R-RNO-202403,TCR signaling,PTPRC,Ptprc,,Rattus norvegicus
24699,Ptprc,10116,reactome,R-RNO-202427,Phosphorylation of CD3 and TCR zeta chains,PTPRC,Ptprc,,Rattus norvegicus
24699,Ptprc,10116,reactome,R-RNO-373755,Semaphorin interactions,PTPRC,Ptprc,,Rattus norvegicus
24699,Ptprc,10116,reactome,R-RNO-416700,Other semaphorin interactions,PTPRC,Ptprc,,Rattus norvegicus
24699,Ptprc,10116,reactome,R-RNO-422475,Axon guidance,PTPRC,Ptprc,,Rattus norvegicus
24699,Ptprc,10116,reactome,R-RNO-6798695,Neutrophil degranulation,PTPRC,Ptprc,,Rattus norvegicus
24699,Ptprc,10116,reactome,R-RNO-9675108,Nervous system development,PTPRC,Ptprc,,Rattus norvegicus
3687,ITGAX,9606,kegg,hsa04610,Complement and coagulation cascades - Homo sapiens (human),ITGAX,ITGAX,,Homo sapiens
3687,ITGAX,9606,kegg,hsa04810,Regulation of actin cytoskeleton - Homo sapiens (human),ITGAX,ITGAX,,Homo sapiens
3687,ITGAX,9606,kegg,hsa05152,Tuberculosis - Homo sapiens (human),ITGAX,ITGAX,,Homo sapiens
3687,ITGAX,9606,pid,integrin2_pathway,Beta2 integrin cell surface interactions,ITGAX,ITGAX,,Homo sapiens
3687,ITGAX,9606,wikipathways,WP185,Integrin-mediated Cell Adhesion,ITGAX,ITGAX,,Homo sapiens
3687,ITGAX,9606,wikipathways,WP3932,Focal Adhesion-PI3K-Akt-mTOR-signaling pathway,ITGAX,ITGAX,,Homo sapiens
3687,ITGAX,9606,wikipathways,WP3945,TYROBP causal network in microglia,ITGAX,ITGAX,,Homo sapiens
3687,ITGAX,9606,wikipathways,WP4541,Hippo-Merlin Signaling Dysregulation,ITGAX,ITGAX,,Homo sapiens
2302,FOXJ1,9606,reactome,R-HSA-1852241,Organelle biogenesis and maintenance,FOXJ1,FOXJ1,,Homo sapiens
2302,FOXJ1,9606,reactome,R-HSA-5617833,Cilium Assembly,FOXJ1,FOXJ1,,Homo sapiens
2302,FOXJ1,9606,reactome,R-HSA-9945556,Transcriptional regulation of multiciliogenesis,FOXJ1,FOXJ1,,Homo sapiens
2302,FOXJ1,9606,reactome,R-HSA-9975924,Assembly of the 9+2 motile cilia,FOXJ1,FOXJ1,,Homo sapiens
54768,HYDIN,9606,wikipathways,WP4803,Ciliopathies,HYDIN,HYDIN,,Homo sapiens
6696,SPP1,9606,biocarta,npp1pathway,regulators of bone mineralization,SPP1,SPP1,,Homo sapiens
6696,SPP1,9606,kegg,hsa04151,PI3K-Akt signaling pathway - Homo sapiens (human),SPP1,SPP1,,Homo sapiens
6696,SPP1,9606,kegg,hsa04371,Apelin signaling pathway - Homo sapiens (human),SPP1,SPP1,,Homo sapiens
6696,SPP1,9606,kegg,hsa04510,Focal adhesion - Homo sapiens (human),SPP1,SPP1,,Homo sapiens
6696,SPP1,9606,kegg,hsa04512,ECM-receptor interaction - Homo sapiens (human),SPP1,SPP1,,Homo sapiens
6696,SPP1,9606,kegg,hsa04620,Toll-like receptor signaling pathway - Homo sapiens (human),SPP1,SPP1,,Homo sapiens
6696,SPP1,9606,kegg,hsa04929,GnRH secretion - Homo sapiens (human),SPP1,SPP1,,Homo sapiens
6696,SPP1,9606,kegg,hsa05165,Human papillomavirus infection - Homo sapiens (human),SPP1,SPP1,,Homo sapiens
6696,SPP1,9606,pid,avb3_integrin_pathway,Integrins in angiogenesis,SPP1,SPP1,,Homo sapiens
6696,SPP1,9606,pid,avb3_opn_pathway,Osteopontin-mediated events,SPP1,SPP1,,Homo sapiens
6696,SPP1,9606,pid,fgf_pathway,FGF signaling pathway,SPP1,SPP1,,Homo sapiens
6696,SPP1,9606,pid,integrin1_pathway,Beta1 integrin cell surface interactions,SPP1,SPP1,,Homo sapiens
6696,SPP1,9606,pid,integrin3_pathway,Beta3 integrin cell surface interactions,SPP1,SPP1,,Homo sapiens
6696,SPP1,9606,pid,integrin_a4b1_pathway,Alpha4 beta1 integrin signaling events,SPP1,SPP1,,Homo sapiens
6696,SPP1,9606,pid,integrin_a9b1_pathway,Alpha9 beta1 integrin signaling events,SPP1,SPP1,,Homo sapiens
6696,SPP1,9606,pid,p53downstreampathway,Direct p53 effectors,SPP1,SPP1,,Homo sapiens
6696,SPP1,9606,wikipathways,WP12,Osteoclast Signaling,SPP1,SPP1,,Homo sapiens
6696,SPP1,9606,wikipathways,WP1434,Osteopontin Signaling,SPP1,SPP1,,Homo sapiens
6696,SPP1,9606,wikipathways,WP1449,Regulation of toll-like receptor signaling pathway,SPP1,SPP1,,Homo sapiens
6696,SPP1,9606,wikipathways,WP2380,Brain-derived neurotrophic factor (BDNF) signaling pathway,SPP1,SPP1,,Homo sapiens
6696,SPP1,9606,wikipathways,WP2806,Complement system,SPP1,SPP1,,Homo sapiens
6696,SPP1,9606,wikipathways,WP2877,Vitamin D Receptor Pathway,SPP1,SPP1,,Homo sapiens
6696,SPP1,9606,wikipathways,WP306,Focal Adhesion,SPP1,SPP1,,Homo sapiens
6696,SPP1,9606,wikipathways,WP3624,Lung fibrosis,SPP1,SPP1,,Homo sapiens
6696,SPP1,9606,wikipathways,WP3932,Focal Adhesion-PI3K-Akt-mTOR-signaling pathway,SPP1,SPP1,,Homo sapiens
6696,SPP1,9606,wikipathways,WP3945,TYROBP causal network in microglia,SPP1,SPP1,,Homo sapiens
6696,SPP1,9606,wikipathways,WP4172,PI3K-Akt signaling pathway,SPP1,SPP1,,Homo sapiens
6696,SPP1,9606,wikipathways,WP4300,Extracellular vesicles in the crosstalk of cardiac cells,SPP1,SPP1,,Homo sapiens
6696,SPP1,9606,wikipathways,WP474,Endochondral Ossification,SPP1,SPP1,,Homo sapiens
6696,SPP1,9606,wikipathways,WP4754,IL-18 signaling pathway,SPP1,SPP1,,Homo sapiens
6696,SPP1,9606,wikipathways,WP4790,FGF23 signaling in hypophosphatemic rickets and related disorders,SPP1,SPP1,,Homo sapiens
6696,SPP1,9606,wikipathways,WP4808,Endochondral Ossification with Skeletal Dysplasias,SPP1,SPP1,,Homo sapiens
6696,SPP1,9606,wikipathways,WP4816,TGF-beta receptor signaling in skeletal dysplasias,SPP1,SPP1,,Homo sapiens
6696,SPP1,9606,wikipathways,WP4844,The influence of laminopathies on Wnt signaling,SPP1,SPP1,,Homo sapiens
6696,SPP1,9606,wikipathways,WP4879,The Overlap Between Signal Transduction Pathways that Contribute to a Range of LMNA Laminopathies,SPP1,SPP1,,Homo sapiens
6696,SPP1,9606,wikipathways,WP560,TGF-beta Receptor Signaling,SPP1,SPP1,,Homo sapiens
6696,SPP1,9606,wikipathways,WP75,Toll-like Receptor Signaling Pathway,SPP1,SPP1,,Homo sapiens
10457,GPNMB,9606,reactome,R-HSA-162582,Signal Transduction,GPNMB,GPNMB,,Homo sapiens
10457,GPNMB,9606,reactome,R-HSA-8848021,Signaling by PTK6,GPNMB,GPNMB,,Homo sapiens
10457,GPNMB,9606,reactome,R-HSA-8857538,PTK6 promotes HIF1A stabilization,GPNMB,GPNMB,,Homo sapiens
10457,GPNMB,9606,reactome,R-HSA-9006927,Signaling by Non-Receptor Tyrosine Kinases,GPNMB,GPNMB,,Homo sapiens
968,CD68,9606,kegg,hsa04142,Lysosome - Homo sapiens (human),CD68,CD68,,Homo sapiens
968,CD68,9606,wikipathways,WP4146,Macrophage markers,CD68,CD68,,Homo sapiens
11828,Aqp3,10090,kegg,mmu04962,Vasopressin-regulated water reabsorption - Mus musculus (mouse),AQP3,Aqp3,,Mus musculus
12367,Casp3,10090,kegg,mmu04010,MAPK signaling pathway - Mus musculus (mouse),CASP3,Casp3,,Mus musculus
12367,Casp3,10090,kegg,mmu04115,p53 signaling pathway - Mus musculus (mouse),CASP3,Casp3,,Mus musculus
12367,Casp3,10090,kegg,mmu04210,Apoptosis - Mus musculus (mouse),CASP3,Casp3,,Mus musculus
12367,Casp3,10090,kegg,mmu04215,Apoptosis - multiple species - Mus musculus (mouse),CASP3,Casp3,,Mus musculus
12367,Casp3,10090,kegg,mmu04650,Natural killer cell mediated cytotoxicity - Mus musculus (mouse),CASP3,Casp3,,Mus musculus
12367,Casp3,10090,kegg,mmu04657,IL-17 signaling pathway - Mus musculus (mouse),CASP3,Casp3,,Mus musculus
12367,Casp3,10090,kegg,mmu04668,TNF signaling pathway - Mus musculus (mouse),CASP3,Casp3,,Mus musculus
12367,Casp3,10090,kegg,mmu04726,Serotonergic synapse - Mus musculus (mouse),CASP3,Casp3,,Mus musculus
12367,Casp3,10090,kegg,mmu04932,Non-alcoholic fatty liver disease - Mus musculus (mouse),CASP3,Casp3,,Mus musculus
12367,Casp3,10090,kegg,mmu04933,AGE-RAGE signaling pathway in diabetic complications - Mus musculus (mouse),CASP3,Casp3,,Mus musculus
12367,Casp3,10090,kegg,mmu04936,Alcoholic liver disease - Mus musculus (mouse),CASP3,Casp3,,Mus musculus
12367,Casp3,10090,kegg,mmu05010,Alzheimer disease - Mus musculus (mouse),CASP3,Casp3,,Mus musculus
12367,Casp3,10090,kegg,mmu05012,Parkinson disease - Mus musculus (mouse),CASP3,Casp3,,Mus musculus
12367,Casp3,10090,kegg,mmu05014,Amyotrophic lateral sclerosis - Mus musculus (mouse),CASP3,Casp3,,Mus musculus
12367,Casp3,10090,kegg,mmu05016,Huntington disease - Mus musculus (mouse),CASP3,Casp3,,Mus musculus
12367,Casp3,10090,kegg,mmu05020,Prion disease - Mus musculus (mouse),CASP3,Casp3,,Mus musculus
12367,Casp3,10090,kegg,mmu05022,Pathways of neurodegeneration - multiple diseases - Mus musculus (mouse),CASP3,Casp3,,Mus musculus
12367,Casp3,10090,kegg,mmu05132,Salmonella infection - Mus musculus (mouse),CASP3,Casp3,,Mus musculus
12367,Casp3,10090,kegg,mmu05133,Pertussis - Mus musculus (mouse),CASP3,Casp3,,Mus musculus
12367,Casp3,10090,kegg,mmu05134,Legionellosis - Mus musculus (mouse),CASP3,Casp3,,Mus musculus
12367,Casp3,10090,kegg,mmu05145,Toxoplasmosis - Mus musculus (mouse),CASP3,Casp3,,Mus musculus
12367,Casp3,10090,kegg,mmu05146,Amoebiasis - Mus musculus (mouse),CASP3,Casp3,,Mus musculus
12367,Casp3,10090,kegg,mmu05152,Tuberculosis - Mus musculus (mouse),CASP3,Casp3,,Mus musculus
12367,Casp3,10090,kegg,mmu05160,Hepatitis C - Mus musculus (mouse),CASP3,Casp3,,Mus musculus
12367,Casp3,10090,kegg,mmu05161,Hepatitis B - Mus musculus (mouse),CASP3,Casp3,,Mus musculus
12367,Casp3,10090,kegg,mmu05162,Measles - Mus musculus (mouse),CASP3,Casp3,,Mus musculus
12367,Casp3,10090,kegg,mmu05163,Human cytomegalovirus infection - Mus musculus (mouse),CASP3,Casp3,,Mus musculus
12367,Casp3,10090,kegg,mmu05164,Influenza A - Mus musculus (mouse),CASP3,Casp3,,Mus musculus
12367,Casp3,10090,kegg,mmu05165,Human papillomavirus infection - Mus musculus (mouse),CASP3,Casp3,,Mus musculus
12367,Casp3,10090,kegg,mmu05167,Kaposi sarcoma-associated herpesvirus infection - Mus musculus (mouse),CASP3,Casp3,,Mus musculus
12367,Casp3,10090,kegg,mmu05168,Herpes simplex virus 1 infection - Mus musculus (mouse),CASP3,Casp3,,Mus musculus
12367,Casp3,10090,kegg,mmu05169,Epstein-Barr virus infection - Mus musculus (mouse),CASP3,Casp3,,Mus musculus
12367,Casp3,10090,kegg,mmu05170,Human immunodeficiency virus 1 infection - Mus musculus (mouse),CASP3,Casp3,,Mus musculus
12367,Casp3,10090,kegg,mmu05200,Pathways in cancer - Mus musculus (mouse),CASP3,Casp3,,Mus musculus
12367,Casp3,10090,kegg,mmu05203,Viral carcinogenesis - Mus musculus (mouse),CASP3,Casp3,,Mus musculus
12367,Casp3,10090,kegg,mmu05205,Proteoglycans in cancer - Mus musculus (mouse),CASP3,Casp3,,Mus musculus
12367,Casp3,10090,kegg,mmu05206,MicroRNAs in cancer - Mus musculus (mouse),CASP3,Casp3,,Mus musculus
12367,Casp3,10090,kegg,mmu05210,Colorectal cancer - Mus musculus (mouse),CASP3,Casp3,,Mus musculus
12367,Casp3,10090,kegg,mmu05222,Small cell lung cancer - Mus musculus (mouse),CASP3,Casp3,,Mus musculus
12367,Casp3,10090,kegg,mmu05416,Viral myocarditis - Mus musculus (mouse),CASP3,Casp3,,Mus musculus
12367,Casp3,10090,kegg,mmu05417,Lipid and atherosclerosis - Mus musculus (mouse),CASP3,Casp3,,Mus musculus
13852,Stx2,10090,kegg,mmu04130,SNARE interactions in vesicular transport - Mus musculus (mouse),STX2,Stx2,,Mus musculus
13852,Stx2,10090,kegg,mmu04721,Synaptic vesicle cycle - Mus musculus (mouse),STX2,Stx2,,Mus musculus
18976,Pomc,10090,kegg,mmu04024,cAMP signaling pathway - Mus musculus (mouse),POMC,Pomc,,Mus musculus
18976,Pomc,10090,kegg,mmu04080,Neuroactive ligand-receptor interaction - Mus musculus (mouse),POMC,Pomc,,Mus musculus
18976,Pomc,10090,kegg,mmu04915,Estrogen signaling pathway - Mus musculus (mouse),POMC,Pomc,,Mus musculus
18976,Pomc,10090,kegg,mmu04916,Melanogenesis - Mus musculus (mouse),POMC,Pomc,,Mus musculus
18976,Pomc,10090,kegg,mmu04920,Adipocytokine signaling pathway - Mus musculus (mouse),POMC,Pomc,,Mus musculus
18976,Pomc,10090,kegg,mmu04925,Aldosterone synthesis and secretion - Mus musculus (mouse),POMC,Pomc,,Mus musculus
18976,Pomc,10090,kegg,mmu04927,Cortisol synthesis and secretion - Mus musculus (mouse),POMC,Pomc,,Mus musculus
18976,Pomc,10090,kegg,mmu04934,Cushing syndrome - Mus musculus (mouse),POMC,Pomc,,Mus musculus
109648,Npy,10090,kegg,mmu04024,cAMP signaling pathway - Mus musculus (mouse),NPY,Npy,,Mus musculus
109648,Npy,10090,kegg,mmu04080,Neuroactive ligand-receptor interaction - Mus musculus (mouse),NPY,Npy,,Mus musculus
109648,Npy,10090,kegg,mmu04920,Adipocytokine signaling pathway - Mus musculus (mouse),NPY,Npy,,Mus musculus
109648,Npy,10090,kegg,mmu04923,Regulation of lipolysis in adipocytes - Mus musculus (mouse),NPY,Npy,,Mus musculus
109648,Npy,10090,kegg,mmu05034,Alcoholism - Mus musculus (mouse),NPY,Npy,,Mus musculus
3354888,rl,7227,reactome,R-DME-109581,Apoptosis,RL,rl,,Drosophila melanogaster
3354888,rl,7227,reactome,R-DME-109606,Intrinsic Pathway for Apoptosis,RL,rl,,Drosophila melanogaster
3354888,rl,7227,reactome,R-DME-110056,MAPK3 (ERK1) activation,RL,rl,,Drosophila melanogaster
3354888,rl,7227,reactome,R-DME-111458,Formation of apoptosome,RL,rl,,Drosophila melanogaster
3354888,rl,7227,reactome,R-DME-111461,Cytochrome c-mediated apoptotic response,RL,rl,,Drosophila melanogaster
3354888,rl,7227,reactome,R-DME-111471,Apoptotic factor-mediated response,RL,rl,,Drosophila melanogaster
3354888,rl,7227,reactome,R-DME-112409,RAF-independent MAPK1/3 activation,RL,rl,,Drosophila melanogaster
3354888,rl,7227,reactome,R-DME-112411,MAPK1 (ERK2) activation,RL,rl,,Drosophila melanogaster
3354888,rl,7227,reactome,R-DME-1181150,Signaling by NODAL,RL,rl,,Drosophila melanogaster
3354888,rl,7227,reactome,R-DME-1266738,Developmental Biology,RL,rl,,Drosophila melanogaster
3354888,rl,7227,reactome,R-DME-1280215,Cytokine Signaling in Immune system,RL,rl,,Drosophila melanogaster
3354888,rl,7227,reactome,R-DME-1295596,Spry regulation of FGF signaling,RL,rl,,Drosophila melanogaster
3354888,rl,7227,reactome,R-DME-1502540,Signaling by Activin,RL,rl,,Drosophila melanogaster
3354888,rl,7227,reactome,R-DME-162582,Signal Transduction,RL,rl,,Drosophila melanogaster
3354888,rl,7227,reactome,R-DME-162658,Golgi Cisternae Pericentriolar Stack Reorganization,RL,rl,,Drosophila melanogaster
3354888,rl,7227,reactome,R-DME-1640170,Cell Cycle,RL,rl,,Drosophila melanogaster
3354888,rl,7227,reactome,R-DME-166016,Toll Like Receptor 4 (TLR4) Cascade,RL,rl,,Drosophila melanogaster
3354888,rl,7227,reactome,R-DME-166058,MyD88:MAL(TIRAP) cascade initiated on plasma membrane,RL,rl,,Drosophila melanogaster
3354888,rl,7227,reactome,R-DME-166166,MyD88-independent TLR4 cascade ,RL,rl,,Drosophila melanogaster
3354888,rl,7227,reactome,R-DME-166520,Signaling by NTRKs,RL,rl,,Drosophila melanogaster
3354888,rl,7227,reactome,R-DME-168138,Toll Like Receptor 9 (TLR9) Cascade,RL,rl,,Drosophila melanogaster
3354888,rl,7227,reactome,R-DME-168142,Toll Like Receptor 10 (TLR10) Cascade,RL,rl,,Drosophila melanogaster
3354888,rl,7227,reactome,R-DME-168164,Toll Like Receptor 3 (TLR3) Cascade,RL,rl,,Drosophila melanogaster
3354888,rl,7227,reactome,R-DME-168176,Toll Like Receptor 5 (TLR5) Cascade,RL,rl,,Drosophila melanogaster
3354888,rl,7227,reactome,R-DME-168179,Toll Like Receptor TLR1:TLR2 Cascade,RL,rl,,Drosophila melanogaster
3354888,rl,7227,reactome,R-DME-168181,Toll Like Receptor 7/8 (TLR7/8) Cascade,RL,rl,,Drosophila melanogaster
3354888,rl,7227,reactome,R-DME-168188,Toll Like Receptor TLR6:TLR2 Cascade,RL,rl,,Drosophila melanogaster
3354888,rl,7227,reactome,R-DME-168249,Innate Immune System,RL,rl,,Drosophila melanogaster
3354888,rl,7227,reactome,R-DME-168256,Immune System,RL,rl,,Drosophila melanogaster
3354888,rl,7227,reactome,R-DME-168898,Toll-like Receptor Cascades,RL,rl,,Drosophila melanogaster
3354888,rl,7227,reactome,R-DME-169893,Prolonged ERK activation events,RL,rl,,Drosophila melanogaster
3354888,rl,7227,reactome,R-DME-170834,Signaling by TGF-beta Receptor Complex,RL,rl,,Drosophila melanogaster
3354888,rl,7227,reactome,R-DME-170968,Frs2-mediated activation,RL,rl,,Drosophila melanogaster
3354888,rl,7227,reactome,R-DME-181438,Toll Like Receptor 2 (TLR2) Cascade,RL,rl,,Drosophila melanogaster
3354888,rl,7227,reactome,R-DME-187037,Signaling by NTRK1 (TRKA),RL,rl,,Drosophila melanogaster
3354888,rl,7227,reactome,R-DME-187687,Signalling to ERKs,RL,rl,,Drosophila melanogaster
3354888,rl,7227,reactome,R-DME-190236,Signaling by FGFR,RL,rl,,Drosophila melanogaster
3354888,rl,7227,reactome,R-DME-194315,Signaling by Rho GTPases,RL,rl,,Drosophila melanogaster
3354888,rl,7227,reactome,R-DME-195258,RHO GTPase Effectors,RL,rl,,Drosophila melanogaster
3354888,rl,7227,reactome,R-DME-198725,Nuclear Events (kinase and transcription factor activation),RL,rl,,Drosophila melanogaster
3354888,rl,7227,reactome,R-DME-198753,ERK/MAPK targets,RL,rl,,Drosophila melanogaster
3354888,rl,7227,reactome,R-DME-202670,ERKs are inactivated,RL,rl,,Drosophila melanogaster
3354888,rl,7227,reactome,R-DME-2029480,Fcgamma receptor (FCGR) dependent phagocytosis,RL,rl,,Drosophila melanogaster
3354888,rl,7227,reactome,R-DME-2029482,Regulation of actin dynamics for phagocytic cup formation,RL,rl,,Drosophila melanogaster
3354888,rl,7227,reactome,R-DME-212436,Generic Transcription Pathway,RL,rl,,Drosophila melanogaster
3354888,rl,7227,reactome,R-DME-2173793,Transcriptional activity of SMAD2/SMAD3:SMAD4 heterotrimer,RL,rl,,Drosophila melanogaster
3354888,rl,7227,reactome,R-DME-2173795,Downregulation of SMAD2/3:SMAD4 transcriptional activity,RL,rl,,Drosophila melanogaster
3354888,rl,7227,reactome,R-DME-2173796,SMAD2/SMAD3:SMAD4 heterotrimer regulates transcription,RL,rl,,Drosophila melanogaster
3354888,rl,7227,reactome,R-DME-2262752,Cellular responses to stress,RL,rl,,Drosophila melanogaster
3354888,rl,7227,reactome,R-DME-2454202,Fc epsilon receptor (FCERI) signaling,RL,rl,,Drosophila melanogaster
3354888,rl,7227,reactome,R-DME-2559580,Oxidative Stress Induced Senescence,RL,rl,,Drosophila melanogaster
3354888,rl,7227,reactome,R-DME-2559582,Senescence-Associated Secretory Phenotype (SASP),RL,rl,,Drosophila melanogaster
3354888,rl,7227,reactome,R-DME-2559583,Cellular Senescence,RL,rl,,Drosophila melanogaster
3354888,rl,7227,reactome,R-DME-2559585,Oncogene Induced Senescence,RL,rl,,Drosophila melanogaster
3354888,rl,7227,reactome,R-DME-2871796,FCERI mediated MAPK activation,RL,rl,,Drosophila melanogaster
3354888,rl,7227,reactome,R-DME-3371453,Regulation of HSF1-mediated heat shock response,RL,rl,,Drosophila melanogaster
3354888,rl,7227,reactome,R-DME-3371556,Cellular response to heat stress,RL,rl,,Drosophila melanogaster
3354888,rl,7227,reactome,R-DME-372790,Signaling by GPCR,RL,rl,,Drosophila melanogaster
3354888,rl,7227,reactome,R-DME-373760,L1CAM interactions,RL,rl,,Drosophila melanogaster
3354888,rl,7227,reactome,R-DME-375165,NCAM signaling for neurite out-growth,RL,rl,,Drosophila melanogaster
3354888,rl,7227,reactome,R-DME-388396,GPCR downstream signalling,RL,rl,,Drosophila melanogaster
3354888,rl,7227,reactome,R-DME-416476,G alpha (q) signalling events,RL,rl,,Drosophila melanogaster
3354888,rl,7227,reactome,R-DME-422475,Axon guidance,RL,rl,,Drosophila melanogaster
3354888,rl,7227,reactome,R-DME-437239,Recycling pathway of L1,RL,rl,,Drosophila melanogaster
3354888,rl,7227,reactome,R-DME-445144,Signal transduction by L1,RL,rl,,Drosophila melanogaster
3354888,rl,7227,reactome,R-DME-448424,Interleukin-17 signaling,RL,rl,,Drosophila melanogaster
3354888,rl,7227,reactome,R-DME-449147,Signaling by Interleukins,RL,rl,,Drosophila melanogaster
3354888,rl,7227,reactome,R-DME-450282,MAPK targets/ Nuclear events mediated by MAP kinases,RL,rl,,Drosophila melanogaster
3354888,rl,7227,reactome,R-DME-450294,MAP kinase activation,RL,rl,,Drosophila melanogaster
3354888,rl,7227,reactome,R-DME-450341,Activation of the AP-1 family of transcription factors,RL,rl,,Drosophila melanogaster
3354888,rl,7227,reactome,R-DME-5357801,Programmed Cell Death,RL,rl,,Drosophila melanogaster
3354888,rl,7227,reactome,R-DME-5654726,Negative regulation of FGFR1 signaling,RL,rl,,Drosophila melanogaster
3354888,rl,7227,reactome,R-DME-5654727,Negative regulation of FGFR2 signaling,RL,rl,,Drosophila melanogaster
3354888,rl,7227,reactome,R-DME-5654732,Negative regulation of FGFR3 signaling,RL,rl,,Drosophila melanogaster
3354888,rl,7227,reactome,R-DME-5654733,Negative regulation of FGFR4 signaling,RL,rl,,Drosophila melanogaster
3354888,rl,7227,reactome,R-DME-5654736,Signaling by FGFR1,RL,rl,,Drosophila melanogaster
3354888,rl,7227,reactome,R-DME-5654738,Signaling by FGFR2,RL,rl,,Drosophila melanogaster
3354888,rl,7227,reactome,R-DME-5654741,Signaling by FGFR3,RL,rl,,Drosophila melanogaster
3354888,rl,7227,reactome,R-DME-5654743,Signaling by FGFR4,RL,rl,,Drosophila melanogaster
3354888,rl,7227,reactome,R-DME-5663213,RHO GTPases Activate WASPs and WAVEs,RL,rl,,Drosophila melanogaster
3354888,rl,7227,reactome,R-DME-5673001,RAF/MAP kinase cascade,RL,rl,,Drosophila melanogaster
3354888,rl,7227,reactome,R-DME-5674135,MAP2K and MAPK activation,RL,rl,,Drosophila melanogaster
3354888,rl,7227,reactome,R-DME-5674499,Negative feedback regulation of MAPK pathway,RL,rl,,Drosophila melanogaster
3354888,rl,7227,reactome,R-DME-5675221,Negative regulation of MAPK pathway,RL,rl,,Drosophila melanogaster
3354888,rl,7227,reactome,R-DME-5683057,MAPK family signaling cascades,RL,rl,,Drosophila melanogaster
3354888,rl,7227,reactome,R-DME-5684996,MAPK1/MAPK3 signaling,RL,rl,,Drosophila melanogaster
3354888,rl,7227,reactome,R-DME-6798695,Neutrophil degranulation,RL,rl,,Drosophila melanogaster
3354888,rl,7227,reactome,R-DME-68875,Mitotic Prophase,RL,rl,,Drosophila melanogaster
3354888,rl,7227,reactome,R-DME-68886,M Phase,RL,rl,,Drosophila melanogaster
3354888,rl,7227,reactome,R-DME-69278,"Cell Cycle, Mitotic",RL,rl,,Drosophila melanogaster
3354888,rl,7227,reactome,R-DME-73857,RNA Polymerase II Transcription,RL,rl,,Drosophila melanogaster
3354888,rl,7227,reactome,R-DME-74160,Gene expression (Transcription),RL,rl,,Drosophila melanogaster
3354888,rl,7227,reactome,R-DME-74749,Signal attenuation,RL,rl,,Drosophila melanogaster
3354888,rl,7227,reactome,R-DME-74751,Insulin receptor signalling cascade,RL,rl,,Drosophila melanogaster
3354888,rl,7227,reactome,R-DME-74752,Signaling by Insulin receptor,RL,rl,,Drosophila melanogaster
3354888,rl,7227,reactome,R-DME-877300,Interferon gamma signaling,RL,rl,,Drosophila melanogaster
3354888,rl,7227,reactome,R-DME-881907,Gastrin-CREB signalling pathway via PKC and MAPK,RL,rl,,Drosophila melanogaster
3354888,rl,7227,reactome,R-DME-8939211,ESR-mediated signaling,RL,rl,,Drosophila melanogaster
3354888,rl,7227,reactome,R-DME-8953897,Cellular responses to stimuli,RL,rl,,Drosophila melanogaster
3354888,rl,7227,reactome,R-DME-9006931,Signaling by Nuclear Receptors,RL,rl,,Drosophila melanogaster
3354888,rl,7227,reactome,R-DME-9006934,Signaling by Receptor Tyrosine Kinases,RL,rl,,Drosophila melanogaster
3354888,rl,7227,reactome,R-DME-9006936,Signaling by TGFB family members,RL,rl,,Drosophila melanogaster
3354888,rl,7227,reactome,R-DME-9009391,Extra-nuclear estrogen signaling,RL,rl,,Drosophila melanogaster
3354888,rl,7227,reactome,R-DME-913531,Interferon Signaling,RL,rl,,Drosophila melanogaster
3354888,rl,7227,reactome,R-DME-937061,TRIF (TICAM1)-mediated TLR4 signaling ,RL,rl,,Drosophila melanogaster
3354888,rl,7227,reactome,R-DME-9627069,Regulation of the apoptosome activity,RL,rl,,Drosophila melanogaster
3354888,rl,7227,reactome,R-DME-9634635,Estrogen-stimulated signaling through PRKCZ,RL,rl,,Drosophila melanogaster
3354888,rl,7227,reactome,R-DME-9634638,Estrogen-dependent nuclear events downstream of ESR-membrane signaling,RL,rl,,Drosophila melanogaster
3354888,rl,7227,reactome,R-DME-9675108,Nervous system development,RL,rl,,Drosophila melanogaster
3354888,rl,7227,reactome,R-DME-9716542,"Signaling by Rho GTPases, Miro GTPases and RHOBTB3",RL,rl,,Drosophila melanogaster
3354888,rl,7227,reactome,R-DME-9730414,MITF-M-regulated melanocyte development,RL,rl,,Drosophila melanogaster
3354888,rl,7227,reactome,R-DME-975138,TRAF6 mediated induction of NFkB and MAP kinases upon TLR7/8 or 9 activation,RL,rl,,Drosophila melanogaster
3354888,rl,7227,reactome,R-DME-975155,MyD88 dependent cascade initiated on endosome,RL,rl,,Drosophila melanogaster
3354888,rl,7227,reactome,R-DME-975871,MyD88 cascade initiated on plasma membrane,RL,rl,,Drosophila melanogaster
3354888,rl,7227,reactome,R-DME-9856649,Transcriptional and post-translational regulation of MITF-M expression and activity,RL,rl,,Drosophila melanogaster
43149,Nf1,7227,reactome,R-DME-162582,Signal Transduction,NF1,Nf1,,Drosophila melanogaster
43149,Nf1,7227,reactome,R-DME-5658442,Regulation of RAS by GAPs,NF1,Nf1,,Drosophila melanogaster
43149,Nf1,7227,reactome,R-DME-5673001,RAF/MAP kinase cascade,NF1,Nf1,,Drosophila melanogaster
43149,Nf1,7227,reactome,R-DME-5683057,MAPK family signaling cascades,NF1,Nf1,,Drosophila melanogaster
43149,Nf1,7227,reactome,R-DME-5684996,MAPK1/MAPK3 signaling,NF1,Nf1,,Drosophila melanogaster
6347,CCL2,9606,biocarta,ccr5pathway,pertussis toxin-insensitive ccr5 signaling in macrophage,CCL2,CCL2,,Homo sapiens
6347,CCL2,9606,kegg,hsa04060,Cytokine-cytokine receptor interaction - Homo sapiens (human),CCL2,CCL2,,Homo sapiens
6347,CCL2,9606,kegg,hsa04061,Viral protein interaction with cytokine and cytokine receptor - Homo sapiens (human),CCL2,CCL2,,Homo sapiens
6347,CCL2,9606,kegg,hsa04062,Chemokine signaling pathway - Homo sapiens (human),CCL2,CCL2,,Homo sapiens
6347,CCL2,9606,kegg,hsa04621,NOD-like receptor signaling pathway - Homo sapiens (human),CCL2,CCL2,,Homo sapiens
6347,CCL2,9606,kegg,hsa04657,IL-17 signaling pathway - Homo sapiens (human),CCL2,CCL2,,Homo sapiens
6347,CCL2,9606,kegg,hsa04668,TNF signaling pathway - Homo sapiens (human),CCL2,CCL2,,Homo sapiens
6347,CCL2,9606,kegg,hsa04933,AGE-RAGE signaling pathway in diabetic complications - Homo sapiens (human),CCL2,CCL2,,Homo sapiens
6347,CCL2,9606,kegg,hsa05135,Yersinia infection - Homo sapiens (human),CCL2,CCL2,,Homo sapiens
6347,CCL2,9606,kegg,hsa05142,Chagas disease - Homo sapiens (human),CCL2,CCL2,,Homo sapiens
6347,CCL2,9606,kegg,hsa05144,Malaria - Homo sapiens (human),CCL2,CCL2,,Homo sapiens
6347,CCL2,9606,kegg,hsa05163,Human cytomegalovirus infection - Homo sapiens (human),CCL2,CCL2,,Homo sapiens
6347,CCL2,9606,kegg,hsa05164,Influenza A - Homo sapiens (human),CCL2,CCL2,,Homo sapiens
6347,CCL2,9606,kegg,hsa05168,Herpes simplex virus 1 infection - Homo sapiens (human),CCL2,CCL2,,Homo sapiens
6347,CCL2,9606,kegg,hsa05171,Coronavirus disease - COVID-19 - Homo sapiens (human),CCL2,CCL2,,Homo sapiens
6347,CCL2,9606,kegg,hsa05323,Rheumatoid arthritis - Homo sapiens (human),CCL2,CCL2,,Homo sapiens
6347,CCL2,9606,kegg,hsa05417,Lipid and atherosclerosis - Homo sapiens (human),CCL2,CCL2,,Homo sapiens
6347,CCL2,9606,kegg,hsa05418,Fluid shear stress and atherosclerosis - Homo sapiens (human),CCL2,CCL2,,Homo sapiens
6347,CCL2,9606,pid,ap1_pathway,AP-1 transcription factor network,CCL2,CCL2,,Homo sapiens
6347,CCL2,9606,pid,fra_pathway,Validated transcriptional targets of AP1 family members Fra1 and Fra2,CCL2,CCL2,,Homo sapiens
6347,CCL2,9606,pid,gmcsf_pathway,GMCSF-mediated signaling events,CCL2,CCL2,,Homo sapiens
6347,CCL2,9606,pid,il23pathway,IL23-mediated signaling events,CCL2,CCL2,,Homo sapiens
6347,CCL2,9606,wikipathways,WP15,Selenium Micronutrient Network,CCL2,CCL2,,Homo sapiens
6347,CCL2,9606,wikipathways,WP1533,Vitamin B12 metabolism,CCL2,CCL2,,Homo sapiens
6347,CCL2,9606,wikipathways,WP176,Folate Metabolism,CCL2,CCL2,,Homo sapiens
6347,CCL2,9606,wikipathways,WP195,IL-1 signaling pathway,CCL2,CCL2,,Homo sapiens
6347,CCL2,9606,wikipathways,WP2036,TNF related weak inducer of apoptosis (TWEAK) Signaling Pathway,CCL2,CCL2,,Homo sapiens
6347,CCL2,9606,wikipathways,WP231,TNF-alpha signaling pathway,CCL2,CCL2,,Homo sapiens
6347,CCL2,9606,wikipathways,WP2374,Oncostatin M Signaling Pathway,CCL2,CCL2,,Homo sapiens
6347,CCL2,9606,wikipathways,WP2431,Spinal Cord Injury,CCL2,CCL2,,Homo sapiens
6347,CCL2,9606,wikipathways,WP2858,Ectoderm Differentiation,CCL2,CCL2,,Homo sapiens
6347,CCL2,9606,wikipathways,WP2865,IL1 and megakaryocytes in obesity,CCL2,CCL2,,Homo sapiens
6347,CCL2,9606,wikipathways,WP2880,Glucocorticoid Receptor Pathway,CCL2,CCL2,,Homo sapiens
6347,CCL2,9606,wikipathways,WP2882,Nuclear Receptors Meta-Pathway,CCL2,CCL2,,Homo sapiens
6347,CCL2,9606,wikipathways,WP3624,Lung fibrosis,CCL2,CCL2,,Homo sapiens
6347,CCL2,9606,wikipathways,WP3888,VEGFA-VEGFR2 Signaling Pathway,CCL2,CCL2,,Homo sapiens
6347,CCL2,9606,wikipathways,WP4136,Fibrin Complement Receptor 3 Signaling Pathway,CCL2,CCL2,,Homo sapiens
6347,CCL2,9606,wikipathways,WP4341,"Non-genomic actions of 1,25 dihydroxyvitamin D3",CCL2,CCL2,,Homo sapiens
6347,CCL2,9606,wikipathways,WP4396,Nonalcoholic fatty liver disease,CCL2,CCL2,,Homo sapiens
6347,CCL2,9606,wikipathways,WP4559,Interactions between immune cells and microRNAs in tumor microenvironment,CCL2,CCL2,,Homo sapiens
6347,CCL2,9606,wikipathways,WP4747,Netrin-UNC5B signaling pathway,CCL2,CCL2,,Homo sapiens
6347,CCL2,9606,wikipathways,WP4754,IL-18 signaling pathway,CCL2,CCL2,,Homo sapiens
6347,CCL2,9606,wikipathways,WP4891,COVID-19 adverse outcome pathway,CCL2,CCL2,,Homo sapiens
6347,CCL2,9606,wikipathways,WP4963,p53 transcriptional gene network,CCL2,CCL2,,Homo sapiens
6347,CCL2,9606,wikipathways,WP5039,SARS-CoV-2 innate immunity evasion and cell-specific immune response,CCL2,CCL2,,Homo sapiens
6348,CCL3,9606,kegg,hsa04060,Cytokine-cytokine receptor interaction - Homo sapiens (human),CCL3,CCL3,,Homo sapiens
6348,CCL3,9606,kegg,hsa04061,Viral protein interaction with cytokine and cytokine receptor - Homo sapiens (human),CCL3,CCL3,,Homo sapiens
6348,CCL3,9606,kegg,hsa04062,Chemokine signaling pathway - Homo sapiens (human),CCL3,CCL3,,Homo sapiens
6348,CCL3,9606,kegg,hsa04620,Toll-like receptor signaling pathway - Homo sapiens (human),CCL3,CCL3,,Homo sapiens
6348,CCL3,9606,kegg,hsa05142,Chagas disease - Homo sapiens (human),CCL3,CCL3,,Homo sapiens
6348,CCL3,9606,kegg,hsa05163,Human cytomegalovirus infection - Homo sapiens (human),CCL3,CCL3,,Homo sapiens
6348,CCL3,9606,kegg,hsa05323,Rheumatoid arthritis - Homo sapiens (human),CCL3,CCL3,,Homo sapiens
6348,CCL3,9606,kegg,hsa05417,Lipid and atherosclerosis - Homo sapiens (human),CCL3,CCL3,,Homo sapiens
6348,CCL3,9606,netpath,Pathway_BCR,BCR,CCL3,CCL3,,Homo sapiens
6348,CCL3,9606,pid,il12_2pathway,IL12-mediated signaling events,CCL3,CCL3,,Homo sapiens
6348,CCL3,9606,wikipathways,WP1449,Regulation of toll-like receptor signaling pathway,CCL3,CCL3,,Homo sapiens
6348,CCL3,9606,wikipathways,WP3624,Lung fibrosis,CCL3,CCL3,,Homo sapiens
6348,CCL3,9606,wikipathways,WP3929,Chemokine signaling pathway,CCL3,CCL3,,Homo sapiens
6348,CCL3,9606,wikipathways,WP4329,miRNAs involvement in the immune response in sepsis,CCL3,CCL3,,Homo sapiens
6348,CCL3,9606,wikipathways,WP4494,Selective expression of chemokine receptors during T-cell polarization,CCL3,CCL3,,Homo sapiens
6348,CCL3,9606,wikipathways,WP4754,IL-18 signaling pathway,CCL3,CCL3,,Homo sapiens
6348,CCL3,9606,wikipathways,WP4891,COVID-19 adverse outcome pathway,CCL3,CCL3,,Homo sapiens
6348,CCL3,9606,wikipathways,WP5039,SARS-CoV-2 innate immunity evasion and cell-specific immune response,CCL3,CCL3,,Homo sapiens
6348,CCL3,9606,wikipathways,WP615,Senescence and Autophagy in Cancer,CCL3,CCL3,,Homo sapiens
6348,CCL3,9606,wikipathways,WP75,Toll-like Receptor Signaling Pathway,CCL3,CCL3,,Homo sapiens
6352,CCL5,9606,kegg,hsa04060,Cytokine-cytokine receptor interaction - Homo sapiens (human),CCL5,CCL5,,Homo sapiens
6352,CCL5,9606,kegg,hsa04061,Viral protein interaction with cytokine and cytokine receptor - Homo sapiens (human),CCL5,CCL5,,Homo sapiens
6352,CCL5,9606,kegg,hsa04062,Chemokine signaling pathway - Homo sapiens (human),CCL5,CCL5,,Homo sapiens
6352,CCL5,9606,kegg,hsa04620,Toll-like receptor signaling pathway - Homo sapiens (human),CCL5,CCL5,,Homo sapiens
6352,CCL5,9606,kegg,hsa04621,NOD-like receptor signaling pathway - Homo sapiens (human),CCL5,CCL5,,Homo sapiens
6352,CCL5,9606,kegg,hsa04623,Cytosolic DNA-sensing pathway - Homo sapiens (human),CCL5,CCL5,,Homo sapiens
6352,CCL5,9606,kegg,hsa04668,TNF signaling pathway - Homo sapiens (human),CCL5,CCL5,,Homo sapiens
6352,CCL5,9606,kegg,hsa05020,Prion disease - Homo sapiens (human),CCL5,CCL5,,Homo sapiens
6352,CCL5,9606,kegg,hsa05120,Epithelial cell signaling in Helicobacter pylori infection - Homo sapiens (human),CCL5,CCL5,,Homo sapiens
6352,CCL5,9606,kegg,hsa05131,Shigellosis - Homo sapiens (human),CCL5,CCL5,,Homo sapiens
6352,CCL5,9606,kegg,hsa05142,Chagas disease - Homo sapiens (human),CCL5,CCL5,,Homo sapiens
6352,CCL5,9606,kegg,hsa05163,Human cytomegalovirus infection - Homo sapiens (human),CCL5,CCL5,,Homo sapiens
6352,CCL5,9606,kegg,hsa05164,Influenza A - Homo sapiens (human),CCL5,CCL5,,Homo sapiens
6352,CCL5,9606,kegg,hsa05168,Herpes simplex virus 1 infection - Homo sapiens (human),CCL5,CCL5,,Homo sapiens
6352,CCL5,9606,kegg,hsa05323,Rheumatoid arthritis - Homo sapiens (human),CCL5,CCL5,,Homo sapiens
6352,CCL5,9606,kegg,hsa05417,Lipid and atherosclerosis - Homo sapiens (human),CCL5,CCL5,,Homo sapiens
6352,CCL5,9606,pid,myc_represspathway,Validated targets of C-MYC transcriptional repression,CCL5,CCL5,,Homo sapiens
6352,CCL5,9606,pid,syndecan_1_pathway,Syndecan-1-mediated signaling events,CCL5,CCL5,,Homo sapiens
6352,CCL5,9606,pid,syndecan_4_pathway,Syndecan-4-mediated signaling events,CCL5,CCL5,,Homo sapiens
6352,CCL5,9606,wikipathways,WP1449,Regulation of toll-like receptor signaling pathway,CCL5,CCL5,,Homo sapiens
6352,CCL5,9606,wikipathways,WP1533,Vitamin B12 metabolism,CCL5,CCL5,,Homo sapiens
6352,CCL5,9606,wikipathways,WP2036,TNF related weak inducer of apoptosis (TWEAK) Signaling Pathway,CCL5,CCL5,,Homo sapiens
6352,CCL5,9606,wikipathways,WP262,Ebstein-Barr virus LMP1 signaling,CCL5,CCL5,,Homo sapiens
6352,CCL5,9606,wikipathways,WP3624,Lung fibrosis,CCL5,CCL5,,Homo sapiens
6352,CCL5,9606,wikipathways,WP3929,Chemokine signaling pathway,CCL5,CCL5,,Homo sapiens
6352,CCL5,9606,wikipathways,WP4559,Interactions between immune cells and microRNAs in tumor microenvironment,CCL5,CCL5,,Homo sapiens
6352,CCL5,9606,wikipathways,WP4655,Cytosolic DNA-sensing pathway,CCL5,CCL5,,Homo sapiens
6352,CCL5,9606,wikipathways,WP4754,IL-18 signaling pathway,CCL5,CCL5,,Homo sapiens
6352,CCL5,9606,wikipathways,WP4942,15q13.3 copy number variation syndrome,CCL5,CCL5,,Homo sapiens
6352,CCL5,9606,wikipathways,WP5039,SARS-CoV-2 innate immunity evasion and cell-specific immune response,CCL5,CCL5,,Homo sapiens
6352,CCL5,9606,wikipathways,WP75,Toll-like Receptor Signaling Pathway,CCL5,CCL5,,Homo sapiens
3439,IFNA1,9606,biocarta,ifnapathway,ifn alpha signaling pathway,IFNA1,IFNA1,,Homo sapiens
3439,IFNA1,9606,biocarta,il1rpathway,signal transduction through il1r,IFNA1,IFNA1,,Homo sapiens
3439,IFNA1,9606,biocarta,rnapathway,double stranded rna induced gene expression,IFNA1,IFNA1,,Homo sapiens
3439,IFNA1,9606,kegg,hsa04060,Cytokine-cytokine receptor interaction - Homo sapiens (human),IFNA1,IFNA1,,Homo sapiens
3439,IFNA1,9606,kegg,hsa04151,PI3K-Akt signaling pathway - Homo sapiens (human),IFNA1,IFNA1,,Homo sapiens
3439,IFNA1,9606,kegg,hsa04217,Necroptosis - Homo sapiens (human),IFNA1,IFNA1,,Homo sapiens
3439,IFNA1,9606,kegg,hsa04620,Toll-like receptor signaling pathway - Homo sapiens (human),IFNA1,IFNA1,,Homo sapiens
3439,IFNA1,9606,kegg,hsa04621,NOD-like receptor signaling pathway - Homo sapiens (human),IFNA1,IFNA1,,Homo sapiens
3439,IFNA1,9606,kegg,hsa04622,RIG-I-like receptor signaling pathway - Homo sapiens (human),IFNA1,IFNA1,,Homo sapiens
3439,IFNA1,9606,kegg,hsa04623,Cytosolic DNA-sensing pathway - Homo sapiens (human),IFNA1,IFNA1,,Homo sapiens
3439,IFNA1,9606,kegg,hsa04630,JAK-STAT signaling pathway - Homo sapiens (human),IFNA1,IFNA1,,Homo sapiens
3439,IFNA1,9606,kegg,hsa04650,Natural killer cell mediated cytotoxicity - Homo sapiens (human),IFNA1,IFNA1,,Homo sapiens
3439,IFNA1,9606,kegg,hsa05152,Tuberculosis - Homo sapiens (human),IFNA1,IFNA1,,Homo sapiens
3439,IFNA1,9606,kegg,hsa05160,Hepatitis C - Homo sapiens (human),IFNA1,IFNA1,,Homo sapiens
3439,IFNA1,9606,kegg,hsa05161,Hepatitis B - Homo sapiens (human),IFNA1,IFNA1,,Homo sapiens
3439,IFNA1,9606,kegg,hsa05162,Measles - Homo sapiens (human),IFNA1,IFNA1,,Homo sapiens
3439,IFNA1,9606,kegg,hsa05163,Human cytomegalovirus infection - Homo sapiens (human),IFNA1,IFNA1,,Homo sapiens
3439,IFNA1,9606,kegg,hsa05164,Influenza A - Homo sapiens (human),IFNA1,IFNA1,,Homo sapiens
3439,IFNA1,9606,kegg,hsa05165,Human papillomavirus infection - Homo sapiens (human),IFNA1,IFNA1,,Homo sapiens
3439,IFNA1,9606,kegg,hsa05167,Kaposi sarcoma-associated herpesvirus infection - Homo sapiens (human),IFNA1,IFNA1,,Homo sapiens
3439,IFNA1,9606,kegg,hsa05168,Herpes simplex virus 1 infection - Homo sapiens (human),IFNA1,IFNA1,,Homo sapiens
3439,IFNA1,9606,kegg,hsa05169,Epstein-Barr virus infection - Homo sapiens (human),IFNA1,IFNA1,,Homo sapiens
3439,IFNA1,9606,kegg,hsa05170,Human immunodeficiency virus 1 infection - Homo sapiens (human),IFNA1,IFNA1,,Homo sapiens
3439,IFNA1,9606,kegg,hsa05171,Coronavirus disease - COVID-19 - Homo sapiens (human),IFNA1,IFNA1,,Homo sapiens
3439,IFNA1,9606,kegg,hsa05200,Pathways in cancer - Homo sapiens (human),IFNA1,IFNA1,,Homo sapiens
3439,IFNA1,9606,kegg,hsa05320,Autoimmune thyroid disease - Homo sapiens (human),IFNA1,IFNA1,,Homo sapiens
3439,IFNA1,9606,kegg,hsa05417,Lipid and atherosclerosis - Homo sapiens (human),IFNA1,IFNA1,,Homo sapiens
3439,IFNA1,9606,pid,cd8tcrdownstreampathway,Downstream signaling in na&#xef;ve CD8+ T cells,IFNA1,IFNA1,,Homo sapiens
3439,IFNA1,9606,wikipathways,WP1449,Regulation of toll-like receptor signaling pathway,IFNA1,IFNA1,,Homo sapiens
3439,IFNA1,9606,wikipathways,WP3865,Novel intracellular components of RIG-I-like receptor (RLR) pathway,IFNA1,IFNA1,,Homo sapiens
3439,IFNA1,9606,wikipathways,WP4172,PI3K-Akt signaling pathway,IFNA1,IFNA1,,Homo sapiens
3439,IFNA1,9606,wikipathways,WP4496,Signal transduction through IL1R,IFNA1,IFNA1,,Homo sapiens
3439,IFNA1,9606,wikipathways,WP4558,Overview of interferons-mediated signaling pathway,IFNA1,IFNA1,,Homo sapiens
3439,IFNA1,9606,wikipathways,WP4655,Cytosolic DNA-sensing pathway,IFNA1,IFNA1,,Homo sapiens
3439,IFNA1,9606,wikipathways,WP4666,Hepatitis B infection,IFNA1,IFNA1,,Homo sapiens
3439,IFNA1,9606,wikipathways,WP4912,SARS coronavirus and innate immunity,IFNA1,IFNA1,,Homo sapiens
3439,IFNA1,9606,wikipathways,WP75,Toll-like Receptor Signaling Pathway,IFNA1,IFNA1,,Homo sapiens
5228,PGF,9606,kegg,hsa04010,MAPK signaling pathway - Homo sapiens (human),PGF,PGF,,Homo sapiens
5228,PGF,9606,kegg,hsa04014,Ras signaling pathway - Homo sapiens (human),PGF,PGF,,Homo sapiens
5228,PGF,9606,kegg,hsa04015,Rap1 signaling pathway - Homo sapiens (human),PGF,PGF,,Homo sapiens
5228,PGF,9606,kegg,hsa04151,PI3K-Akt signaling pathway - Homo sapiens (human),PGF,PGF,,Homo sapiens
5228,PGF,9606,kegg,hsa04510,Focal adhesion - Homo sapiens (human),PGF,PGF,,Homo sapiens
5228,PGF,9606,kegg,hsa05200,Pathways in cancer - Homo sapiens (human),PGF,PGF,,Homo sapiens
5228,PGF,9606,pid,vegf_vegfr_pathway,VEGF and VEGFR signaling network,PGF,PGF,,Homo sapiens
5228,PGF,9606,pid,vegfr1_pathway,VEGFR1 specific signals,PGF,PGF,,Homo sapiens
5228,PGF,9606,wikipathways,WP306,Focal Adhesion,PGF,PGF,,Homo sapiens
5228,PGF,9606,wikipathways,WP3888,VEGFA-VEGFR2 Signaling Pathway,PGF,PGF,,Homo sapiens
5228,PGF,9606,wikipathways,WP3932,Focal Adhesion-PI3K-Akt-mTOR-signaling pathway,PGF,PGF,,Homo sapiens
5228,PGF,9606,wikipathways,WP4172,PI3K-Akt signaling pathway,PGF,PGF,,Homo sapiens
100102,Pcsk9,10090,kegg,mmu04979,Cholesterol metabolism - Mus musculus (mouse),PCSK9,Pcsk9,,Mus musculus
12048,Bcl2l1,10090,kegg,mmu04014,Ras signaling pathway - Mus musculus (mouse),BCL2L1,Bcl2l1,,Mus musculus
12048,Bcl2l1,10090,kegg,mmu04064,NF-kappa B signaling pathway - Mus musculus (mouse),BCL2L1,Bcl2l1,,Mus musculus
12048,Bcl2l1,10090,kegg,mmu04115,p53 signaling pathway - Mus musculus (mouse),BCL2L1,Bcl2l1,,Mus musculus
12048,Bcl2l1,10090,kegg,mmu04137,Mitophagy - animal - Mus musculus (mouse),BCL2L1,Bcl2l1,,Mus musculus
12048,Bcl2l1,10090,kegg,mmu04140,Autophagy - animal - Mus musculus (mouse),BCL2L1,Bcl2l1,,Mus musculus
12048,Bcl2l1,10090,kegg,mmu04151,PI3K-Akt signaling pathway - Mus musculus (mouse),BCL2L1,Bcl2l1,,Mus musculus
12048,Bcl2l1,10090,kegg,mmu04210,Apoptosis - Mus musculus (mouse),BCL2L1,Bcl2l1,,Mus musculus
12048,Bcl2l1,10090,kegg,mmu04215,Apoptosis - multiple species - Mus musculus (mouse),BCL2L1,Bcl2l1,,Mus musculus
12048,Bcl2l1,10090,kegg,mmu04621,NOD-like receptor signaling pathway - Mus musculus (mouse),BCL2L1,Bcl2l1,,Mus musculus
12048,Bcl2l1,10090,kegg,mmu04630,JAK-STAT signaling pathway - Mus musculus (mouse),BCL2L1,Bcl2l1,,Mus musculus
12048,Bcl2l1,10090,kegg,mmu05012,Parkinson disease - Mus musculus (mouse),BCL2L1,Bcl2l1,,Mus musculus
12048,Bcl2l1,10090,kegg,mmu05014,Amyotrophic lateral sclerosis - Mus musculus (mouse),BCL2L1,Bcl2l1,,Mus musculus
12048,Bcl2l1,10090,kegg,mmu05022,Pathways of neurodegeneration - multiple diseases - Mus musculus (mouse),BCL2L1,Bcl2l1,,Mus musculus
12048,Bcl2l1,10090,kegg,mmu05145,Toxoplasmosis - Mus musculus (mouse),BCL2L1,Bcl2l1,,Mus musculus
12048,Bcl2l1,10090,kegg,mmu05162,Measles - Mus musculus (mouse),BCL2L1,Bcl2l1,,Mus musculus
12048,Bcl2l1,10090,kegg,mmu05166,Human T-cell leukemia virus 1 infection - Mus musculus (mouse),BCL2L1,Bcl2l1,,Mus musculus
12048,Bcl2l1,10090,kegg,mmu05168,Herpes simplex virus 1 infection - Mus musculus (mouse),BCL2L1,Bcl2l1,,Mus musculus
12048,Bcl2l1,10090,kegg,mmu05170,Human immunodeficiency virus 1 infection - Mus musculus (mouse),BCL2L1,Bcl2l1,,Mus musculus
12048,Bcl2l1,10090,kegg,mmu05200,Pathways in cancer - Mus musculus (mouse),BCL2L1,Bcl2l1,,Mus musculus
12048,Bcl2l1,10090,kegg,mmu05202,Transcriptional misregulation in cancer - Mus musculus (mouse),BCL2L1,Bcl2l1,,Mus musculus
12048,Bcl2l1,10090,kegg,mmu05212,Pancreatic cancer - Mus musculus (mouse),BCL2L1,Bcl2l1,,Mus musculus
12048,Bcl2l1,10090,kegg,mmu05220,Chronic myeloid leukemia - Mus musculus (mouse),BCL2L1,Bcl2l1,,Mus musculus
12048,Bcl2l1,10090,kegg,mmu05222,Small cell lung cancer - Mus musculus (mouse),BCL2L1,Bcl2l1,,Mus musculus
12048,Bcl2l1,10090,kegg,mmu05225,Hepatocellular carcinoma - Mus musculus (mouse),BCL2L1,Bcl2l1,,Mus musculus
12048,Bcl2l1,10090,kegg,mmu05417,Lipid and atherosclerosis - Mus musculus (mouse),BCL2L1,Bcl2l1,,Mus musculus
12043,Bcl2,10090,kegg,mmu04064,NF-kappa B signaling pathway - Mus musculus (mouse),BCL2,Bcl2,,Mus musculus
12043,Bcl2,10090,kegg,mmu04066,HIF-1 signaling pathway - Mus musculus (mouse),BCL2,Bcl2,,Mus musculus
12043,Bcl2,10090,kegg,mmu04071,Sphingolipid signaling pathway - Mus musculus (mouse),BCL2,Bcl2,,Mus musculus
12043,Bcl2,10090,kegg,mmu04115,p53 signaling pathway - Mus musculus (mouse),BCL2,Bcl2,,Mus musculus
12043,Bcl2,10090,kegg,mmu04140,Autophagy - animal - Mus musculus (mouse),BCL2,Bcl2,,Mus musculus
12043,Bcl2,10090,kegg,mmu04141,Protein processing in endoplasmic reticulum - Mus musculus (mouse),BCL2,Bcl2,,Mus musculus
12043,Bcl2,10090,kegg,mmu04151,PI3K-Akt signaling pathway - Mus musculus (mouse),BCL2,Bcl2,,Mus musculus
12043,Bcl2,10090,kegg,mmu04210,Apoptosis - Mus musculus (mouse),BCL2,Bcl2,,Mus musculus
12043,Bcl2,10090,kegg,mmu04215,Apoptosis - multiple species - Mus musculus (mouse),BCL2,Bcl2,,Mus musculus
12043,Bcl2,10090,kegg,mmu04217,Necroptosis - Mus musculus (mouse),BCL2,Bcl2,,Mus musculus
12043,Bcl2,10090,kegg,mmu04261,Adrenergic signaling in cardiomyocytes - Mus musculus (mouse),BCL2,Bcl2,,Mus musculus
12043,Bcl2,10090,kegg,mmu04340,Hedgehog signaling pathway - Mus musculus (mouse),BCL2,Bcl2,,Mus musculus
12043,Bcl2,10090,kegg,mmu04510,Focal adhesion - Mus musculus (mouse),BCL2,Bcl2,,Mus musculus
12043,Bcl2,10090,kegg,mmu04621,NOD-like receptor signaling pathway - Mus musculus (mouse),BCL2,Bcl2,,Mus musculus
12043,Bcl2,10090,kegg,mmu04630,JAK-STAT signaling pathway - Mus musculus (mouse),BCL2,Bcl2,,Mus musculus
12043,Bcl2,10090,kegg,mmu04722,Neurotrophin signaling pathway - Mus musculus (mouse),BCL2,Bcl2,,Mus musculus
12043,Bcl2,10090,kegg,mmu04725,Cholinergic synapse - Mus musculus (mouse),BCL2,Bcl2,,Mus musculus
12043,Bcl2,10090,kegg,mmu04915,Estrogen signaling pathway - Mus musculus (mouse),BCL2,Bcl2,,Mus musculus
12043,Bcl2,10090,kegg,mmu04928,"Parathyroid hormone synthesis, secretion and action - Mus musculus (mouse)",BCL2,Bcl2,,Mus musculus
12043,Bcl2,10090,kegg,mmu04933,AGE-RAGE signaling pathway in diabetic complications - Mus musculus (mouse),BCL2,Bcl2,,Mus musculus
12043,Bcl2,10090,kegg,mmu05014,Amyotrophic lateral sclerosis - Mus musculus (mouse),BCL2,Bcl2,,Mus musculus
12043,Bcl2,10090,kegg,mmu05022,Pathways of neurodegeneration - multiple diseases - Mus musculus (mouse),BCL2,Bcl2,,Mus musculus
12043,Bcl2,10090,kegg,mmu05132,Salmonella infection - Mus musculus (mouse),BCL2,Bcl2,,Mus musculus
12043,Bcl2,10090,kegg,mmu05145,Toxoplasmosis - Mus musculus (mouse),BCL2,Bcl2,,Mus musculus
12043,Bcl2,10090,kegg,mmu05152,Tuberculosis - Mus musculus (mouse),BCL2,Bcl2,,Mus musculus
12043,Bcl2,10090,kegg,mmu05161,Hepatitis B - Mus musculus (mouse),BCL2,Bcl2,,Mus musculus
12043,Bcl2,10090,kegg,mmu05162,Measles - Mus musculus (mouse),BCL2,Bcl2,,Mus musculus
12043,Bcl2,10090,kegg,mmu05168,Herpes simplex virus 1 infection - Mus musculus (mouse),BCL2,Bcl2,,Mus musculus
12043,Bcl2,10090,kegg,mmu05169,Epstein-Barr virus infection - Mus musculus (mouse),BCL2,Bcl2,,Mus musculus
12043,Bcl2,10090,kegg,mmu05170,Human immunodeficiency virus 1 infection - Mus musculus (mouse),BCL2,Bcl2,,Mus musculus
12043,Bcl2,10090,kegg,mmu05200,Pathways in cancer - Mus musculus (mouse),BCL2,Bcl2,,Mus musculus
12043,Bcl2,10090,kegg,mmu05206,MicroRNAs in cancer - Mus musculus (mouse),BCL2,Bcl2,,Mus musculus
12043,Bcl2,10090,kegg,mmu05207,Chemical carcinogenesis - receptor activation - Mus musculus (mouse),BCL2,Bcl2,,Mus musculus
12043,Bcl2,10090,kegg,mmu05210,Colorectal cancer - Mus musculus (mouse),BCL2,Bcl2,,Mus musculus
12043,Bcl2,10090,kegg,mmu05215,Prostate cancer - Mus musculus (mouse),BCL2,Bcl2,,Mus musculus
12043,Bcl2,10090,kegg,mmu05222,Small cell lung cancer - Mus musculus (mouse),BCL2,Bcl2,,Mus musculus
12043,Bcl2,10090,kegg,mmu05226,Gastric cancer - Mus musculus (mouse),BCL2,Bcl2,,Mus musculus
12043,Bcl2,10090,kegg,mmu05417,Lipid and atherosclerosis - Mus musculus (mouse),BCL2,Bcl2,,Mus musculus
12043,Bcl2,10090,kegg,mmu05418,Fluid shear stress and atherosclerosis - Mus musculus (mouse),BCL2,Bcl2,,Mus musculus
12122,Bid,10090,kegg,mmu04071,Sphingolipid signaling pathway - Mus musculus (mouse),BID,Bid,,Mus musculus
12122,Bid,10090,kegg,mmu04115,p53 signaling pathway - Mus musculus (mouse),BID,Bid,,Mus musculus
12122,Bid,10090,kegg,mmu04210,Apoptosis - Mus musculus (mouse),BID,Bid,,Mus musculus
12122,Bid,10090,kegg,mmu04215,Apoptosis - multiple species - Mus musculus (mouse),BID,Bid,,Mus musculus
12122,Bid,10090,kegg,mmu04217,Necroptosis - Mus musculus (mouse),BID,Bid,,Mus musculus
12122,Bid,10090,kegg,mmu04650,Natural killer cell mediated cytotoxicity - Mus musculus (mouse),BID,Bid,,Mus musculus
12122,Bid,10090,kegg,mmu04932,Non-alcoholic fatty liver disease - Mus musculus (mouse),BID,Bid,,Mus musculus
12122,Bid,10090,kegg,mmu05010,Alzheimer disease - Mus musculus (mouse),BID,Bid,,Mus musculus
12122,Bid,10090,kegg,mmu05014,Amyotrophic lateral sclerosis - Mus musculus (mouse),BID,Bid,,Mus musculus
12122,Bid,10090,kegg,mmu05022,Pathways of neurodegeneration - multiple diseases - Mus musculus (mouse),BID,Bid,,Mus musculus
12122,Bid,10090,kegg,mmu05152,Tuberculosis - Mus musculus (mouse),BID,Bid,,Mus musculus
12122,Bid,10090,kegg,mmu05160,Hepatitis C - Mus musculus (mouse),BID,Bid,,Mus musculus
12122,Bid,10090,kegg,mmu05161,Hepatitis B - Mus musculus (mouse),BID,Bid,,Mus musculus
12122,Bid,10090,kegg,mmu05162,Measles - Mus musculus (mouse),BID,Bid,,Mus musculus
12122,Bid,10090,kegg,mmu05163,Human cytomegalovirus infection - Mus musculus (mouse),BID,Bid,,Mus musculus
12122,Bid,10090,kegg,mmu05164,Influenza A - Mus musculus (mouse),BID,Bid,,Mus musculus
12122,Bid,10090,kegg,mmu05167,Kaposi sarcoma-associated herpesvirus infection - Mus musculus (mouse),BID,Bid,,Mus musculus
12122,Bid,10090,kegg,mmu05168,Herpes simplex virus 1 infection - Mus musculus (mouse),BID,Bid,,Mus musculus
12122,Bid,10090,kegg,mmu05169,Epstein-Barr virus infection - Mus musculus (mouse),BID,Bid,,Mus musculus
12122,Bid,10090,kegg,mmu05170,Human immunodeficiency virus 1 infection - Mus musculus (mouse),BID,Bid,,Mus musculus
12122,Bid,10090,kegg,mmu05200,Pathways in cancer - Mus musculus (mouse),BID,Bid,,Mus musculus
12122,Bid,10090,kegg,mmu05416,Viral myocarditis - Mus musculus (mouse),BID,Bid,,Mus musculus
12122,Bid,10090,kegg,mmu05417,Lipid and atherosclerosis - Mus musculus (mouse),BID,Bid,,Mus musculus
11545,Parp1,10090,kegg,mmu03410,Base excision repair - Mus musculus (mouse),PARP1,Parp1,,Mus musculus
11545,Parp1,10090,kegg,mmu04064,NF-kappa B signaling pathway - Mus musculus (mouse),PARP1,Parp1,,Mus musculus
11545,Parp1,10090,kegg,mmu04210,Apoptosis - Mus musculus (mouse),PARP1,Parp1,,Mus musculus
11545,Parp1,10090,kegg,mmu04217,Necroptosis - Mus musculus (mouse),PARP1,Parp1,,Mus musculus
11545,Parp1,10090,kegg,mmu05415,Diabetic cardiomyopathy - Mus musculus (mouse),PARP1,Parp1,,Mus musculus
16783,Lamp1,10090,kegg,mmu04140,Autophagy - animal - Mus musculus (mouse),LAMP1,Lamp1,,Mus musculus
16783,Lamp1,10090,kegg,mmu04142,Lysosome - Mus musculus (mouse),LAMP1,Lamp1,,Mus musculus
16783,Lamp1,10090,kegg,mmu04145,Phagosome - Mus musculus (mouse),LAMP1,Lamp1,,Mus musculus
16783,Lamp1,10090,kegg,mmu05152,Tuberculosis - Mus musculus (mouse),LAMP1,Lamp1,,Mus musculus
15978,Ifng,10090,kegg,mmu03050,Proteasome - Mus musculus (mouse),IFNG,Ifng,,Mus musculus
15978,Ifng,10090,kegg,mmu04060,Cytokine-cytokine receptor interaction - Mus musculus (mouse),IFNG,Ifng,,Mus musculus
15978,Ifng,10090,kegg,mmu04066,HIF-1 signaling pathway - Mus musculus (mouse),IFNG,Ifng,,Mus musculus
15978,Ifng,10090,kegg,mmu04217,Necroptosis - Mus musculus (mouse),IFNG,Ifng,,Mus musculus
15978,Ifng,10090,kegg,mmu04350,TGF-beta signaling pathway - Mus musculus (mouse),IFNG,Ifng,,Mus musculus
15978,Ifng,10090,kegg,mmu04380,Osteoclast differentiation - Mus musculus (mouse),IFNG,Ifng,,Mus musculus
15978,Ifng,10090,kegg,mmu04612,Antigen processing and presentation - Mus musculus (mouse),IFNG,Ifng,,Mus musculus
15978,Ifng,10090,kegg,mmu04630,JAK-STAT signaling pathway - Mus musculus (mouse),IFNG,Ifng,,Mus musculus
15978,Ifng,10090,kegg,mmu04650,Natural killer cell mediated cytotoxicity - Mus musculus (mouse),IFNG,Ifng,,Mus musculus
15978,Ifng,10090,kegg,mmu04657,IL-17 signaling pathway - Mus musculus (mouse),IFNG,Ifng,,Mus musculus
15978,Ifng,10090,kegg,mmu04658,Th1 and Th2 cell differentiation - Mus musculus (mouse),IFNG,Ifng,,Mus musculus
15978,Ifng,10090,kegg,mmu04659,Th17 cell differentiation - Mus musculus (mouse),IFNG,Ifng,,Mus musculus
15978,Ifng,10090,kegg,mmu04660,T cell receptor signaling pathway - Mus musculus (mouse),IFNG,Ifng,,Mus musculus
15978,Ifng,10090,kegg,mmu04940,Type I diabetes mellitus - Mus musculus (mouse),IFNG,Ifng,,Mus musculus
15978,Ifng,10090,kegg,mmu05140,Leishmaniasis - Mus musculus (mouse),IFNG,Ifng,,Mus musculus
15978,Ifng,10090,kegg,mmu05142,Chagas disease - Mus musculus (mouse),IFNG,Ifng,,Mus musculus
15978,Ifng,10090,kegg,mmu05143,African trypanosomiasis - Mus musculus (mouse),IFNG,Ifng,,Mus musculus
15978,Ifng,10090,kegg,mmu05144,Malaria - Mus musculus (mouse),IFNG,Ifng,,Mus musculus
15978,Ifng,10090,kegg,mmu05145,Toxoplasmosis - Mus musculus (mouse),IFNG,Ifng,,Mus musculus
15978,Ifng,10090,kegg,mmu05146,Amoebiasis - Mus musculus (mouse),IFNG,Ifng,,Mus musculus
15978,Ifng,10090,kegg,mmu05152,Tuberculosis - Mus musculus (mouse),IFNG,Ifng,,Mus musculus
15978,Ifng,10090,kegg,mmu05160,Hepatitis C - Mus musculus (mouse),IFNG,Ifng,,Mus musculus
15978,Ifng,10090,kegg,mmu05164,Influenza A - Mus musculus (mouse),IFNG,Ifng,,Mus musculus
15978,Ifng,10090,kegg,mmu05168,Herpes simplex virus 1 infection - Mus musculus (mouse),IFNG,Ifng,,Mus musculus
15978,Ifng,10090,kegg,mmu05200,Pathways in cancer - Mus musculus (mouse),IFNG,Ifng,,Mus musculus
15978,Ifng,10090,kegg,mmu05235,PD-L1 expression and PD-1 checkpoint pathway in cancer - Mus musculus (mouse),IFNG,Ifng,,Mus musculus
15978,Ifng,10090,kegg,mmu05321,Inflammatory bowel disease - Mus musculus (mouse),IFNG,Ifng,,Mus musculus
15978,Ifng,10090,kegg,mmu05322,Systemic lupus erythematosus - Mus musculus (mouse),IFNG,Ifng,,Mus musculus
15978,Ifng,10090,kegg,mmu05323,Rheumatoid arthritis - Mus musculus (mouse),IFNG,Ifng,,Mus musculus
15978,Ifng,10090,kegg,mmu05330,Allograft rejection - Mus musculus (mouse),IFNG,Ifng,,Mus musculus
15978,Ifng,10090,kegg,mmu05332,Graft-versus-host disease - Mus musculus (mouse),IFNG,Ifng,,Mus musculus
15978,Ifng,10090,kegg,mmu05418,Fluid shear stress and atherosclerosis - Mus musculus (mouse),IFNG,Ifng,,Mus musculus
359,AQP2,9606,kegg,hsa04962,Vasopressin-regulated water reabsorption - Homo sapiens (human),AQP2,AQP2,,Homo sapiens
359,AQP2,9606,smpdb,SMP00078,Chlorothiazide Action Pathway,AQP2,AQP2,,Homo sapiens
359,AQP2,9606,smpdb,SMP00080,Polythiazide Action Pathway,AQP2,AQP2,,Homo sapiens
359,AQP2,9606,smpdb,SMP00081,Methyclothiazide Action Pathway,AQP2,AQP2,,Homo sapiens
359,AQP2,9606,smpdb,SMP00088,Bumetanide Action Pathway,AQP2,AQP2,,Homo sapiens
359,AQP2,9606,smpdb,SMP00090,Bendroflumethiazide Action Pathway,AQP2,AQP2,,Homo sapiens
359,AQP2,9606,smpdb,SMP00091,Quinethazone Action Pathway,AQP2,AQP2,,Homo sapiens
359,AQP2,9606,smpdb,SMP00097,Ethacrynic Acid Action Pathway,AQP2,AQP2,,Homo sapiens
359,AQP2,9606,smpdb,SMP00100,Hydrochlorothiazide Action Pathway,AQP2,AQP2,,Homo sapiens
359,AQP2,9606,smpdb,SMP00103,Cyclothiazide Action Pathway,AQP2,AQP2,,Homo sapiens
359,AQP2,9606,smpdb,SMP00105,Metolazone Action Pathway,AQP2,AQP2,,Homo sapiens
359,AQP2,9606,smpdb,SMP00108,Hydroflumethiazide Action Pathway,AQP2,AQP2,,Homo sapiens
359,AQP2,9606,smpdb,SMP00110,Indapamide Action Pathway,AQP2,AQP2,,Homo sapiens
359,AQP2,9606,smpdb,SMP00115,Furosemide Action Pathway,AQP2,AQP2,,Homo sapiens
359,AQP2,9606,smpdb,SMP00118,Torsemide Action Pathway,AQP2,AQP2,,Homo sapiens
359,AQP2,9606,smpdb,SMP00121,Trichlormethiazide Action Pathway,AQP2,AQP2,,Homo sapiens
359,AQP2,9606,smpdb,SMP00122,Chlorthalidone Action Pathway,AQP2,AQP2,,Homo sapiens
359,AQP2,9606,smpdb,SMP00132,Triamterene Action Pathway,AQP2,AQP2,,Homo sapiens
359,AQP2,9606,smpdb,SMP00133,Amiloride Action Pathway,AQP2,AQP2,,Homo sapiens
359,AQP2,9606,smpdb,SMP00134,Spironolactone Action Pathway,AQP2,AQP2,,Homo sapiens
359,AQP2,9606,smpdb,SMP00135,Eplerenone Action Pathway,AQP2,AQP2,,Homo sapiens
359,AQP2,9606,smpdb,SMP00184,Glucose Transporter Defect (SGLT2),AQP2,AQP2,,Homo sapiens
359,AQP2,9606,smpdb,SMP00189,Hartnup Disorder,AQP2,AQP2,,Homo sapiens
359,AQP2,9606,smpdb,SMP00193,Iminoglycinuria,AQP2,AQP2,,Homo sapiens
359,AQP2,9606,smpdb,SMP00197,Lysinuric Protein Intolerance,AQP2,AQP2,,Homo sapiens
359,AQP2,9606,smpdb,SMP00245,Glucose Transporter Defect (SGLT2),AQP2,AQP2,,Homo sapiens
359,AQP2,9606,smpdb,SMP00483,Kidney Function,AQP2,AQP2,,Homo sapiens
359,AQP2,9606,smpdb,SMP00583,Blue diaper syndrome,AQP2,AQP2,,Homo sapiens
359,AQP2,9606,smpdb,SMP00585,Lysinuric protein intolerance (LPI),AQP2,AQP2,,Homo sapiens
359,AQP2,9606,smpdb,SMP00723,Cystinuria,AQP2,AQP2,,Homo sapiens
14810,Grin1,10090,kegg,mmu04014,Ras signaling pathway - Mus musculus (mouse),GRIN1,Grin1,,Mus musculus
14810,Grin1,10090,kegg,mmu04015,Rap1 signaling pathway - Mus musculus (mouse),GRIN1,Grin1,,Mus musculus
14810,Grin1,10090,kegg,mmu04020,Calcium signaling pathway - Mus musculus (mouse),GRIN1,Grin1,,Mus musculus
14810,Grin1,10090,kegg,mmu04024,cAMP signaling pathway - Mus musculus (mouse),GRIN1,Grin1,,Mus musculus
14810,Grin1,10090,kegg,mmu04080,Neuroactive ligand-receptor interaction - Mus musculus (mouse),GRIN1,Grin1,,Mus musculus
14810,Grin1,10090,kegg,mmu04713,Circadian entrainment - Mus musculus (mouse),GRIN1,Grin1,,Mus musculus
14810,Grin1,10090,kegg,mmu04720,Long-term potentiation - Mus musculus (mouse),GRIN1,Grin1,,Mus musculus
14810,Grin1,10090,kegg,mmu04724,Glutamatergic synapse - Mus musculus (mouse),GRIN1,Grin1,,Mus musculus
14810,Grin1,10090,kegg,mmu05010,Alzheimer disease - Mus musculus (mouse),GRIN1,Grin1,,Mus musculus
14810,Grin1,10090,kegg,mmu05014,Amyotrophic lateral sclerosis - Mus musculus (mouse),GRIN1,Grin1,,Mus musculus
14810,Grin1,10090,kegg,mmu05016,Huntington disease - Mus musculus (mouse),GRIN1,Grin1,,Mus musculus
14810,Grin1,10090,kegg,mmu05017,Spinocerebellar ataxia - Mus musculus (mouse),GRIN1,Grin1,,Mus musculus
14810,Grin1,10090,kegg,mmu05020,Prion disease - Mus musculus (mouse),GRIN1,Grin1,,Mus musculus
14810,Grin1,10090,kegg,mmu05022,Pathways of neurodegeneration - multiple diseases - Mus musculus (mouse),GRIN1,Grin1,,Mus musculus
14810,Grin1,10090,kegg,mmu05030,Cocaine addiction - Mus musculus (mouse),GRIN1,Grin1,,Mus musculus
14810,Grin1,10090,kegg,mmu05031,Amphetamine addiction - Mus musculus (mouse),GRIN1,Grin1,,Mus musculus
14810,Grin1,10090,kegg,mmu05033,Nicotine addiction - Mus musculus (mouse),GRIN1,Grin1,,Mus musculus
14810,Grin1,10090,kegg,mmu05034,Alcoholism - Mus musculus (mouse),GRIN1,Grin1,,Mus musculus
7357,UGCG,9606,kegg,hsa00600,Sphingolipid metabolism - Homo sapiens (human),UGCG,UGCG,,Homo sapiens
7357,UGCG,9606,pid,il2_pi3kpathway,IL2 signaling events mediated by PI3K,UGCG,UGCG,,Homo sapiens
7357,UGCG,9606,smpdb,SMP00034,Sphingolipid Metabolism,UGCG,UGCG,,Homo sapiens
7357,UGCG,9606,smpdb,SMP00347,Metachromatic Leukodystrophy (MLD),UGCG,UGCG,,Homo sapiens
7357,UGCG,9606,smpdb,SMP00348,Globoid Cell Leukodystrophy,UGCG,UGCG,,Homo sapiens
7357,UGCG,9606,smpdb,SMP00349,Gaucher Disease,UGCG,UGCG,,Homo sapiens
7357,UGCG,9606,smpdb,SMP00525,Fabry disease,UGCG,UGCG,,Homo sapiens
7357,UGCG,9606,smpdb,SMP00526,Krabbe disease,UGCG,UGCG,,Homo sapiens
7357,UGCG,9606,wikipathways,WP4725,Sphingolipid Metabolism (general overview),UGCG,UGCG,,Homo sapiens
7357,UGCG,9606,wikipathways,WP4726,Sphingolipid Metabolism (integrated pathway),UGCG,UGCG,,Homo sapiens
953,ENTPD1,9606,humancyc,PWY-7177,UTP and CTP dephosphorylation II,ENTPD1,ENTPD1,,Homo sapiens
953,ENTPD1,9606,kegg,hsa00230,Purine metabolism - Homo sapiens (human),ENTPD1,ENTPD1,,Homo sapiens
953,ENTPD1,9606,kegg,hsa00240,Pyrimidine metabolism - Homo sapiens (human),ENTPD1,ENTPD1,,Homo sapiens
953,ENTPD1,9606,kegg,hsa05169,Epstein-Barr virus infection - Homo sapiens (human),ENTPD1,ENTPD1,,Homo sapiens
953,ENTPD1,9606,wikipathways,WP4022,Pyrimidine metabolism,ENTPD1,ENTPD1,,Homo sapiens
4907,NT5E,9606,humancyc,PWY-5695,"urate biosynthesis/inosine 5,-phosphate degradation",NT5E,NT5E,,Homo sapiens
4907,NT5E,9606,humancyc,PWY-6353,purine nucleotides degradation,NT5E,NT5E,,Homo sapiens
4907,NT5E,9606,humancyc,SALVADEHYPOX-PWY,adenosine nucleotides degradation,NT5E,NT5E,,Homo sapiens
4907,NT5E,9606,kegg,hsa00230,Purine metabolism - Homo sapiens (human),NT5E,NT5E,,Homo sapiens
4907,NT5E,9606,kegg,hsa00240,Pyrimidine metabolism - Homo sapiens (human),NT5E,NT5E,,Homo sapiens
4907,NT5E,9606,kegg,hsa00760,Nicotinate and nicotinamide metabolism - Homo sapiens (human),NT5E,NT5E,,Homo sapiens
4907,NT5E,9606,pid,hif1_tfpathway,HIF-1-alpha transcription factor network,NT5E,NT5E,,Homo sapiens
4907,NT5E,9606,wikipathways,WP2848,Differentiation Pathway,NT5E,NT5E,,Homo sapiens
4907,NT5E,9606,wikipathways,WP3644,NAD+ metabolism,NT5E,NT5E,,Homo sapiens
24835,Tnf,10116,reactome,R-RNO-1280215,Cytokine Signaling in Immune system,TNF,Tnf,,Rattus norvegicus
24835,Tnf,10116,reactome,R-RNO-162582,Signal Transduction,TNF,Tnf,,Rattus norvegicus
24835,Tnf,10116,reactome,R-RNO-168256,Immune System,TNF,Tnf,,Rattus norvegicus
24835,Tnf,10116,reactome,R-RNO-5357786,TNFR1-induced proapoptotic signaling,TNF,Tnf,,Rattus norvegicus
24835,Tnf,10116,reactome,R-RNO-5357905,Regulation of TNFR1 signaling,TNF,Tnf,,Rattus norvegicus
24835,Tnf,10116,reactome,R-RNO-5357956,TNFR1-induced NF-kappa-B signaling pathway,TNF,Tnf,,Rattus norvegicus
24835,Tnf,10116,reactome,R-RNO-5626978,TNFR1-mediated ceramide production,TNF,Tnf,,Rattus norvegicus
24835,Tnf,10116,reactome,R-RNO-5668541,TNFR2 non-canonical NF-kB pathway,TNF,Tnf,,Rattus norvegicus
24835,Tnf,10116,reactome,R-RNO-73887,Death Receptor Signaling,TNF,Tnf,,Rattus norvegicus
24835,Tnf,10116,reactome,R-RNO-75893,TNF signaling,TNF,Tnf,,Rattus norvegicus
83629,Slc12a2,10116,reactome,R-RNO-382551,Transport of small molecules,SLC12A2,Slc12a2,,Rattus norvegicus
83629,Slc12a2,10116,reactome,R-RNO-425407,SLC-mediated transmembrane transport,SLC12A2,Slc12a2,,Rattus norvegicus
83629,Slc12a2,10116,reactome,R-RNO-426117,Cation-coupled Chloride cotransporters,SLC12A2,Slc12a2,,Rattus norvegicus
83629,Slc12a2,10116,reactome,R-RNO-9958790,SLC-mediated transport of inorganic anions,SLC12A2,Slc12a2,,Rattus norvegicus
50721,Sirt6,10090,kegg,mmu00760,Nicotinate and nicotinamide metabolism - Mus musculus (mouse),SIRT6,Sirt6,,Mus musculus
50721,Sirt6,10090,kegg,mmu04714,Thermogenesis - Mus musculus (mouse),SIRT6,Sirt6,,Mus musculus
50721,Sirt6,10090,kegg,mmu05230,Central carbon metabolism in cancer - Mus musculus (mouse),SIRT6,Sirt6,,Mus musculus
14645,Glul,10090,kegg,mmu00220,Arginine biosynthesis - Mus musculus (mouse),GLUL,Glul,,Mus musculus
14645,Glul,10090,kegg,mmu00250,"Alanine, aspartate and glutamate metabolism - Mus musculus (mouse)",GLUL,Glul,,Mus musculus
14645,Glul,10090,kegg,mmu00630,Glyoxylate and dicarboxylate metabolism - Mus musculus (mouse),GLUL,Glul,,Mus musculus
14645,Glul,10090,kegg,mmu00910,Nitrogen metabolism - Mus musculus (mouse),GLUL,Glul,,Mus musculus
14645,Glul,10090,kegg,mmu04217,Necroptosis - Mus musculus (mouse),GLUL,Glul,,Mus musculus
14645,Glul,10090,kegg,mmu04724,Glutamatergic synapse - Mus musculus (mouse),GLUL,Glul,,Mus musculus
14645,Glul,10090,kegg,mmu04727,GABAergic synapse - Mus musculus (mouse),GLUL,Glul,,Mus musculus
14645,Glul,10090,mousecyc,GLUTAMINE-SYN2-PWY,glutamine biosynthesis II,GLUL,Glul,,Mus musculus
20682,Sox9,10090,kegg,mmu04024,cAMP signaling pathway - Mus musculus (mouse),SOX9,Sox9,,Mus musculus
8128,ST8SIA2,9606,humancyc,PWY-7434,terminal <i>O</i>-glycans residues modification,ST8SIA2,ST8SIA2,,Homo sapiens
23673,STX12,9606,kegg,hsa04145,Phagosome - Homo sapiens (human),STX12,STX12,,Homo sapiens
6853,SYN1,9606,wikipathways,WP2267,Synaptic Vesicle Pathway,SYN1,SYN1,,Homo sapiens
6853,SYN1,9606,wikipathways,WP2380,Brain-derived neurotrophic factor (BDNF) signaling pathway,SYN1,SYN1,,Homo sapiens
6853,SYN1,9606,wikipathways,WP727,Monoamine Transport,SYN1,SYN1,,Homo sapiens
969,CD69,9606,wikipathways,WP286,IL-3 signaling pathway,CD69,CD69,,Homo sapiens
3916,LAMP1,9606,kegg,hsa04140,Autophagy - animal - Homo sapiens (human),LAMP1,LAMP1,,Homo sapiens
3916,LAMP1,9606,kegg,hsa04142,Lysosome - Homo sapiens (human),LAMP1,LAMP1,,Homo sapiens
3916,LAMP1,9606,kegg,hsa04145,Phagosome - Homo sapiens (human),LAMP1,LAMP1,,Homo sapiens
3916,LAMP1,9606,kegg,hsa05152,Tuberculosis - Homo sapiens (human),LAMP1,LAMP1,,Homo sapiens
3916,LAMP1,9606,wikipathways,WP615,Senescence and Autophagy in Cancer,LAMP1,LAMP1,,Homo sapiens
3458,IFNG,9606,biocarta,41bbpathway,the 41bb-dependent immune response,IFNG,IFNG,,Homo sapiens
3458,IFNG,9606,biocarta,ifngpathway,ifn gamma signaling pathway,IFNG,IFNG,,Homo sapiens
3458,IFNG,9606,biocarta,il12pathway,il12 and stat4 dependent signaling pathway in th1 development,IFNG,IFNG,,Homo sapiens
3458,IFNG,9606,biocarta,no2il12pathway,no2-dependent il-12 pathway in nk cells,IFNG,IFNG,,Homo sapiens
3458,IFNG,9606,biocarta,tidpathway,chaperones modulate interferon signaling pathway,IFNG,IFNG,,Homo sapiens
3458,IFNG,9606,kegg,hsa03050,Proteasome - Homo sapiens (human),IFNG,IFNG,,Homo sapiens
3458,IFNG,9606,kegg,hsa04060,Cytokine-cytokine receptor interaction - Homo sapiens (human),IFNG,IFNG,,Homo sapiens
3458,IFNG,9606,kegg,hsa04066,HIF-1 signaling pathway - Homo sapiens (human),IFNG,IFNG,,Homo sapiens
3458,IFNG,9606,kegg,hsa04217,Necroptosis - Homo sapiens (human),IFNG,IFNG,,Homo sapiens
3458,IFNG,9606,kegg,hsa04350,TGF-beta signaling pathway - Homo sapiens (human),IFNG,IFNG,,Homo sapiens
3458,IFNG,9606,kegg,hsa04380,Osteoclast differentiation - Homo sapiens (human),IFNG,IFNG,,Homo sapiens
3458,IFNG,9606,kegg,hsa04612,Antigen processing and presentation - Homo sapiens (human),IFNG,IFNG,,Homo sapiens
3458,IFNG,9606,kegg,hsa04630,JAK-STAT signaling pathway - Homo sapiens (human),IFNG,IFNG,,Homo sapiens
3458,IFNG,9606,kegg,hsa04650,Natural killer cell mediated cytotoxicity - Homo sapiens (human),IFNG,IFNG,,Homo sapiens
3458,IFNG,9606,kegg,hsa04657,IL-17 signaling pathway - Homo sapiens (human),IFNG,IFNG,,Homo sapiens
3458,IFNG,9606,kegg,hsa04658,Th1 and Th2 cell differentiation - Homo sapiens (human),IFNG,IFNG,,Homo sapiens
3458,IFNG,9606,kegg,hsa04659,Th17 cell differentiation - Homo sapiens (human),IFNG,IFNG,,Homo sapiens
3458,IFNG,9606,kegg,hsa04660,T cell receptor signaling pathway - Homo sapiens (human),IFNG,IFNG,,Homo sapiens
3458,IFNG,9606,kegg,hsa04940,Type I diabetes mellitus - Homo sapiens (human),IFNG,IFNG,,Homo sapiens
3458,IFNG,9606,kegg,hsa05140,Leishmaniasis - Homo sapiens (human),IFNG,IFNG,,Homo sapiens
3458,IFNG,9606,kegg,hsa05142,Chagas disease - Homo sapiens (human),IFNG,IFNG,,Homo sapiens
3458,IFNG,9606,kegg,hsa05143,African trypanosomiasis - Homo sapiens (human),IFNG,IFNG,,Homo sapiens
3458,IFNG,9606,kegg,hsa05144,Malaria - Homo sapiens (human),IFNG,IFNG,,Homo sapiens
3458,IFNG,9606,kegg,hsa05145,Toxoplasmosis - Homo sapiens (human),IFNG,IFNG,,Homo sapiens
3458,IFNG,9606,kegg,hsa05146,Amoebiasis - Homo sapiens (human),IFNG,IFNG,,Homo sapiens
3458,IFNG,9606,kegg,hsa05152,Tuberculosis - Homo sapiens (human),IFNG,IFNG,,Homo sapiens
3458,IFNG,9606,kegg,hsa05160,Hepatitis C - Homo sapiens (human),IFNG,IFNG,,Homo sapiens
3458,IFNG,9606,kegg,hsa05164,Influenza A - Homo sapiens (human),IFNG,IFNG,,Homo sapiens
3458,IFNG,9606,kegg,hsa05168,Herpes simplex virus 1 infection - Homo sapiens (human),IFNG,IFNG,,Homo sapiens
3458,IFNG,9606,kegg,hsa05200,Pathways in cancer - Homo sapiens (human),IFNG,IFNG,,Homo sapiens
3458,IFNG,9606,kegg,hsa05235,PD-L1 expression and PD-1 checkpoint pathway in cancer - Homo sapiens (human),IFNG,IFNG,,Homo sapiens
3458,IFNG,9606,kegg,hsa05321,Inflammatory bowel disease - Homo sapiens (human),IFNG,IFNG,,Homo sapiens
3458,IFNG,9606,kegg,hsa05322,Systemic lupus erythematosus - Homo sapiens (human),IFNG,IFNG,,Homo sapiens
3458,IFNG,9606,kegg,hsa05323,Rheumatoid arthritis - Homo sapiens (human),IFNG,IFNG,,Homo sapiens
3458,IFNG,9606,kegg,hsa05330,Allograft rejection - Homo sapiens (human),IFNG,IFNG,,Homo sapiens
3458,IFNG,9606,kegg,hsa05332,Graft-versus-host disease - Homo sapiens (human),IFNG,IFNG,,Homo sapiens
3458,IFNG,9606,kegg,hsa05418,Fluid shear stress and atherosclerosis - Homo sapiens (human),IFNG,IFNG,,Homo sapiens
3458,IFNG,9606,pid,ap1_pathway,AP-1 transcription factor network,IFNG,IFNG,,Homo sapiens
3458,IFNG,9606,pid,atf2_pathway,ATF-2 transcription factor network,IFNG,IFNG,,Homo sapiens
3458,IFNG,9606,pid,cd8tcrdownstreampathway,Downstream signaling in na&#xef;ve CD8+ T cells,IFNG,IFNG,,Homo sapiens
3458,IFNG,9606,pid,ifngpathway,IFN-gamma pathway,IFNG,IFNG,,Homo sapiens
3458,IFNG,9606,pid,il12_2pathway,IL12-mediated signaling events,IFNG,IFNG,,Homo sapiens
3458,IFNG,9606,pid,il12_stat4pathway,IL12 signaling mediated by STAT4,IFNG,IFNG,,Homo sapiens
3458,IFNG,9606,pid,il23pathway,IL23-mediated signaling events,IFNG,IFNG,,Homo sapiens
3458,IFNG,9606,pid,il27pathway,IL27-mediated signaling events,IFNG,IFNG,,Homo sapiens
3458,IFNG,9606,pid,il2_1pathway,IL2-mediated signaling events,IFNG,IFNG,,Homo sapiens
3458,IFNG,9606,pid,nfat_tfpathway,Calcineurin-regulated NFAT-dependent transcription in lymphocytes,IFNG,IFNG,,Homo sapiens
3458,IFNG,9606,pid,reg_gr_pathway,Glucocorticoid receptor regulatory network,IFNG,IFNG,,Homo sapiens
3458,IFNG,9606,pid,shp2_pathway,SHP2 signaling,IFNG,IFNG,,Homo sapiens
3458,IFNG,9606,pid,tcrcalciumpathway,Calcium signaling in the CD4+ TCR pathway,IFNG,IFNG,,Homo sapiens
3458,IFNG,9606,pid,telomerasepathway,Regulation of Telomerase,IFNG,IFNG,,Homo sapiens
3458,IFNG,9606,wikipathways,WP15,Selenium Micronutrient Network,IFNG,IFNG,,Homo sapiens
3458,IFNG,9606,wikipathways,WP1533,Vitamin B12 metabolism,IFNG,IFNG,,Homo sapiens
3458,IFNG,9606,wikipathways,WP176,Folate Metabolism,IFNG,IFNG,,Homo sapiens
3458,IFNG,9606,wikipathways,WP183,Proteasome Degradation,IFNG,IFNG,,Homo sapiens
3458,IFNG,9606,wikipathways,WP2328,Allograft Rejection,IFNG,IFNG,,Homo sapiens
3458,IFNG,9606,wikipathways,WP2431,Spinal Cord Injury,IFNG,IFNG,,Homo sapiens
3458,IFNG,9606,wikipathways,WP2865,IL1 and megakaryocytes in obesity,IFNG,IFNG,,Homo sapiens
3458,IFNG,9606,wikipathways,WP2873,Aryl Hydrocarbon Receptor Pathway,IFNG,IFNG,,Homo sapiens
3458,IFNG,9606,wikipathways,WP2882,Nuclear Receptors Meta-Pathway,IFNG,IFNG,,Homo sapiens
3458,IFNG,9606,wikipathways,WP3863,T-Cell antigen Receptor (TCR) pathway during Staphylococcus aureus infection,IFNG,IFNG,,Homo sapiens
3458,IFNG,9606,wikipathways,WP3865,Novel intracellular components of RIG-I-like receptor (RLR) pathway,IFNG,IFNG,,Homo sapiens
3458,IFNG,9606,wikipathways,WP3893,Development and heterogeneity of the ILC family,IFNG,IFNG,,Homo sapiens
3458,IFNG,9606,wikipathways,WP4008,NO-cGMP-PKG mediated Neuroprotection,IFNG,IFNG,,Homo sapiens
3458,IFNG,9606,wikipathways,WP4298,Acute viral myocarditis,IFNG,IFNG,,Homo sapiens
3458,IFNG,9606,wikipathways,WP4484,Control of immune tolerance by vasoactive intestinal peptide,IFNG,IFNG,,Homo sapiens
3458,IFNG,9606,wikipathways,WP4494,Selective expression of chemokine receptors during T-cell polarization,IFNG,IFNG,,Homo sapiens
3458,IFNG,9606,wikipathways,WP453,Inflammatory Response Pathway,IFNG,IFNG,,Homo sapiens
3458,IFNG,9606,wikipathways,WP4558,Overview of interferons-mediated signaling pathway,IFNG,IFNG,,Homo sapiens
3458,IFNG,9606,wikipathways,WP4585,Cancer immunotherapy by PD-1 blockade,IFNG,IFNG,,Homo sapiens
3458,IFNG,9606,wikipathways,WP4754,IL-18 signaling pathway,IFNG,IFNG,,Homo sapiens
3458,IFNG,9606,wikipathways,WP4816,TGF-beta receptor signaling in skeletal dysplasias,IFNG,IFNG,,Homo sapiens
3458,IFNG,9606,wikipathways,WP516,Hypertrophy Model,IFNG,IFNG,,Homo sapiens
3458,IFNG,9606,wikipathways,WP530,Cytokines and Inflammatory Response,IFNG,IFNG,,Homo sapiens
3458,IFNG,9606,wikipathways,WP560,TGF-beta Receptor Signaling,IFNG,IFNG,,Homo sapiens
3458,IFNG,9606,wikipathways,WP615,Senescence and Autophagy in Cancer,IFNG,IFNG,,Homo sapiens
3458,IFNG,9606,wikipathways,WP619,Type II interferon signaling (IFNG),IFNG,IFNG,,Homo sapiens
1791,DNTT,9606,kegg,hsa03450,Non-homologous end-joining - Homo sapiens (human),DNTT,DNTT,,Homo sapiens
1791,DNTT,9606,kegg,hsa04640,Hematopoietic cell lineage - Homo sapiens (human),DNTT,DNTT,,Homo sapiens
1791,DNTT,9606,pid,dnapk_pathway,DNA-PK pathway in nonhomologous end joining,DNTT,DNTT,,Homo sapiens
1791,DNTT,9606,pid,myc_represspathway,Validated targets of C-MYC transcriptional repression,DNTT,DNTT,,Homo sapiens
20259,Scin,10090,kegg,mmu04666,Fc gamma R-mediated phagocytosis - Mus musculus (mouse),SCIN,Scin,,Mus musculus
20259,Scin,10090,kegg,mmu04810,Regulation of actin cytoskeleton - Mus musculus (mouse),SCIN,Scin,,Mus musculus
20259,Scin,10090,kegg,mmu05203,Viral carcinogenesis - Mus musculus (mouse),SCIN,Scin,,Mus musculus
12978,Csf1r,10090,kegg,mmu04010,MAPK signaling pathway - Mus musculus (mouse),CSF1R,Csf1r,,Mus musculus
12978,Csf1r,10090,kegg,mmu04014,Ras signaling pathway - Mus musculus (mouse),CSF1R,Csf1r,,Mus musculus
12978,Csf1r,10090,kegg,mmu04015,Rap1 signaling pathway - Mus musculus (mouse),CSF1R,Csf1r,,Mus musculus
12978,Csf1r,10090,kegg,mmu04060,Cytokine-cytokine receptor interaction - Mus musculus (mouse),CSF1R,Csf1r,,Mus musculus
12978,Csf1r,10090,kegg,mmu04061,Viral protein interaction with cytokine and cytokine receptor - Mus musculus (mouse),CSF1R,Csf1r,,Mus musculus
12978,Csf1r,10090,kegg,mmu04151,PI3K-Akt signaling pathway - Mus musculus (mouse),CSF1R,Csf1r,,Mus musculus
12978,Csf1r,10090,kegg,mmu04380,Osteoclast differentiation - Mus musculus (mouse),CSF1R,Csf1r,,Mus musculus
12978,Csf1r,10090,kegg,mmu04640,Hematopoietic cell lineage - Mus musculus (mouse),CSF1R,Csf1r,,Mus musculus
12978,Csf1r,10090,kegg,mmu05200,Pathways in cancer - Mus musculus (mouse),CSF1R,Csf1r,,Mus musculus
12978,Csf1r,10090,kegg,mmu05202,Transcriptional misregulation in cancer - Mus musculus (mouse),CSF1R,Csf1r,,Mus musculus
12978,Csf1r,10090,kegg,mmu05221,Acute myeloid leukemia - Mus musculus (mouse),CSF1R,Csf1r,,Mus musculus
4313,MMP2,9606,biocarta,reckpathway,inhibition of matrix metalloproteinases,MMP2,MMP2,,Homo sapiens
4313,MMP2,9606,kegg,hsa04670,Leukocyte transendothelial migration - Homo sapiens (human),MMP2,MMP2,,Homo sapiens
4313,MMP2,9606,kegg,hsa04912,GnRH signaling pathway - Homo sapiens (human),MMP2,MMP2,,Homo sapiens
4313,MMP2,9606,kegg,hsa04915,Estrogen signaling pathway - Homo sapiens (human),MMP2,MMP2,,Homo sapiens
4313,MMP2,9606,kegg,hsa04926,Relaxin signaling pathway - Homo sapiens (human),MMP2,MMP2,,Homo sapiens
4313,MMP2,9606,kegg,hsa04933,AGE-RAGE signaling pathway in diabetic complications - Homo sapiens (human),MMP2,MMP2,,Homo sapiens
4313,MMP2,9606,kegg,hsa05200,Pathways in cancer - Homo sapiens (human),MMP2,MMP2,,Homo sapiens
4313,MMP2,9606,kegg,hsa05205,Proteoglycans in cancer - Homo sapiens (human),MMP2,MMP2,,Homo sapiens
4313,MMP2,9606,kegg,hsa05219,Bladder cancer - Homo sapiens (human),MMP2,MMP2,,Homo sapiens
4313,MMP2,9606,kegg,hsa05415,Diabetic cardiomyopathy - Homo sapiens (human),MMP2,MMP2,,Homo sapiens
4313,MMP2,9606,kegg,hsa05418,Fluid shear stress and atherosclerosis - Homo sapiens (human),MMP2,MMP2,,Homo sapiens
4313,MMP2,9606,pid,amb2_neutrophils_pathway,amb2 Integrin signaling,MMP2,MMP2,,Homo sapiens
4313,MMP2,9606,pid,angiopoietinreceptor_pathway,Angiopoietin receptor Tie2-mediated signaling,MMP2,MMP2,,Homo sapiens
4313,MMP2,9606,pid,atf2_pathway,ATF-2 transcription factor network,MMP2,MMP2,,Homo sapiens
4313,MMP2,9606,pid,avb3_opn_pathway,Osteopontin-mediated events,MMP2,MMP2,,Homo sapiens
4313,MMP2,9606,pid,betacatenin_nuc_pathway,Regulation of nuclear beta catenin signaling and target gene transcription,MMP2,MMP2,,Homo sapiens
4313,MMP2,9606,pid,er_nongenomic_pathway,Plasma membrane estrogen receptor signaling,MMP2,MMP2,,Homo sapiens
4313,MMP2,9606,pid,foxm1pathway,FOXM1 transcription factor network,MMP2,MMP2,,Homo sapiens
4313,MMP2,9606,pid,fra_pathway,Validated transcriptional targets of AP1 family members Fra1 and Fra2,MMP2,MMP2,,Homo sapiens
4313,MMP2,9606,pid,lysophospholipid_pathway,LPA receptor mediated events,MMP2,MMP2,,Homo sapiens
4313,MMP2,9606,pid,p53downstreampathway,Direct p53 effectors,MMP2,MMP2,,Homo sapiens
4313,MMP2,9606,pid,syndecan_2_pathway,Syndecan-2-mediated signaling events,MMP2,MMP2,,Homo sapiens
4313,MMP2,9606,wikipathways,WP129,Matrix Metalloproteinases,MMP2,MMP2,,Homo sapiens
4313,MMP2,9606,wikipathways,WP2324,AGE-RAGE pathway,MMP2,MMP2,,Homo sapiens
4313,MMP2,9606,wikipathways,WP2828,Bladder cancer,MMP2,MMP2,,Homo sapiens
4313,MMP2,9606,wikipathways,WP3303,RAC1-PAK1-p38-MMP2 Pathway,MMP2,MMP2,,Homo sapiens
4313,MMP2,9606,wikipathways,WP3617,Photodynamic therapy-induced NF-kB survival signaling,MMP2,MMP2,,Homo sapiens
4313,MMP2,9606,wikipathways,WP3624,Lung fibrosis,MMP2,MMP2,,Homo sapiens
4313,MMP2,9606,wikipathways,WP3888,VEGFA-VEGFR2 Signaling Pathway,MMP2,MMP2,,Homo sapiens
4313,MMP2,9606,wikipathways,WP4239,Epithelial to mesenchymal transition in colorectal cancer,MMP2,MMP2,,Homo sapiens
4313,MMP2,9606,wikipathways,WP4561,Cell migration and invasion through p75NTR,MMP2,MMP2,,Homo sapiens
4313,MMP2,9606,wikipathways,WP4564,Neural Crest Cell Migration during Development,MMP2,MMP2,,Homo sapiens
4313,MMP2,9606,wikipathways,WP4565,Neural Crest Cell Migration in Cancer,MMP2,MMP2,,Homo sapiens
4313,MMP2,9606,wikipathways,WP4673,Male infertility,MMP2,MMP2,,Homo sapiens
4313,MMP2,9606,wikipathways,WP4754,IL-18 signaling pathway,MMP2,MMP2,,Homo sapiens
59272,ACE2,9606,kegg,hsa04614,Renin-angiotensin system - Homo sapiens (human),ACE2,ACE2,,Homo sapiens
59272,ACE2,9606,kegg,hsa04974,Protein digestion and absorption - Homo sapiens (human),ACE2,ACE2,,Homo sapiens
59272,ACE2,9606,kegg,hsa05171,Coronavirus disease - COVID-19 - Homo sapiens (human),ACE2,ACE2,,Homo sapiens
59272,ACE2,9606,wikipathways,WP4883,SARS-CoV-2 and angiotensin-converting enzyme 2 receptor- molecular mechanisms,ACE2,ACE2,,Homo sapiens
59272,ACE2,9606,wikipathways,WP4891,COVID-19 adverse outcome pathway,ACE2,ACE2,,Homo sapiens
59272,ACE2,9606,wikipathways,WP4912,SARS coronavirus and innate immunity,ACE2,ACE2,,Homo sapiens
59272,ACE2,9606,wikipathways,WP4969,RAS and bradykinin pathways in COVID-19,ACE2,ACE2,,Homo sapiens
59272,ACE2,9606,wikipathways,WP5039,SARS-CoV-2 innate immunity evasion and cell-specific immune response,ACE2,ACE2,,Homo sapiens
59272,ACE2,9606,wikipathways,WP5065,SARS-CoV-2 altering angiogenesis via NRP1,ACE2,ACE2,,Homo sapiens
59272,ACE2,9606,wikipathways,WP5076,Soluble ACE2-mediated cell entry of SARS-CoV-2,ACE2,ACE2,,Homo sapiens
59272,ACE2,9606,wikipathways,WP554,ACE Inhibitor Pathway,ACE2,ACE2,,Homo sapiens
23621,BACE1,9606,biocarta,apppathway,generation of amyloid b-peptide by ps1,BACE1,BACE1,,Homo sapiens
23621,BACE1,9606,kegg,hsa05010,Alzheimer disease - Homo sapiens (human),BACE1,BACE1,,Homo sapiens
23621,BACE1,9606,wikipathways,WP2059,"Alzheimer,s disease",BACE1,BACE1,,Homo sapiens
23621,BACE1,9606,wikipathways,WP3286,Copper homeostasis,BACE1,BACE1,,Homo sapiens
14609,Gja1,10090,kegg,mmu04540,Gap junction - Mus musculus (mouse),GJA1,Gja1,,Mus musculus
14609,Gja1,10090,kegg,mmu05412,Arrhythmogenic right ventricular cardiomyopathy - Mus musculus (mouse),GJA1,Gja1,,Mus musculus
11423,Ache,10090,kegg,mmu00564,Glycerophospholipid metabolism - Mus musculus (mouse),ACHE,Ache,,Mus musculus
11423,Ache,10090,kegg,mmu04725,Cholinergic synapse - Mus musculus (mouse),ACHE,Ache,,Mus musculus
22348,Slc32a1,10090,kegg,mmu04721,Synaptic vesicle cycle - Mus musculus (mouse),SLC32A1,Slc32a1,,Mus musculus
22348,Slc32a1,10090,kegg,mmu04723,Retrograde endocannabinoid signaling - Mus musculus (mouse),SLC32A1,Slc32a1,,Mus musculus
22348,Slc32a1,10090,kegg,mmu04727,GABAergic synapse - Mus musculus (mouse),SLC32A1,Slc32a1,,Mus musculus
22348,Slc32a1,10090,kegg,mmu05032,Morphine addiction - Mus musculus (mouse),SLC32A1,Slc32a1,,Mus musculus
22348,Slc32a1,10090,kegg,mmu05033,Nicotine addiction - Mus musculus (mouse),SLC32A1,Slc32a1,,Mus musculus
11838,Arc,10090,kegg,mmu05031,Amphetamine addiction - Mus musculus (mouse),ARC,Arc,,Mus musculus
5420,PODXL,9606,kegg,hsa05132,Salmonella infection - Homo sapiens (human),PODXL,PODXL,,Homo sapiens
5420,PODXL,9606,wikipathways,WP2572,Primary focal segmental glomerulosclerosis (FSGS),PODXL,PODXL,,Homo sapiens
5420,PODXL,9606,wikipathways,WP2858,Ectoderm Differentiation,PODXL,PODXL,,Homo sapiens
5420,PODXL,9606,wikipathways,WP3646,Hepatitis C and Hepatocellular Carcinoma,PODXL,PODXL,,Homo sapiens
5420,PODXL,9606,wikipathways,WP4758,Nephrotic syndrome,PODXL,PODXL,,Homo sapiens
11346,SYNPO,9606,kegg,hsa04530,Tight junction - Homo sapiens (human),SYNPO,SYNPO,,Homo sapiens
11346,SYNPO,9606,wikipathways,WP2572,Primary focal segmental glomerulosclerosis (FSGS),SYNPO,SYNPO,,Homo sapiens
11346,SYNPO,9606,wikipathways,WP4758,Nephrotic syndrome,SYNPO,SYNPO,,Homo sapiens
2099,ESR1,9606,biocarta,carmerpathway,carm1 and regulation of the estrogen receptor,ESR1,ESR1,,Homo sapiens
2099,ESR1,9606,biocarta,efppathway,estrogen responsive protein efp controls cell cycle and breast tumors growth,ESR1,ESR1,,Homo sapiens
2099,ESR1,9606,biocarta,her2pathway,role of erbb2 in signal transduction and oncology,ESR1,ESR1,,Homo sapiens
2099,ESR1,9606,biocarta,mta3pathway,downregulated of mta-3 in er-negative breast tumors,ESR1,ESR1,,Homo sapiens
2099,ESR1,9606,biocarta,pelp1pathway,pelp1 modulation of estrogen receptor activity,ESR1,ESR1,,Homo sapiens
2099,ESR1,9606,biocarta,tertpathway,overview of telomerase protein component gene htert transcriptional regulation,ESR1,ESR1,,Homo sapiens
2099,ESR1,9606,kegg,hsa04915,Estrogen signaling pathway - Homo sapiens (human),ESR1,ESR1,,Homo sapiens
2099,ESR1,9606,kegg,hsa04917,Prolactin signaling pathway - Homo sapiens (human),ESR1,ESR1,,Homo sapiens
2099,ESR1,9606,kegg,hsa04919,Thyroid hormone signaling pathway - Homo sapiens (human),ESR1,ESR1,,Homo sapiens
2099,ESR1,9606,kegg,hsa04961,Endocrine and other factor-regulated calcium reabsorption - Homo sapiens (human),ESR1,ESR1,,Homo sapiens
2099,ESR1,9606,kegg,hsa05200,Pathways in cancer - Homo sapiens (human),ESR1,ESR1,,Homo sapiens
2099,ESR1,9606,kegg,hsa05205,Proteoglycans in cancer - Homo sapiens (human),ESR1,ESR1,,Homo sapiens
2099,ESR1,9606,kegg,hsa05224,Breast cancer - Homo sapiens (human),ESR1,ESR1,,Homo sapiens
2099,ESR1,9606,netpath,Pathway_AndrogenReceptor,AndrogenReceptor,ESR1,ESR1,,Homo sapiens
2099,ESR1,9606,netpath,Pathway_Leptin,Leptin,ESR1,ESR1,,Homo sapiens
2099,ESR1,9606,netpath,Pathway_Prolactin,Prolactin,ESR1,ESR1,,Homo sapiens
2099,ESR1,9606,netpath,Pathway_TGF_beta_Receptor,TGF_beta_Receptor,ESR1,ESR1,,Homo sapiens
2099,ESR1,9606,pid,ap1_pathway,AP-1 transcription factor network,ESR1,ESR1,,Homo sapiens
2099,ESR1,9606,pid,atf2_pathway,ATF-2 transcription factor network,ESR1,ESR1,,Homo sapiens
2099,ESR1,9606,pid,er_nongenomic_pathway,Plasma membrane estrogen receptor signaling,ESR1,ESR1,,Homo sapiens
2099,ESR1,9606,pid,era_genomic_pathway,Validated nuclear estrogen receptor alpha network,ESR1,ESR1,,Homo sapiens
2099,ESR1,9606,pid,foxm1pathway,FOXM1 transcription factor network,ESR1,ESR1,,Homo sapiens
2099,ESR1,9606,pid,hdac_classii_pathway,Signaling events mediated by HDAC Class II,ESR1,ESR1,,Homo sapiens
2099,ESR1,9606,pid,hnf3apathway,FOXA1 transcription factor network,ESR1,ESR1,,Homo sapiens
2099,ESR1,9606,pid,lkb1_pathway,LKB1 signaling events,ESR1,ESR1,,Homo sapiens
2099,ESR1,9606,pid,p38alphabetadownstreampathway,Signaling mediated by p38-alpha and p38-beta,ESR1,ESR1,,Homo sapiens
2099,ESR1,9606,pid,smad2_3nuclearpathway,Regulation of nuclear SMAD2/3 signaling,ESR1,ESR1,,Homo sapiens
2099,ESR1,9606,pid,telomerasepathway,Regulation of Telomerase,ESR1,ESR1,,Homo sapiens
2099,ESR1,9606,smpdb,SMP00471,Tamoxifen Action Pathway,ESR1,ESR1,,Homo sapiens
2099,ESR1,9606,smpdb,SMP00606,Tamoxifen Metabolism Pathway,ESR1,ESR1,,Homo sapiens
2099,ESR1,9606,wikipathways,WP170,Nuclear receptors,ESR1,ESR1,,Homo sapiens
2099,ESR1,9606,wikipathways,WP1984,Integrated breast cancer pathway,ESR1,ESR1,,Homo sapiens
2099,ESR1,9606,wikipathways,WP2034,Leptin signaling pathway,ESR1,ESR1,,Homo sapiens
2099,ESR1,9606,wikipathways,WP2586,Aryl Hydrocarbon Receptor Netpath,ESR1,ESR1,,Homo sapiens
2099,ESR1,9606,wikipathways,WP2814,Mammary gland development pathway - Puberty (Stage 2 of 4),ESR1,ESR1,,Homo sapiens
2099,ESR1,9606,wikipathways,WP2817,Mammary gland development pathway - Pregnancy and lactation (Stage 3 of 4),ESR1,ESR1,,Homo sapiens
2099,ESR1,9606,wikipathways,WP2881,Estrogen Receptor Pathway,ESR1,ESR1,,Homo sapiens
2099,ESR1,9606,wikipathways,WP2882,Nuclear Receptors Meta-Pathway,ESR1,ESR1,,Homo sapiens
2099,ESR1,9606,wikipathways,WP4262,Breast cancer pathway,ESR1,ESR1,,Homo sapiens
2099,ESR1,9606,wikipathways,WP4483,"Relationship between inflammation, COX-2 and EGFR",ESR1,ESR1,,Homo sapiens
2099,ESR1,9606,wikipathways,WP4673,Male infertility,ESR1,ESR1,,Homo sapiens
2099,ESR1,9606,wikipathways,WP4949,16p11.2 proximal deletion syndrome,ESR1,ESR1,,Homo sapiens
2099,ESR1,9606,wikipathways,WP712,Estrogen signaling pathway,ESR1,ESR1,,Homo sapiens
2852,GPER1,9606,kegg,hsa04915,Estrogen signaling pathway - Homo sapiens (human),GPER1,GPER1,,Homo sapiens
2852,GPER1,9606,kegg,hsa04929,GnRH secretion - Homo sapiens (human),GPER1,GPER1,,Homo sapiens
2852,GPER1,9606,wikipathways,WP455,"GPCRs, Class A Rhodopsin-like",GPER1,GPER1,,Homo sapiens
2852,GPER1,9606,wikipathways,WP712,Estrogen signaling pathway,GPER1,GPER1,,Homo sapiens
2100,ESR2,9606,kegg,hsa04915,Estrogen signaling pathway - Homo sapiens (human),ESR2,ESR2,,Homo sapiens
2100,ESR2,9606,kegg,hsa04917,Prolactin signaling pathway - Homo sapiens (human),ESR2,ESR2,,Homo sapiens
2100,ESR2,9606,kegg,hsa04929,GnRH secretion - Homo sapiens (human),ESR2,ESR2,,Homo sapiens
2100,ESR2,9606,kegg,hsa05200,Pathways in cancer - Homo sapiens (human),ESR2,ESR2,,Homo sapiens
2100,ESR2,9606,kegg,hsa05224,Breast cancer - Homo sapiens (human),ESR2,ESR2,,Homo sapiens
2100,ESR2,9606,pid,er_nongenomic_pathway,Plasma membrane estrogen receptor signaling,ESR2,ESR2,,Homo sapiens
2100,ESR2,9606,pid,era_genomic_pathway,Validated nuclear estrogen receptor alpha network,ESR2,ESR2,,Homo sapiens
2100,ESR2,9606,pid,erb_genomic_pathway,Validated nuclear estrogen receptor beta network,ESR2,ESR2,,Homo sapiens
2100,ESR2,9606,wikipathways,WP170,Nuclear receptors,ESR2,ESR2,,Homo sapiens
2100,ESR2,9606,wikipathways,WP2817,Mammary gland development pathway - Pregnancy and lactation (Stage 3 of 4),ESR2,ESR2,,Homo sapiens
2100,ESR2,9606,wikipathways,WP34,Ovarian infertility,ESR2,ESR2,,Homo sapiens
2100,ESR2,9606,wikipathways,WP4262,Breast cancer pathway,ESR2,ESR2,,Homo sapiens
2100,ESR2,9606,wikipathways,WP4673,Male infertility,ESR2,ESR2,,Homo sapiens
2100,ESR2,9606,wikipathways,WP706,Sudden Infant Death Syndrome (SIDS) Susceptibility Pathways,ESR2,ESR2,,Homo sapiens
2069,EREG,9606,kegg,hsa04010,MAPK signaling pathway - Homo sapiens (human),EREG,EREG,,Homo sapiens
2069,EREG,9606,kegg,hsa04012,ErbB signaling pathway - Homo sapiens (human),EREG,EREG,,Homo sapiens
2069,EREG,9606,kegg,hsa04151,PI3K-Akt signaling pathway - Homo sapiens (human),EREG,EREG,,Homo sapiens
2069,EREG,9606,kegg,hsa05210,Colorectal cancer - Homo sapiens (human),EREG,EREG,,Homo sapiens
2069,EREG,9606,pid,erbb_network_pathway,ErbB receptor signaling network,EREG,EREG,,Homo sapiens
2069,EREG,9606,wikipathways,WP673,ErbB signaling pathway,EREG,EREG,,Homo sapiens
1499,CTNNB1,9606,biocarta,gsk3pathway,inactivation of gsk3 by akt causes accumulation of b-catenin in alveolar macrophages,CTNNB1,CTNNB1,,Homo sapiens
1499,CTNNB1,9606,biocarta,hespathway,segmentation clock,CTNNB1,CTNNB1,,Homo sapiens
1499,CTNNB1,9606,biocarta,pitx2pathway,multi-step regulation of transcription by pitx2,CTNNB1,CTNNB1,,Homo sapiens
1499,CTNNB1,9606,biocarta,tffpathway,trefoil factors initiate mucosal healing,CTNNB1,CTNNB1,,Homo sapiens
1499,CTNNB1,9606,biocarta,wntpathway,wnt signaling pathway,CTNNB1,CTNNB1,,Homo sapiens
1499,CTNNB1,9606,kegg,hsa04015,Rap1 signaling pathway - Homo sapiens (human),CTNNB1,CTNNB1,,Homo sapiens
1499,CTNNB1,9606,kegg,hsa04310,Wnt signaling pathway - Homo sapiens (human),CTNNB1,CTNNB1,,Homo sapiens
1499,CTNNB1,9606,kegg,hsa04390,Hippo signaling pathway - Homo sapiens (human),CTNNB1,CTNNB1,,Homo sapiens
1499,CTNNB1,9606,kegg,hsa04510,Focal adhesion - Homo sapiens (human),CTNNB1,CTNNB1,,Homo sapiens
1499,CTNNB1,9606,kegg,hsa04520,Adherens junction - Homo sapiens (human),CTNNB1,CTNNB1,,Homo sapiens
1499,CTNNB1,9606,kegg,hsa04550,Signaling pathways regulating pluripotency of stem cells - Homo sapiens (human),CTNNB1,CTNNB1,,Homo sapiens
1499,CTNNB1,9606,kegg,hsa04670,Leukocyte transendothelial migration - Homo sapiens (human),CTNNB1,CTNNB1,,Homo sapiens
1499,CTNNB1,9606,kegg,hsa04916,Melanogenesis - Homo sapiens (human),CTNNB1,CTNNB1,,Homo sapiens
1499,CTNNB1,9606,kegg,hsa04919,Thyroid hormone signaling pathway - Homo sapiens (human),CTNNB1,CTNNB1,,Homo sapiens
1499,CTNNB1,9606,kegg,hsa04934,Cushing syndrome - Homo sapiens (human),CTNNB1,CTNNB1,,Homo sapiens
1499,CTNNB1,9606,kegg,hsa05010,Alzheimer disease - Homo sapiens (human),CTNNB1,CTNNB1,,Homo sapiens
1499,CTNNB1,9606,kegg,hsa05022,Pathways of neurodegeneration - multiple diseases - Homo sapiens (human),CTNNB1,CTNNB1,,Homo sapiens
1499,CTNNB1,9606,kegg,hsa05100,Bacterial invasion of epithelial cells - Homo sapiens (human),CTNNB1,CTNNB1,,Homo sapiens
1499,CTNNB1,9606,kegg,hsa05132,Salmonella infection - Homo sapiens (human),CTNNB1,CTNNB1,,Homo sapiens
1499,CTNNB1,9606,kegg,hsa05160,Hepatitis C - Homo sapiens (human),CTNNB1,CTNNB1,,Homo sapiens
1499,CTNNB1,9606,kegg,hsa05163,Human cytomegalovirus infection - Homo sapiens (human),CTNNB1,CTNNB1,,Homo sapiens
1499,CTNNB1,9606,kegg,hsa05165,Human papillomavirus infection - Homo sapiens (human),CTNNB1,CTNNB1,,Homo sapiens
1499,CTNNB1,9606,kegg,hsa05167,Kaposi sarcoma-associated herpesvirus infection - Homo sapiens (human),CTNNB1,CTNNB1,,Homo sapiens
1499,CTNNB1,9606,kegg,hsa05200,Pathways in cancer - Homo sapiens (human),CTNNB1,CTNNB1,,Homo sapiens
1499,CTNNB1,9606,kegg,hsa05205,Proteoglycans in cancer - Homo sapiens (human),CTNNB1,CTNNB1,,Homo sapiens
1499,CTNNB1,9606,kegg,hsa05210,Colorectal cancer - Homo sapiens (human),CTNNB1,CTNNB1,,Homo sapiens
1499,CTNNB1,9606,kegg,hsa05213,Endometrial cancer - Homo sapiens (human),CTNNB1,CTNNB1,,Homo sapiens
1499,CTNNB1,9606,kegg,hsa05215,Prostate cancer - Homo sapiens (human),CTNNB1,CTNNB1,,Homo sapiens
1499,CTNNB1,9606,kegg,hsa05216,Thyroid cancer - Homo sapiens (human),CTNNB1,CTNNB1,,Homo sapiens
1499,CTNNB1,9606,kegg,hsa05217,Basal cell carcinoma - Homo sapiens (human),CTNNB1,CTNNB1,,Homo sapiens
1499,CTNNB1,9606,kegg,hsa05224,Breast cancer - Homo sapiens (human),CTNNB1,CTNNB1,,Homo sapiens
1499,CTNNB1,9606,kegg,hsa05225,Hepatocellular carcinoma - Homo sapiens (human),CTNNB1,CTNNB1,,Homo sapiens
1499,CTNNB1,9606,kegg,hsa05226,Gastric cancer - Homo sapiens (human),CTNNB1,CTNNB1,,Homo sapiens
1499,CTNNB1,9606,kegg,hsa05412,Arrhythmogenic right ventricular cardiomyopathy - Homo sapiens (human),CTNNB1,CTNNB1,,Homo sapiens
1499,CTNNB1,9606,kegg,hsa05418,Fluid shear stress and atherosclerosis - Homo sapiens (human),CTNNB1,CTNNB1,,Homo sapiens
1499,CTNNB1,9606,netpath,Pathway_AndrogenReceptor,AndrogenReceptor,CTNNB1,CTNNB1,,Homo sapiens
1499,CTNNB1,9606,netpath,Pathway_BCR,BCR,CTNNB1,CTNNB1,,Homo sapiens
1499,CTNNB1,9606,netpath,Pathway_Fibroblast__growth__factor-1,Fibroblast growth factor-1,CTNNB1,CTNNB1,,Homo sapiens
1499,CTNNB1,9606,netpath,Pathway_Gastrin,Gastrin,CTNNB1,CTNNB1,,Homo sapiens
1499,CTNNB1,9606,netpath,Pathway_Hedgehog,Hedgehog,CTNNB1,CTNNB1,,Homo sapiens
1499,CTNNB1,9606,netpath,Pathway_IL5,IL5,CTNNB1,CTNNB1,,Homo sapiens
1499,CTNNB1,9606,netpath,Pathway_TCR,TCR,CTNNB1,CTNNB1,,Homo sapiens
1499,CTNNB1,9606,netpath,Pathway_TGF_beta_Receptor,TGF_beta_Receptor,CTNNB1,CTNNB1,,Homo sapiens
1499,CTNNB1,9606,netpath,Pathway_Wnt,Wnt,CTNNB1,CTNNB1,,Homo sapiens
1499,CTNNB1,9606,pid,ajdiss_2pathway,Posttranslational regulation of adherens junction stability and dissassembly,CTNNB1,CTNNB1,,Homo sapiens
1499,CTNNB1,9606,pid,ap1_pathway,AP-1 transcription factor network,CTNNB1,CTNNB1,,Homo sapiens
1499,CTNNB1,9606,pid,ar_pathway,Coregulation of Androgen receptor activity,CTNNB1,CTNNB1,,Homo sapiens
1499,CTNNB1,9606,pid,arf6_traffickingpathway,Arf6 trafficking events,CTNNB1,CTNNB1,,Homo sapiens
1499,CTNNB1,9606,pid,betacatenin_deg_pathway,Degradation of beta catenin,CTNNB1,CTNNB1,,Homo sapiens
1499,CTNNB1,9606,pid,betacatenin_nuc_pathway,Regulation of nuclear beta catenin signaling and target gene transcription,CTNNB1,CTNNB1,,Homo sapiens
1499,CTNNB1,9606,pid,cdc42_pathway,CDC42 signaling events,CTNNB1,CTNNB1,,Homo sapiens
1499,CTNNB1,9606,pid,ecadherin_keratinocyte_pathway,E-cadherin signaling in keratinocytes,CTNNB1,CTNNB1,,Homo sapiens
1499,CTNNB1,9606,pid,ecadherin_nascentaj_pathway,E-cadherin signaling in the nascent adherens junction,CTNNB1,CTNNB1,,Homo sapiens
1499,CTNNB1,9606,pid,ecadherin_stabilization_pathway,Stabilization and expansion of the E-cadherin adherens junction,CTNNB1,CTNNB1,,Homo sapiens
1499,CTNNB1,9606,pid,foxopathway,FoxO family signaling,CTNNB1,CTNNB1,,Homo sapiens
1499,CTNNB1,9606,pid,ilk_pathway,Integrin-linked kinase signaling,CTNNB1,CTNNB1,,Homo sapiens
1499,CTNNB1,9606,pid,met_pathway,Signaling events mediated by Hepatocyte Growth Factor Receptor (c-Met),CTNNB1,CTNNB1,,Homo sapiens
1499,CTNNB1,9606,pid,ncadherinpathway,N-cadherin signaling events,CTNNB1,CTNNB1,,Homo sapiens
1499,CTNNB1,9606,pid,nectin_pathway,Nectin adhesion pathway,CTNNB1,CTNNB1,,Homo sapiens
1499,CTNNB1,9606,pid,ps1pathway,Presenilin action in Notch and Wnt signaling,CTNNB1,CTNNB1,,Homo sapiens
1499,CTNNB1,9606,pid,rac1_pathway,RAC1 signaling pathway,CTNNB1,CTNNB1,,Homo sapiens
1499,CTNNB1,9606,pid,tgfbrpathway,TGF-beta receptor signaling,CTNNB1,CTNNB1,,Homo sapiens
1499,CTNNB1,9606,pid,vegfr1_2_pathway,Signaling events mediated by VEGFR1 and VEGFR2,CTNNB1,CTNNB1,,Homo sapiens
1499,CTNNB1,9606,pid,wnt_canonical_pathway,Canonical Wnt signaling pathway,CTNNB1,CTNNB1,,Homo sapiens
1499,CTNNB1,9606,wikipathways,WP138,Androgen receptor signaling pathway,CTNNB1,CTNNB1,,Homo sapiens
1499,CTNNB1,9606,wikipathways,WP1544,MicroRNAs in cardiomyocyte hypertrophy,CTNNB1,CTNNB1,,Homo sapiens
1499,CTNNB1,9606,wikipathways,WP1591,Heart Development,CTNNB1,CTNNB1,,Homo sapiens
1499,CTNNB1,9606,wikipathways,WP2036,TNF related weak inducer of apoptosis (TWEAK) Signaling Pathway,CTNNB1,CTNNB1,,Homo sapiens
1499,CTNNB1,9606,wikipathways,WP2064,Neural Crest Differentiation,CTNNB1,CTNNB1,,Homo sapiens
1499,CTNNB1,9606,wikipathways,WP2118,Arrhythmogenic Right Ventricular Cardiomyopathy,CTNNB1,CTNNB1,,Homo sapiens
1499,CTNNB1,9606,wikipathways,WP2272,Pathogenic Escherichia coli infection,CTNNB1,CTNNB1,,Homo sapiens
1499,CTNNB1,9606,wikipathways,WP2355,Corticotropin-releasing hormone signaling pathway,CTNNB1,CTNNB1,,Homo sapiens
1499,CTNNB1,9606,wikipathways,WP236,Adipogenesis,CTNNB1,CTNNB1,,Homo sapiens
1499,CTNNB1,9606,wikipathways,WP2363,Gastric Cancer Network 2,CTNNB1,CTNNB1,,Homo sapiens
1499,CTNNB1,9606,wikipathways,WP2380,Brain-derived neurotrophic factor (BDNF) signaling pathway,CTNNB1,CTNNB1,,Homo sapiens
1499,CTNNB1,9606,wikipathways,WP2572,Primary focal segmental glomerulosclerosis (FSGS),CTNNB1,CTNNB1,,Homo sapiens
1499,CTNNB1,9606,wikipathways,WP2853,Endoderm differentiation,CTNNB1,CTNNB1,,Homo sapiens
1499,CTNNB1,9606,wikipathways,WP2858,Ectoderm Differentiation,CTNNB1,CTNNB1,,Homo sapiens
1499,CTNNB1,9606,wikipathways,WP2870,Extracellular vesicle-mediated signaling in recipient cells,CTNNB1,CTNNB1,,Homo sapiens
1499,CTNNB1,9606,wikipathways,WP306,Focal Adhesion,CTNNB1,CTNNB1,,Homo sapiens
1499,CTNNB1,9606,wikipathways,WP3303,RAC1-PAK1-p38-MMP2 Pathway,CTNNB1,CTNNB1,,Homo sapiens
1499,CTNNB1,9606,wikipathways,WP363,Wnt Signaling Pathway,CTNNB1,CTNNB1,,Homo sapiens
1499,CTNNB1,9606,wikipathways,WP3664,Regulation of Wnt-B-catenin Signaling by Small Molecule Compounds,CTNNB1,CTNNB1,,Homo sapiens
1499,CTNNB1,9606,wikipathways,WP3680,Association Between Physico-Chemical Features and Toxicity Associated Pathways,CTNNB1,CTNNB1,,Homo sapiens
1499,CTNNB1,9606,wikipathways,WP3888,VEGFA-VEGFR2 Signaling Pathway,CTNNB1,CTNNB1,,Homo sapiens
1499,CTNNB1,9606,wikipathways,WP3931,ESC Pluripotency Pathways,CTNNB1,CTNNB1,,Homo sapiens
1499,CTNNB1,9606,wikipathways,WP3969,H19 action Rb-E2F1 signaling and CDK-Beta-catenin activity,CTNNB1,CTNNB1,,Homo sapiens
1499,CTNNB1,9606,wikipathways,WP3971,Role of Osx and miRNAs in tooth development,CTNNB1,CTNNB1,,Homo sapiens
1499,CTNNB1,9606,wikipathways,WP399,Wnt signaling pathway and pluripotency,CTNNB1,CTNNB1,,Homo sapiens
1499,CTNNB1,9606,wikipathways,WP4147,PTF1A related regulatory pathway,CTNNB1,CTNNB1,,Homo sapiens
1499,CTNNB1,9606,wikipathways,WP4150,Wnt signaling in kidney disease,CTNNB1,CTNNB1,,Homo sapiens
1499,CTNNB1,9606,wikipathways,WP4155,Endometrial cancer,CTNNB1,CTNNB1,,Homo sapiens
1499,CTNNB1,9606,wikipathways,WP4216,Chromosomal and microsatellite instability in colorectal cancer,CTNNB1,CTNNB1,,Homo sapiens
1499,CTNNB1,9606,wikipathways,WP4239,Epithelial to mesenchymal transition in colorectal cancer,CTNNB1,CTNNB1,,Homo sapiens
1499,CTNNB1,9606,wikipathways,WP4258,LncRNA involvement in canonical Wnt signaling and colorectal cancer,CTNNB1,CTNNB1,,Homo sapiens
1499,CTNNB1,9606,wikipathways,WP4262,Breast cancer pathway,CTNNB1,CTNNB1,,Homo sapiens
1499,CTNNB1,9606,wikipathways,WP428,Wnt signaling,CTNNB1,CTNNB1,,Homo sapiens
1499,CTNNB1,9606,wikipathways,WP4336,ncRNAs involved in Wnt signaling in hepatocellular carcinoma,CTNNB1,CTNNB1,,Homo sapiens
1499,CTNNB1,9606,wikipathways,WP4352,Ciliary landscape,CTNNB1,CTNNB1,,Homo sapiens
1499,CTNNB1,9606,wikipathways,WP4534,Mechanoregulation and pathology of YAP-TAZ via Hippo and non-Hippo mechanisms,CTNNB1,CTNNB1,,Homo sapiens
1499,CTNNB1,9606,wikipathways,WP4540,Pathways Regulating Hippo Signaling,CTNNB1,CTNNB1,,Homo sapiens
1499,CTNNB1,9606,wikipathways,WP4541,Hippo-Merlin Signaling Dysregulation,CTNNB1,CTNNB1,,Homo sapiens
1499,CTNNB1,9606,wikipathways,WP4659,Gastrin signaling pathway,CTNNB1,CTNNB1,,Homo sapiens
1499,CTNNB1,9606,wikipathways,WP4674,Head and Neck Squamous Cell Carcinoma,CTNNB1,CTNNB1,,Homo sapiens
1499,CTNNB1,9606,wikipathways,WP4746,Thyroid hormones production and their peripheral downstream signaling effects,CTNNB1,CTNNB1,,Homo sapiens
1499,CTNNB1,9606,wikipathways,WP4754,IL-18 signaling pathway,CTNNB1,CTNNB1,,Homo sapiens
1499,CTNNB1,9606,wikipathways,WP4787,Osteoblast differentiation,CTNNB1,CTNNB1,,Homo sapiens
1499,CTNNB1,9606,wikipathways,WP4816,TGF-beta receptor signaling in skeletal dysplasias,CTNNB1,CTNNB1,,Homo sapiens
1499,CTNNB1,9606,wikipathways,WP4823,Genes controlling nephrogenesis,CTNNB1,CTNNB1,,Homo sapiens
1499,CTNNB1,9606,wikipathways,WP4830,GDNF-RET signaling axis,CTNNB1,CTNNB1,,Homo sapiens
1499,CTNNB1,9606,wikipathways,WP4842,Mammalian disorder of sexual development,CTNNB1,CTNNB1,,Homo sapiens
1499,CTNNB1,9606,wikipathways,WP4844,The influence of laminopathies on Wnt signaling,CTNNB1,CTNNB1,,Homo sapiens
1499,CTNNB1,9606,wikipathways,WP4879,The Overlap Between Signal Transduction Pathways that Contribute to a Range of LMNA Laminopathies,CTNNB1,CTNNB1,,Homo sapiens
1499,CTNNB1,9606,wikipathways,WP4905,1q21.1 copy number variation syndrome,CTNNB1,CTNNB1,,Homo sapiens
1499,CTNNB1,9606,wikipathways,WP5053,Development of ureteric collection system,CTNNB1,CTNNB1,,Homo sapiens
1499,CTNNB1,9606,wikipathways,WP560,TGF-beta Receptor Signaling,CTNNB1,CTNNB1,,Homo sapiens
1499,CTNNB1,9606,wikipathways,WP706,Sudden Infant Death Syndrome (SIDS) Susceptibility Pathways,CTNNB1,CTNNB1,,Homo sapiens
1499,CTNNB1,9606,wikipathways,WP710,DNA damage response (only ATM dependent),CTNNB1,CTNNB1,,Homo sapiens
212541,Rho,10090,kegg,mmu04744,Phototransduction - Mus musculus (mouse),RHO,Rho,,Mus musculus
108058,Camk2d,10090,kegg,mmu04012,ErbB signaling pathway - Mus musculus (mouse),CAMK2D,Camk2d,,Mus musculus
108058,Camk2d,10090,kegg,mmu04020,Calcium signaling pathway - Mus musculus (mouse),CAMK2D,Camk2d,,Mus musculus
108058,Camk2d,10090,kegg,mmu04024,cAMP signaling pathway - Mus musculus (mouse),CAMK2D,Camk2d,,Mus musculus
108058,Camk2d,10090,kegg,mmu04066,HIF-1 signaling pathway - Mus musculus (mouse),CAMK2D,Camk2d,,Mus musculus
108058,Camk2d,10090,kegg,mmu04114,Oocyte meiosis - Mus musculus (mouse),CAMK2D,Camk2d,,Mus musculus
108058,Camk2d,10090,kegg,mmu04217,Necroptosis - Mus musculus (mouse),CAMK2D,Camk2d,,Mus musculus
108058,Camk2d,10090,kegg,mmu04261,Adrenergic signaling in cardiomyocytes - Mus musculus (mouse),CAMK2D,Camk2d,,Mus musculus
108058,Camk2d,10090,kegg,mmu04310,Wnt signaling pathway - Mus musculus (mouse),CAMK2D,Camk2d,,Mus musculus
108058,Camk2d,10090,kegg,mmu04360,Axon guidance - Mus musculus (mouse),CAMK2D,Camk2d,,Mus musculus
108058,Camk2d,10090,kegg,mmu04713,Circadian entrainment - Mus musculus (mouse),CAMK2D,Camk2d,,Mus musculus
108058,Camk2d,10090,kegg,mmu04720,Long-term potentiation - Mus musculus (mouse),CAMK2D,Camk2d,,Mus musculus
108058,Camk2d,10090,kegg,mmu04722,Neurotrophin signaling pathway - Mus musculus (mouse),CAMK2D,Camk2d,,Mus musculus
108058,Camk2d,10090,kegg,mmu04725,Cholinergic synapse - Mus musculus (mouse),CAMK2D,Camk2d,,Mus musculus
108058,Camk2d,10090,kegg,mmu04728,Dopaminergic synapse - Mus musculus (mouse),CAMK2D,Camk2d,,Mus musculus
108058,Camk2d,10090,kegg,mmu04740,Olfactory transduction - Mus musculus (mouse),CAMK2D,Camk2d,,Mus musculus
108058,Camk2d,10090,kegg,mmu04750,Inflammatory mediator regulation of TRP channels - Mus musculus (mouse),CAMK2D,Camk2d,,Mus musculus
108058,Camk2d,10090,kegg,mmu04911,Insulin secretion - Mus musculus (mouse),CAMK2D,Camk2d,,Mus musculus
108058,Camk2d,10090,kegg,mmu04912,GnRH signaling pathway - Mus musculus (mouse),CAMK2D,Camk2d,,Mus musculus
108058,Camk2d,10090,kegg,mmu04916,Melanogenesis - Mus musculus (mouse),CAMK2D,Camk2d,,Mus musculus
108058,Camk2d,10090,kegg,mmu04921,Oxytocin signaling pathway - Mus musculus (mouse),CAMK2D,Camk2d,,Mus musculus
108058,Camk2d,10090,kegg,mmu04922,Glucagon signaling pathway - Mus musculus (mouse),CAMK2D,Camk2d,,Mus musculus
108058,Camk2d,10090,kegg,mmu04925,Aldosterone synthesis and secretion - Mus musculus (mouse),CAMK2D,Camk2d,,Mus musculus
108058,Camk2d,10090,kegg,mmu04934,Cushing syndrome - Mus musculus (mouse),CAMK2D,Camk2d,,Mus musculus
108058,Camk2d,10090,kegg,mmu04971,Gastric acid secretion - Mus musculus (mouse),CAMK2D,Camk2d,,Mus musculus
108058,Camk2d,10090,kegg,mmu05012,Parkinson disease - Mus musculus (mouse),CAMK2D,Camk2d,,Mus musculus
108058,Camk2d,10090,kegg,mmu05022,Pathways of neurodegeneration - multiple diseases - Mus musculus (mouse),CAMK2D,Camk2d,,Mus musculus
108058,Camk2d,10090,kegg,mmu05031,Amphetamine addiction - Mus musculus (mouse),CAMK2D,Camk2d,,Mus musculus
108058,Camk2d,10090,kegg,mmu05152,Tuberculosis - Mus musculus (mouse),CAMK2D,Camk2d,,Mus musculus
108058,Camk2d,10090,kegg,mmu05200,Pathways in cancer - Mus musculus (mouse),CAMK2D,Camk2d,,Mus musculus
108058,Camk2d,10090,kegg,mmu05205,Proteoglycans in cancer - Mus musculus (mouse),CAMK2D,Camk2d,,Mus musculus
108058,Camk2d,10090,kegg,mmu05214,Glioma - Mus musculus (mouse),CAMK2D,Camk2d,,Mus musculus
108058,Camk2d,10090,kegg,mmu05415,Diabetic cardiomyopathy - Mus musculus (mouse),CAMK2D,Camk2d,,Mus musculus
108058,Camk2d,10090,kegg,mmu05417,Lipid and atherosclerosis - Mus musculus (mouse),CAMK2D,Camk2d,,Mus musculus
7442,TRPV1,9606,kegg,hsa04080,Neuroactive ligand-receptor interaction - Homo sapiens (human),TRPV1,TRPV1,,Homo sapiens
7442,TRPV1,9606,kegg,hsa04750,Inflammatory mediator regulation of TRP channels - Homo sapiens (human),TRPV1,TRPV1,,Homo sapiens
7442,TRPV1,9606,pid,mapktrkpathway,Trk receptor signaling mediated by the MAPK pathway,TRPV1,TRPV1,,Homo sapiens
7442,TRPV1,9606,pid,pi3kplctrkpathway,Trk receptor signaling mediated by PI3K and PLC-gamma,TRPV1,TRPV1,,Homo sapiens
7442,TRPV1,9606,wikipathways,WP3947,Serotonin and anxiety,TRPV1,TRPV1,,Homo sapiens
7442,TRPV1,9606,wikipathways,WP4721,Eicosanoid metabolism via lipooxygenases (LOX),TRPV1,TRPV1,,Homo sapiens
26413,Mapk1,10090,kegg,mmu04010,MAPK signaling pathway - Mus musculus (mouse),MAPK1,Mapk1,,Mus musculus
26413,Mapk1,10090,kegg,mmu04012,ErbB signaling pathway - Mus musculus (mouse),MAPK1,Mapk1,,Mus musculus
26413,Mapk1,10090,kegg,mmu04014,Ras signaling pathway - Mus musculus (mouse),MAPK1,Mapk1,,Mus musculus
26413,Mapk1,10090,kegg,mmu04015,Rap1 signaling pathway - Mus musculus (mouse),MAPK1,Mapk1,,Mus musculus
26413,Mapk1,10090,kegg,mmu04022,cGMP-PKG signaling pathway - Mus musculus (mouse),MAPK1,Mapk1,,Mus musculus
26413,Mapk1,10090,kegg,mmu04024,cAMP signaling pathway - Mus musculus (mouse),MAPK1,Mapk1,,Mus musculus
26413,Mapk1,10090,kegg,mmu04062,Chemokine signaling pathway - Mus musculus (mouse),MAPK1,Mapk1,,Mus musculus
26413,Mapk1,10090,kegg,mmu04066,HIF-1 signaling pathway - Mus musculus (mouse),MAPK1,Mapk1,,Mus musculus
26413,Mapk1,10090,kegg,mmu04068,FoxO signaling pathway - Mus musculus (mouse),MAPK1,Mapk1,,Mus musculus
26413,Mapk1,10090,kegg,mmu04071,Sphingolipid signaling pathway - Mus musculus (mouse),MAPK1,Mapk1,,Mus musculus
26413,Mapk1,10090,kegg,mmu04072,Phospholipase D signaling pathway - Mus musculus (mouse),MAPK1,Mapk1,,Mus musculus
26413,Mapk1,10090,kegg,mmu04114,Oocyte meiosis - Mus musculus (mouse),MAPK1,Mapk1,,Mus musculus
26413,Mapk1,10090,kegg,mmu04140,Autophagy - animal - Mus musculus (mouse),MAPK1,Mapk1,,Mus musculus
26413,Mapk1,10090,kegg,mmu04150,mTOR signaling pathway - Mus musculus (mouse),MAPK1,Mapk1,,Mus musculus
26413,Mapk1,10090,kegg,mmu04151,PI3K-Akt signaling pathway - Mus musculus (mouse),MAPK1,Mapk1,,Mus musculus
26413,Mapk1,10090,kegg,mmu04210,Apoptosis - Mus musculus (mouse),MAPK1,Mapk1,,Mus musculus
26413,Mapk1,10090,kegg,mmu04218,Cellular senescence - Mus musculus (mouse),MAPK1,Mapk1,,Mus musculus
26413,Mapk1,10090,kegg,mmu04261,Adrenergic signaling in cardiomyocytes - Mus musculus (mouse),MAPK1,Mapk1,,Mus musculus
26413,Mapk1,10090,kegg,mmu04270,Vascular smooth muscle contraction - Mus musculus (mouse),MAPK1,Mapk1,,Mus musculus
26413,Mapk1,10090,kegg,mmu04350,TGF-beta signaling pathway - Mus musculus (mouse),MAPK1,Mapk1,,Mus musculus
26413,Mapk1,10090,kegg,mmu04360,Axon guidance - Mus musculus (mouse),MAPK1,Mapk1,,Mus musculus
26413,Mapk1,10090,kegg,mmu04370,VEGF signaling pathway - Mus musculus (mouse),MAPK1,Mapk1,,Mus musculus
26413,Mapk1,10090,kegg,mmu04371,Apelin signaling pathway - Mus musculus (mouse),MAPK1,Mapk1,,Mus musculus
26413,Mapk1,10090,kegg,mmu04380,Osteoclast differentiation - Mus musculus (mouse),MAPK1,Mapk1,,Mus musculus
26413,Mapk1,10090,kegg,mmu04510,Focal adhesion - Mus musculus (mouse),MAPK1,Mapk1,,Mus musculus
26413,Mapk1,10090,kegg,mmu04520,Adherens junction - Mus musculus (mouse),MAPK1,Mapk1,,Mus musculus
26413,Mapk1,10090,kegg,mmu04540,Gap junction - Mus musculus (mouse),MAPK1,Mapk1,,Mus musculus
26413,Mapk1,10090,kegg,mmu04550,Signaling pathways regulating pluripotency of stem cells - Mus musculus (mouse),MAPK1,Mapk1,,Mus musculus
26413,Mapk1,10090,kegg,mmu04611,Platelet activation - Mus musculus (mouse),MAPK1,Mapk1,,Mus musculus
26413,Mapk1,10090,kegg,mmu04613,Neutrophil extracellular trap formation - Mus musculus (mouse),MAPK1,Mapk1,,Mus musculus
26413,Mapk1,10090,kegg,mmu04620,Toll-like receptor signaling pathway - Mus musculus (mouse),MAPK1,Mapk1,,Mus musculus
26413,Mapk1,10090,kegg,mmu04621,NOD-like receptor signaling pathway - Mus musculus (mouse),MAPK1,Mapk1,,Mus musculus
26413,Mapk1,10090,kegg,mmu04625,C-type lectin receptor signaling pathway - Mus musculus (mouse),MAPK1,Mapk1,,Mus musculus
26413,Mapk1,10090,kegg,mmu04650,Natural killer cell mediated cytotoxicity - Mus musculus (mouse),MAPK1,Mapk1,,Mus musculus
26413,Mapk1,10090,kegg,mmu04657,IL-17 signaling pathway - Mus musculus (mouse),MAPK1,Mapk1,,Mus musculus
26413,Mapk1,10090,kegg,mmu04658,Th1 and Th2 cell differentiation - Mus musculus (mouse),MAPK1,Mapk1,,Mus musculus
26413,Mapk1,10090,kegg,mmu04659,Th17 cell differentiation - Mus musculus (mouse),MAPK1,Mapk1,,Mus musculus
26413,Mapk1,10090,kegg,mmu04660,T cell receptor signaling pathway - Mus musculus (mouse),MAPK1,Mapk1,,Mus musculus
26413,Mapk1,10090,kegg,mmu04662,B cell receptor signaling pathway - Mus musculus (mouse),MAPK1,Mapk1,,Mus musculus
26413,Mapk1,10090,kegg,mmu04664,Fc epsilon RI signaling pathway - Mus musculus (mouse),MAPK1,Mapk1,,Mus musculus
26413,Mapk1,10090,kegg,mmu04666,Fc gamma R-mediated phagocytosis - Mus musculus (mouse),MAPK1,Mapk1,,Mus musculus
26413,Mapk1,10090,kegg,mmu04668,TNF signaling pathway - Mus musculus (mouse),MAPK1,Mapk1,,Mus musculus
26413,Mapk1,10090,kegg,mmu04713,Circadian entrainment - Mus musculus (mouse),MAPK1,Mapk1,,Mus musculus
26413,Mapk1,10090,kegg,mmu04720,Long-term potentiation - Mus musculus (mouse),MAPK1,Mapk1,,Mus musculus
26413,Mapk1,10090,kegg,mmu04722,Neurotrophin signaling pathway - Mus musculus (mouse),MAPK1,Mapk1,,Mus musculus
26413,Mapk1,10090,kegg,mmu04723,Retrograde endocannabinoid signaling - Mus musculus (mouse),MAPK1,Mapk1,,Mus musculus
26413,Mapk1,10090,kegg,mmu04724,Glutamatergic synapse - Mus musculus (mouse),MAPK1,Mapk1,,Mus musculus
26413,Mapk1,10090,kegg,mmu04725,Cholinergic synapse - Mus musculus (mouse),MAPK1,Mapk1,,Mus musculus
26413,Mapk1,10090,kegg,mmu04726,Serotonergic synapse - Mus musculus (mouse),MAPK1,Mapk1,,Mus musculus
26413,Mapk1,10090,kegg,mmu04730,Long-term depression - Mus musculus (mouse),MAPK1,Mapk1,,Mus musculus
26413,Mapk1,10090,kegg,mmu04810,Regulation of actin cytoskeleton - Mus musculus (mouse),MAPK1,Mapk1,,Mus musculus
26413,Mapk1,10090,kegg,mmu04910,Insulin signaling pathway - Mus musculus (mouse),MAPK1,Mapk1,,Mus musculus
26413,Mapk1,10090,kegg,mmu04912,GnRH signaling pathway - Mus musculus (mouse),MAPK1,Mapk1,,Mus musculus
26413,Mapk1,10090,kegg,mmu04914,Progesterone-mediated oocyte maturation - Mus musculus (mouse),MAPK1,Mapk1,,Mus musculus
26413,Mapk1,10090,kegg,mmu04915,Estrogen signaling pathway - Mus musculus (mouse),MAPK1,Mapk1,,Mus musculus
26413,Mapk1,10090,kegg,mmu04916,Melanogenesis - Mus musculus (mouse),MAPK1,Mapk1,,Mus musculus
26413,Mapk1,10090,kegg,mmu04917,Prolactin signaling pathway - Mus musculus (mouse),MAPK1,Mapk1,,Mus musculus
26413,Mapk1,10090,kegg,mmu04919,Thyroid hormone signaling pathway - Mus musculus (mouse),MAPK1,Mapk1,,Mus musculus
26413,Mapk1,10090,kegg,mmu04921,Oxytocin signaling pathway - Mus musculus (mouse),MAPK1,Mapk1,,Mus musculus
26413,Mapk1,10090,kegg,mmu04926,Relaxin signaling pathway - Mus musculus (mouse),MAPK1,Mapk1,,Mus musculus
26413,Mapk1,10090,kegg,mmu04928,"Parathyroid hormone synthesis, secretion and action - Mus musculus (mouse)",MAPK1,Mapk1,,Mus musculus
26413,Mapk1,10090,kegg,mmu04929,GnRH secretion - Mus musculus (mouse),MAPK1,Mapk1,,Mus musculus
26413,Mapk1,10090,kegg,mmu04930,Type II diabetes mellitus - Mus musculus (mouse),MAPK1,Mapk1,,Mus musculus
26413,Mapk1,10090,kegg,mmu04933,AGE-RAGE signaling pathway in diabetic complications - Mus musculus (mouse),MAPK1,Mapk1,,Mus musculus
26413,Mapk1,10090,kegg,mmu04934,Cushing syndrome - Mus musculus (mouse),MAPK1,Mapk1,,Mus musculus
26413,Mapk1,10090,kegg,mmu04935,"Growth hormone synthesis, secretion and action - Mus musculus (mouse)",MAPK1,Mapk1,,Mus musculus
26413,Mapk1,10090,kegg,mmu04960,Aldosterone-regulated sodium reabsorption - Mus musculus (mouse),MAPK1,Mapk1,,Mus musculus
26413,Mapk1,10090,kegg,mmu05010,Alzheimer disease - Mus musculus (mouse),MAPK1,Mapk1,,Mus musculus
26413,Mapk1,10090,kegg,mmu05020,Prion disease - Mus musculus (mouse),MAPK1,Mapk1,,Mus musculus
26413,Mapk1,10090,kegg,mmu05022,Pathways of neurodegeneration - multiple diseases - Mus musculus (mouse),MAPK1,Mapk1,,Mus musculus
26413,Mapk1,10090,kegg,mmu05034,Alcoholism - Mus musculus (mouse),MAPK1,Mapk1,,Mus musculus
26413,Mapk1,10090,kegg,mmu05132,Salmonella infection - Mus musculus (mouse),MAPK1,Mapk1,,Mus musculus
26413,Mapk1,10090,kegg,mmu05133,Pertussis - Mus musculus (mouse),MAPK1,Mapk1,,Mus musculus
26413,Mapk1,10090,kegg,mmu05135,Yersinia infection - Mus musculus (mouse),MAPK1,Mapk1,,Mus musculus
26413,Mapk1,10090,kegg,mmu05140,Leishmaniasis - Mus musculus (mouse),MAPK1,Mapk1,,Mus musculus
26413,Mapk1,10090,kegg,mmu05142,Chagas disease - Mus musculus (mouse),MAPK1,Mapk1,,Mus musculus
26413,Mapk1,10090,kegg,mmu05145,Toxoplasmosis - Mus musculus (mouse),MAPK1,Mapk1,,Mus musculus
26413,Mapk1,10090,kegg,mmu05152,Tuberculosis - Mus musculus (mouse),MAPK1,Mapk1,,Mus musculus
26413,Mapk1,10090,kegg,mmu05160,Hepatitis C - Mus musculus (mouse),MAPK1,Mapk1,,Mus musculus
26413,Mapk1,10090,kegg,mmu05161,Hepatitis B - Mus musculus (mouse),MAPK1,Mapk1,,Mus musculus
26413,Mapk1,10090,kegg,mmu05163,Human cytomegalovirus infection - Mus musculus (mouse),MAPK1,Mapk1,,Mus musculus
26413,Mapk1,10090,kegg,mmu05164,Influenza A - Mus musculus (mouse),MAPK1,Mapk1,,Mus musculus
26413,Mapk1,10090,kegg,mmu05165,Human papillomavirus infection - Mus musculus (mouse),MAPK1,Mapk1,,Mus musculus
26413,Mapk1,10090,kegg,mmu05166,Human T-cell leukemia virus 1 infection - Mus musculus (mouse),MAPK1,Mapk1,,Mus musculus
26413,Mapk1,10090,kegg,mmu05167,Kaposi sarcoma-associated herpesvirus infection - Mus musculus (mouse),MAPK1,Mapk1,,Mus musculus
26413,Mapk1,10090,kegg,mmu05170,Human immunodeficiency virus 1 infection - Mus musculus (mouse),MAPK1,Mapk1,,Mus musculus
26413,Mapk1,10090,kegg,mmu05171,Coronavirus disease - COVID-19 - Mus musculus (mouse),MAPK1,Mapk1,,Mus musculus
26413,Mapk1,10090,kegg,mmu05200,Pathways in cancer - Mus musculus (mouse),MAPK1,Mapk1,,Mus musculus
26413,Mapk1,10090,kegg,mmu05203,Viral carcinogenesis - Mus musculus (mouse),MAPK1,Mapk1,,Mus musculus
26413,Mapk1,10090,kegg,mmu05205,Proteoglycans in cancer - Mus musculus (mouse),MAPK1,Mapk1,,Mus musculus
26413,Mapk1,10090,kegg,mmu05206,MicroRNAs in cancer - Mus musculus (mouse),MAPK1,Mapk1,,Mus musculus
26413,Mapk1,10090,kegg,mmu05207,Chemical carcinogenesis - receptor activation - Mus musculus (mouse),MAPK1,Mapk1,,Mus musculus
26413,Mapk1,10090,kegg,mmu05208,Chemical carcinogenesis - reactive oxygen species - Mus musculus (mouse),MAPK1,Mapk1,,Mus musculus
26413,Mapk1,10090,kegg,mmu05210,Colorectal cancer - Mus musculus (mouse),MAPK1,Mapk1,,Mus musculus
26413,Mapk1,10090,kegg,mmu05211,Renal cell carcinoma - Mus musculus (mouse),MAPK1,Mapk1,,Mus musculus
26413,Mapk1,10090,kegg,mmu05212,Pancreatic cancer - Mus musculus (mouse),MAPK1,Mapk1,,Mus musculus
26413,Mapk1,10090,kegg,mmu05213,Endometrial cancer - Mus musculus (mouse),MAPK1,Mapk1,,Mus musculus
26413,Mapk1,10090,kegg,mmu05214,Glioma - Mus musculus (mouse),MAPK1,Mapk1,,Mus musculus
26413,Mapk1,10090,kegg,mmu05215,Prostate cancer - Mus musculus (mouse),MAPK1,Mapk1,,Mus musculus
26413,Mapk1,10090,kegg,mmu05216,Thyroid cancer - Mus musculus (mouse),MAPK1,Mapk1,,Mus musculus
26413,Mapk1,10090,kegg,mmu05218,Melanoma - Mus musculus (mouse),MAPK1,Mapk1,,Mus musculus
26413,Mapk1,10090,kegg,mmu05219,Bladder cancer - Mus musculus (mouse),MAPK1,Mapk1,,Mus musculus
26413,Mapk1,10090,kegg,mmu05220,Chronic myeloid leukemia - Mus musculus (mouse),MAPK1,Mapk1,,Mus musculus
26413,Mapk1,10090,kegg,mmu05221,Acute myeloid leukemia - Mus musculus (mouse),MAPK1,Mapk1,,Mus musculus
26413,Mapk1,10090,kegg,mmu05223,Non-small cell lung cancer - Mus musculus (mouse),MAPK1,Mapk1,,Mus musculus
26413,Mapk1,10090,kegg,mmu05224,Breast cancer - Mus musculus (mouse),MAPK1,Mapk1,,Mus musculus
26413,Mapk1,10090,kegg,mmu05225,Hepatocellular carcinoma - Mus musculus (mouse),MAPK1,Mapk1,,Mus musculus
26413,Mapk1,10090,kegg,mmu05226,Gastric cancer - Mus musculus (mouse),MAPK1,Mapk1,,Mus musculus
26413,Mapk1,10090,kegg,mmu05230,Central carbon metabolism in cancer - Mus musculus (mouse),MAPK1,Mapk1,,Mus musculus
26413,Mapk1,10090,kegg,mmu05231,Choline metabolism in cancer - Mus musculus (mouse),MAPK1,Mapk1,,Mus musculus
26413,Mapk1,10090,kegg,mmu05235,PD-L1 expression and PD-1 checkpoint pathway in cancer - Mus musculus (mouse),MAPK1,Mapk1,,Mus musculus
26413,Mapk1,10090,kegg,mmu05417,Lipid and atherosclerosis - Mus musculus (mouse),MAPK1,Mapk1,,Mus musculus
3688,ITGB1,9606,biocarta,agrpathway,agrin in postsynaptic differentiation,ITGB1,ITGB1,,Homo sapiens
3688,ITGB1,9606,biocarta,bcellsurvivalpathway,b cell survival pathway,ITGB1,ITGB1,,Homo sapiens
3688,ITGB1,9606,biocarta,ecmpathway,erk and pi-3 kinase are necessary for collagen binding in corneal epithelia,ITGB1,ITGB1,,Homo sapiens
3688,ITGB1,9606,biocarta,integrinpathway,integrin signaling pathway,ITGB1,ITGB1,,Homo sapiens
3688,ITGB1,9606,biocarta,mcalpainpathway,mcalpain and friends in cell motility,ITGB1,ITGB1,,Homo sapiens
3688,ITGB1,9606,biocarta,ptenpathway,pten dependent cell cycle arrest and apoptosis,ITGB1,ITGB1,,Homo sapiens
3688,ITGB1,9606,biocarta,ucalpainpathway,ucalpain and friends in cell spread,ITGB1,ITGB1,,Homo sapiens
3688,ITGB1,9606,kegg,hsa04015,Rap1 signaling pathway - Homo sapiens (human),ITGB1,ITGB1,,Homo sapiens
3688,ITGB1,9606,kegg,hsa04145,Phagosome - Homo sapiens (human),ITGB1,ITGB1,,Homo sapiens
3688,ITGB1,9606,kegg,hsa04151,PI3K-Akt signaling pathway - Homo sapiens (human),ITGB1,ITGB1,,Homo sapiens
3688,ITGB1,9606,kegg,hsa04360,Axon guidance - Homo sapiens (human),ITGB1,ITGB1,,Homo sapiens
3688,ITGB1,9606,kegg,hsa04510,Focal adhesion - Homo sapiens (human),ITGB1,ITGB1,,Homo sapiens
3688,ITGB1,9606,kegg,hsa04512,ECM-receptor interaction - Homo sapiens (human),ITGB1,ITGB1,,Homo sapiens
3688,ITGB1,9606,kegg,hsa04514,Cell adhesion molecules - Homo sapiens (human),ITGB1,ITGB1,,Homo sapiens
3688,ITGB1,9606,kegg,hsa04530,Tight junction - Homo sapiens (human),ITGB1,ITGB1,,Homo sapiens
3688,ITGB1,9606,kegg,hsa04611,Platelet activation - Homo sapiens (human),ITGB1,ITGB1,,Homo sapiens
3688,ITGB1,9606,kegg,hsa04670,Leukocyte transendothelial migration - Homo sapiens (human),ITGB1,ITGB1,,Homo sapiens
3688,ITGB1,9606,kegg,hsa04810,Regulation of actin cytoskeleton - Homo sapiens (human),ITGB1,ITGB1,,Homo sapiens
3688,ITGB1,9606,kegg,hsa05100,Bacterial invasion of epithelial cells - Homo sapiens (human),ITGB1,ITGB1,,Homo sapiens
3688,ITGB1,9606,kegg,hsa05130,Pathogenic Escherichia coli infection - Homo sapiens (human),ITGB1,ITGB1,,Homo sapiens
3688,ITGB1,9606,kegg,hsa05131,Shigellosis - Homo sapiens (human),ITGB1,ITGB1,,Homo sapiens
3688,ITGB1,9606,kegg,hsa05133,Pertussis - Homo sapiens (human),ITGB1,ITGB1,,Homo sapiens
3688,ITGB1,9606,kegg,hsa05135,Yersinia infection - Homo sapiens (human),ITGB1,ITGB1,,Homo sapiens
3688,ITGB1,9606,kegg,hsa05140,Leishmaniasis - Homo sapiens (human),ITGB1,ITGB1,,Homo sapiens
3688,ITGB1,9606,kegg,hsa05145,Toxoplasmosis - Homo sapiens (human),ITGB1,ITGB1,,Homo sapiens
3688,ITGB1,9606,kegg,hsa05165,Human papillomavirus infection - Homo sapiens (human),ITGB1,ITGB1,,Homo sapiens
3688,ITGB1,9606,kegg,hsa05200,Pathways in cancer - Homo sapiens (human),ITGB1,ITGB1,,Homo sapiens
3688,ITGB1,9606,kegg,hsa05205,Proteoglycans in cancer - Homo sapiens (human),ITGB1,ITGB1,,Homo sapiens
3688,ITGB1,9606,kegg,hsa05222,Small cell lung cancer - Homo sapiens (human),ITGB1,ITGB1,,Homo sapiens
3688,ITGB1,9606,kegg,hsa05410,Hypertrophic cardiomyopathy - Homo sapiens (human),ITGB1,ITGB1,,Homo sapiens
3688,ITGB1,9606,kegg,hsa05412,Arrhythmogenic right ventricular cardiomyopathy - Homo sapiens (human),ITGB1,ITGB1,,Homo sapiens
3688,ITGB1,9606,kegg,hsa05414,Dilated cardiomyopathy - Homo sapiens (human),ITGB1,ITGB1,,Homo sapiens
3688,ITGB1,9606,netpath,Pathway_EGFR1,EGFR1,ITGB1,ITGB1,,Homo sapiens
3688,ITGB1,9606,netpath,Pathway_Gastrin,Gastrin,ITGB1,ITGB1,,Homo sapiens
3688,ITGB1,9606,netpath,Pathway_Prolactin,Prolactin,ITGB1,ITGB1,,Homo sapiens
3688,ITGB1,9606,pid,a4b7_pathway,a4b7 Integrin signaling,ITGB1,ITGB1,,Homo sapiens
3688,ITGB1,9606,pid,a6b1_a6b4_integrin_pathway,a6b1 and a6b4 Integrin signaling,ITGB1,ITGB1,,Homo sapiens
3688,ITGB1,9606,pid,angiopoietinreceptor_pathway,Angiopoietin receptor Tie2-mediated signaling,ITGB1,ITGB1,,Homo sapiens
3688,ITGB1,9606,pid,arf6_traffickingpathway,Arf6 trafficking events,ITGB1,ITGB1,,Homo sapiens
3688,ITGB1,9606,pid,fak_pathway,Signaling events mediated by focal adhesion kinase,ITGB1,ITGB1,,Homo sapiens
3688,ITGB1,9606,pid,integrin1_pathway,Beta1 integrin cell surface interactions,ITGB1,ITGB1,,Homo sapiens
3688,ITGB1,9606,pid,integrin_a4b1_pathway,Alpha4 beta1 integrin signaling events,ITGB1,ITGB1,,Homo sapiens
3688,ITGB1,9606,pid,integrin_a9b1_pathway,Alpha9 beta1 integrin signaling events,ITGB1,ITGB1,,Homo sapiens
3688,ITGB1,9606,pid,lymphangiogenesis_pathway,VEGFR3 signaling in lymphatic endothelium,ITGB1,ITGB1,,Homo sapiens
3688,ITGB1,9606,pid,myc_represspathway,Validated targets of C-MYC transcriptional repression,ITGB1,ITGB1,,Homo sapiens
3688,ITGB1,9606,pid,plexind1_pathway,Plexin-D1 Signaling,ITGB1,ITGB1,,Homo sapiens
3688,ITGB1,9606,pid,prlsignalingeventspathway,Signaling events mediated by PRL,ITGB1,ITGB1,,Homo sapiens
3688,ITGB1,9606,pid,reelinpathway,Reelin signaling pathway,ITGB1,ITGB1,,Homo sapiens
3688,ITGB1,9606,pid,rhoa_pathway,RhoA signaling pathway,ITGB1,ITGB1,,Homo sapiens
3688,ITGB1,9606,pid,syndecan_2_pathway,Syndecan-2-mediated signaling events,ITGB1,ITGB1,,Homo sapiens
3688,ITGB1,9606,pid,syndecan_4_pathway,Syndecan-4-mediated signaling events,ITGB1,ITGB1,,Homo sapiens
3688,ITGB1,9606,pid,tcptp_pathway,Signaling events mediated by TCPTP,ITGB1,ITGB1,,Homo sapiens
3688,ITGB1,9606,pid,upa_upar_pathway,Urokinase-type plasminogen activator (uPA) and uPAR-mediated signaling,ITGB1,ITGB1,,Homo sapiens
3688,ITGB1,9606,wikipathways,WP185,Integrin-mediated Cell Adhesion,ITGB1,ITGB1,,Homo sapiens
3688,ITGB1,9606,wikipathways,WP2037,Prolactin Signaling Pathway,ITGB1,ITGB1,,Homo sapiens
3688,ITGB1,9606,wikipathways,WP2064,Neural Crest Differentiation,ITGB1,ITGB1,,Homo sapiens
3688,ITGB1,9606,wikipathways,WP2118,Arrhythmogenic Right Ventricular Cardiomyopathy,ITGB1,ITGB1,,Homo sapiens
3688,ITGB1,9606,wikipathways,WP2272,Pathogenic Escherichia coli infection,ITGB1,ITGB1,,Homo sapiens
3688,ITGB1,9606,wikipathways,WP2572,Primary focal segmental glomerulosclerosis (FSGS),ITGB1,ITGB1,,Homo sapiens
3688,ITGB1,9606,wikipathways,WP2813,Mammary gland development pathway - Embryonic development (Stage 1 of 4),ITGB1,ITGB1,,Homo sapiens
3688,ITGB1,9606,wikipathways,WP306,Focal Adhesion,ITGB1,ITGB1,,Homo sapiens
3688,ITGB1,9606,wikipathways,WP313,Signaling of Hepatocyte Growth Factor Receptor,ITGB1,ITGB1,,Homo sapiens
3688,ITGB1,9606,wikipathways,WP3303,RAC1-PAK1-p38-MMP2 Pathway,ITGB1,ITGB1,,Homo sapiens
3688,ITGB1,9606,wikipathways,WP366,TGF-beta Signaling Pathway,ITGB1,ITGB1,,Homo sapiens
3688,ITGB1,9606,wikipathways,WP3850,Factors and pathways affecting insulin-like growth factor (IGF1)-Akt signaling,ITGB1,ITGB1,,Homo sapiens
3688,ITGB1,9606,wikipathways,WP3888,VEGFA-VEGFR2 Signaling Pathway,ITGB1,ITGB1,,Homo sapiens
3688,ITGB1,9606,wikipathways,WP3932,Focal Adhesion-PI3K-Akt-mTOR-signaling pathway,ITGB1,ITGB1,,Homo sapiens
3688,ITGB1,9606,wikipathways,WP4172,PI3K-Akt signaling pathway,ITGB1,ITGB1,,Homo sapiens
3688,ITGB1,9606,wikipathways,WP4217,Ebola Virus Pathway on Host,ITGB1,ITGB1,,Homo sapiens
3688,ITGB1,9606,wikipathways,WP4493,Cells and molecules involved in local acute inflammatory response,ITGB1,ITGB1,,Homo sapiens
3688,ITGB1,9606,wikipathways,WP4534,Mechanoregulation and pathology of YAP-TAZ via Hippo and non-Hippo mechanisms,ITGB1,ITGB1,,Homo sapiens
3688,ITGB1,9606,wikipathways,WP4541,Hippo-Merlin Signaling Dysregulation,ITGB1,ITGB1,,Homo sapiens
3688,ITGB1,9606,wikipathways,WP4658,Small cell lung cancer,ITGB1,ITGB1,,Homo sapiens
3688,ITGB1,9606,wikipathways,WP4659,Gastrin signaling pathway,ITGB1,ITGB1,,Homo sapiens
3688,ITGB1,9606,wikipathways,WP4823,Genes controlling nephrogenesis,ITGB1,ITGB1,,Homo sapiens
3688,ITGB1,9606,wikipathways,WP5053,Development of ureteric collection system,ITGB1,ITGB1,,Homo sapiens
3569,IL6,9606,biocarta,her2pathway,role of erbb2 in signal transduction and oncology,IL6,IL6,,Homo sapiens
3569,IL6,9606,biocarta,il10pathway,il-10 anti-inflammatory signaling pathway,IL6,IL6,,Homo sapiens
3569,IL6,9606,biocarta,il1rpathway,signal transduction through il1r,IL6,IL6,,Homo sapiens
3569,IL6,9606,biocarta,il6pathway,il 6 signaling pathway,IL6,IL6,,Homo sapiens
3569,IL6,9606,kegg,hsa04060,Cytokine-cytokine receptor interaction - Homo sapiens (human),IL6,IL6,,Homo sapiens
3569,IL6,9606,kegg,hsa04061,Viral protein interaction with cytokine and cytokine receptor - Homo sapiens (human),IL6,IL6,,Homo sapiens
3569,IL6,9606,kegg,hsa04066,HIF-1 signaling pathway - Homo sapiens (human),IL6,IL6,,Homo sapiens
3569,IL6,9606,kegg,hsa04068,FoxO signaling pathway - Homo sapiens (human),IL6,IL6,,Homo sapiens
3569,IL6,9606,kegg,hsa04151,PI3K-Akt signaling pathway - Homo sapiens (human),IL6,IL6,,Homo sapiens
3569,IL6,9606,kegg,hsa04218,Cellular senescence - Homo sapiens (human),IL6,IL6,,Homo sapiens
3569,IL6,9606,kegg,hsa04620,Toll-like receptor signaling pathway - Homo sapiens (human),IL6,IL6,,Homo sapiens
3569,IL6,9606,kegg,hsa04621,NOD-like receptor signaling pathway - Homo sapiens (human),IL6,IL6,,Homo sapiens
3569,IL6,9606,kegg,hsa04623,Cytosolic DNA-sensing pathway - Homo sapiens (human),IL6,IL6,,Homo sapiens
3569,IL6,9606,kegg,hsa04625,C-type lectin receptor signaling pathway - Homo sapiens (human),IL6,IL6,,Homo sapiens
3569,IL6,9606,kegg,hsa04630,JAK-STAT signaling pathway - Homo sapiens (human),IL6,IL6,,Homo sapiens
3569,IL6,9606,kegg,hsa04640,Hematopoietic cell lineage - Homo sapiens (human),IL6,IL6,,Homo sapiens
3569,IL6,9606,kegg,hsa04657,IL-17 signaling pathway - Homo sapiens (human),IL6,IL6,,Homo sapiens
3569,IL6,9606,kegg,hsa04659,Th17 cell differentiation - Homo sapiens (human),IL6,IL6,,Homo sapiens
3569,IL6,9606,kegg,hsa04668,TNF signaling pathway - Homo sapiens (human),IL6,IL6,,Homo sapiens
3569,IL6,9606,kegg,hsa04672,Intestinal immune network for IgA production - Homo sapiens (human),IL6,IL6,,Homo sapiens
3569,IL6,9606,kegg,hsa04931,Insulin resistance - Homo sapiens (human),IL6,IL6,,Homo sapiens
3569,IL6,9606,kegg,hsa04932,Non-alcoholic fatty liver disease - Homo sapiens (human),IL6,IL6,,Homo sapiens
3569,IL6,9606,kegg,hsa04933,AGE-RAGE signaling pathway in diabetic complications - Homo sapiens (human),IL6,IL6,,Homo sapiens
3569,IL6,9606,kegg,hsa05010,Alzheimer disease - Homo sapiens (human),IL6,IL6,,Homo sapiens
3569,IL6,9606,kegg,hsa05020,Prion disease - Homo sapiens (human),IL6,IL6,,Homo sapiens
3569,IL6,9606,kegg,hsa05022,Pathways of neurodegeneration - multiple diseases - Homo sapiens (human),IL6,IL6,,Homo sapiens
3569,IL6,9606,kegg,hsa05130,Pathogenic Escherichia coli infection - Homo sapiens (human),IL6,IL6,,Homo sapiens
3569,IL6,9606,kegg,hsa05132,Salmonella infection - Homo sapiens (human),IL6,IL6,,Homo sapiens
3569,IL6,9606,kegg,hsa05133,Pertussis - Homo sapiens (human),IL6,IL6,,Homo sapiens
3569,IL6,9606,kegg,hsa05134,Legionellosis - Homo sapiens (human),IL6,IL6,,Homo sapiens
3569,IL6,9606,kegg,hsa05135,Yersinia infection - Homo sapiens (human),IL6,IL6,,Homo sapiens
3569,IL6,9606,kegg,hsa05142,Chagas disease - Homo sapiens (human),IL6,IL6,,Homo sapiens
3569,IL6,9606,kegg,hsa05143,African trypanosomiasis - Homo sapiens (human),IL6,IL6,,Homo sapiens
3569,IL6,9606,kegg,hsa05144,Malaria - Homo sapiens (human),IL6,IL6,,Homo sapiens
3569,IL6,9606,kegg,hsa05146,Amoebiasis - Homo sapiens (human),IL6,IL6,,Homo sapiens
3569,IL6,9606,kegg,hsa05152,Tuberculosis - Homo sapiens (human),IL6,IL6,,Homo sapiens
3569,IL6,9606,kegg,hsa05161,Hepatitis B - Homo sapiens (human),IL6,IL6,,Homo sapiens
3569,IL6,9606,kegg,hsa05162,Measles - Homo sapiens (human),IL6,IL6,,Homo sapiens
3569,IL6,9606,kegg,hsa05163,Human cytomegalovirus infection - Homo sapiens (human),IL6,IL6,,Homo sapiens
3569,IL6,9606,kegg,hsa05164,Influenza A - Homo sapiens (human),IL6,IL6,,Homo sapiens
3569,IL6,9606,kegg,hsa05166,Human T-cell leukemia virus 1 infection - Homo sapiens (human),IL6,IL6,,Homo sapiens
3569,IL6,9606,kegg,hsa05167,Kaposi sarcoma-associated herpesvirus infection - Homo sapiens (human),IL6,IL6,,Homo sapiens
3569,IL6,9606,kegg,hsa05168,Herpes simplex virus 1 infection - Homo sapiens (human),IL6,IL6,,Homo sapiens
3569,IL6,9606,kegg,hsa05169,Epstein-Barr virus infection - Homo sapiens (human),IL6,IL6,,Homo sapiens
3569,IL6,9606,kegg,hsa05171,Coronavirus disease - COVID-19 - Homo sapiens (human),IL6,IL6,,Homo sapiens
3569,IL6,9606,kegg,hsa05200,Pathways in cancer - Homo sapiens (human),IL6,IL6,,Homo sapiens
3569,IL6,9606,kegg,hsa05202,Transcriptional misregulation in cancer - Homo sapiens (human),IL6,IL6,,Homo sapiens
3569,IL6,9606,kegg,hsa05321,Inflammatory bowel disease - Homo sapiens (human),IL6,IL6,,Homo sapiens
3569,IL6,9606,kegg,hsa05323,Rheumatoid arthritis - Homo sapiens (human),IL6,IL6,,Homo sapiens
3569,IL6,9606,kegg,hsa05332,Graft-versus-host disease - Homo sapiens (human),IL6,IL6,,Homo sapiens
3569,IL6,9606,kegg,hsa05410,Hypertrophic cardiomyopathy - Homo sapiens (human),IL6,IL6,,Homo sapiens
3569,IL6,9606,kegg,hsa05417,Lipid and atherosclerosis - Homo sapiens (human),IL6,IL6,,Homo sapiens
3569,IL6,9606,netpath,Pathway_IL6,IL6,IL6,IL6,,Homo sapiens
3569,IL6,9606,pid,amb2_neutrophils_pathway,amb2 Integrin signaling,IL6,IL6,,Homo sapiens
3569,IL6,9606,pid,ap1_pathway,AP-1 transcription factor network,IL6,IL6,,Homo sapiens
3569,IL6,9606,pid,atf2_pathway,ATF-2 transcription factor network,IL6,IL6,,Homo sapiens
3569,IL6,9606,pid,fra_pathway,Validated transcriptional targets of AP1 family members Fra1 and Fra2,IL6,IL6,,Homo sapiens
3569,IL6,9606,pid,il23pathway,IL23-mediated signaling events,IL6,IL6,,Homo sapiens
3569,IL6,9606,pid,il27pathway,IL27-mediated signaling events,IL6,IL6,,Homo sapiens
3569,IL6,9606,pid,il6_7pathway,IL6-mediated signaling events,IL6,IL6,,Homo sapiens
3569,IL6,9606,pid,reg_gr_pathway,Glucocorticoid receptor regulatory network,IL6,IL6,,Homo sapiens
3569,IL6,9606,pid,shp2_pathway,SHP2 signaling,IL6,IL6,,Homo sapiens
3569,IL6,9606,wikipathways,WP1449,Regulation of toll-like receptor signaling pathway,IL6,IL6,,Homo sapiens
3569,IL6,9606,wikipathways,WP15,Selenium Micronutrient Network,IL6,IL6,,Homo sapiens
3569,IL6,9606,wikipathways,WP1533,Vitamin B12 metabolism,IL6,IL6,,Homo sapiens
3569,IL6,9606,wikipathways,WP176,Folate Metabolism,IL6,IL6,,Homo sapiens
3569,IL6,9606,wikipathways,WP2036,TNF related weak inducer of apoptosis (TWEAK) Signaling Pathway,IL6,IL6,,Homo sapiens
3569,IL6,9606,wikipathways,WP2203,Thymic Stromal LymphoPoietin (TSLP) Signaling Pathway,IL6,IL6,,Homo sapiens
3569,IL6,9606,wikipathways,WP231,TNF-alpha signaling pathway,IL6,IL6,,Homo sapiens
3569,IL6,9606,wikipathways,WP236,Adipogenesis,IL6,IL6,,Homo sapiens
3569,IL6,9606,wikipathways,WP2431,Spinal Cord Injury,IL6,IL6,,Homo sapiens
3569,IL6,9606,wikipathways,WP2848,Differentiation Pathway,IL6,IL6,,Homo sapiens
3569,IL6,9606,wikipathways,WP289,Myometrial relaxation and contraction pathways,IL6,IL6,,Homo sapiens
3569,IL6,9606,wikipathways,WP3287,Overview of nanoparticle effects,IL6,IL6,,Homo sapiens
3569,IL6,9606,wikipathways,WP3599,Transcription factor regulation in adipogenesis,IL6,IL6,,Homo sapiens
3569,IL6,9606,wikipathways,WP3617,Photodynamic therapy-induced NF-kB survival signaling,IL6,IL6,,Homo sapiens
3569,IL6,9606,wikipathways,WP3624,Lung fibrosis,IL6,IL6,,Homo sapiens
3569,IL6,9606,wikipathways,WP364,IL-6 signaling pathway,IL6,IL6,,Homo sapiens
3569,IL6,9606,wikipathways,WP3646,Hepatitis C and Hepatocellular Carcinoma,IL6,IL6,,Homo sapiens
3569,IL6,9606,wikipathways,WP3851,TLR4 Signaling and Tolerance,IL6,IL6,,Homo sapiens
3569,IL6,9606,wikipathways,WP3893,Development and heterogeneity of the ILC family,IL6,IL6,,Homo sapiens
3569,IL6,9606,wikipathways,WP4136,Fibrin Complement Receptor 3 Signaling Pathway,IL6,IL6,,Homo sapiens
3569,IL6,9606,wikipathways,WP4172,PI3K-Akt signaling pathway,IL6,IL6,,Homo sapiens
3569,IL6,9606,wikipathways,WP4298,Acute viral myocarditis,IL6,IL6,,Homo sapiens
3569,IL6,9606,wikipathways,WP4300,Extracellular vesicles in the crosstalk of cardiac cells,IL6,IL6,,Homo sapiens
3569,IL6,9606,wikipathways,WP4329,miRNAs involvement in the immune response in sepsis,IL6,IL6,,Homo sapiens
3569,IL6,9606,wikipathways,WP4337,ncRNAs involved in STAT3 signaling in hepatocellular carcinoma,IL6,IL6,,Homo sapiens
3569,IL6,9606,wikipathways,WP4341,"Non-genomic actions of 1,25 dihydroxyvitamin D3",IL6,IL6,,Homo sapiens
3569,IL6,9606,wikipathways,WP4396,Nonalcoholic fatty liver disease,IL6,IL6,,Homo sapiens
3569,IL6,9606,wikipathways,WP4480,Role of Altered Glycolysation of MUC1 in Tumour Microenvironment,IL6,IL6,,Homo sapiens
3569,IL6,9606,wikipathways,WP4481,Resistin as a regulator of inflammation,IL6,IL6,,Homo sapiens
3569,IL6,9606,wikipathways,WP4482,Vitamin D in inflammatory diseases,IL6,IL6,,Homo sapiens
3569,IL6,9606,wikipathways,WP4493,Cells and molecules involved in local acute inflammatory response,IL6,IL6,,Homo sapiens
3569,IL6,9606,wikipathways,WP4495,IL-10 Anti-inflammatory Signaling Pathway,IL6,IL6,,Homo sapiens
3569,IL6,9606,wikipathways,WP4496,Signal transduction through IL1R,IL6,IL6,,Homo sapiens
3569,IL6,9606,wikipathways,WP4655,Cytosolic DNA-sensing pathway,IL6,IL6,,Homo sapiens
3569,IL6,9606,wikipathways,WP4666,Hepatitis B infection,IL6,IL6,,Homo sapiens
3569,IL6,9606,wikipathways,WP4754,IL-18 signaling pathway,IL6,IL6,,Homo sapiens
3569,IL6,9606,wikipathways,WP4806,EGFR Tyrosine Kinase Inhibitor Resistance,IL6,IL6,,Homo sapiens
3569,IL6,9606,wikipathways,WP4884,Pathogenesis of SARS-CoV-2 Mediated by nsp9-nsp10 Complex,IL6,IL6,,Homo sapiens
3569,IL6,9606,wikipathways,WP4891,COVID-19 adverse outcome pathway,IL6,IL6,,Homo sapiens
3569,IL6,9606,wikipathways,WP4970,Galanin receptor pathway,IL6,IL6,,Homo sapiens
3569,IL6,9606,wikipathways,WP5046,NAD Metabolism in Oncogene-Induced Senescence and Mitochondrial Dysfunction-Associated Senescence,IL6,IL6,,Homo sapiens
3569,IL6,9606,wikipathways,WP5063,FOXP3 in COVID-19,IL6,IL6,,Homo sapiens
3569,IL6,9606,wikipathways,WP530,Cytokines and Inflammatory Response,IL6,IL6,,Homo sapiens
3569,IL6,9606,wikipathways,WP615,Senescence and Autophagy in Cancer,IL6,IL6,,Homo sapiens
3569,IL6,9606,wikipathways,WP69,T-cell receptor (TCR) signaling pathway,IL6,IL6,,Homo sapiens
3569,IL6,9606,wikipathways,WP706,Sudden Infant Death Syndrome (SIDS) Susceptibility Pathways,IL6,IL6,,Homo sapiens
3569,IL6,9606,wikipathways,WP75,Toll-like Receptor Signaling Pathway,IL6,IL6,,Homo sapiens
3576,CXCL8,9606,biocarta,nthipathway,nfkb activation by nontypeable hemophilus influenzae,CXCL8,CXCL8,,Homo sapiens
3576,CXCL8,9606,kegg,hsa04060,Cytokine-cytokine receptor interaction - Homo sapiens (human),CXCL8,CXCL8,,Homo sapiens
3576,CXCL8,9606,kegg,hsa04061,Viral protein interaction with cytokine and cytokine receptor - Homo sapiens (human),CXCL8,CXCL8,,Homo sapiens
3576,CXCL8,9606,kegg,hsa04062,Chemokine signaling pathway - Homo sapiens (human),CXCL8,CXCL8,,Homo sapiens
3576,CXCL8,9606,kegg,hsa04064,NF-kappa B signaling pathway - Homo sapiens (human),CXCL8,CXCL8,,Homo sapiens
3576,CXCL8,9606,kegg,hsa04072,Phospholipase D signaling pathway - Homo sapiens (human),CXCL8,CXCL8,,Homo sapiens
3576,CXCL8,9606,kegg,hsa04218,Cellular senescence - Homo sapiens (human),CXCL8,CXCL8,,Homo sapiens
3576,CXCL8,9606,kegg,hsa04620,Toll-like receptor signaling pathway - Homo sapiens (human),CXCL8,CXCL8,,Homo sapiens
3576,CXCL8,9606,kegg,hsa04621,NOD-like receptor signaling pathway - Homo sapiens (human),CXCL8,CXCL8,,Homo sapiens
3576,CXCL8,9606,kegg,hsa04622,RIG-I-like receptor signaling pathway - Homo sapiens (human),CXCL8,CXCL8,,Homo sapiens
3576,CXCL8,9606,kegg,hsa04657,IL-17 signaling pathway - Homo sapiens (human),CXCL8,CXCL8,,Homo sapiens
3576,CXCL8,9606,kegg,hsa04932,Non-alcoholic fatty liver disease - Homo sapiens (human),CXCL8,CXCL8,,Homo sapiens
3576,CXCL8,9606,kegg,hsa04933,AGE-RAGE signaling pathway in diabetic complications - Homo sapiens (human),CXCL8,CXCL8,,Homo sapiens
3576,CXCL8,9606,kegg,hsa05120,Epithelial cell signaling in Helicobacter pylori infection - Homo sapiens (human),CXCL8,CXCL8,,Homo sapiens
3576,CXCL8,9606,kegg,hsa05130,Pathogenic Escherichia coli infection - Homo sapiens (human),CXCL8,CXCL8,,Homo sapiens
3576,CXCL8,9606,kegg,hsa05131,Shigellosis - Homo sapiens (human),CXCL8,CXCL8,,Homo sapiens
3576,CXCL8,9606,kegg,hsa05132,Salmonella infection - Homo sapiens (human),CXCL8,CXCL8,,Homo sapiens
3576,CXCL8,9606,kegg,hsa05133,Pertussis - Homo sapiens (human),CXCL8,CXCL8,,Homo sapiens
3576,CXCL8,9606,kegg,hsa05134,Legionellosis - Homo sapiens (human),CXCL8,CXCL8,,Homo sapiens
3576,CXCL8,9606,kegg,hsa05135,Yersinia infection - Homo sapiens (human),CXCL8,CXCL8,,Homo sapiens
3576,CXCL8,9606,kegg,hsa05142,Chagas disease - Homo sapiens (human),CXCL8,CXCL8,,Homo sapiens
3576,CXCL8,9606,kegg,hsa05144,Malaria - Homo sapiens (human),CXCL8,CXCL8,,Homo sapiens
3576,CXCL8,9606,kegg,hsa05146,Amoebiasis - Homo sapiens (human),CXCL8,CXCL8,,Homo sapiens
3576,CXCL8,9606,kegg,hsa05161,Hepatitis B - Homo sapiens (human),CXCL8,CXCL8,,Homo sapiens
3576,CXCL8,9606,kegg,hsa05163,Human cytomegalovirus infection - Homo sapiens (human),CXCL8,CXCL8,,Homo sapiens
3576,CXCL8,9606,kegg,hsa05164,Influenza A - Homo sapiens (human),CXCL8,CXCL8,,Homo sapiens
3576,CXCL8,9606,kegg,hsa05167,Kaposi sarcoma-associated herpesvirus infection - Homo sapiens (human),CXCL8,CXCL8,,Homo sapiens
3576,CXCL8,9606,kegg,hsa05171,Coronavirus disease - COVID-19 - Homo sapiens (human),CXCL8,CXCL8,,Homo sapiens
3576,CXCL8,9606,kegg,hsa05200,Pathways in cancer - Homo sapiens (human),CXCL8,CXCL8,,Homo sapiens
3576,CXCL8,9606,kegg,hsa05202,Transcriptional misregulation in cancer - Homo sapiens (human),CXCL8,CXCL8,,Homo sapiens
3576,CXCL8,9606,kegg,hsa05219,Bladder cancer - Homo sapiens (human),CXCL8,CXCL8,,Homo sapiens
3576,CXCL8,9606,kegg,hsa05323,Rheumatoid arthritis - Homo sapiens (human),CXCL8,CXCL8,,Homo sapiens
3576,CXCL8,9606,kegg,hsa05417,Lipid and atherosclerosis - Homo sapiens (human),CXCL8,CXCL8,,Homo sapiens
3576,CXCL8,9606,pid,ap1_pathway,AP-1 transcription factor network,CXCL8,CXCL8,,Homo sapiens
3576,CXCL8,9606,pid,atf2_pathway,ATF-2 transcription factor network,CXCL8,CXCL8,,Homo sapiens
3576,CXCL8,9606,pid,betacatenin_nuc_pathway,Regulation of nuclear beta catenin signaling and target gene transcription,CXCL8,CXCL8,,Homo sapiens
3576,CXCL8,9606,pid,fra_pathway,Validated transcriptional targets of AP1 family members Fra1 and Fra2,CXCL8,CXCL8,,Homo sapiens
3576,CXCL8,9606,pid,il8cxcr1_pathway,IL8- and CXCR1-mediated signaling events,CXCL8,CXCL8,,Homo sapiens
3576,CXCL8,9606,pid,il8cxcr2_pathway,IL8- and CXCR2-mediated signaling events,CXCL8,CXCL8,,Homo sapiens
3576,CXCL8,9606,pid,lysophospholipid_pathway,LPA receptor mediated events,CXCL8,CXCL8,,Homo sapiens
3576,CXCL8,9606,pid,nfat_tfpathway,Calcineurin-regulated NFAT-dependent transcription in lymphocytes,CXCL8,CXCL8,,Homo sapiens
3576,CXCL8,9606,pid,reg_gr_pathway,Glucocorticoid receptor regulatory network,CXCL8,CXCL8,,Homo sapiens
3576,CXCL8,9606,pid,syndecan_2_pathway,Syndecan-2-mediated signaling events,CXCL8,CXCL8,,Homo sapiens
3576,CXCL8,9606,pid,syndecan_3_pathway,Syndecan-3-mediated signaling events,CXCL8,CXCL8,,Homo sapiens
3576,CXCL8,9606,wikipathways,WP1449,Regulation of toll-like receptor signaling pathway,CXCL8,CXCL8,,Homo sapiens
3576,CXCL8,9606,wikipathways,WP2203,Thymic Stromal LymphoPoietin (TSLP) Signaling Pathway,CXCL8,CXCL8,,Homo sapiens
3576,CXCL8,9606,wikipathways,WP2328,Allograft Rejection,CXCL8,CXCL8,,Homo sapiens
3576,CXCL8,9606,wikipathways,WP2355,Corticotropin-releasing hormone signaling pathway,CXCL8,CXCL8,,Homo sapiens
3576,CXCL8,9606,wikipathways,WP2431,Spinal Cord Injury,CXCL8,CXCL8,,Homo sapiens
3576,CXCL8,9606,wikipathways,WP262,Ebstein-Barr virus LMP1 signaling,CXCL8,CXCL8,,Homo sapiens
3576,CXCL8,9606,wikipathways,WP2828,Bladder cancer,CXCL8,CXCL8,,Homo sapiens
3576,CXCL8,9606,wikipathways,WP286,IL-3 signaling pathway,CXCL8,CXCL8,,Homo sapiens
3576,CXCL8,9606,wikipathways,WP3287,Overview of nanoparticle effects,CXCL8,CXCL8,,Homo sapiens
3576,CXCL8,9606,wikipathways,WP3617,Photodynamic therapy-induced NF-kB survival signaling,CXCL8,CXCL8,,Homo sapiens
3576,CXCL8,9606,wikipathways,WP3624,Lung fibrosis,CXCL8,CXCL8,,Homo sapiens
3576,CXCL8,9606,wikipathways,WP3646,Hepatitis C and Hepatocellular Carcinoma,CXCL8,CXCL8,,Homo sapiens
3576,CXCL8,9606,wikipathways,WP3865,Novel intracellular components of RIG-I-like receptor (RLR) pathway,CXCL8,CXCL8,,Homo sapiens
3576,CXCL8,9606,wikipathways,WP3888,VEGFA-VEGFR2 Signaling Pathway,CXCL8,CXCL8,,Homo sapiens
3576,CXCL8,9606,wikipathways,WP4329,miRNAs involvement in the immune response in sepsis,CXCL8,CXCL8,,Homo sapiens
3576,CXCL8,9606,wikipathways,WP4341,"Non-genomic actions of 1,25 dihydroxyvitamin D3",CXCL8,CXCL8,,Homo sapiens
3576,CXCL8,9606,wikipathways,WP4396,Nonalcoholic fatty liver disease,CXCL8,CXCL8,,Homo sapiens
3576,CXCL8,9606,wikipathways,WP4481,Resistin as a regulator of inflammation,CXCL8,CXCL8,,Homo sapiens
3576,CXCL8,9606,wikipathways,WP4493,Cells and molecules involved in local acute inflammatory response,CXCL8,CXCL8,,Homo sapiens
3576,CXCL8,9606,wikipathways,WP4659,Gastrin signaling pathway,CXCL8,CXCL8,,Homo sapiens
3576,CXCL8,9606,wikipathways,WP4666,Hepatitis B infection,CXCL8,CXCL8,,Homo sapiens
3576,CXCL8,9606,wikipathways,WP4754,IL-18 signaling pathway,CXCL8,CXCL8,,Homo sapiens
3576,CXCL8,9606,wikipathways,WP4884,Pathogenesis of SARS-CoV-2 Mediated by nsp9-nsp10 Complex,CXCL8,CXCL8,,Homo sapiens
3576,CXCL8,9606,wikipathways,WP4891,COVID-19 adverse outcome pathway,CXCL8,CXCL8,,Homo sapiens
3576,CXCL8,9606,wikipathways,WP5039,SARS-CoV-2 innate immunity evasion and cell-specific immune response,CXCL8,CXCL8,,Homo sapiens
3576,CXCL8,9606,wikipathways,WP615,Senescence and Autophagy in Cancer,CXCL8,CXCL8,,Homo sapiens
3576,CXCL8,9606,wikipathways,WP706,Sudden Infant Death Syndrome (SIDS) Susceptibility Pathways,CXCL8,CXCL8,,Homo sapiens
3576,CXCL8,9606,wikipathways,WP75,Toll-like Receptor Signaling Pathway,CXCL8,CXCL8,,Homo sapiens
14617,Gjd2,10090,kegg,mmu04540,Gap junction - Mus musculus (mouse),GJD2,Gjd2,,Mus musculus
24782,Slc9a1,10116,reactome,R-RNO-1430728,Metabolism,SLC9A1,Slc9a1,,Rattus norvegicus
24782,Slc9a1,10116,reactome,R-RNO-1630316,Glycosaminoglycan metabolism,SLC9A1,Slc9a1,,Rattus norvegicus
24782,Slc9a1,10116,reactome,R-RNO-2142845,Hyaluronan metabolism,SLC9A1,Slc9a1,,Rattus norvegicus
24782,Slc9a1,10116,reactome,R-RNO-2160916,Hyaluronan degradation,SLC9A1,Slc9a1,,Rattus norvegicus
24782,Slc9a1,10116,reactome,R-RNO-382551,Transport of small molecules,SLC9A1,Slc9a1,,Rattus norvegicus
24782,Slc9a1,10116,reactome,R-RNO-425407,SLC-mediated transmembrane transport,SLC9A1,Slc9a1,,Rattus norvegicus
24782,Slc9a1,10116,reactome,R-RNO-425410,Metal ion SLC transporters,SLC9A1,Slc9a1,,Rattus norvegicus
24782,Slc9a1,10116,reactome,R-RNO-425986,Sodium/Proton exchangers,SLC9A1,Slc9a1,,Rattus norvegicus
24782,Slc9a1,10116,reactome,R-RNO-71387,Metabolism of carbohydrates and carbohydrate derivatives,SLC9A1,Slc9a1,,Rattus norvegicus
25386,Aqp2,10116,reactome,R-RNO-382551,Transport of small molecules,AQP2,Aqp2,,Rattus norvegicus
25386,Aqp2,10116,reactome,R-RNO-432040,Vasopressin regulates renal water homeostasis via Aquaporins,AQP2,Aqp2,,Rattus norvegicus
25386,Aqp2,10116,reactome,R-RNO-432047,Passive transport by Aquaporins,AQP2,Aqp2,,Rattus norvegicus
25386,Aqp2,10116,reactome,R-RNO-445717,Aquaporin-mediated transport,AQP2,Aqp2,,Rattus norvegicus
11827,Aqp2,10090,kegg,mmu04962,Vasopressin-regulated water reabsorption - Mus musculus (mouse),AQP2,Aqp2,,Mus musculus
20544,Slc9a1,10090,kegg,mmu04024,cAMP signaling pathway - Mus musculus (mouse),SLC9A1,Slc9a1,,Mus musculus
20544,Slc9a1,10090,kegg,mmu04260,Cardiac muscle contraction - Mus musculus (mouse),SLC9A1,Slc9a1,,Mus musculus
20544,Slc9a1,10090,kegg,mmu04261,Adrenergic signaling in cardiomyocytes - Mus musculus (mouse),SLC9A1,Slc9a1,,Mus musculus
20544,Slc9a1,10090,kegg,mmu04371,Apelin signaling pathway - Mus musculus (mouse),SLC9A1,Slc9a1,,Mus musculus
20544,Slc9a1,10090,kegg,mmu04810,Regulation of actin cytoskeleton - Mus musculus (mouse),SLC9A1,Slc9a1,,Mus musculus
20544,Slc9a1,10090,kegg,mmu04919,Thyroid hormone signaling pathway - Mus musculus (mouse),SLC9A1,Slc9a1,,Mus musculus
20544,Slc9a1,10090,kegg,mmu04970,Salivary secretion - Mus musculus (mouse),SLC9A1,Slc9a1,,Mus musculus
20544,Slc9a1,10090,kegg,mmu04971,Gastric acid secretion - Mus musculus (mouse),SLC9A1,Slc9a1,,Mus musculus
20544,Slc9a1,10090,kegg,mmu04972,Pancreatic secretion - Mus musculus (mouse),SLC9A1,Slc9a1,,Mus musculus
20544,Slc9a1,10090,kegg,mmu04976,Bile secretion - Mus musculus (mouse),SLC9A1,Slc9a1,,Mus musculus
20544,Slc9a1,10090,kegg,mmu05205,Proteoglycans in cancer - Mus musculus (mouse),SLC9A1,Slc9a1,,Mus musculus
30725,chrna1,7955,reactome,R-DRE-112314,Neurotransmitter receptors and postsynaptic signal transmission,CHRNA1,chrna1,,Danio rerio
30725,chrna1,7955,reactome,R-DRE-112315,Transmission across Chemical Synapses,CHRNA1,chrna1,,Danio rerio
30725,chrna1,7955,reactome,R-DRE-112316,Neuronal System,CHRNA1,chrna1,,Danio rerio
30725,chrna1,7955,reactome,R-DRE-181431,Acetylcholine binding and downstream events,CHRNA1,chrna1,,Danio rerio
30725,chrna1,7955,reactome,R-DRE-622323,Presynaptic nicotinic acetylcholine receptors,CHRNA1,chrna1,,Danio rerio
30725,chrna1,7955,reactome,R-DRE-622327,Postsynaptic nicotinic acetylcholine receptors,CHRNA1,chrna1,,Danio rerio
30725,chrna1,7955,reactome,R-DRE-629594,Highly calcium permeable postsynaptic nicotinic acetylcholine receptors,CHRNA1,chrna1,,Danio rerio
30725,chrna1,7955,reactome,R-DRE-629597,Highly calcium permeable nicotinic acetylcholine receptors,CHRNA1,chrna1,,Danio rerio
387298,p2rx7,7955,reactome,R-DRE-109582,Hemostasis,P2RX7,p2rx7,,Danio rerio
387298,p2rx7,7955,reactome,R-DRE-139853,Elevation of cytosolic Ca2+ levels,P2RX7,p2rx7,,Danio rerio
387298,p2rx7,7955,reactome,R-DRE-168249,Innate Immune System,P2RX7,p2rx7,,Danio rerio
387298,p2rx7,7955,reactome,R-DRE-168256,Immune System,P2RX7,p2rx7,,Danio rerio
387298,p2rx7,7955,reactome,R-DRE-168643,"Nucleotide-binding domain, leucine rich repeat containing receptor (NLR) signaling pathways",P2RX7,p2rx7,,Danio rerio
387298,p2rx7,7955,reactome,R-DRE-418346,Platelet homeostasis,P2RX7,p2rx7,,Danio rerio
387298,p2rx7,7955,reactome,R-DRE-418360,Platelet calcium homeostasis,P2RX7,p2rx7,,Danio rerio
387298,p2rx7,7955,reactome,R-DRE-622312,Inflammasomes,P2RX7,p2rx7,,Danio rerio
387298,p2rx7,7955,reactome,R-DRE-844456,The NLRP3 inflammasome,P2RX7,p2rx7,,Danio rerio
405785,tnfa,7955,reactome,R-DRE-1280215,Cytokine Signaling in Immune system,TNFA,tnfa,,Danio rerio
405785,tnfa,7955,reactome,R-DRE-162582,Signal Transduction,TNFA,tnfa,,Danio rerio
405785,tnfa,7955,reactome,R-DRE-168256,Immune System,TNFA,tnfa,,Danio rerio
405785,tnfa,7955,reactome,R-DRE-5357786,TNFR1-induced proapoptotic signaling,TNFA,tnfa,,Danio rerio
405785,tnfa,7955,reactome,R-DRE-5357905,Regulation of TNFR1 signaling,TNFA,tnfa,,Danio rerio
405785,tnfa,7955,reactome,R-DRE-5357956,TNFR1-induced NF-kappa-B signaling pathway,TNFA,tnfa,,Danio rerio
405785,tnfa,7955,reactome,R-DRE-5626978,TNFR1-mediated ceramide production,TNFA,tnfa,,Danio rerio
405785,tnfa,7955,reactome,R-DRE-5668541,TNFR2 non-canonical NF-kB pathway,TNFA,tnfa,,Danio rerio
405785,tnfa,7955,reactome,R-DRE-5669034,TNFs bind their physiological receptors,TNFA,tnfa,,Danio rerio
405785,tnfa,7955,reactome,R-DRE-73887,Death Receptor Signaling,TNFA,tnfa,,Danio rerio
405785,tnfa,7955,reactome,R-DRE-75893,TNF signaling,TNFA,tnfa,,Danio rerio
797150,hif1aa,7955,reactome,R-DRE-1234158,Regulation of gene expression by Hypoxia-inducible Factor,HIF1AA,hif1aa,,Danio rerio
797150,hif1aa,7955,reactome,R-DRE-1234174,Cellular response to hypoxia,HIF1AA,hif1aa,,Danio rerio
797150,hif1aa,7955,reactome,R-DRE-1234176,Oxygen-dependent proline hydroxylation of Hypoxia-inducible Factor Alpha,HIF1AA,hif1aa,,Danio rerio
797150,hif1aa,7955,reactome,R-DRE-2262752,Cellular responses to stress,HIF1AA,hif1aa,,Danio rerio
797150,hif1aa,7955,reactome,R-DRE-392499,Metabolism of proteins,HIF1AA,hif1aa,,Danio rerio
797150,hif1aa,7955,reactome,R-DRE-597592,Post-translational protein modification,HIF1AA,hif1aa,,Danio rerio
797150,hif1aa,7955,reactome,R-DRE-8951664,Neddylation,HIF1AA,hif1aa,,Danio rerio
797150,hif1aa,7955,reactome,R-DRE-8953897,Cellular responses to stimuli,HIF1AA,hif1aa,,Danio rerio
30682,vegfaa,7955,reactome,R-DRE-109582,Hemostasis,VEGFAA,vegfaa,,Danio rerio
30682,vegfaa,7955,reactome,R-DRE-114608,Platelet degranulation ,VEGFAA,vegfaa,,Danio rerio
30682,vegfaa,7955,reactome,R-DRE-162582,Signal Transduction,VEGFAA,vegfaa,,Danio rerio
30682,vegfaa,7955,reactome,R-DRE-194138,Signaling by VEGF,VEGFAA,vegfaa,,Danio rerio
30682,vegfaa,7955,reactome,R-DRE-194313,VEGF ligand-receptor interactions,VEGFAA,vegfaa,,Danio rerio
30682,vegfaa,7955,reactome,R-DRE-195399,VEGF binds to VEGFR leading to receptor dimerization,VEGFAA,vegfaa,,Danio rerio
30682,vegfaa,7955,reactome,R-DRE-4420097,VEGFA-VEGFR2 Pathway,VEGFAA,vegfaa,,Danio rerio
30682,vegfaa,7955,reactome,R-DRE-5218921,VEGFR2 mediated cell proliferation,VEGFAA,vegfaa,,Danio rerio
30682,vegfaa,7955,reactome,R-DRE-76002,"Platelet activation, signaling and aggregation",VEGFAA,vegfaa,,Danio rerio
30682,vegfaa,7955,reactome,R-DRE-76005,Response to elevated platelet cytosolic Ca2+,VEGFAA,vegfaa,,Danio rerio
30682,vegfaa,7955,reactome,R-DRE-9006934,Signaling by Receptor Tyrosine Kinases,VEGFAA,vegfaa,,Danio rerio
14599,Gh,10090,kegg,mmu04060,Cytokine-cytokine receptor interaction - Mus musculus (mouse),GH,Gh,,Mus musculus
14599,Gh,10090,kegg,mmu04080,Neuroactive ligand-receptor interaction - Mus musculus (mouse),GH,Gh,,Mus musculus
14599,Gh,10090,kegg,mmu04151,PI3K-Akt signaling pathway - Mus musculus (mouse),GH,Gh,,Mus musculus
14599,Gh,10090,kegg,mmu04630,JAK-STAT signaling pathway - Mus musculus (mouse),GH,Gh,,Mus musculus
14599,Gh,10090,kegg,mmu04935,"Growth hormone synthesis, secretion and action - Mus musculus (mouse)",GH,Gh,,Mus musculus
18783,Pla2g4a,10090,kegg,mmu00564,Glycerophospholipid metabolism - Mus musculus (mouse),PLA2G4A,Pla2g4a,,Mus musculus
18783,Pla2g4a,10090,kegg,mmu00565,Ether lipid metabolism - Mus musculus (mouse),PLA2G4A,Pla2g4a,,Mus musculus
18783,Pla2g4a,10090,kegg,mmu00590,Arachidonic acid metabolism - Mus musculus (mouse),PLA2G4A,Pla2g4a,,Mus musculus
18783,Pla2g4a,10090,kegg,mmu00591,Linoleic acid metabolism - Mus musculus (mouse),PLA2G4A,Pla2g4a,,Mus musculus
18783,Pla2g4a,10090,kegg,mmu00592,alpha-Linolenic acid metabolism - Mus musculus (mouse),PLA2G4A,Pla2g4a,,Mus musculus
18783,Pla2g4a,10090,kegg,mmu04010,MAPK signaling pathway - Mus musculus (mouse),PLA2G4A,Pla2g4a,,Mus musculus
18783,Pla2g4a,10090,kegg,mmu04014,Ras signaling pathway - Mus musculus (mouse),PLA2G4A,Pla2g4a,,Mus musculus
18783,Pla2g4a,10090,kegg,mmu04072,Phospholipase D signaling pathway - Mus musculus (mouse),PLA2G4A,Pla2g4a,,Mus musculus
18783,Pla2g4a,10090,kegg,mmu04217,Necroptosis - Mus musculus (mouse),PLA2G4A,Pla2g4a,,Mus musculus
18783,Pla2g4a,10090,kegg,mmu04270,Vascular smooth muscle contraction - Mus musculus (mouse),PLA2G4A,Pla2g4a,,Mus musculus
18783,Pla2g4a,10090,kegg,mmu04370,VEGF signaling pathway - Mus musculus (mouse),PLA2G4A,Pla2g4a,,Mus musculus
18783,Pla2g4a,10090,kegg,mmu04611,Platelet activation - Mus musculus (mouse),PLA2G4A,Pla2g4a,,Mus musculus
18783,Pla2g4a,10090,kegg,mmu04664,Fc epsilon RI signaling pathway - Mus musculus (mouse),PLA2G4A,Pla2g4a,,Mus musculus
18783,Pla2g4a,10090,kegg,mmu04666,Fc gamma R-mediated phagocytosis - Mus musculus (mouse),PLA2G4A,Pla2g4a,,Mus musculus
18783,Pla2g4a,10090,kegg,mmu04724,Glutamatergic synapse - Mus musculus (mouse),PLA2G4A,Pla2g4a,,Mus musculus
18783,Pla2g4a,10090,kegg,mmu04726,Serotonergic synapse - Mus musculus (mouse),PLA2G4A,Pla2g4a,,Mus musculus
18783,Pla2g4a,10090,kegg,mmu04730,Long-term depression - Mus musculus (mouse),PLA2G4A,Pla2g4a,,Mus musculus
18783,Pla2g4a,10090,kegg,mmu04750,Inflammatory mediator regulation of TRP channels - Mus musculus (mouse),PLA2G4A,Pla2g4a,,Mus musculus
18783,Pla2g4a,10090,kegg,mmu04912,GnRH signaling pathway - Mus musculus (mouse),PLA2G4A,Pla2g4a,,Mus musculus
18783,Pla2g4a,10090,kegg,mmu04913,Ovarian steroidogenesis - Mus musculus (mouse),PLA2G4A,Pla2g4a,,Mus musculus
18783,Pla2g4a,10090,kegg,mmu04921,Oxytocin signaling pathway - Mus musculus (mouse),PLA2G4A,Pla2g4a,,Mus musculus
18783,Pla2g4a,10090,kegg,mmu05231,Choline metabolism in cancer - Mus musculus (mouse),PLA2G4A,Pla2g4a,,Mus musculus
18783,Pla2g4a,10090,mousecyc,LIPASYN-PWY,phospholipases,PLA2G4A,Pla2g4a,,Mus musculus
12857,Cox4i1,10090,kegg,mmu00190,Oxidative phosphorylation - Mus musculus (mouse),COX4I1,Cox4i1,,Mus musculus
12857,Cox4i1,10090,kegg,mmu04260,Cardiac muscle contraction - Mus musculus (mouse),COX4I1,Cox4i1,,Mus musculus
12857,Cox4i1,10090,kegg,mmu04714,Thermogenesis - Mus musculus (mouse),COX4I1,Cox4i1,,Mus musculus
12857,Cox4i1,10090,kegg,mmu04932,Non-alcoholic fatty liver disease - Mus musculus (mouse),COX4I1,Cox4i1,,Mus musculus
12857,Cox4i1,10090,kegg,mmu05010,Alzheimer disease - Mus musculus (mouse),COX4I1,Cox4i1,,Mus musculus
12857,Cox4i1,10090,kegg,mmu05012,Parkinson disease - Mus musculus (mouse),COX4I1,Cox4i1,,Mus musculus
12857,Cox4i1,10090,kegg,mmu05014,Amyotrophic lateral sclerosis - Mus musculus (mouse),COX4I1,Cox4i1,,Mus musculus
12857,Cox4i1,10090,kegg,mmu05016,Huntington disease - Mus musculus (mouse),COX4I1,Cox4i1,,Mus musculus
12857,Cox4i1,10090,kegg,mmu05020,Prion disease - Mus musculus (mouse),COX4I1,Cox4i1,,Mus musculus
12857,Cox4i1,10090,kegg,mmu05022,Pathways of neurodegeneration - multiple diseases - Mus musculus (mouse),COX4I1,Cox4i1,,Mus musculus
12857,Cox4i1,10090,kegg,mmu05208,Chemical carcinogenesis - reactive oxygen species - Mus musculus (mouse),COX4I1,Cox4i1,,Mus musculus
12857,Cox4i1,10090,kegg,mmu05415,Diabetic cardiomyopathy - Mus musculus (mouse),COX4I1,Cox4i1,,Mus musculus
12857,Cox4i1,10090,mousecyc,PWY-3781,aerobic respiration -- electron donor II,COX4I1,Cox4i1,,Mus musculus
17708,mt-Co1,10090,kegg,mmu00190,Oxidative phosphorylation - Mus musculus (mouse),COX1,COX1,,Mus musculus
17708,mt-Co1,10090,kegg,mmu04260,Cardiac muscle contraction - Mus musculus (mouse),COX1,COX1,,Mus musculus
17708,mt-Co1,10090,kegg,mmu04714,Thermogenesis - Mus musculus (mouse),COX1,COX1,,Mus musculus
17708,mt-Co1,10090,kegg,mmu04932,Non-alcoholic fatty liver disease - Mus musculus (mouse),COX1,COX1,,Mus musculus
17708,mt-Co1,10090,kegg,mmu05010,Alzheimer disease - Mus musculus (mouse),COX1,COX1,,Mus musculus
17708,mt-Co1,10090,kegg,mmu05012,Parkinson disease - Mus musculus (mouse),COX1,COX1,,Mus musculus
17708,mt-Co1,10090,kegg,mmu05014,Amyotrophic lateral sclerosis - Mus musculus (mouse),COX1,COX1,,Mus musculus
17708,mt-Co1,10090,kegg,mmu05016,Huntington disease - Mus musculus (mouse),COX1,COX1,,Mus musculus
17708,mt-Co1,10090,kegg,mmu05020,Prion disease - Mus musculus (mouse),COX1,COX1,,Mus musculus
17708,mt-Co1,10090,kegg,mmu05022,Pathways of neurodegeneration - multiple diseases - Mus musculus (mouse),COX1,COX1,,Mus musculus
17708,mt-Co1,10090,kegg,mmu05208,Chemical carcinogenesis - reactive oxygen species - Mus musculus (mouse),COX1,COX1,,Mus musculus
17708,mt-Co1,10090,kegg,mmu05415,Diabetic cardiomyopathy - Mus musculus (mouse),COX1,COX1,,Mus musculus
17708,mt-Co1,10090,mousecyc,PWY-3781,aerobic respiration -- electron donor II,COX1,COX1,,Mus musculus
17709,mt-Co2,10090,kegg,mmu00190,Oxidative phosphorylation - Mus musculus (mouse),COX2,COX2,,Mus musculus
17709,mt-Co2,10090,kegg,mmu04260,Cardiac muscle contraction - Mus musculus (mouse),COX2,COX2,,Mus musculus
17709,mt-Co2,10090,kegg,mmu04714,Thermogenesis - Mus musculus (mouse),COX2,COX2,,Mus musculus
17709,mt-Co2,10090,kegg,mmu04932,Non-alcoholic fatty liver disease - Mus musculus (mouse),COX2,COX2,,Mus musculus
17709,mt-Co2,10090,kegg,mmu05010,Alzheimer disease - Mus musculus (mouse),COX2,COX2,,Mus musculus
17709,mt-Co2,10090,kegg,mmu05012,Parkinson disease - Mus musculus (mouse),COX2,COX2,,Mus musculus
17709,mt-Co2,10090,kegg,mmu05014,Amyotrophic lateral sclerosis - Mus musculus (mouse),COX2,COX2,,Mus musculus
17709,mt-Co2,10090,kegg,mmu05016,Huntington disease - Mus musculus (mouse),COX2,COX2,,Mus musculus
17709,mt-Co2,10090,kegg,mmu05020,Prion disease - Mus musculus (mouse),COX2,COX2,,Mus musculus
17709,mt-Co2,10090,kegg,mmu05022,Pathways of neurodegeneration - multiple diseases - Mus musculus (mouse),COX2,COX2,,Mus musculus
17709,mt-Co2,10090,kegg,mmu05208,Chemical carcinogenesis - reactive oxygen species - Mus musculus (mouse),COX2,COX2,,Mus musculus
17709,mt-Co2,10090,kegg,mmu05415,Diabetic cardiomyopathy - Mus musculus (mouse),COX2,COX2,,Mus musculus
17709,mt-Co2,10090,mousecyc,PWY-3781,aerobic respiration -- electron donor II,COX2,COX2,,Mus musculus
941,CD80,9606,biocarta,ctla4pathway,the co-stimulatory signal during t-cell activation,CD80,CD80,,Homo sapiens
941,CD80,9606,kegg,hsa04514,Cell adhesion molecules - Homo sapiens (human),CD80,CD80,,Homo sapiens
941,CD80,9606,kegg,hsa04620,Toll-like receptor signaling pathway - Homo sapiens (human),CD80,CD80,,Homo sapiens
941,CD80,9606,kegg,hsa04672,Intestinal immune network for IgA production - Homo sapiens (human),CD80,CD80,,Homo sapiens
941,CD80,9606,kegg,hsa04940,Type I diabetes mellitus - Homo sapiens (human),CD80,CD80,,Homo sapiens
941,CD80,9606,kegg,hsa05320,Autoimmune thyroid disease - Homo sapiens (human),CD80,CD80,,Homo sapiens
941,CD80,9606,kegg,hsa05322,Systemic lupus erythematosus - Homo sapiens (human),CD80,CD80,,Homo sapiens
941,CD80,9606,kegg,hsa05323,Rheumatoid arthritis - Homo sapiens (human),CD80,CD80,,Homo sapiens
941,CD80,9606,kegg,hsa05330,Allograft rejection - Homo sapiens (human),CD80,CD80,,Homo sapiens
941,CD80,9606,kegg,hsa05332,Graft-versus-host disease - Homo sapiens (human),CD80,CD80,,Homo sapiens
941,CD80,9606,kegg,hsa05416,Viral myocarditis - Homo sapiens (human),CD80,CD80,,Homo sapiens
941,CD80,9606,netpath,Pathway_TCR,TCR,CD80,CD80,,Homo sapiens
941,CD80,9606,pid,cd8tcrpathway,TCR signaling in na&#xef;ve CD8+ T cells,CD80,CD80,,Homo sapiens
941,CD80,9606,pid,il12_stat4pathway,IL12 signaling mediated by STAT4,CD80,CD80,,Homo sapiens
941,CD80,9606,pid,tcr_pathway,TCR signaling in na&#xef;ve CD4+ T cells,CD80,CD80,,Homo sapiens
941,CD80,9606,wikipathways,WP1449,Regulation of toll-like receptor signaling pathway,CD80,CD80,,Homo sapiens
941,CD80,9606,wikipathways,WP2328,Allograft Rejection,CD80,CD80,,Homo sapiens
941,CD80,9606,wikipathways,WP2572,Primary focal segmental glomerulosclerosis (FSGS),CD80,CD80,,Homo sapiens
941,CD80,9606,wikipathways,WP4141,PI3K-AKT-mTOR - VitD3 signaling,CD80,CD80,,Homo sapiens
941,CD80,9606,wikipathways,WP4298,Acute viral myocarditis,CD80,CD80,,Homo sapiens
941,CD80,9606,wikipathways,WP4484,Control of immune tolerance by vasoactive intestinal peptide,CD80,CD80,,Homo sapiens
941,CD80,9606,wikipathways,WP453,Inflammatory Response Pathway,CD80,CD80,,Homo sapiens
941,CD80,9606,wikipathways,WP4559,Interactions between immune cells and microRNAs in tumor microenvironment,CD80,CD80,,Homo sapiens
941,CD80,9606,wikipathways,WP4582,Cancer immunotherapy by CTLA4 blockade,CD80,CD80,,Homo sapiens
941,CD80,9606,wikipathways,WP75,Toll-like Receptor Signaling Pathway,CD80,CD80,,Homo sapiens
18033,Nfkb1,10090,kegg,mmu04010,MAPK signaling pathway - Mus musculus (mouse),NFKB1,Nfkb1,,Mus musculus
18033,Nfkb1,10090,kegg,mmu04014,Ras signaling pathway - Mus musculus (mouse),NFKB1,Nfkb1,,Mus musculus
18033,Nfkb1,10090,kegg,mmu04024,cAMP signaling pathway - Mus musculus (mouse),NFKB1,Nfkb1,,Mus musculus
18033,Nfkb1,10090,kegg,mmu04062,Chemokine signaling pathway - Mus musculus (mouse),NFKB1,Nfkb1,,Mus musculus
18033,Nfkb1,10090,kegg,mmu04064,NF-kappa B signaling pathway - Mus musculus (mouse),NFKB1,Nfkb1,,Mus musculus
18033,Nfkb1,10090,kegg,mmu04066,HIF-1 signaling pathway - Mus musculus (mouse),NFKB1,Nfkb1,,Mus musculus
18033,Nfkb1,10090,kegg,mmu04071,Sphingolipid signaling pathway - Mus musculus (mouse),NFKB1,Nfkb1,,Mus musculus
18033,Nfkb1,10090,kegg,mmu04151,PI3K-Akt signaling pathway - Mus musculus (mouse),NFKB1,Nfkb1,,Mus musculus
18033,Nfkb1,10090,kegg,mmu04210,Apoptosis - Mus musculus (mouse),NFKB1,Nfkb1,,Mus musculus
18033,Nfkb1,10090,kegg,mmu04211,Longevity regulating pathway - Mus musculus (mouse),NFKB1,Nfkb1,,Mus musculus
18033,Nfkb1,10090,kegg,mmu04218,Cellular senescence - Mus musculus (mouse),NFKB1,Nfkb1,,Mus musculus
18033,Nfkb1,10090,kegg,mmu04380,Osteoclast differentiation - Mus musculus (mouse),NFKB1,Nfkb1,,Mus musculus
18033,Nfkb1,10090,kegg,mmu04613,Neutrophil extracellular trap formation - Mus musculus (mouse),NFKB1,Nfkb1,,Mus musculus
18033,Nfkb1,10090,kegg,mmu04620,Toll-like receptor signaling pathway - Mus musculus (mouse),NFKB1,Nfkb1,,Mus musculus
18033,Nfkb1,10090,kegg,mmu04621,NOD-like receptor signaling pathway - Mus musculus (mouse),NFKB1,Nfkb1,,Mus musculus
18033,Nfkb1,10090,kegg,mmu04622,RIG-I-like receptor signaling pathway - Mus musculus (mouse),NFKB1,Nfkb1,,Mus musculus
18033,Nfkb1,10090,kegg,mmu04623,Cytosolic DNA-sensing pathway - Mus musculus (mouse),NFKB1,Nfkb1,,Mus musculus
18033,Nfkb1,10090,kegg,mmu04625,C-type lectin receptor signaling pathway - Mus musculus (mouse),NFKB1,Nfkb1,,Mus musculus
18033,Nfkb1,10090,kegg,mmu04657,IL-17 signaling pathway - Mus musculus (mouse),NFKB1,Nfkb1,,Mus musculus
18033,Nfkb1,10090,kegg,mmu04658,Th1 and Th2 cell differentiation - Mus musculus (mouse),NFKB1,Nfkb1,,Mus musculus
18033,Nfkb1,10090,kegg,mmu04659,Th17 cell differentiation - Mus musculus (mouse),NFKB1,Nfkb1,,Mus musculus
18033,Nfkb1,10090,kegg,mmu04660,T cell receptor signaling pathway - Mus musculus (mouse),NFKB1,Nfkb1,,Mus musculus
18033,Nfkb1,10090,kegg,mmu04662,B cell receptor signaling pathway - Mus musculus (mouse),NFKB1,Nfkb1,,Mus musculus
18033,Nfkb1,10090,kegg,mmu04668,TNF signaling pathway - Mus musculus (mouse),NFKB1,Nfkb1,,Mus musculus
18033,Nfkb1,10090,kegg,mmu04722,Neurotrophin signaling pathway - Mus musculus (mouse),NFKB1,Nfkb1,,Mus musculus
18033,Nfkb1,10090,kegg,mmu04917,Prolactin signaling pathway - Mus musculus (mouse),NFKB1,Nfkb1,,Mus musculus
18033,Nfkb1,10090,kegg,mmu04920,Adipocytokine signaling pathway - Mus musculus (mouse),NFKB1,Nfkb1,,Mus musculus
18033,Nfkb1,10090,kegg,mmu04926,Relaxin signaling pathway - Mus musculus (mouse),NFKB1,Nfkb1,,Mus musculus
18033,Nfkb1,10090,kegg,mmu04931,Insulin resistance - Mus musculus (mouse),NFKB1,Nfkb1,,Mus musculus
18033,Nfkb1,10090,kegg,mmu04932,Non-alcoholic fatty liver disease - Mus musculus (mouse),NFKB1,Nfkb1,,Mus musculus
18033,Nfkb1,10090,kegg,mmu04933,AGE-RAGE signaling pathway in diabetic complications - Mus musculus (mouse),NFKB1,Nfkb1,,Mus musculus
18033,Nfkb1,10090,kegg,mmu04936,Alcoholic liver disease - Mus musculus (mouse),NFKB1,Nfkb1,,Mus musculus
18033,Nfkb1,10090,kegg,mmu05010,Alzheimer disease - Mus musculus (mouse),NFKB1,Nfkb1,,Mus musculus
18033,Nfkb1,10090,kegg,mmu05022,Pathways of neurodegeneration - multiple diseases - Mus musculus (mouse),NFKB1,Nfkb1,,Mus musculus
18033,Nfkb1,10090,kegg,mmu05030,Cocaine addiction - Mus musculus (mouse),NFKB1,Nfkb1,,Mus musculus
18033,Nfkb1,10090,kegg,mmu05132,Salmonella infection - Mus musculus (mouse),NFKB1,Nfkb1,,Mus musculus
18033,Nfkb1,10090,kegg,mmu05133,Pertussis - Mus musculus (mouse),NFKB1,Nfkb1,,Mus musculus
18033,Nfkb1,10090,kegg,mmu05134,Legionellosis - Mus musculus (mouse),NFKB1,Nfkb1,,Mus musculus
18033,Nfkb1,10090,kegg,mmu05135,Yersinia infection - Mus musculus (mouse),NFKB1,Nfkb1,,Mus musculus
18033,Nfkb1,10090,kegg,mmu05140,Leishmaniasis - Mus musculus (mouse),NFKB1,Nfkb1,,Mus musculus
18033,Nfkb1,10090,kegg,mmu05142,Chagas disease - Mus musculus (mouse),NFKB1,Nfkb1,,Mus musculus
18033,Nfkb1,10090,kegg,mmu05145,Toxoplasmosis - Mus musculus (mouse),NFKB1,Nfkb1,,Mus musculus
18033,Nfkb1,10090,kegg,mmu05146,Amoebiasis - Mus musculus (mouse),NFKB1,Nfkb1,,Mus musculus
18033,Nfkb1,10090,kegg,mmu05152,Tuberculosis - Mus musculus (mouse),NFKB1,Nfkb1,,Mus musculus
18033,Nfkb1,10090,kegg,mmu05160,Hepatitis C - Mus musculus (mouse),NFKB1,Nfkb1,,Mus musculus
18033,Nfkb1,10090,kegg,mmu05161,Hepatitis B - Mus musculus (mouse),NFKB1,Nfkb1,,Mus musculus
18033,Nfkb1,10090,kegg,mmu05162,Measles - Mus musculus (mouse),NFKB1,Nfkb1,,Mus musculus
18033,Nfkb1,10090,kegg,mmu05163,Human cytomegalovirus infection - Mus musculus (mouse),NFKB1,Nfkb1,,Mus musculus
18033,Nfkb1,10090,kegg,mmu05164,Influenza A - Mus musculus (mouse),NFKB1,Nfkb1,,Mus musculus
18033,Nfkb1,10090,kegg,mmu05165,Human papillomavirus infection - Mus musculus (mouse),NFKB1,Nfkb1,,Mus musculus
18033,Nfkb1,10090,kegg,mmu05166,Human T-cell leukemia virus 1 infection - Mus musculus (mouse),NFKB1,Nfkb1,,Mus musculus
18033,Nfkb1,10090,kegg,mmu05167,Kaposi sarcoma-associated herpesvirus infection - Mus musculus (mouse),NFKB1,Nfkb1,,Mus musculus
18033,Nfkb1,10090,kegg,mmu05168,Herpes simplex virus 1 infection - Mus musculus (mouse),NFKB1,Nfkb1,,Mus musculus
18033,Nfkb1,10090,kegg,mmu05169,Epstein-Barr virus infection - Mus musculus (mouse),NFKB1,Nfkb1,,Mus musculus
18033,Nfkb1,10090,kegg,mmu05170,Human immunodeficiency virus 1 infection - Mus musculus (mouse),NFKB1,Nfkb1,,Mus musculus
18033,Nfkb1,10090,kegg,mmu05171,Coronavirus disease - COVID-19 - Mus musculus (mouse),NFKB1,Nfkb1,,Mus musculus
18033,Nfkb1,10090,kegg,mmu05200,Pathways in cancer - Mus musculus (mouse),NFKB1,Nfkb1,,Mus musculus
18033,Nfkb1,10090,kegg,mmu05202,Transcriptional misregulation in cancer - Mus musculus (mouse),NFKB1,Nfkb1,,Mus musculus
18033,Nfkb1,10090,kegg,mmu05203,Viral carcinogenesis - Mus musculus (mouse),NFKB1,Nfkb1,,Mus musculus
18033,Nfkb1,10090,kegg,mmu05206,MicroRNAs in cancer - Mus musculus (mouse),NFKB1,Nfkb1,,Mus musculus
18033,Nfkb1,10090,kegg,mmu05207,Chemical carcinogenesis - receptor activation - Mus musculus (mouse),NFKB1,Nfkb1,,Mus musculus
18033,Nfkb1,10090,kegg,mmu05208,Chemical carcinogenesis - reactive oxygen species - Mus musculus (mouse),NFKB1,Nfkb1,,Mus musculus
18033,Nfkb1,10090,kegg,mmu05212,Pancreatic cancer - Mus musculus (mouse),NFKB1,Nfkb1,,Mus musculus
18033,Nfkb1,10090,kegg,mmu05215,Prostate cancer - Mus musculus (mouse),NFKB1,Nfkb1,,Mus musculus
18033,Nfkb1,10090,kegg,mmu05220,Chronic myeloid leukemia - Mus musculus (mouse),NFKB1,Nfkb1,,Mus musculus
18033,Nfkb1,10090,kegg,mmu05221,Acute myeloid leukemia - Mus musculus (mouse),NFKB1,Nfkb1,,Mus musculus
18033,Nfkb1,10090,kegg,mmu05222,Small cell lung cancer - Mus musculus (mouse),NFKB1,Nfkb1,,Mus musculus
18033,Nfkb1,10090,kegg,mmu05235,PD-L1 expression and PD-1 checkpoint pathway in cancer - Mus musculus (mouse),NFKB1,Nfkb1,,Mus musculus
18033,Nfkb1,10090,kegg,mmu05321,Inflammatory bowel disease - Mus musculus (mouse),NFKB1,Nfkb1,,Mus musculus
18033,Nfkb1,10090,kegg,mmu05415,Diabetic cardiomyopathy - Mus musculus (mouse),NFKB1,Nfkb1,,Mus musculus
18033,Nfkb1,10090,kegg,mmu05417,Lipid and atherosclerosis - Mus musculus (mouse),NFKB1,Nfkb1,,Mus musculus
18033,Nfkb1,10090,kegg,mmu05418,Fluid shear stress and atherosclerosis - Mus musculus (mouse),NFKB1,Nfkb1,,Mus musculus
5329,PLAUR,9606,kegg,hsa04610,Complement and coagulation cascades - Homo sapiens (human),PLAUR,PLAUR,,Homo sapiens
5329,PLAUR,9606,kegg,hsa05205,Proteoglycans in cancer - Homo sapiens (human),PLAUR,PLAUR,,Homo sapiens
5329,PLAUR,9606,pid,arf6downstreampathway,Arf6 downstream pathway,PLAUR,PLAUR,,Homo sapiens
5329,PLAUR,9606,pid,fgf_pathway,FGF signaling pathway,PLAUR,PLAUR,,Homo sapiens
5329,PLAUR,9606,pid,fra_pathway,Validated transcriptional targets of AP1 family members Fra1 and Fra2,PLAUR,PLAUR,,Homo sapiens
5329,PLAUR,9606,pid,integrin1_pathway,Beta1 integrin cell surface interactions,PLAUR,PLAUR,,Homo sapiens
5329,PLAUR,9606,pid,integrin2_pathway,Beta2 integrin cell surface interactions,PLAUR,PLAUR,,Homo sapiens
5329,PLAUR,9606,pid,integrin3_pathway,Beta3 integrin cell surface interactions,PLAUR,PLAUR,,Homo sapiens
5329,PLAUR,9606,pid,integrin5_pathway,Beta5 beta6 beta7 and beta8 integrin cell surface interactions,PLAUR,PLAUR,,Homo sapiens
5329,PLAUR,9606,pid,upa_upar_pathway,Urokinase-type plasminogen activator (uPA) and uPAR-mediated signaling,PLAUR,PLAUR,,Homo sapiens
5329,PLAUR,9606,wikipathways,WP2572,Primary focal segmental glomerulosclerosis (FSGS),PLAUR,PLAUR,,Homo sapiens
5329,PLAUR,9606,wikipathways,WP2806,Complement system,PLAUR,PLAUR,,Homo sapiens
5329,PLAUR,9606,wikipathways,WP3888,VEGFA-VEGFR2 Signaling Pathway,PLAUR,PLAUR,,Homo sapiens
5329,PLAUR,9606,wikipathways,WP558,Complement and Coagulation Cascades,PLAUR,PLAUR,,Homo sapiens
100003922,p2ry1,7955,reactome,R-DRE-109582,Hemostasis,P2RY1,p2ry1,,Danio rerio
100003922,p2ry1,7955,reactome,R-DRE-162582,Signal Transduction,P2RY1,p2ry1,,Danio rerio
100003922,p2ry1,7955,reactome,R-DRE-372790,Signaling by GPCR,P2RY1,p2ry1,,Danio rerio
100003922,p2ry1,7955,reactome,R-DRE-373076,Class A/1 (Rhodopsin-like receptors),P2RY1,p2ry1,,Danio rerio
100003922,p2ry1,7955,reactome,R-DRE-388396,GPCR downstream signalling,P2RY1,p2ry1,,Danio rerio
100003922,p2ry1,7955,reactome,R-DRE-392518,Signal amplification,P2RY1,p2ry1,,Danio rerio
100003922,p2ry1,7955,reactome,R-DRE-416476,G alpha (q) signalling events,P2RY1,p2ry1,,Danio rerio
100003922,p2ry1,7955,reactome,R-DRE-417957,P2Y receptors,P2RY1,p2ry1,,Danio rerio
100003922,p2ry1,7955,reactome,R-DRE-418038,Nucleotide-like (purinergic) receptors,P2RY1,p2ry1,,Danio rerio
100003922,p2ry1,7955,reactome,R-DRE-418592,ADP signalling through P2Y purinoceptor 1,P2RY1,p2ry1,,Danio rerio
100003922,p2ry1,7955,reactome,R-DRE-500792,GPCR ligand binding,P2RY1,p2ry1,,Danio rerio
100003922,p2ry1,7955,reactome,R-DRE-76002,"Platelet activation, signaling and aggregation",P2RY1,p2ry1,,Danio rerio
959,CD40LG,9606,biocarta,cd40pathway,cd40l signaling pathway,CD40LG,CD40LG,,Homo sapiens
959,CD40LG,9606,kegg,hsa04060,Cytokine-cytokine receptor interaction - Homo sapiens (human),CD40LG,CD40LG,,Homo sapiens
959,CD40LG,9606,kegg,hsa04064,NF-kappa B signaling pathway - Homo sapiens (human),CD40LG,CD40LG,,Homo sapiens
959,CD40LG,9606,kegg,hsa04514,Cell adhesion molecules - Homo sapiens (human),CD40LG,CD40LG,,Homo sapiens
959,CD40LG,9606,kegg,hsa04660,T cell receptor signaling pathway - Homo sapiens (human),CD40LG,CD40LG,,Homo sapiens
959,CD40LG,9606,kegg,hsa04672,Intestinal immune network for IgA production - Homo sapiens (human),CD40LG,CD40LG,,Homo sapiens
959,CD40LG,9606,kegg,hsa05144,Malaria - Homo sapiens (human),CD40LG,CD40LG,,Homo sapiens
959,CD40LG,9606,kegg,hsa05145,Toxoplasmosis - Homo sapiens (human),CD40LG,CD40LG,,Homo sapiens
959,CD40LG,9606,kegg,hsa05310,Asthma - Homo sapiens (human),CD40LG,CD40LG,,Homo sapiens
959,CD40LG,9606,kegg,hsa05320,Autoimmune thyroid disease - Homo sapiens (human),CD40LG,CD40LG,,Homo sapiens
959,CD40LG,9606,kegg,hsa05322,Systemic lupus erythematosus - Homo sapiens (human),CD40LG,CD40LG,,Homo sapiens
959,CD40LG,9606,kegg,hsa05330,Allograft rejection - Homo sapiens (human),CD40LG,CD40LG,,Homo sapiens
959,CD40LG,9606,kegg,hsa05340,Primary immunodeficiency - Homo sapiens (human),CD40LG,CD40LG,,Homo sapiens
959,CD40LG,9606,kegg,hsa05416,Viral myocarditis - Homo sapiens (human),CD40LG,CD40LG,,Homo sapiens
959,CD40LG,9606,kegg,hsa05417,Lipid and atherosclerosis - Homo sapiens (human),CD40LG,CD40LG,,Homo sapiens
959,CD40LG,9606,pid,cd40_pathway,CD40/CD40L signaling,CD40LG,CD40LG,,Homo sapiens
959,CD40LG,9606,pid,il4_2pathway,IL4-mediated signaling events,CD40LG,CD40LG,,Homo sapiens
959,CD40LG,9606,pid,integrin2_pathway,Beta2 integrin cell surface interactions,CD40LG,CD40LG,,Homo sapiens
959,CD40LG,9606,pid,nfat_tfpathway,Calcineurin-regulated NFAT-dependent transcription in lymphocytes,CD40LG,CD40LG,,Homo sapiens
959,CD40LG,9606,pid,tcrcalciumpathway,Calcium signaling in the CD4+ TCR pathway,CD40LG,CD40LG,,Homo sapiens
959,CD40LG,9606,wikipathways,WP2328,Allograft Rejection,CD40LG,CD40LG,,Homo sapiens
959,CD40LG,9606,wikipathways,WP3617,Photodynamic therapy-induced NF-kB survival signaling,CD40LG,CD40LG,,Homo sapiens
959,CD40LG,9606,wikipathways,WP3863,T-Cell antigen Receptor (TCR) pathway during Staphylococcus aureus infection,CD40LG,CD40LG,,Homo sapiens
959,CD40LG,9606,wikipathways,WP4298,Acute viral myocarditis,CD40LG,CD40LG,,Homo sapiens
959,CD40LG,9606,wikipathways,WP4341,"Non-genomic actions of 1,25 dihydroxyvitamin D3",CD40LG,CD40LG,,Homo sapiens
959,CD40LG,9606,wikipathways,WP4494,Selective expression of chemokine receptors during T-cell polarization,CD40LG,CD40LG,,Homo sapiens
959,CD40LG,9606,wikipathways,WP453,Inflammatory Response Pathway,CD40LG,CD40LG,,Homo sapiens
24225,Bdnf,10116,reactome,R-RNO-1257604,PIP3 activates AKT signaling,BDNF,Bdnf,,Rattus norvegicus
24225,Bdnf,10116,reactome,R-RNO-162582,Signal Transduction,BDNF,Bdnf,,Rattus norvegicus
24225,Bdnf,10116,reactome,R-RNO-166520,Signaling by NTRKs,BDNF,Bdnf,,Rattus norvegicus
24225,Bdnf,10116,reactome,R-RNO-199418,Negative regulation of the PI3K/AKT network,BDNF,Bdnf,,Rattus norvegicus
24225,Bdnf,10116,reactome,R-RNO-6811558,"PI5P, PP2A and IER3 Regulate PI3K/AKT Signaling",BDNF,Bdnf,,Rattus norvegicus
24225,Bdnf,10116,reactome,R-RNO-9006115,Signaling by NTRK2 (TRKB),BDNF,Bdnf,,Rattus norvegicus
24225,Bdnf,10116,reactome,R-RNO-9006925,Intracellular signaling by second messengers,BDNF,Bdnf,,Rattus norvegicus
24225,Bdnf,10116,reactome,R-RNO-9006934,Signaling by Receptor Tyrosine Kinases,BDNF,Bdnf,,Rattus norvegicus
24225,Bdnf,10116,reactome,R-RNO-9026527,Activated NTRK2 signals through PLCG1,BDNF,Bdnf,,Rattus norvegicus
24225,Bdnf,10116,reactome,R-RNO-9028731,Activated NTRK2 signals through FRS2 and FRS3,BDNF,Bdnf,,Rattus norvegicus
24225,Bdnf,10116,reactome,R-RNO-9032500,Activated NTRK2 signals through FYN,BDNF,Bdnf,,Rattus norvegicus
24225,Bdnf,10116,reactome,R-RNO-9032759,NTRK2 activates RAC1,BDNF,Bdnf,,Rattus norvegicus
66026,Trpv4,10116,reactome,R-RNO-2672351,Stimuli-sensing channels,TRPV4,Trpv4,,Rattus norvegicus
66026,Trpv4,10116,reactome,R-RNO-3295583,TRP channels,TRPV4,Trpv4,,Rattus norvegicus
66026,Trpv4,10116,reactome,R-RNO-382551,Transport of small molecules,TRPV4,Trpv4,,Rattus norvegicus
66026,Trpv4,10116,reactome,R-RNO-8953897,Cellular responses to stimuli,TRPV4,Trpv4,,Rattus norvegicus
66026,Trpv4,10116,reactome,R-RNO-983712,Ion channel transport,TRPV4,Trpv4,,Rattus norvegicus
66026,Trpv4,10116,reactome,R-RNO-9855142,Cellular responses to mechanical stimuli,TRPV4,Trpv4,,Rattus norvegicus
66026,Trpv4,10116,reactome,R-RNO-9856530,High laminar flow shear stress activates signaling by PIEZO1 and PECAM1:CDH5:KDR in endothelial cells,TRPV4,Trpv4,,Rattus norvegicus
66026,Trpv4,10116,reactome,R-RNO-9860931,Response of endothelial cells to shear stress,TRPV4,Trpv4,,Rattus norvegicus
54263,Kcnn3,10116,reactome,R-RNO-112316,Neuronal System,KCNN3,Kcnn3,,Rattus norvegicus
54263,Kcnn3,10116,reactome,R-RNO-1296052,Ca2+ activated K+ channels,KCNN3,Kcnn3,,Rattus norvegicus
54263,Kcnn3,10116,reactome,R-RNO-1296071,Potassium Channels,KCNN3,Kcnn3,,Rattus norvegicus
280846,LTF,9913,reactome,R-BTA-168249,Innate Immune System,LTF,LTF,,Bos taurus
280846,LTF,9913,reactome,R-BTA-168256,Immune System,LTF,LTF,,Bos taurus
280846,LTF,9913,reactome,R-BTA-6798695,Neutrophil degranulation,LTF,LTF,,Bos taurus
280846,LTF,9913,reactome,R-BTA-6799990,Metal sequestration by antimicrobial proteins,LTF,LTF,,Bos taurus
280846,LTF,9913,reactome,R-BTA-6803157,Antimicrobial peptides,LTF,LTF,,Bos taurus
12370,Casp8,10090,kegg,mmu04115,p53 signaling pathway - Mus musculus (mouse),CASP8,Casp8,,Mus musculus
12370,Casp8,10090,kegg,mmu04210,Apoptosis - Mus musculus (mouse),CASP8,Casp8,,Mus musculus
12370,Casp8,10090,kegg,mmu04215,Apoptosis - multiple species - Mus musculus (mouse),CASP8,Casp8,,Mus musculus
12370,Casp8,10090,kegg,mmu04217,Necroptosis - Mus musculus (mouse),CASP8,Casp8,,Mus musculus
12370,Casp8,10090,kegg,mmu04620,Toll-like receptor signaling pathway - Mus musculus (mouse),CASP8,Casp8,,Mus musculus
12370,Casp8,10090,kegg,mmu04621,NOD-like receptor signaling pathway - Mus musculus (mouse),CASP8,Casp8,,Mus musculus
12370,Casp8,10090,kegg,mmu04622,RIG-I-like receptor signaling pathway - Mus musculus (mouse),CASP8,Casp8,,Mus musculus
12370,Casp8,10090,kegg,mmu04625,C-type lectin receptor signaling pathway - Mus musculus (mouse),CASP8,Casp8,,Mus musculus
12370,Casp8,10090,kegg,mmu04657,IL-17 signaling pathway - Mus musculus (mouse),CASP8,Casp8,,Mus musculus
12370,Casp8,10090,kegg,mmu04668,TNF signaling pathway - Mus musculus (mouse),CASP8,Casp8,,Mus musculus
12370,Casp8,10090,kegg,mmu04932,Non-alcoholic fatty liver disease - Mus musculus (mouse),CASP8,Casp8,,Mus musculus
12370,Casp8,10090,kegg,mmu04936,Alcoholic liver disease - Mus musculus (mouse),CASP8,Casp8,,Mus musculus
12370,Casp8,10090,kegg,mmu05010,Alzheimer disease - Mus musculus (mouse),CASP8,Casp8,,Mus musculus
12370,Casp8,10090,kegg,mmu05016,Huntington disease - Mus musculus (mouse),CASP8,Casp8,,Mus musculus
12370,Casp8,10090,kegg,mmu05022,Pathways of neurodegeneration - multiple diseases - Mus musculus (mouse),CASP8,Casp8,,Mus musculus
12370,Casp8,10090,kegg,mmu05132,Salmonella infection - Mus musculus (mouse),CASP8,Casp8,,Mus musculus
12370,Casp8,10090,kegg,mmu05134,Legionellosis - Mus musculus (mouse),CASP8,Casp8,,Mus musculus
12370,Casp8,10090,kegg,mmu05142,Chagas disease - Mus musculus (mouse),CASP8,Casp8,,Mus musculus
12370,Casp8,10090,kegg,mmu05145,Toxoplasmosis - Mus musculus (mouse),CASP8,Casp8,,Mus musculus
12370,Casp8,10090,kegg,mmu05152,Tuberculosis - Mus musculus (mouse),CASP8,Casp8,,Mus musculus
12370,Casp8,10090,kegg,mmu05160,Hepatitis C - Mus musculus (mouse),CASP8,Casp8,,Mus musculus
12370,Casp8,10090,kegg,mmu05161,Hepatitis B - Mus musculus (mouse),CASP8,Casp8,,Mus musculus
12370,Casp8,10090,kegg,mmu05162,Measles - Mus musculus (mouse),CASP8,Casp8,,Mus musculus
12370,Casp8,10090,kegg,mmu05163,Human cytomegalovirus infection - Mus musculus (mouse),CASP8,Casp8,,Mus musculus
12370,Casp8,10090,kegg,mmu05164,Influenza A - Mus musculus (mouse),CASP8,Casp8,,Mus musculus
12370,Casp8,10090,kegg,mmu05165,Human papillomavirus infection - Mus musculus (mouse),CASP8,Casp8,,Mus musculus
12370,Casp8,10090,kegg,mmu05167,Kaposi sarcoma-associated herpesvirus infection - Mus musculus (mouse),CASP8,Casp8,,Mus musculus
12370,Casp8,10090,kegg,mmu05168,Herpes simplex virus 1 infection - Mus musculus (mouse),CASP8,Casp8,,Mus musculus
12370,Casp8,10090,kegg,mmu05169,Epstein-Barr virus infection - Mus musculus (mouse),CASP8,Casp8,,Mus musculus
12370,Casp8,10090,kegg,mmu05170,Human immunodeficiency virus 1 infection - Mus musculus (mouse),CASP8,Casp8,,Mus musculus
12370,Casp8,10090,kegg,mmu05200,Pathways in cancer - Mus musculus (mouse),CASP8,Casp8,,Mus musculus
12370,Casp8,10090,kegg,mmu05203,Viral carcinogenesis - Mus musculus (mouse),CASP8,Casp8,,Mus musculus
12370,Casp8,10090,kegg,mmu05416,Viral myocarditis - Mus musculus (mouse),CASP8,Casp8,,Mus musculus
12370,Casp8,10090,kegg,mmu05417,Lipid and atherosclerosis - Mus musculus (mouse),CASP8,Casp8,,Mus musculus
12371,Casp9,10090,kegg,mmu04115,p53 signaling pathway - Mus musculus (mouse),CASP9,Casp9,,Mus musculus
12371,Casp9,10090,kegg,mmu04151,PI3K-Akt signaling pathway - Mus musculus (mouse),CASP9,Casp9,,Mus musculus
12371,Casp9,10090,kegg,mmu04210,Apoptosis - Mus musculus (mouse),CASP9,Casp9,,Mus musculus
12371,Casp9,10090,kegg,mmu04215,Apoptosis - multiple species - Mus musculus (mouse),CASP9,Casp9,,Mus musculus
12371,Casp9,10090,kegg,mmu04370,VEGF signaling pathway - Mus musculus (mouse),CASP9,Casp9,,Mus musculus
12371,Casp9,10090,kegg,mmu04919,Thyroid hormone signaling pathway - Mus musculus (mouse),CASP9,Casp9,,Mus musculus
12371,Casp9,10090,kegg,mmu05010,Alzheimer disease - Mus musculus (mouse),CASP9,Casp9,,Mus musculus
12371,Casp9,10090,kegg,mmu05012,Parkinson disease - Mus musculus (mouse),CASP9,Casp9,,Mus musculus
12371,Casp9,10090,kegg,mmu05014,Amyotrophic lateral sclerosis - Mus musculus (mouse),CASP9,Casp9,,Mus musculus
12371,Casp9,10090,kegg,mmu05016,Huntington disease - Mus musculus (mouse),CASP9,Casp9,,Mus musculus
12371,Casp9,10090,kegg,mmu05020,Prion disease - Mus musculus (mouse),CASP9,Casp9,,Mus musculus
12371,Casp9,10090,kegg,mmu05022,Pathways of neurodegeneration - multiple diseases - Mus musculus (mouse),CASP9,Casp9,,Mus musculus
12371,Casp9,10090,kegg,mmu05134,Legionellosis - Mus musculus (mouse),CASP9,Casp9,,Mus musculus
12371,Casp9,10090,kegg,mmu05145,Toxoplasmosis - Mus musculus (mouse),CASP9,Casp9,,Mus musculus
12371,Casp9,10090,kegg,mmu05152,Tuberculosis - Mus musculus (mouse),CASP9,Casp9,,Mus musculus
12371,Casp9,10090,kegg,mmu05160,Hepatitis C - Mus musculus (mouse),CASP9,Casp9,,Mus musculus
12371,Casp9,10090,kegg,mmu05161,Hepatitis B - Mus musculus (mouse),CASP9,Casp9,,Mus musculus
12371,Casp9,10090,kegg,mmu05162,Measles - Mus musculus (mouse),CASP9,Casp9,,Mus musculus
12371,Casp9,10090,kegg,mmu05163,Human cytomegalovirus infection - Mus musculus (mouse),CASP9,Casp9,,Mus musculus
12371,Casp9,10090,kegg,mmu05164,Influenza A - Mus musculus (mouse),CASP9,Casp9,,Mus musculus
12371,Casp9,10090,kegg,mmu05167,Kaposi sarcoma-associated herpesvirus infection - Mus musculus (mouse),CASP9,Casp9,,Mus musculus
12371,Casp9,10090,kegg,mmu05168,Herpes simplex virus 1 infection - Mus musculus (mouse),CASP9,Casp9,,Mus musculus
12371,Casp9,10090,kegg,mmu05169,Epstein-Barr virus infection - Mus musculus (mouse),CASP9,Casp9,,Mus musculus
12371,Casp9,10090,kegg,mmu05170,Human immunodeficiency virus 1 infection - Mus musculus (mouse),CASP9,Casp9,,Mus musculus
12371,Casp9,10090,kegg,mmu05200,Pathways in cancer - Mus musculus (mouse),CASP9,Casp9,,Mus musculus
12371,Casp9,10090,kegg,mmu05210,Colorectal cancer - Mus musculus (mouse),CASP9,Casp9,,Mus musculus
12371,Casp9,10090,kegg,mmu05212,Pancreatic cancer - Mus musculus (mouse),CASP9,Casp9,,Mus musculus
12371,Casp9,10090,kegg,mmu05213,Endometrial cancer - Mus musculus (mouse),CASP9,Casp9,,Mus musculus
12371,Casp9,10090,kegg,mmu05215,Prostate cancer - Mus musculus (mouse),CASP9,Casp9,,Mus musculus
12371,Casp9,10090,kegg,mmu05222,Small cell lung cancer - Mus musculus (mouse),CASP9,Casp9,,Mus musculus
12371,Casp9,10090,kegg,mmu05223,Non-small cell lung cancer - Mus musculus (mouse),CASP9,Casp9,,Mus musculus
12371,Casp9,10090,kegg,mmu05416,Viral myocarditis - Mus musculus (mouse),CASP9,Casp9,,Mus musculus
12371,Casp9,10090,kegg,mmu05417,Lipid and atherosclerosis - Mus musculus (mouse),CASP9,Casp9,,Mus musculus
18538,Pcna,10090,kegg,mmu03030,DNA replication - Mus musculus (mouse),PCNA,Pcna,,Mus musculus
18538,Pcna,10090,kegg,mmu03410,Base excision repair - Mus musculus (mouse),PCNA,Pcna,,Mus musculus
18538,Pcna,10090,kegg,mmu03420,Nucleotide excision repair - Mus musculus (mouse),PCNA,Pcna,,Mus musculus
18538,Pcna,10090,kegg,mmu03430,Mismatch repair - Mus musculus (mouse),PCNA,Pcna,,Mus musculus
18538,Pcna,10090,kegg,mmu04110,Cell cycle - Mus musculus (mouse),PCNA,Pcna,,Mus musculus
18538,Pcna,10090,kegg,mmu04530,Tight junction - Mus musculus (mouse),PCNA,Pcna,,Mus musculus
18538,Pcna,10090,kegg,mmu05161,Hepatitis B - Mus musculus (mouse),PCNA,Pcna,,Mus musculus
22035,Tnfsf10,10090,kegg,mmu04060,Cytokine-cytokine receptor interaction - Mus musculus (mouse),TNFSF10,Tnfsf10,,Mus musculus
22035,Tnfsf10,10090,kegg,mmu04061,Viral protein interaction with cytokine and cytokine receptor - Mus musculus (mouse),TNFSF10,Tnfsf10,,Mus musculus
22035,Tnfsf10,10090,kegg,mmu04068,FoxO signaling pathway - Mus musculus (mouse),TNFSF10,Tnfsf10,,Mus musculus
22035,Tnfsf10,10090,kegg,mmu04210,Apoptosis - Mus musculus (mouse),TNFSF10,Tnfsf10,,Mus musculus
22035,Tnfsf10,10090,kegg,mmu04217,Necroptosis - Mus musculus (mouse),TNFSF10,Tnfsf10,,Mus musculus
22035,Tnfsf10,10090,kegg,mmu04650,Natural killer cell mediated cytotoxicity - Mus musculus (mouse),TNFSF10,Tnfsf10,,Mus musculus
22035,Tnfsf10,10090,kegg,mmu05132,Salmonella infection - Mus musculus (mouse),TNFSF10,Tnfsf10,,Mus musculus
22035,Tnfsf10,10090,kegg,mmu05164,Influenza A - Mus musculus (mouse),TNFSF10,Tnfsf10,,Mus musculus
22035,Tnfsf10,10090,kegg,mmu05417,Lipid and atherosclerosis - Mus musculus (mouse),TNFSF10,Tnfsf10,,Mus musculus
4137,MAPT,9606,biocarta,biopeptidespathway,bioactive peptide induced signaling pathway,MAPT,MAPT,,Homo sapiens
4137,MAPT,9606,biocarta,p35alzheimerspathway,deregulation of cdk5 in alzheimers disease,MAPT,MAPT,,Homo sapiens
4137,MAPT,9606,kegg,hsa04010,MAPK signaling pathway - Homo sapiens (human),MAPT,MAPT,,Homo sapiens
4137,MAPT,9606,kegg,hsa05010,Alzheimer disease - Homo sapiens (human),MAPT,MAPT,,Homo sapiens
4137,MAPT,9606,kegg,hsa05012,Parkinson disease - Homo sapiens (human),MAPT,MAPT,,Homo sapiens
4137,MAPT,9606,kegg,hsa05022,Pathways of neurodegeneration - multiple diseases - Homo sapiens (human),MAPT,MAPT,,Homo sapiens
4137,MAPT,9606,pid,lkb1_pathway,LKB1 signaling events,MAPT,MAPT,,Homo sapiens
4137,MAPT,9606,pid,lysophospholipid_pathway,LPA receptor mediated events,MAPT,MAPT,,Homo sapiens
4137,MAPT,9606,pid,p38gammadeltapathway,Signaling mediated by p38-gamma and p38-delta,MAPT,MAPT,,Homo sapiens
4137,MAPT,9606,pid,reelinpathway,Reelin signaling pathway,MAPT,MAPT,,Homo sapiens
4137,MAPT,9606,wikipathways,WP127,IL-5 signaling pathway,MAPT,MAPT,,Homo sapiens
4137,MAPT,9606,wikipathways,WP2038,Regulation of Microtubule Cytoskeleton,MAPT,MAPT,,Homo sapiens
4137,MAPT,9606,wikipathways,WP2059,"Alzheimer,s disease",MAPT,MAPT,,Homo sapiens
4137,MAPT,9606,wikipathways,WP2380,Brain-derived neurotrophic factor (BDNF) signaling pathway,MAPT,MAPT,,Homo sapiens
4137,MAPT,9606,wikipathways,WP304,Kit receptor signaling pathway,MAPT,MAPT,,Homo sapiens
4137,MAPT,9606,wikipathways,WP3286,Copper homeostasis,MAPT,MAPT,,Homo sapiens
4137,MAPT,9606,wikipathways,WP382,MAPK Signaling Pathway,MAPT,MAPT,,Homo sapiens
4137,MAPT,9606,wikipathways,WP49,IL-2 signaling pathway,MAPT,MAPT,,Homo sapiens
4137,MAPT,9606,wikipathways,WP61,Notch Signaling Pathway Netpath,MAPT,MAPT,,Homo sapiens
1958,EGR1,9606,biocarta,cdk5pathway,phosphorylation of mek1 by cdk5/p35 down regulates the map kinase pathway,EGR1,EGR1,,Homo sapiens
1958,EGR1,9606,kegg,hsa04371,Apelin signaling pathway - Homo sapiens (human),EGR1,EGR1,,Homo sapiens
1958,EGR1,9606,kegg,hsa04912,GnRH signaling pathway - Homo sapiens (human),EGR1,EGR1,,Homo sapiens
1958,EGR1,9606,kegg,hsa04928,"Parathyroid hormone synthesis, secretion and action - Homo sapiens (human)",EGR1,EGR1,,Homo sapiens
1958,EGR1,9606,kegg,hsa04933,AGE-RAGE signaling pathway in diabetic complications - Homo sapiens (human),EGR1,EGR1,,Homo sapiens
1958,EGR1,9606,kegg,hsa05020,Prion disease - Homo sapiens (human),EGR1,EGR1,,Homo sapiens
1958,EGR1,9606,kegg,hsa05166,Human T-cell leukemia virus 1 infection - Homo sapiens (human),EGR1,EGR1,,Homo sapiens
1958,EGR1,9606,netpath,Pathway_Oncostatin_M,Oncostatin_M,EGR1,EGR1,,Homo sapiens
1958,EGR1,9606,netpath,Pathway_TCR,TCR,EGR1,EGR1,,Homo sapiens
1958,EGR1,9606,pid,ap1_pathway,AP-1 transcription factor network,EGR1,EGR1,,Homo sapiens
1958,EGR1,9606,pid,ar_tf_pathway,Regulation of Androgen receptor activity,EGR1,EGR1,,Homo sapiens
1958,EGR1,9606,pid,cd8tcrdownstreampathway,Downstream signaling in na&#xef;ve CD8+ T cells,EGR1,EGR1,,Homo sapiens
1958,EGR1,9606,pid,erbb1_downstream_pathway,ErbB1 downstream signaling,EGR1,EGR1,,Homo sapiens
1958,EGR1,9606,pid,mapktrkpathway,Trk receptor signaling mediated by the MAPK pathway,EGR1,EGR1,,Homo sapiens
1958,EGR1,9606,pid,met_pathway,Signaling events mediated by Hepatocyte Growth Factor Receptor (c-Met),EGR1,EGR1,,Homo sapiens
1958,EGR1,9606,pid,nfat_tfpathway,Calcineurin-regulated NFAT-dependent transcription in lymphocytes,EGR1,EGR1,,Homo sapiens
1958,EGR1,9606,pid,pi3kplctrkpathway,Trk receptor signaling mediated by PI3K and PLC-gamma,EGR1,EGR1,,Homo sapiens
1958,EGR1,9606,pid,prlsignalingeventspathway,Signaling events mediated by PRL,EGR1,EGR1,,Homo sapiens
1958,EGR1,9606,pid,reg_gr_pathway,Glucocorticoid receptor regulatory network,EGR1,EGR1,,Homo sapiens
1958,EGR1,9606,wikipathways,WP2032,Thyroid stimulating hormone (TSH) signaling pathway,EGR1,EGR1,,Homo sapiens
1958,EGR1,9606,wikipathways,WP2374,Oncostatin M Signaling Pathway,EGR1,EGR1,,Homo sapiens
1958,EGR1,9606,wikipathways,WP2380,Brain-derived neurotrophic factor (BDNF) signaling pathway,EGR1,EGR1,,Homo sapiens
1958,EGR1,9606,wikipathways,WP2431,Spinal Cord Injury,EGR1,EGR1,,Homo sapiens
1958,EGR1,9606,wikipathways,WP2882,Nuclear Receptors Meta-Pathway,EGR1,EGR1,,Homo sapiens
1958,EGR1,9606,wikipathways,WP2884,NRF2 pathway,EGR1,EGR1,,Homo sapiens
1958,EGR1,9606,wikipathways,WP3299,let-7 inhibition of ES cell reprogramming,EGR1,EGR1,,Homo sapiens
1958,EGR1,9606,wikipathways,WP34,Ovarian infertility,EGR1,EGR1,,Homo sapiens
1958,EGR1,9606,wikipathways,WP3527,Pre-implantation embryo,EGR1,EGR1,,Homo sapiens
1958,EGR1,9606,wikipathways,WP3888,VEGFA-VEGFR2 Signaling Pathway,EGR1,EGR1,,Homo sapiens
1958,EGR1,9606,wikipathways,WP4659,Gastrin signaling pathway,EGR1,EGR1,,Homo sapiens
1958,EGR1,9606,wikipathways,WP481,Insulin Signaling,EGR1,EGR1,,Homo sapiens
1958,EGR1,9606,wikipathways,WP706,Sudden Infant Death Syndrome (SIDS) Susceptibility Pathways,EGR1,EGR1,,Homo sapiens
1958,EGR1,9606,wikipathways,WP734,Serotonin Receptor 4-6-7 and NR3C Signaling,EGR1,EGR1,,Homo sapiens
23237,ARC,9606,kegg,hsa05031,Amphetamine addiction - Homo sapiens (human),ARC,ARC,,Homo sapiens
23237,ARC,9606,wikipathways,WP3676,BDNF-TrkB Signaling,ARC,ARC,,Homo sapiens
23237,ARC,9606,wikipathways,WP3944,Serotonin and anxiety-related events,ARC,ARC,,Homo sapiens
23237,ARC,9606,wikipathways,WP3947,Serotonin and anxiety,ARC,ARC,,Homo sapiens
23237,ARC,9606,wikipathways,WP4539,Synaptic signaling pathways associated with autism spectrum disorder,ARC,ARC,,Homo sapiens
23237,ARC,9606,wikipathways,WP4549,Fragile X Syndrome,ARC,ARC,,Homo sapiens
23237,ARC,9606,wikipathways,WP4875,Disruption of postsynaptic signaling by CNV,ARC,ARC,,Homo sapiens
5295,PIK3R1,9606,biocarta,achpathway,role of nicotinic acetylcholine receptors in the regulation of apoptosis,PIK3R1,PIK3R1,,Homo sapiens
5295,PIK3R1,9606,biocarta,aktpathway,akt signaling pathway,PIK3R1,PIK3R1,,Homo sapiens
5295,PIK3R1,9606,biocarta,arfpathway,tumor suppressor arf inhibits ribosomal biogenesis,PIK3R1,PIK3R1,,Homo sapiens
5295,PIK3R1,9606,biocarta,badpathway,regulation of bad phosphorylation,PIK3R1,PIK3R1,,Homo sapiens
5295,PIK3R1,9606,biocarta,bcellsurvivalpathway,b cell survival pathway,PIK3R1,PIK3R1,,Homo sapiens
5295,PIK3R1,9606,biocarta,biopeptidespathway,bioactive peptide induced signaling pathway,PIK3R1,PIK3R1,,Homo sapiens
5295,PIK3R1,9606,biocarta,cdc42racpathway,role of pi3k subunit p85 in regulation of actin organization and cell migration,PIK3R1,PIK3R1,,Homo sapiens
5295,PIK3R1,9606,biocarta,crebpathway,transcription factor creb and its extracellular signals,PIK3R1,PIK3R1,,Homo sapiens
5295,PIK3R1,9606,biocarta,ctcfpathway,ctcf: first multivalent nuclear factor,PIK3R1,PIK3R1,,Homo sapiens
5295,PIK3R1,9606,biocarta,ctla4pathway,the co-stimulatory signal during t-cell activation,PIK3R1,PIK3R1,,Homo sapiens
5295,PIK3R1,9606,biocarta,cxcr4pathway,cxcr4 signaling pathway,PIK3R1,PIK3R1,,Homo sapiens
5295,PIK3R1,9606,biocarta,ecmpathway,erk and pi-3 kinase are necessary for collagen binding in corneal epithelia,PIK3R1,PIK3R1,,Homo sapiens
5295,PIK3R1,9606,biocarta,edg1pathway,phospholipids as signalling intermediaries,PIK3R1,PIK3R1,,Homo sapiens
5295,PIK3R1,9606,biocarta,egfpathway,egf signaling pathway,PIK3R1,PIK3R1,,Homo sapiens
5295,PIK3R1,9606,biocarta,eif4pathway,regulation of eif-4e and p70s6 kinase,PIK3R1,PIK3R1,,Homo sapiens
5295,PIK3R1,9606,biocarta,erk5pathway,role of erk5 in neuronal survival pathway,PIK3R1,PIK3R1,,Homo sapiens
5295,PIK3R1,9606,biocarta,fcer1pathway,fc epsilon receptor i signaling in mast cells,PIK3R1,PIK3R1,,Homo sapiens
5295,PIK3R1,9606,biocarta,gcrpathway,corticosteroids and cardioprotection,PIK3R1,PIK3R1,,Homo sapiens
5295,PIK3R1,9606,biocarta,ghpathway,growth hormone signaling pathway,PIK3R1,PIK3R1,,Homo sapiens
5295,PIK3R1,9606,biocarta,gleevecpathway,inhibition of cellular proliferation by gleevec,PIK3R1,PIK3R1,,Homo sapiens
5295,PIK3R1,9606,biocarta,gsk3pathway,inactivation of gsk3 by akt causes accumulation of b-catenin in alveolar macrophages,PIK3R1,PIK3R1,,Homo sapiens
5295,PIK3R1,9606,biocarta,hcmvpathway,human cytomegalovirus and map kinase pathways,PIK3R1,PIK3R1,,Homo sapiens
5295,PIK3R1,9606,biocarta,hdacpathway,control of skeletal myogenesis by hdac and calcium/calmodulin-dependent kinase (camk),PIK3R1,PIK3R1,,Homo sapiens
5295,PIK3R1,9606,biocarta,her2pathway,role of erbb2 in signal transduction and oncology,PIK3R1,PIK3R1,,Homo sapiens
5295,PIK3R1,9606,biocarta,igf1mtorpathway,skeletal muscle hypertrophy is regulated via akt-mtor pathway,PIK3R1,PIK3R1,,Homo sapiens
5295,PIK3R1,9606,biocarta,igf1pathway,igf-1 signaling pathway,PIK3R1,PIK3R1,,Homo sapiens
5295,PIK3R1,9606,biocarta,igf1rpathway,multiple antiapoptotic pathways from igf-1r signaling lead to bad phosphorylation,PIK3R1,PIK3R1,,Homo sapiens
5295,PIK3R1,9606,biocarta,il2rbpathway,il-2 receptor beta chain in t cell activation,PIK3R1,PIK3R1,,Homo sapiens
5295,PIK3R1,9606,biocarta,il7pathway,il-7 signal transduction,PIK3R1,PIK3R1,,Homo sapiens
5295,PIK3R1,9606,biocarta,insulinpathway,insulin signaling pathway,PIK3R1,PIK3R1,,Homo sapiens
5295,PIK3R1,9606,biocarta,longevitypathway,the igf-1 receptor and longevity,PIK3R1,PIK3R1,,Homo sapiens
5295,PIK3R1,9606,biocarta,mtorpathway,mtor signaling pathway,PIK3R1,PIK3R1,,Homo sapiens
5295,PIK3R1,9606,biocarta,nfatpathway,nfat and hypertrophy of the heart ,PIK3R1,PIK3R1,,Homo sapiens
5295,PIK3R1,9606,biocarta,ngfpathway,nerve growth factor pathway (ngf),PIK3R1,PIK3R1,,Homo sapiens
5295,PIK3R1,9606,biocarta,nkcellspathway,ras-independent pathway in nk cell-mediated cytotoxicity,PIK3R1,PIK3R1,,Homo sapiens
5295,PIK3R1,9606,biocarta,no1pathway,actions of nitric oxide in the heart,PIK3R1,PIK3R1,,Homo sapiens
5295,PIK3R1,9606,biocarta,par1pathway,thrombin signaling and protease-activated receptors,PIK3R1,PIK3R1,,Homo sapiens
5295,PIK3R1,9606,biocarta,pdgfpathway,pdgf signaling pathway,PIK3R1,PIK3R1,,Homo sapiens
5295,PIK3R1,9606,biocarta,plcpathway,phospholipase c signaling pathway,PIK3R1,PIK3R1,,Homo sapiens
5295,PIK3R1,9606,biocarta,ptenpathway,pten dependent cell cycle arrest and apoptosis,PIK3R1,PIK3R1,,Homo sapiens
5295,PIK3R1,9606,biocarta,rac1pathway,rac1 cell motility signaling pathway,PIK3R1,PIK3R1,,Homo sapiens
5295,PIK3R1,9606,biocarta,raccycdpathway,influence of ras and rho proteins on g1 to s transition,PIK3R1,PIK3R1,,Homo sapiens
5295,PIK3R1,9606,biocarta,raspathway,ras signaling pathway,PIK3R1,PIK3R1,,Homo sapiens
5295,PIK3R1,9606,biocarta,tcrpathway,t cell receptor signaling pathway,PIK3R1,PIK3R1,,Homo sapiens
5295,PIK3R1,9606,biocarta,tffpathway,trefoil factors initiate mucosal healing,PIK3R1,PIK3R1,,Homo sapiens
5295,PIK3R1,9606,biocarta,tpopathway,tpo signaling pathway,PIK3R1,PIK3R1,,Homo sapiens
5295,PIK3R1,9606,biocarta,trkapathway,trka receptor signaling pathway,PIK3R1,PIK3R1,,Homo sapiens
5295,PIK3R1,9606,biocarta,vegfpathway,vegf hypoxia and angiogenesis,PIK3R1,PIK3R1,,Homo sapiens
5295,PIK3R1,9606,humancyc,PWY-6352,3-phosphoinositide biosynthesis,PIK3R1,PIK3R1,,Homo sapiens
5295,PIK3R1,9606,humancyc,PWY-6371,superpathway of inositol phosphate compounds,PIK3R1,PIK3R1,,Homo sapiens
5295,PIK3R1,9606,kegg,hsa04012,ErbB signaling pathway - Homo sapiens (human),PIK3R1,PIK3R1,,Homo sapiens
5295,PIK3R1,9606,kegg,hsa04014,Ras signaling pathway - Homo sapiens (human),PIK3R1,PIK3R1,,Homo sapiens
5295,PIK3R1,9606,kegg,hsa04015,Rap1 signaling pathway - Homo sapiens (human),PIK3R1,PIK3R1,,Homo sapiens
5295,PIK3R1,9606,kegg,hsa04024,cAMP signaling pathway - Homo sapiens (human),PIK3R1,PIK3R1,,Homo sapiens
5295,PIK3R1,9606,kegg,hsa04062,Chemokine signaling pathway - Homo sapiens (human),PIK3R1,PIK3R1,,Homo sapiens
5295,PIK3R1,9606,kegg,hsa04066,HIF-1 signaling pathway - Homo sapiens (human),PIK3R1,PIK3R1,,Homo sapiens
5295,PIK3R1,9606,kegg,hsa04068,FoxO signaling pathway - Homo sapiens (human),PIK3R1,PIK3R1,,Homo sapiens
5295,PIK3R1,9606,kegg,hsa04070,Phosphatidylinositol signaling system - Homo sapiens (human),PIK3R1,PIK3R1,,Homo sapiens
5295,PIK3R1,9606,kegg,hsa04071,Sphingolipid signaling pathway - Homo sapiens (human),PIK3R1,PIK3R1,,Homo sapiens
5295,PIK3R1,9606,kegg,hsa04072,Phospholipase D signaling pathway - Homo sapiens (human),PIK3R1,PIK3R1,,Homo sapiens
5295,PIK3R1,9606,kegg,hsa04140,Autophagy - animal - Homo sapiens (human),PIK3R1,PIK3R1,,Homo sapiens
5295,PIK3R1,9606,kegg,hsa04150,mTOR signaling pathway - Homo sapiens (human),PIK3R1,PIK3R1,,Homo sapiens
5295,PIK3R1,9606,kegg,hsa04151,PI3K-Akt signaling pathway - Homo sapiens (human),PIK3R1,PIK3R1,,Homo sapiens
5295,PIK3R1,9606,kegg,hsa04152,AMPK signaling pathway - Homo sapiens (human),PIK3R1,PIK3R1,,Homo sapiens
5295,PIK3R1,9606,kegg,hsa04210,Apoptosis - Homo sapiens (human),PIK3R1,PIK3R1,,Homo sapiens
5295,PIK3R1,9606,kegg,hsa04211,Longevity regulating pathway - Homo sapiens (human),PIK3R1,PIK3R1,,Homo sapiens
5295,PIK3R1,9606,kegg,hsa04213,Longevity regulating pathway - multiple species - Homo sapiens (human),PIK3R1,PIK3R1,,Homo sapiens
5295,PIK3R1,9606,kegg,hsa04218,Cellular senescence - Homo sapiens (human),PIK3R1,PIK3R1,,Homo sapiens
5295,PIK3R1,9606,kegg,hsa04360,Axon guidance - Homo sapiens (human),PIK3R1,PIK3R1,,Homo sapiens
5295,PIK3R1,9606,kegg,hsa04370,VEGF signaling pathway - Homo sapiens (human),PIK3R1,PIK3R1,,Homo sapiens
5295,PIK3R1,9606,kegg,hsa04380,Osteoclast differentiation - Homo sapiens (human),PIK3R1,PIK3R1,,Homo sapiens
5295,PIK3R1,9606,kegg,hsa04510,Focal adhesion - Homo sapiens (human),PIK3R1,PIK3R1,,Homo sapiens
5295,PIK3R1,9606,kegg,hsa04550,Signaling pathways regulating pluripotency of stem cells - Homo sapiens (human),PIK3R1,PIK3R1,,Homo sapiens
5295,PIK3R1,9606,kegg,hsa04611,Platelet activation - Homo sapiens (human),PIK3R1,PIK3R1,,Homo sapiens
5295,PIK3R1,9606,kegg,hsa04613,Neutrophil extracellular trap formation - Homo sapiens (human),PIK3R1,PIK3R1,,Homo sapiens
5295,PIK3R1,9606,kegg,hsa04620,Toll-like receptor signaling pathway - Homo sapiens (human),PIK3R1,PIK3R1,,Homo sapiens
5295,PIK3R1,9606,kegg,hsa04625,C-type lectin receptor signaling pathway - Homo sapiens (human),PIK3R1,PIK3R1,,Homo sapiens
5295,PIK3R1,9606,kegg,hsa04630,JAK-STAT signaling pathway - Homo sapiens (human),PIK3R1,PIK3R1,,Homo sapiens
5295,PIK3R1,9606,kegg,hsa04650,Natural killer cell mediated cytotoxicity - Homo sapiens (human),PIK3R1,PIK3R1,,Homo sapiens
5295,PIK3R1,9606,kegg,hsa04660,T cell receptor signaling pathway - Homo sapiens (human),PIK3R1,PIK3R1,,Homo sapiens
5295,PIK3R1,9606,kegg,hsa04662,B cell receptor signaling pathway - Homo sapiens (human),PIK3R1,PIK3R1,,Homo sapiens
5295,PIK3R1,9606,kegg,hsa04664,Fc epsilon RI signaling pathway - Homo sapiens (human),PIK3R1,PIK3R1,,Homo sapiens
5295,PIK3R1,9606,kegg,hsa04666,Fc gamma R-mediated phagocytosis - Homo sapiens (human),PIK3R1,PIK3R1,,Homo sapiens
5295,PIK3R1,9606,kegg,hsa04668,TNF signaling pathway - Homo sapiens (human),PIK3R1,PIK3R1,,Homo sapiens
5295,PIK3R1,9606,kegg,hsa04670,Leukocyte transendothelial migration - Homo sapiens (human),PIK3R1,PIK3R1,,Homo sapiens
5295,PIK3R1,9606,kegg,hsa04722,Neurotrophin signaling pathway - Homo sapiens (human),PIK3R1,PIK3R1,,Homo sapiens
5295,PIK3R1,9606,kegg,hsa04725,Cholinergic synapse - Homo sapiens (human),PIK3R1,PIK3R1,,Homo sapiens
5295,PIK3R1,9606,kegg,hsa04750,Inflammatory mediator regulation of TRP channels - Homo sapiens (human),PIK3R1,PIK3R1,,Homo sapiens
5295,PIK3R1,9606,kegg,hsa04810,Regulation of actin cytoskeleton - Homo sapiens (human),PIK3R1,PIK3R1,,Homo sapiens
5295,PIK3R1,9606,kegg,hsa04910,Insulin signaling pathway - Homo sapiens (human),PIK3R1,PIK3R1,,Homo sapiens
5295,PIK3R1,9606,kegg,hsa04914,Progesterone-mediated oocyte maturation - Homo sapiens (human),PIK3R1,PIK3R1,,Homo sapiens
5295,PIK3R1,9606,kegg,hsa04915,Estrogen signaling pathway - Homo sapiens (human),PIK3R1,PIK3R1,,Homo sapiens
5295,PIK3R1,9606,kegg,hsa04917,Prolactin signaling pathway - Homo sapiens (human),PIK3R1,PIK3R1,,Homo sapiens
5295,PIK3R1,9606,kegg,hsa04919,Thyroid hormone signaling pathway - Homo sapiens (human),PIK3R1,PIK3R1,,Homo sapiens
5295,PIK3R1,9606,kegg,hsa04923,Regulation of lipolysis in adipocytes - Homo sapiens (human),PIK3R1,PIK3R1,,Homo sapiens
5295,PIK3R1,9606,kegg,hsa04926,Relaxin signaling pathway - Homo sapiens (human),PIK3R1,PIK3R1,,Homo sapiens
5295,PIK3R1,9606,kegg,hsa04929,GnRH secretion - Homo sapiens (human),PIK3R1,PIK3R1,,Homo sapiens
5295,PIK3R1,9606,kegg,hsa04930,Type II diabetes mellitus - Homo sapiens (human),PIK3R1,PIK3R1,,Homo sapiens
5295,PIK3R1,9606,kegg,hsa04931,Insulin resistance - Homo sapiens (human),PIK3R1,PIK3R1,,Homo sapiens
5295,PIK3R1,9606,kegg,hsa04932,Non-alcoholic fatty liver disease - Homo sapiens (human),PIK3R1,PIK3R1,,Homo sapiens
5295,PIK3R1,9606,kegg,hsa04933,AGE-RAGE signaling pathway in diabetic complications - Homo sapiens (human),PIK3R1,PIK3R1,,Homo sapiens
5295,PIK3R1,9606,kegg,hsa04935,"Growth hormone synthesis, secretion and action - Homo sapiens (human)",PIK3R1,PIK3R1,,Homo sapiens
5295,PIK3R1,9606,kegg,hsa04960,Aldosterone-regulated sodium reabsorption - Homo sapiens (human),PIK3R1,PIK3R1,,Homo sapiens
5295,PIK3R1,9606,kegg,hsa04973,Carbohydrate digestion and absorption - Homo sapiens (human),PIK3R1,PIK3R1,,Homo sapiens
5295,PIK3R1,9606,kegg,hsa05010,Alzheimer disease - Homo sapiens (human),PIK3R1,PIK3R1,,Homo sapiens
5295,PIK3R1,9606,kegg,hsa05017,Spinocerebellar ataxia - Homo sapiens (human),PIK3R1,PIK3R1,,Homo sapiens
5295,PIK3R1,9606,kegg,hsa05020,Prion disease - Homo sapiens (human),PIK3R1,PIK3R1,,Homo sapiens
5295,PIK3R1,9606,kegg,hsa05100,Bacterial invasion of epithelial cells - Homo sapiens (human),PIK3R1,PIK3R1,,Homo sapiens
5295,PIK3R1,9606,kegg,hsa05131,Shigellosis - Homo sapiens (human),PIK3R1,PIK3R1,,Homo sapiens
5295,PIK3R1,9606,kegg,hsa05135,Yersinia infection - Homo sapiens (human),PIK3R1,PIK3R1,,Homo sapiens
5295,PIK3R1,9606,kegg,hsa05142,Chagas disease - Homo sapiens (human),PIK3R1,PIK3R1,,Homo sapiens
5295,PIK3R1,9606,kegg,hsa05146,Amoebiasis - Homo sapiens (human),PIK3R1,PIK3R1,,Homo sapiens
5295,PIK3R1,9606,kegg,hsa05160,Hepatitis C - Homo sapiens (human),PIK3R1,PIK3R1,,Homo sapiens
5295,PIK3R1,9606,kegg,hsa05161,Hepatitis B - Homo sapiens (human),PIK3R1,PIK3R1,,Homo sapiens
5295,PIK3R1,9606,kegg,hsa05162,Measles - Homo sapiens (human),PIK3R1,PIK3R1,,Homo sapiens
5295,PIK3R1,9606,kegg,hsa05163,Human cytomegalovirus infection - Homo sapiens (human),PIK3R1,PIK3R1,,Homo sapiens
5295,PIK3R1,9606,kegg,hsa05164,Influenza A - Homo sapiens (human),PIK3R1,PIK3R1,,Homo sapiens
5295,PIK3R1,9606,kegg,hsa05165,Human papillomavirus infection - Homo sapiens (human),PIK3R1,PIK3R1,,Homo sapiens
5295,PIK3R1,9606,kegg,hsa05166,Human T-cell leukemia virus 1 infection - Homo sapiens (human),PIK3R1,PIK3R1,,Homo sapiens
5295,PIK3R1,9606,kegg,hsa05167,Kaposi sarcoma-associated herpesvirus infection - Homo sapiens (human),PIK3R1,PIK3R1,,Homo sapiens
5295,PIK3R1,9606,kegg,hsa05168,Herpes simplex virus 1 infection - Homo sapiens (human),PIK3R1,PIK3R1,,Homo sapiens
5295,PIK3R1,9606,kegg,hsa05169,Epstein-Barr virus infection - Homo sapiens (human),PIK3R1,PIK3R1,,Homo sapiens
5295,PIK3R1,9606,kegg,hsa05170,Human immunodeficiency virus 1 infection - Homo sapiens (human),PIK3R1,PIK3R1,,Homo sapiens
5295,PIK3R1,9606,kegg,hsa05171,Coronavirus disease - COVID-19 - Homo sapiens (human),PIK3R1,PIK3R1,,Homo sapiens
5295,PIK3R1,9606,kegg,hsa05200,Pathways in cancer - Homo sapiens (human),PIK3R1,PIK3R1,,Homo sapiens
5295,PIK3R1,9606,kegg,hsa05203,Viral carcinogenesis - Homo sapiens (human),PIK3R1,PIK3R1,,Homo sapiens
5295,PIK3R1,9606,kegg,hsa05205,Proteoglycans in cancer - Homo sapiens (human),PIK3R1,PIK3R1,,Homo sapiens
5295,PIK3R1,9606,kegg,hsa05206,MicroRNAs in cancer - Homo sapiens (human),PIK3R1,PIK3R1,,Homo sapiens
5295,PIK3R1,9606,kegg,hsa05210,Colorectal cancer - Homo sapiens (human),PIK3R1,PIK3R1,,Homo sapiens
5295,PIK3R1,9606,kegg,hsa05211,Renal cell carcinoma - Homo sapiens (human),PIK3R1,PIK3R1,,Homo sapiens
5295,PIK3R1,9606,kegg,hsa05212,Pancreatic cancer - Homo sapiens (human),PIK3R1,PIK3R1,,Homo sapiens
5295,PIK3R1,9606,kegg,hsa05213,Endometrial cancer - Homo sapiens (human),PIK3R1,PIK3R1,,Homo sapiens
5295,PIK3R1,9606,kegg,hsa05214,Glioma - Homo sapiens (human),PIK3R1,PIK3R1,,Homo sapiens
5295,PIK3R1,9606,kegg,hsa05215,Prostate cancer - Homo sapiens (human),PIK3R1,PIK3R1,,Homo sapiens
5295,PIK3R1,9606,kegg,hsa05218,Melanoma - Homo sapiens (human),PIK3R1,PIK3R1,,Homo sapiens
5295,PIK3R1,9606,kegg,hsa05220,Chronic myeloid leukemia - Homo sapiens (human),PIK3R1,PIK3R1,,Homo sapiens
5295,PIK3R1,9606,kegg,hsa05221,Acute myeloid leukemia - Homo sapiens (human),PIK3R1,PIK3R1,,Homo sapiens
5295,PIK3R1,9606,kegg,hsa05222,Small cell lung cancer - Homo sapiens (human),PIK3R1,PIK3R1,,Homo sapiens
5295,PIK3R1,9606,kegg,hsa05223,Non-small cell lung cancer - Homo sapiens (human),PIK3R1,PIK3R1,,Homo sapiens
5295,PIK3R1,9606,kegg,hsa05224,Breast cancer - Homo sapiens (human),PIK3R1,PIK3R1,,Homo sapiens
5295,PIK3R1,9606,kegg,hsa05225,Hepatocellular carcinoma - Homo sapiens (human),PIK3R1,PIK3R1,,Homo sapiens
5295,PIK3R1,9606,kegg,hsa05226,Gastric cancer - Homo sapiens (human),PIK3R1,PIK3R1,,Homo sapiens
5295,PIK3R1,9606,kegg,hsa05230,Central carbon metabolism in cancer - Homo sapiens (human),PIK3R1,PIK3R1,,Homo sapiens
5295,PIK3R1,9606,kegg,hsa05231,Choline metabolism in cancer - Homo sapiens (human),PIK3R1,PIK3R1,,Homo sapiens
5295,PIK3R1,9606,kegg,hsa05235,PD-L1 expression and PD-1 checkpoint pathway in cancer - Homo sapiens (human),PIK3R1,PIK3R1,,Homo sapiens
5295,PIK3R1,9606,kegg,hsa05415,Diabetic cardiomyopathy - Homo sapiens (human),PIK3R1,PIK3R1,,Homo sapiens
5295,PIK3R1,9606,kegg,hsa05417,Lipid and atherosclerosis - Homo sapiens (human),PIK3R1,PIK3R1,,Homo sapiens
5295,PIK3R1,9606,kegg,hsa05418,Fluid shear stress and atherosclerosis - Homo sapiens (human),PIK3R1,PIK3R1,,Homo sapiens
5295,PIK3R1,9606,netpath,Pathway_Alpha6Beta4Integrin,Alpha6Beta4Integrin,PIK3R1,PIK3R1,,Homo sapiens
5295,PIK3R1,9606,netpath,Pathway_AndrogenReceptor,AndrogenReceptor,PIK3R1,PIK3R1,,Homo sapiens
5295,PIK3R1,9606,netpath,Pathway_BCR,BCR,PIK3R1,PIK3R1,,Homo sapiens
5295,PIK3R1,9606,netpath,Pathway_EGFR1,EGFR1,PIK3R1,PIK3R1,,Homo sapiens
5295,PIK3R1,9606,netpath,Pathway_Gastrin,Gastrin,PIK3R1,PIK3R1,,Homo sapiens
5295,PIK3R1,9606,netpath,Pathway_Ghrelin,Ghrelin,PIK3R1,PIK3R1,,Homo sapiens
5295,PIK3R1,9606,netpath,Pathway_IL-7,IL-7,PIK3R1,PIK3R1,,Homo sapiens
5295,PIK3R1,9606,netpath,Pathway_IL1,IL1,PIK3R1,PIK3R1,,Homo sapiens
5295,PIK3R1,9606,netpath,Pathway_IL11,IL11,PIK3R1,PIK3R1,,Homo sapiens
5295,PIK3R1,9606,netpath,Pathway_IL2,IL2,PIK3R1,PIK3R1,,Homo sapiens
5295,PIK3R1,9606,netpath,Pathway_IL3,IL3,PIK3R1,PIK3R1,,Homo sapiens
5295,PIK3R1,9606,netpath,Pathway_IL4,IL4,PIK3R1,PIK3R1,,Homo sapiens
5295,PIK3R1,9606,netpath,Pathway_IL6,IL6,PIK3R1,PIK3R1,,Homo sapiens
5295,PIK3R1,9606,netpath,Pathway_KitReceptor,KitReceptor,PIK3R1,PIK3R1,,Homo sapiens
5295,PIK3R1,9606,netpath,Pathway_Leptin,Leptin,PIK3R1,PIK3R1,,Homo sapiens
5295,PIK3R1,9606,netpath,Pathway_Notch,Notch,PIK3R1,PIK3R1,,Homo sapiens
5295,PIK3R1,9606,netpath,Pathway_Oncostatin_M,Oncostatin_M,PIK3R1,PIK3R1,,Homo sapiens
5295,PIK3R1,9606,netpath,Pathway_TCR,TCR,PIK3R1,PIK3R1,,Homo sapiens
5295,PIK3R1,9606,netpath,Pathway_TGF_beta_Receptor,TGF_beta_Receptor,PIK3R1,PIK3R1,,Homo sapiens
5295,PIK3R1,9606,netpath,Pathway_TNFalpha,TNFalpha,PIK3R1,PIK3R1,,Homo sapiens
5295,PIK3R1,9606,pid,a6b1_a6b4_integrin_pathway,a6b1 and a6b4 Integrin signaling,PIK3R1,PIK3R1,,Homo sapiens
5295,PIK3R1,9606,pid,angiopoietinreceptor_pathway,Angiopoietin receptor Tie2-mediated signaling,PIK3R1,PIK3R1,,Homo sapiens
5295,PIK3R1,9606,pid,ar_nongenomic_pathway,Nongenotropic Androgen signaling,PIK3R1,PIK3R1,,Homo sapiens
5295,PIK3R1,9606,pid,avb3_integrin_pathway,Integrins in angiogenesis,PIK3R1,PIK3R1,,Homo sapiens
5295,PIK3R1,9606,pid,avb3_opn_pathway,Osteopontin-mediated events,PIK3R1,PIK3R1,,Homo sapiens
5295,PIK3R1,9606,pid,bcr_5pathway,BCR signaling pathway,PIK3R1,PIK3R1,,Homo sapiens
5295,PIK3R1,9606,pid,cd40_pathway,CD40/CD40L signaling,PIK3R1,PIK3R1,,Homo sapiens
5295,PIK3R1,9606,pid,cdc42_pathway,CDC42 signaling events,PIK3R1,PIK3R1,,Homo sapiens
5295,PIK3R1,9606,pid,cxcr3pathway,CXCR3-mediated signaling events,PIK3R1,PIK3R1,,Homo sapiens
5295,PIK3R1,9606,pid,cxcr4_pathway,CXCR4-mediated signaling events,PIK3R1,PIK3R1,,Homo sapiens
5295,PIK3R1,9606,pid,ecadherin_keratinocyte_pathway,E-cadherin signaling in keratinocytes,PIK3R1,PIK3R1,,Homo sapiens
5295,PIK3R1,9606,pid,ecadherin_nascentaj_pathway,E-cadherin signaling in the nascent adherens junction,PIK3R1,PIK3R1,,Homo sapiens
5295,PIK3R1,9606,pid,epha2_fwdpathway,EPHA2 forward signaling,PIK3R1,PIK3R1,,Homo sapiens
5295,PIK3R1,9606,pid,ephbfwdpathway,EPHB forward signaling,PIK3R1,PIK3R1,,Homo sapiens
5295,PIK3R1,9606,pid,ephrinbrevpathway,Ephrin B reverse signaling,PIK3R1,PIK3R1,,Homo sapiens
5295,PIK3R1,9606,pid,epopathway,EPO signaling pathway,PIK3R1,PIK3R1,,Homo sapiens
5295,PIK3R1,9606,pid,er_nongenomic_pathway,Plasma membrane estrogen receptor signaling,PIK3R1,PIK3R1,,Homo sapiens
5295,PIK3R1,9606,pid,erbb1_downstream_pathway,ErbB1 downstream signaling,PIK3R1,PIK3R1,,Homo sapiens
5295,PIK3R1,9606,pid,erbb1_internalization_pathway,Internalization of ErbB1,PIK3R1,PIK3R1,,Homo sapiens
5295,PIK3R1,9606,pid,erbb2erbb3pathway,ErbB2/ErbB3 signaling events,PIK3R1,PIK3R1,,Homo sapiens
5295,PIK3R1,9606,pid,erbb4_pathway,ErbB4 signaling events,PIK3R1,PIK3R1,,Homo sapiens
5295,PIK3R1,9606,pid,fak_pathway,Signaling events mediated by focal adhesion kinase,PIK3R1,PIK3R1,,Homo sapiens
5295,PIK3R1,9606,pid,faspathway,FAS (CD95) signaling pathway,PIK3R1,PIK3R1,,Homo sapiens
5295,PIK3R1,9606,pid,fcer1pathway,Fc-epsilon receptor I signaling in mast cells,PIK3R1,PIK3R1,,Homo sapiens
5295,PIK3R1,9606,pid,fgf_pathway,FGF signaling pathway,PIK3R1,PIK3R1,,Homo sapiens
5295,PIK3R1,9606,pid,gmcsf_pathway,GMCSF-mediated signaling events,PIK3R1,PIK3R1,,Homo sapiens
5295,PIK3R1,9606,pid,hedgehog_2pathway,Signaling events mediated by the Hedgehog family,PIK3R1,PIK3R1,,Homo sapiens
5295,PIK3R1,9606,pid,ifngpathway,IFN-gamma pathway,PIK3R1,PIK3R1,,Homo sapiens
5295,PIK3R1,9606,pid,igf1_pathway,IGF1 pathway,PIK3R1,PIK3R1,,Homo sapiens
5295,PIK3R1,9606,pid,il1pathway,IL1-mediated signaling events,PIK3R1,PIK3R1,,Homo sapiens
5295,PIK3R1,9606,pid,il23pathway,IL23-mediated signaling events,PIK3R1,PIK3R1,,Homo sapiens
5295,PIK3R1,9606,pid,il2_1pathway,IL2-mediated signaling events,PIK3R1,PIK3R1,,Homo sapiens
5295,PIK3R1,9606,pid,il2_pi3kpathway,IL2 signaling events mediated by PI3K,PIK3R1,PIK3R1,,Homo sapiens
5295,PIK3R1,9606,pid,il2_stat5pathway,IL2 signaling events mediated by STAT5,PIK3R1,PIK3R1,,Homo sapiens
5295,PIK3R1,9606,pid,il3_pathway,IL3-mediated signaling events,PIK3R1,PIK3R1,,Homo sapiens
5295,PIK3R1,9606,pid,il4_2pathway,IL4-mediated signaling events,PIK3R1,PIK3R1,,Homo sapiens
5295,PIK3R1,9606,pid,il5_pathway,IL5-mediated signaling events,PIK3R1,PIK3R1,,Homo sapiens
5295,PIK3R1,9606,pid,il6_7pathway,IL6-mediated signaling events,PIK3R1,PIK3R1,,Homo sapiens
5295,PIK3R1,9606,pid,insulin_pathway,Insulin Pathway,PIK3R1,PIK3R1,,Homo sapiens
5295,PIK3R1,9606,pid,kitpathway,Signaling events mediated by Stem cell factor receptor (c-Kit),PIK3R1,PIK3R1,,Homo sapiens
5295,PIK3R1,9606,pid,lymphangiogenesis_pathway,VEGFR3 signaling in lymphatic endothelium,PIK3R1,PIK3R1,,Homo sapiens
5295,PIK3R1,9606,pid,lysophospholipid_pathway,LPA receptor mediated events,PIK3R1,PIK3R1,,Homo sapiens
5295,PIK3R1,9606,pid,met_pathway,Signaling events mediated by Hepatocyte Growth Factor Receptor (c-Met),PIK3R1,PIK3R1,,Homo sapiens
5295,PIK3R1,9606,pid,ncadherinpathway,N-cadherin signaling events,PIK3R1,PIK3R1,,Homo sapiens
5295,PIK3R1,9606,pid,nectin_pathway,Nectin adhesion pathway,PIK3R1,PIK3R1,,Homo sapiens
5295,PIK3R1,9606,pid,nephrin_neph1_pathway,Nephrin/Neph1 signaling in the kidney podocyte,PIK3R1,PIK3R1,,Homo sapiens
5295,PIK3R1,9606,pid,netrin_pathway,Netrin-mediated signaling events,PIK3R1,PIK3R1,,Homo sapiens
5295,PIK3R1,9606,pid,nfkappabatypicalpathway,Atypical NF-kappaB pathway,PIK3R1,PIK3R1,,Homo sapiens
5295,PIK3R1,9606,pid,p75ntrpathway,p75(NTR)-mediated signaling,PIK3R1,PIK3R1,,Homo sapiens
5295,PIK3R1,9606,pid,pdgfrapathway,PDGFR-alpha signaling pathway,PIK3R1,PIK3R1,,Homo sapiens
5295,PIK3R1,9606,pid,pdgfrbpathway,PDGFR-beta signaling pathway,PIK3R1,PIK3R1,,Homo sapiens
5295,PIK3R1,9606,pid,pi3kcipathway,Class I PI3K signaling events,PIK3R1,PIK3R1,,Homo sapiens
5295,PIK3R1,9606,pid,pi3kplctrkpathway,Trk receptor signaling mediated by PI3K and PLC-gamma,PIK3R1,PIK3R1,,Homo sapiens
5295,PIK3R1,9606,pid,ptp1bpathway,Signaling events mediated by PTP1B,PIK3R1,PIK3R1,,Homo sapiens
5295,PIK3R1,9606,pid,reelinpathway,Reelin signaling pathway,PIK3R1,PIK3R1,,Homo sapiens
5295,PIK3R1,9606,pid,ret_pathway,Signaling events regulated by Ret tyrosine kinase,PIK3R1,PIK3R1,,Homo sapiens
5295,PIK3R1,9606,pid,s1p_s1p2_pathway,S1P2 pathway,PIK3R1,PIK3R1,,Homo sapiens
5295,PIK3R1,9606,pid,shp2_pathway,SHP2 signaling,PIK3R1,PIK3R1,,Homo sapiens
5295,PIK3R1,9606,pid,tcptp_pathway,Signaling events mediated by TCPTP,PIK3R1,PIK3R1,,Homo sapiens
5295,PIK3R1,9606,pid,thrombin_par1_pathway,PAR1-mediated thrombin signaling events,PIK3R1,PIK3R1,,Homo sapiens
5295,PIK3R1,9606,pid,trail_pathway,TRAIL signaling pathway,PIK3R1,PIK3R1,,Homo sapiens
5295,PIK3R1,9606,pid,trkrpathway,Neurotrophic factor-mediated Trk receptor signaling,PIK3R1,PIK3R1,,Homo sapiens
5295,PIK3R1,9606,pid,vegfr1_2_pathway,Signaling events mediated by VEGFR1 and VEGFR2,PIK3R1,PIK3R1,,Homo sapiens
5295,PIK3R1,9606,pid,vegfr1_pathway,VEGFR1 specific signals,PIK3R1,PIK3R1,,Homo sapiens
5295,PIK3R1,9606,smpdb,SMP00358,Fc Epsilon Receptor I Signaling in Mast Cells,PIK3R1,PIK3R1,,Homo sapiens
5295,PIK3R1,9606,smpdb,SMP00463,Phosphatidylinositol Phosphate Metabolism,PIK3R1,PIK3R1,,Homo sapiens
5295,PIK3R1,9606,smpdb,SMP00582,Joubert syndrome,PIK3R1,PIK3R1,,Homo sapiens
5295,PIK3R1,9606,wikipathways,WP127,IL-5 signaling pathway,PIK3R1,PIK3R1,,Homo sapiens
5295,PIK3R1,9606,wikipathways,WP138,Androgen receptor signaling pathway,PIK3R1,PIK3R1,,Homo sapiens
5295,PIK3R1,9606,wikipathways,WP1403,AMP-activated protein kinase (AMPK) signaling,PIK3R1,PIK3R1,,Homo sapiens
5295,PIK3R1,9606,wikipathways,WP1449,Regulation of toll-like receptor signaling pathway,PIK3R1,PIK3R1,,Homo sapiens
5295,PIK3R1,9606,wikipathways,WP1544,MicroRNAs in cardiomyocyte hypertrophy,PIK3R1,PIK3R1,,Homo sapiens
5295,PIK3R1,9606,wikipathways,WP195,IL-1 signaling pathway,PIK3R1,PIK3R1,,Homo sapiens
5295,PIK3R1,9606,wikipathways,WP2018,RANKL-RANK signaling pathway,PIK3R1,PIK3R1,,Homo sapiens
5295,PIK3R1,9606,wikipathways,WP2032,Thyroid stimulating hormone (TSH) signaling pathway,PIK3R1,PIK3R1,,Homo sapiens
5295,PIK3R1,9606,wikipathways,WP2034,Leptin signaling pathway,PIK3R1,PIK3R1,,Homo sapiens
5295,PIK3R1,9606,wikipathways,WP2037,Prolactin Signaling Pathway,PIK3R1,PIK3R1,,Homo sapiens
5295,PIK3R1,9606,wikipathways,WP205,IL-7 signaling pathway,PIK3R1,PIK3R1,,Homo sapiens
5295,PIK3R1,9606,wikipathways,WP22,IL-9 signaling pathway,PIK3R1,PIK3R1,,Homo sapiens
5295,PIK3R1,9606,wikipathways,WP2261,Glioblastoma signaling pathways,PIK3R1,PIK3R1,,Homo sapiens
5295,PIK3R1,9606,wikipathways,WP23,B Cell Receptor Signaling Pathway,PIK3R1,PIK3R1,,Homo sapiens
5295,PIK3R1,9606,wikipathways,WP2332,Interleukin-11 Signaling Pathway,PIK3R1,PIK3R1,,Homo sapiens
5295,PIK3R1,9606,wikipathways,WP2374,Oncostatin M Signaling Pathway,PIK3R1,PIK3R1,,Homo sapiens
5295,PIK3R1,9606,wikipathways,WP2380,Brain-derived neurotrophic factor (BDNF) signaling pathway,PIK3R1,PIK3R1,,Homo sapiens
5295,PIK3R1,9606,wikipathways,WP244,Alpha 6 Beta 4 signaling pathway,PIK3R1,PIK3R1,,Homo sapiens
5295,PIK3R1,9606,wikipathways,WP254,Apoptosis,PIK3R1,PIK3R1,,Homo sapiens
5295,PIK3R1,9606,wikipathways,WP2828,Bladder cancer,PIK3R1,PIK3R1,,Homo sapiens
5295,PIK3R1,9606,wikipathways,WP286,IL-3 signaling pathway,PIK3R1,PIK3R1,,Homo sapiens
5295,PIK3R1,9606,wikipathways,WP304,Kit receptor signaling pathway,PIK3R1,PIK3R1,,Homo sapiens
5295,PIK3R1,9606,wikipathways,WP306,Focal Adhesion,PIK3R1,PIK3R1,,Homo sapiens
5295,PIK3R1,9606,wikipathways,WP3303,RAC1-PAK1-p38-MMP2 Pathway,PIK3R1,PIK3R1,,Homo sapiens
5295,PIK3R1,9606,wikipathways,WP364,IL-6 signaling pathway,PIK3R1,PIK3R1,,Homo sapiens
5295,PIK3R1,9606,wikipathways,WP366,TGF-beta Signaling Pathway,PIK3R1,PIK3R1,,Homo sapiens
5295,PIK3R1,9606,wikipathways,WP3844,PI3K-AKT-mTOR signaling pathway and therapeutic opportunities,PIK3R1,PIK3R1,,Homo sapiens
5295,PIK3R1,9606,wikipathways,WP3888,VEGFA-VEGFR2 Signaling Pathway,PIK3R1,PIK3R1,,Homo sapiens
5295,PIK3R1,9606,wikipathways,WP3915,Angiopoietin Like Protein 8 Regulatory Pathway,PIK3R1,PIK3R1,,Homo sapiens
5295,PIK3R1,9606,wikipathways,WP3929,Chemokine signaling pathway,PIK3R1,PIK3R1,,Homo sapiens
5295,PIK3R1,9606,wikipathways,WP3932,Focal Adhesion-PI3K-Akt-mTOR-signaling pathway,PIK3R1,PIK3R1,,Homo sapiens
5295,PIK3R1,9606,wikipathways,WP3937,Microglia Pathogen Phagocytosis Pathway,PIK3R1,PIK3R1,,Homo sapiens
5295,PIK3R1,9606,wikipathways,WP395,IL-4 signaling pathway,PIK3R1,PIK3R1,,Homo sapiens
5295,PIK3R1,9606,wikipathways,WP4155,Endometrial cancer,PIK3R1,PIK3R1,,Homo sapiens
5295,PIK3R1,9606,wikipathways,WP4172,PI3K-Akt signaling pathway,PIK3R1,PIK3R1,,Homo sapiens
5295,PIK3R1,9606,wikipathways,WP4217,Ebola Virus Pathway on Host,PIK3R1,PIK3R1,,Homo sapiens
5295,PIK3R1,9606,wikipathways,WP4223,Ras signaling,PIK3R1,PIK3R1,,Homo sapiens
5295,PIK3R1,9606,wikipathways,WP4239,Epithelial to mesenchymal transition in colorectal cancer,PIK3R1,PIK3R1,,Homo sapiens
5295,PIK3R1,9606,wikipathways,WP4255,Non-small cell lung cancer,PIK3R1,PIK3R1,,Homo sapiens
5295,PIK3R1,9606,wikipathways,WP4262,Breast cancer pathway,PIK3R1,PIK3R1,,Homo sapiens
5295,PIK3R1,9606,wikipathways,WP4263,Pancreatic adenocarcinoma pathway,PIK3R1,PIK3R1,,Homo sapiens
5295,PIK3R1,9606,wikipathways,WP4298,Acute viral myocarditis,PIK3R1,PIK3R1,,Homo sapiens
5295,PIK3R1,9606,wikipathways,WP437,EGF-EGFR signaling pathway,PIK3R1,PIK3R1,,Homo sapiens
5295,PIK3R1,9606,wikipathways,WP4396,Nonalcoholic fatty liver disease,PIK3R1,PIK3R1,,Homo sapiens
5295,PIK3R1,9606,wikipathways,WP4539,Synaptic signaling pathways associated with autism spectrum disorder,PIK3R1,PIK3R1,,Homo sapiens
5295,PIK3R1,9606,wikipathways,WP4558,Overview of interferons-mediated signaling pathway,PIK3R1,PIK3R1,,Homo sapiens
5295,PIK3R1,9606,wikipathways,WP4566,Translation inhibitors in chronically activated PDGFRA cells,PIK3R1,PIK3R1,,Homo sapiens
5295,PIK3R1,9606,wikipathways,WP4582,Cancer immunotherapy by CTLA4 blockade,PIK3R1,PIK3R1,,Homo sapiens
5295,PIK3R1,9606,wikipathways,WP4658,Small cell lung cancer,PIK3R1,PIK3R1,,Homo sapiens
5295,PIK3R1,9606,wikipathways,WP4659,Gastrin signaling pathway,PIK3R1,PIK3R1,,Homo sapiens
5295,PIK3R1,9606,wikipathways,WP4666,Hepatitis B infection,PIK3R1,PIK3R1,,Homo sapiens
5295,PIK3R1,9606,wikipathways,WP4674,Head and Neck Squamous Cell Carcinoma,PIK3R1,PIK3R1,,Homo sapiens
5295,PIK3R1,9606,wikipathways,WP4685,Melanoma,PIK3R1,PIK3R1,,Homo sapiens
5295,PIK3R1,9606,wikipathways,WP4754,IL-18 signaling pathway,PIK3R1,PIK3R1,,Homo sapiens
5295,PIK3R1,9606,wikipathways,WP4787,Osteoblast differentiation,PIK3R1,PIK3R1,,Homo sapiens
5295,PIK3R1,9606,wikipathways,WP4806,EGFR Tyrosine Kinase Inhibitor Resistance,PIK3R1,PIK3R1,,Homo sapiens
5295,PIK3R1,9606,wikipathways,WP481,Insulin Signaling,PIK3R1,PIK3R1,,Homo sapiens
5295,PIK3R1,9606,wikipathways,WP4829,mBDNF and proBDNF regulation of GABA neurotransmission,PIK3R1,PIK3R1,,Homo sapiens
5295,PIK3R1,9606,wikipathways,WP49,IL-2 signaling pathway,PIK3R1,PIK3R1,,Homo sapiens
5295,PIK3R1,9606,wikipathways,WP5072,Modulators of TCR signaling and T cell activation,PIK3R1,PIK3R1,,Homo sapiens
5295,PIK3R1,9606,wikipathways,WP51,Regulation of Actin Cytoskeleton,PIK3R1,PIK3R1,,Homo sapiens
5295,PIK3R1,9606,wikipathways,WP585,Interferon type I signaling pathways,PIK3R1,PIK3R1,,Homo sapiens
5295,PIK3R1,9606,wikipathways,WP61,Notch Signaling Pathway Netpath,PIK3R1,PIK3R1,,Homo sapiens
5295,PIK3R1,9606,wikipathways,WP673,ErbB signaling pathway,PIK3R1,PIK3R1,,Homo sapiens
5295,PIK3R1,9606,wikipathways,WP69,T-cell receptor (TCR) signaling pathway,PIK3R1,PIK3R1,,Homo sapiens
5295,PIK3R1,9606,wikipathways,WP710,DNA damage response (only ATM dependent),PIK3R1,PIK3R1,,Homo sapiens
5295,PIK3R1,9606,wikipathways,WP75,Toll-like Receptor Signaling Pathway,PIK3R1,PIK3R1,,Homo sapiens
56262,LRRC8A,9606,wikipathways,WP2880,Glucocorticoid Receptor Pathway,LRRC8A,LRRC8A,,Homo sapiens
56262,LRRC8A,9606,wikipathways,WP2882,Nuclear Receptors Meta-Pathway,LRRC8A,LRRC8A,,Homo sapiens
2717,GLA,9606,kegg,hsa00052,Galactose metabolism - Homo sapiens (human),GLA,GLA,,Homo sapiens
2717,GLA,9606,kegg,hsa00561,Glycerolipid metabolism - Homo sapiens (human),GLA,GLA,,Homo sapiens
2717,GLA,9606,kegg,hsa00600,Sphingolipid metabolism - Homo sapiens (human),GLA,GLA,,Homo sapiens
2717,GLA,9606,kegg,hsa00603,Glycosphingolipid biosynthesis - globo and isoglobo series - Homo sapiens (human),GLA,GLA,,Homo sapiens
2717,GLA,9606,kegg,hsa04142,Lysosome - Homo sapiens (human),GLA,GLA,,Homo sapiens
2717,GLA,9606,smpdb,SMP00034,Sphingolipid Metabolism,GLA,GLA,,Homo sapiens
2717,GLA,9606,smpdb,SMP00043,Galactose Metabolism,GLA,GLA,,Homo sapiens
2717,GLA,9606,smpdb,SMP00182,Galactosemia,GLA,GLA,,Homo sapiens
2717,GLA,9606,smpdb,SMP00347,Metachromatic Leukodystrophy (MLD),GLA,GLA,,Homo sapiens
2717,GLA,9606,smpdb,SMP00348,Globoid Cell Leukodystrophy,GLA,GLA,,Homo sapiens
2717,GLA,9606,smpdb,SMP00349,Gaucher Disease,GLA,GLA,,Homo sapiens
2717,GLA,9606,smpdb,SMP00525,Fabry disease,GLA,GLA,,Homo sapiens
2717,GLA,9606,smpdb,SMP00526,Krabbe disease,GLA,GLA,,Homo sapiens
2717,GLA,9606,wikipathways,WP4153,"Degradation pathway of sphingolipids, including diseases",GLA,GLA,,Homo sapiens
2717,GLA,9606,wikipathways,WP4352,Ciliary landscape,GLA,GLA,,Homo sapiens
22353,Vip,10090,kegg,mmu04024,cAMP signaling pathway - Mus musculus (mouse),VIP,Vip,,Mus musculus
22353,Vip,10090,kegg,mmu04080,Neuroactive ligand-receptor interaction - Mus musculus (mouse),VIP,Vip,,Mus musculus
17395,Mmp9,10090,kegg,mmu04657,IL-17 signaling pathway - Mus musculus (mouse),MMP9,Mmp9,,Mus musculus
17395,Mmp9,10090,kegg,mmu04668,TNF signaling pathway - Mus musculus (mouse),MMP9,Mmp9,,Mus musculus
17395,Mmp9,10090,kegg,mmu04670,Leukocyte transendothelial migration - Mus musculus (mouse),MMP9,Mmp9,,Mus musculus
17395,Mmp9,10090,kegg,mmu04915,Estrogen signaling pathway - Mus musculus (mouse),MMP9,Mmp9,,Mus musculus
17395,Mmp9,10090,kegg,mmu04926,Relaxin signaling pathway - Mus musculus (mouse),MMP9,Mmp9,,Mus musculus
17395,Mmp9,10090,kegg,mmu05161,Hepatitis B - Mus musculus (mouse),MMP9,Mmp9,,Mus musculus
17395,Mmp9,10090,kegg,mmu05200,Pathways in cancer - Mus musculus (mouse),MMP9,Mmp9,,Mus musculus
17395,Mmp9,10090,kegg,mmu05202,Transcriptional misregulation in cancer - Mus musculus (mouse),MMP9,Mmp9,,Mus musculus
17395,Mmp9,10090,kegg,mmu05205,Proteoglycans in cancer - Mus musculus (mouse),MMP9,Mmp9,,Mus musculus
17395,Mmp9,10090,kegg,mmu05206,MicroRNAs in cancer - Mus musculus (mouse),MMP9,Mmp9,,Mus musculus
17395,Mmp9,10090,kegg,mmu05215,Prostate cancer - Mus musculus (mouse),MMP9,Mmp9,,Mus musculus
17395,Mmp9,10090,kegg,mmu05219,Bladder cancer - Mus musculus (mouse),MMP9,Mmp9,,Mus musculus
17395,Mmp9,10090,kegg,mmu05415,Diabetic cardiomyopathy - Mus musculus (mouse),MMP9,Mmp9,,Mus musculus
17395,Mmp9,10090,kegg,mmu05417,Lipid and atherosclerosis - Mus musculus (mouse),MMP9,Mmp9,,Mus musculus
17395,Mmp9,10090,kegg,mmu05418,Fluid shear stress and atherosclerosis - Mus musculus (mouse),MMP9,Mmp9,,Mus musculus
63888,A4galt,10116,reactome,R-RNO-1430728,Metabolism,A4GALT,A4galt,,Rattus norvegicus
63888,A4galt,10116,reactome,R-RNO-1660662,Glycosphingolipid metabolism,A4GALT,A4galt,,Rattus norvegicus
63888,A4galt,10116,reactome,R-RNO-428157,Sphingolipid metabolism,A4GALT,A4galt,,Rattus norvegicus
63888,A4galt,10116,reactome,R-RNO-556833,Metabolism of lipids,A4GALT,A4galt,,Rattus norvegicus
63888,A4galt,10116,reactome,R-RNO-9840309,Glycosphingolipid biosynthesis,A4GALT,A4galt,,Rattus norvegicus
1812,DRD1,9606,biocarta,ck1pathway,regulation of ck1/cdk5 by type 1 glutamate receptors,DRD1,DRD1,,Homo sapiens
1812,DRD1,9606,kegg,hsa04020,Calcium signaling pathway - Homo sapiens (human),DRD1,DRD1,,Homo sapiens
1812,DRD1,9606,kegg,hsa04024,cAMP signaling pathway - Homo sapiens (human),DRD1,DRD1,,Homo sapiens
1812,DRD1,9606,kegg,hsa04080,Neuroactive ligand-receptor interaction - Homo sapiens (human),DRD1,DRD1,,Homo sapiens
1812,DRD1,9606,kegg,hsa04540,Gap junction - Homo sapiens (human),DRD1,DRD1,,Homo sapiens
1812,DRD1,9606,kegg,hsa04728,Dopaminergic synapse - Homo sapiens (human),DRD1,DRD1,,Homo sapiens
1812,DRD1,9606,kegg,hsa05012,Parkinson disease - Homo sapiens (human),DRD1,DRD1,,Homo sapiens
1812,DRD1,9606,kegg,hsa05030,Cocaine addiction - Homo sapiens (human),DRD1,DRD1,,Homo sapiens
1812,DRD1,9606,kegg,hsa05031,Amphetamine addiction - Homo sapiens (human),DRD1,DRD1,,Homo sapiens
1812,DRD1,9606,kegg,hsa05032,Morphine addiction - Homo sapiens (human),DRD1,DRD1,,Homo sapiens
1812,DRD1,9606,kegg,hsa05034,Alcoholism - Homo sapiens (human),DRD1,DRD1,,Homo sapiens
1812,DRD1,9606,netpath,Pathway_Ghrelin,Ghrelin,DRD1,DRD1,,Homo sapiens
1812,DRD1,9606,smpdb,SMP00308,Dopamine Activation of Neurological Reward System,DRD1,DRD1,,Homo sapiens
1812,DRD1,9606,smpdb,SMP00392,Benzocaine Action Pathway,DRD1,DRD1,,Homo sapiens
1812,DRD1,9606,smpdb,SMP00393,Bupivacaine Action Pathway,DRD1,DRD1,,Homo sapiens
1812,DRD1,9606,smpdb,SMP00394,Chloroprocaine Action Pathway,DRD1,DRD1,,Homo sapiens
1812,DRD1,9606,smpdb,SMP00395,Cocaine Action Pathway,DRD1,DRD1,,Homo sapiens
1812,DRD1,9606,smpdb,SMP00396,Dibucaine Action Pathway,DRD1,DRD1,,Homo sapiens
1812,DRD1,9606,smpdb,SMP00397,Levobupivacaine Action Pathway,DRD1,DRD1,,Homo sapiens
1812,DRD1,9606,smpdb,SMP00398,Lidocaine (Local Anaesthetic) Action Pathway,DRD1,DRD1,,Homo sapiens
1812,DRD1,9606,smpdb,SMP00399,Mepivacaine Action Pathway,DRD1,DRD1,,Homo sapiens
1812,DRD1,9606,smpdb,SMP00400,Oxybuprocaine Action Pathway,DRD1,DRD1,,Homo sapiens
1812,DRD1,9606,smpdb,SMP00401,Prilocaine Action Pathway,DRD1,DRD1,,Homo sapiens
1812,DRD1,9606,smpdb,SMP00402,Procaine Action Pathway,DRD1,DRD1,,Homo sapiens
1812,DRD1,9606,smpdb,SMP00403,Proparacaine Action Pathway,DRD1,DRD1,,Homo sapiens
1812,DRD1,9606,smpdb,SMP00404,Ropivacaine Action Pathway,DRD1,DRD1,,Homo sapiens
1812,DRD1,9606,smpdb,SMP00405,Codeine Action Pathway,DRD1,DRD1,,Homo sapiens
1812,DRD1,9606,smpdb,SMP00406,Morphine Action Pathway,DRD1,DRD1,,Homo sapiens
1812,DRD1,9606,smpdb,SMP00407,Heroin Action Pathway,DRD1,DRD1,,Homo sapiens
1812,DRD1,9606,smpdb,SMP00408,Methadone Action Pathway,DRD1,DRD1,,Homo sapiens
1812,DRD1,9606,smpdb,SMP00409,Oxycodone Action Pathway,DRD1,DRD1,,Homo sapiens
1812,DRD1,9606,smpdb,SMP00410,Hydromorphone Action Pathway,DRD1,DRD1,,Homo sapiens
1812,DRD1,9606,smpdb,SMP00411,Hydrocodone Action Pathway,DRD1,DRD1,,Homo sapiens
1812,DRD1,9606,smpdb,SMP00412,Oxymorphone Action Pathway,DRD1,DRD1,,Homo sapiens
1812,DRD1,9606,smpdb,SMP00413,Alfentanil Action Pathway,DRD1,DRD1,,Homo sapiens
1812,DRD1,9606,smpdb,SMP00414,Carfentanil Action Pathway,DRD1,DRD1,,Homo sapiens
1812,DRD1,9606,smpdb,SMP00415,Fentanyl Action Pathway,DRD1,DRD1,,Homo sapiens
1812,DRD1,9606,smpdb,SMP00416,Remifentanil Action Pathway,DRD1,DRD1,,Homo sapiens
1812,DRD1,9606,smpdb,SMP00417,Sufentanil Action Pathway,DRD1,DRD1,,Homo sapiens
1812,DRD1,9606,smpdb,SMP00422,Imipramine Action Pathway,DRD1,DRD1,,Homo sapiens
1812,DRD1,9606,smpdb,SMP00423,Desipramine Action Pathway,DRD1,DRD1,,Homo sapiens
1812,DRD1,9606,smpdb,SMP00424,Citalopram Action Pathway,DRD1,DRD1,,Homo sapiens
1812,DRD1,9606,smpdb,SMP00425,Escitalopram Action Pathway,DRD1,DRD1,,Homo sapiens
1812,DRD1,9606,smpdb,SMP00426,Fluoxetine Action Pathway,DRD1,DRD1,,Homo sapiens
1812,DRD1,9606,smpdb,SMP00431,Nicotine Action Pathway,DRD1,DRD1,,Homo sapiens
1812,DRD1,9606,smpdb,SMP00671,Tramadol Action Action Pathway,DRD1,DRD1,,Homo sapiens
1812,DRD1,9606,smpdb,SMP00672,Propoxyphene Action Pathway,DRD1,DRD1,,Homo sapiens
1812,DRD1,9606,smpdb,SMP00673,Levorphanol Action Pathway,DRD1,DRD1,,Homo sapiens
1812,DRD1,9606,smpdb,SMP00674,Anileridine Action Pathway,DRD1,DRD1,,Homo sapiens
1812,DRD1,9606,smpdb,SMP00675,Diphenoxylate Action Pathway,DRD1,DRD1,,Homo sapiens
1812,DRD1,9606,smpdb,SMP00676,Dezocine Action Pathway,DRD1,DRD1,,Homo sapiens
1812,DRD1,9606,smpdb,SMP00677,Levomethadyl Acetate Action Action Pathway,DRD1,DRD1,,Homo sapiens
1812,DRD1,9606,smpdb,SMP00678,Methadyl Acetate Action Pathway,DRD1,DRD1,,Homo sapiens
1812,DRD1,9606,smpdb,SMP00679,3-Methylthiofentanyl Action Pathway,DRD1,DRD1,,Homo sapiens
1812,DRD1,9606,smpdb,SMP00680,Dimethylthiambutene Action Pathway,DRD1,DRD1,,Homo sapiens
1812,DRD1,9606,smpdb,SMP00681,Ethylmorphine Action Pathway,DRD1,DRD1,,Homo sapiens
1812,DRD1,9606,smpdb,SMP00683,Levallorphan Action Pathway,DRD1,DRD1,,Homo sapiens
1812,DRD1,9606,smpdb,SMP00684,Buprenorphine Action Pathway,DRD1,DRD1,,Homo sapiens
1812,DRD1,9606,smpdb,SMP00685,Alvimopan Action Pathway,DRD1,DRD1,,Homo sapiens
1812,DRD1,9606,smpdb,SMP00686,Pentazocine Action Pathway,DRD1,DRD1,,Homo sapiens
1812,DRD1,9606,smpdb,SMP00687,Naltrexone Action Pathway,DRD1,DRD1,,Homo sapiens
1812,DRD1,9606,smpdb,SMP00688,Naloxone Action Pathway,DRD1,DRD1,,Homo sapiens
1812,DRD1,9606,smpdb,SMP00689,Dihydromorphine Action Pathway,DRD1,DRD1,,Homo sapiens
1812,DRD1,9606,smpdb,SMP00690,Ketobemidone  Action Pathway,DRD1,DRD1,,Homo sapiens
1812,DRD1,9606,smpdb,SMP00691,Nalbuphine Action Pathway,DRD1,DRD1,,Homo sapiens
1812,DRD1,9606,wikipathways,WP2636,Common Pathways Underlying Drug Addiction,DRD1,DRD1,,Homo sapiens
1812,DRD1,9606,wikipathways,WP4222,Phosphodiesterases in neuronal function,DRD1,DRD1,,Homo sapiens
1812,DRD1,9606,wikipathways,WP455,"GPCRs, Class A Rhodopsin-like",DRD1,DRD1,,Homo sapiens
1812,DRD1,9606,wikipathways,WP58,Monoamine GPCRs,DRD1,DRD1,,Homo sapiens
83785,Vegfa,10116,reactome,R-RNO-109582,Hemostasis,VEGFA,Vegfa,,Rattus norvegicus
83785,Vegfa,10116,reactome,R-RNO-114608,Platelet degranulation ,VEGFA,Vegfa,,Rattus norvegicus
83785,Vegfa,10116,reactome,R-RNO-162582,Signal Transduction,VEGFA,Vegfa,,Rattus norvegicus
83785,Vegfa,10116,reactome,R-RNO-194138,Signaling by VEGF,VEGFA,Vegfa,,Rattus norvegicus
83785,Vegfa,10116,reactome,R-RNO-194313,VEGF ligand-receptor interactions,VEGFA,Vegfa,,Rattus norvegicus
83785,Vegfa,10116,reactome,R-RNO-195399,VEGF binds to VEGFR leading to receptor dimerization,VEGFA,Vegfa,,Rattus norvegicus
83785,Vegfa,10116,reactome,R-RNO-4420097,VEGFA-VEGFR2 Pathway,VEGFA,Vegfa,,Rattus norvegicus
83785,Vegfa,10116,reactome,R-RNO-5218921,VEGFR2 mediated cell proliferation,VEGFA,Vegfa,,Rattus norvegicus
83785,Vegfa,10116,reactome,R-RNO-76002,"Platelet activation, signaling and aggregation",VEGFA,Vegfa,,Rattus norvegicus
83785,Vegfa,10116,reactome,R-RNO-76005,Response to elevated platelet cytosolic Ca2+,VEGFA,Vegfa,,Rattus norvegicus
83785,Vegfa,10116,reactome,R-RNO-9006934,Signaling by Receptor Tyrosine Kinases,VEGFA,Vegfa,,Rattus norvegicus
3805,KIR2DL4,9606,kegg,hsa04218,Cellular senescence - Homo sapiens (human),KIR2DL4,KIR2DL4,,Homo sapiens
3805,KIR2DL4,9606,kegg,hsa04612,Antigen processing and presentation - Homo sapiens (human),KIR2DL4,KIR2DL4,,Homo sapiens
3791,KDR,9606,biocarta,no1pathway,actions of nitric oxide in the heart,KDR,KDR,,Homo sapiens
3791,KDR,9606,biocarta,vegfpathway,vegf hypoxia and angiogenesis,KDR,KDR,,Homo sapiens
3791,KDR,9606,kegg,hsa04010,MAPK signaling pathway - Homo sapiens (human),KDR,KDR,,Homo sapiens
3791,KDR,9606,kegg,hsa04014,Ras signaling pathway - Homo sapiens (human),KDR,KDR,,Homo sapiens
3791,KDR,9606,kegg,hsa04015,Rap1 signaling pathway - Homo sapiens (human),KDR,KDR,,Homo sapiens
3791,KDR,9606,kegg,hsa04020,Calcium signaling pathway - Homo sapiens (human),KDR,KDR,,Homo sapiens
3791,KDR,9606,kegg,hsa04151,PI3K-Akt signaling pathway - Homo sapiens (human),KDR,KDR,,Homo sapiens
3791,KDR,9606,kegg,hsa04370,VEGF signaling pathway - Homo sapiens (human),KDR,KDR,,Homo sapiens
3791,KDR,9606,kegg,hsa04510,Focal adhesion - Homo sapiens (human),KDR,KDR,,Homo sapiens
3791,KDR,9606,kegg,hsa05205,Proteoglycans in cancer - Homo sapiens (human),KDR,KDR,,Homo sapiens
3791,KDR,9606,kegg,hsa05418,Fluid shear stress and atherosclerosis - Homo sapiens (human),KDR,KDR,,Homo sapiens
3791,KDR,9606,pid,avb3_integrin_pathway,Integrins in angiogenesis,KDR,KDR,,Homo sapiens
3791,KDR,9606,pid,hes_heypathway,Notch-mediated HES/HEY network,KDR,KDR,,Homo sapiens
3791,KDR,9606,pid,hif2pathway,HIF-2-alpha transcription factor network,KDR,KDR,,Homo sapiens
3791,KDR,9606,pid,integrin3_pathway,Beta3 integrin cell surface interactions,KDR,KDR,,Homo sapiens
3791,KDR,9606,pid,s1p_s1p1_pathway,S1P1 pathway,KDR,KDR,,Homo sapiens
3791,KDR,9606,pid,shp2_pathway,SHP2 signaling,KDR,KDR,,Homo sapiens
3791,KDR,9606,pid,tcptp_pathway,Signaling events mediated by TCPTP,KDR,KDR,,Homo sapiens
3791,KDR,9606,pid,vegf_vegfr_pathway,VEGF and VEGFR signaling network,KDR,KDR,,Homo sapiens
3791,KDR,9606,pid,vegfr1_2_pathway,Signaling events mediated by VEGFR1 and VEGFR2,KDR,KDR,,Homo sapiens
3791,KDR,9606,smpdb,SMP00420,Bevacizumab Action Pathway,KDR,KDR,,Homo sapiens
3791,KDR,9606,smpdb,SMP00421,Vatalanib Action Pathway,KDR,KDR,,Homo sapiens
3791,KDR,9606,wikipathways,WP1539,Angiogenesis,KDR,KDR,,Homo sapiens
3791,KDR,9606,wikipathways,WP2406,Cardiac Progenitor Differentiation,KDR,KDR,,Homo sapiens
3791,KDR,9606,wikipathways,WP306,Focal Adhesion,KDR,KDR,,Homo sapiens
3791,KDR,9606,wikipathways,WP3888,VEGFA-VEGFR2 Signaling Pathway,KDR,KDR,,Homo sapiens
3791,KDR,9606,wikipathways,WP3932,Focal Adhesion-PI3K-Akt-mTOR-signaling pathway,KDR,KDR,,Homo sapiens
3791,KDR,9606,wikipathways,WP3943,Robo4 and VEGF Signaling Pathways Crosstalk,KDR,KDR,,Homo sapiens
3791,KDR,9606,wikipathways,WP4018,Pathways in clear cell renal cell carcinoma,KDR,KDR,,Homo sapiens
3791,KDR,9606,wikipathways,WP4172,PI3K-Akt signaling pathway,KDR,KDR,,Homo sapiens
3791,KDR,9606,wikipathways,WP4223,Ras signaling,KDR,KDR,,Homo sapiens
3791,KDR,9606,wikipathways,WP4300,Extracellular vesicles in the crosstalk of cardiac cells,KDR,KDR,,Homo sapiens
3791,KDR,9606,wikipathways,WP4331,Neovascularisation processes,KDR,KDR,,Homo sapiens
3791,KDR,9606,wikipathways,WP4540,Pathways Regulating Hippo Signaling,KDR,KDR,,Homo sapiens
3791,KDR,9606,wikipathways,WP4541,Hippo-Merlin Signaling Dysregulation,KDR,KDR,,Homo sapiens
3791,KDR,9606,wikipathways,WP4685,Melanoma,KDR,KDR,,Homo sapiens
3791,KDR,9606,wikipathways,WP4747,Netrin-UNC5B signaling pathway,KDR,KDR,,Homo sapiens
3791,KDR,9606,wikipathways,WP4806,EGFR Tyrosine Kinase Inhibitor Resistance,KDR,KDR,,Homo sapiens
3791,KDR,9606,wikipathways,WP4823,Genes controlling nephrogenesis,KDR,KDR,,Homo sapiens
3791,KDR,9606,wikipathways,WP4950,16p11.2 distal deletion syndrome,KDR,KDR,,Homo sapiens
3791,KDR,9606,wikipathways,WP5065,SARS-CoV-2 altering angiogenesis via NRP1,KDR,KDR,,Homo sapiens
81646,Creb1,10116,reactome,R-RNO-112314,Neurotransmitter receptors and postsynaptic signal transmission,CREB1,Creb1,,Rattus norvegicus
81646,Creb1,10116,reactome,R-RNO-112315,Transmission across Chemical Synapses,CREB1,Creb1,,Rattus norvegicus
81646,Creb1,10116,reactome,R-RNO-112316,Neuronal System,CREB1,Creb1,,Rattus norvegicus
81646,Creb1,10116,reactome,R-RNO-1257604,PIP3 activates AKT signaling,CREB1,Creb1,,Rattus norvegicus
81646,Creb1,10116,reactome,R-RNO-1266738,Developmental Biology,CREB1,Creb1,,Rattus norvegicus
81646,Creb1,10116,reactome,R-RNO-1280215,Cytokine Signaling in Immune system,CREB1,Creb1,,Rattus norvegicus
81646,Creb1,10116,reactome,R-RNO-162582,Signal Transduction,CREB1,Creb1,,Rattus norvegicus
81646,Creb1,10116,reactome,R-RNO-166016,Toll Like Receptor 4 (TLR4) Cascade,CREB1,Creb1,,Rattus norvegicus
81646,Creb1,10116,reactome,R-RNO-166058,MyD88:MAL(TIRAP) cascade initiated on plasma membrane,CREB1,Creb1,,Rattus norvegicus
81646,Creb1,10116,reactome,R-RNO-166166,MyD88-independent TLR4 cascade ,CREB1,Creb1,,Rattus norvegicus
81646,Creb1,10116,reactome,R-RNO-166520,Signaling by NTRKs,CREB1,Creb1,,Rattus norvegicus
81646,Creb1,10116,reactome,R-RNO-168138,Toll Like Receptor 9 (TLR9) Cascade,CREB1,Creb1,,Rattus norvegicus
81646,Creb1,10116,reactome,R-RNO-168142,Toll Like Receptor 10 (TLR10) Cascade,CREB1,Creb1,,Rattus norvegicus
81646,Creb1,10116,reactome,R-RNO-168164,Toll Like Receptor 3 (TLR3) Cascade,CREB1,Creb1,,Rattus norvegicus
81646,Creb1,10116,reactome,R-RNO-168176,Toll Like Receptor 5 (TLR5) Cascade,CREB1,Creb1,,Rattus norvegicus
81646,Creb1,10116,reactome,R-RNO-168179,Toll Like Receptor TLR1:TLR2 Cascade,CREB1,Creb1,,Rattus norvegicus
81646,Creb1,10116,reactome,R-RNO-168181,Toll Like Receptor 7/8 (TLR7/8) Cascade,CREB1,Creb1,,Rattus norvegicus
81646,Creb1,10116,reactome,R-RNO-168188,Toll Like Receptor TLR6:TLR2 Cascade,CREB1,Creb1,,Rattus norvegicus
81646,Creb1,10116,reactome,R-RNO-168249,Innate Immune System,CREB1,Creb1,,Rattus norvegicus
81646,Creb1,10116,reactome,R-RNO-168256,Immune System,CREB1,Creb1,,Rattus norvegicus
81646,Creb1,10116,reactome,R-RNO-168898,Toll-like Receptor Cascades,CREB1,Creb1,,Rattus norvegicus
81646,Creb1,10116,reactome,R-RNO-181438,Toll Like Receptor 2 (TLR2) Cascade,CREB1,Creb1,,Rattus norvegicus
81646,Creb1,10116,reactome,R-RNO-187037,Signaling by NTRK1 (TRKA),CREB1,Creb1,,Rattus norvegicus
81646,Creb1,10116,reactome,R-RNO-198693,AKT phosphorylates targets in the nucleus,CREB1,Creb1,,Rattus norvegicus
81646,Creb1,10116,reactome,R-RNO-198725,Nuclear Events (kinase and transcription factor activation),CREB1,Creb1,,Rattus norvegicus
81646,Creb1,10116,reactome,R-RNO-199920,CREB phosphorylation,CREB1,Creb1,,Rattus norvegicus
81646,Creb1,10116,reactome,R-RNO-372790,Signaling by GPCR,CREB1,Creb1,,Rattus norvegicus
81646,Creb1,10116,reactome,R-RNO-375165,NCAM signaling for neurite out-growth,CREB1,Creb1,,Rattus norvegicus
81646,Creb1,10116,reactome,R-RNO-388396,GPCR downstream signalling,CREB1,Creb1,,Rattus norvegicus
81646,Creb1,10116,reactome,R-RNO-416476,G alpha (q) signalling events,CREB1,Creb1,,Rattus norvegicus
81646,Creb1,10116,reactome,R-RNO-422475,Axon guidance,CREB1,Creb1,,Rattus norvegicus
81646,Creb1,10116,reactome,R-RNO-438064,Post NMDA receptor activation events,CREB1,Creb1,,Rattus norvegicus
81646,Creb1,10116,reactome,R-RNO-442742,CREB1 phosphorylation through NMDA receptor-mediated activation of RAS signaling,CREB1,Creb1,,Rattus norvegicus
81646,Creb1,10116,reactome,R-RNO-442755,Activation of NMDA receptors and postsynaptic events,CREB1,Creb1,,Rattus norvegicus
81646,Creb1,10116,reactome,R-RNO-448424,Interleukin-17 signaling,CREB1,Creb1,,Rattus norvegicus
81646,Creb1,10116,reactome,R-RNO-449147,Signaling by Interleukins,CREB1,Creb1,,Rattus norvegicus
81646,Creb1,10116,reactome,R-RNO-450282,MAPK targets/ Nuclear events mediated by MAP kinases,CREB1,Creb1,,Rattus norvegicus
81646,Creb1,10116,reactome,R-RNO-450294,MAP kinase activation,CREB1,Creb1,,Rattus norvegicus
81646,Creb1,10116,reactome,R-RNO-881907,Gastrin-CREB signalling pathway via PKC and MAPK,CREB1,Creb1,,Rattus norvegicus
81646,Creb1,10116,reactome,R-RNO-8939211,ESR-mediated signaling,CREB1,Creb1,,Rattus norvegicus
81646,Creb1,10116,reactome,R-RNO-9006925,Intracellular signaling by second messengers,CREB1,Creb1,,Rattus norvegicus
81646,Creb1,10116,reactome,R-RNO-9006931,Signaling by Nuclear Receptors,CREB1,Creb1,,Rattus norvegicus
81646,Creb1,10116,reactome,R-RNO-9006934,Signaling by Receptor Tyrosine Kinases,CREB1,Creb1,,Rattus norvegicus
81646,Creb1,10116,reactome,R-RNO-9009391,Extra-nuclear estrogen signaling,CREB1,Creb1,,Rattus norvegicus
81646,Creb1,10116,reactome,R-RNO-9031628,NGF-stimulated transcription,CREB1,Creb1,,Rattus norvegicus
81646,Creb1,10116,reactome,R-RNO-937061,TRIF (TICAM1)-mediated TLR4 signaling ,CREB1,Creb1,,Rattus norvegicus
81646,Creb1,10116,reactome,R-RNO-9634638,Estrogen-dependent nuclear events downstream of ESR-membrane signaling,CREB1,Creb1,,Rattus norvegicus
81646,Creb1,10116,reactome,R-RNO-9675108,Nervous system development,CREB1,Creb1,,Rattus norvegicus
81646,Creb1,10116,reactome,R-RNO-975138,TRAF6 mediated induction of NFkB and MAP kinases upon TLR7/8 or 9 activation,CREB1,Creb1,,Rattus norvegicus
81646,Creb1,10116,reactome,R-RNO-975155,MyD88 dependent cascade initiated on endosome,CREB1,Creb1,,Rattus norvegicus
81646,Creb1,10116,reactome,R-RNO-975871,MyD88 cascade initiated on plasma membrane,CREB1,Creb1,,Rattus norvegicus
18125,Nos1,10090,kegg,mmu00220,Arginine biosynthesis - Mus musculus (mouse),NOS1,Nos1,,Mus musculus
18125,Nos1,10090,kegg,mmu00330,Arginine and proline metabolism - Mus musculus (mouse),NOS1,Nos1,,Mus musculus
18125,Nos1,10090,kegg,mmu04020,Calcium signaling pathway - Mus musculus (mouse),NOS1,Nos1,,Mus musculus
18125,Nos1,10090,kegg,mmu04145,Phagosome - Mus musculus (mouse),NOS1,Nos1,,Mus musculus
18125,Nos1,10090,kegg,mmu04371,Apelin signaling pathway - Mus musculus (mouse),NOS1,Nos1,,Mus musculus
18125,Nos1,10090,kegg,mmu04713,Circadian entrainment - Mus musculus (mouse),NOS1,Nos1,,Mus musculus
18125,Nos1,10090,kegg,mmu04730,Long-term depression - Mus musculus (mouse),NOS1,Nos1,,Mus musculus
18125,Nos1,10090,kegg,mmu04926,Relaxin signaling pathway - Mus musculus (mouse),NOS1,Nos1,,Mus musculus
18125,Nos1,10090,kegg,mmu04970,Salivary secretion - Mus musculus (mouse),NOS1,Nos1,,Mus musculus
18125,Nos1,10090,kegg,mmu05010,Alzheimer disease - Mus musculus (mouse),NOS1,Nos1,,Mus musculus
18125,Nos1,10090,kegg,mmu05014,Amyotrophic lateral sclerosis - Mus musculus (mouse),NOS1,Nos1,,Mus musculus
18125,Nos1,10090,kegg,mmu05022,Pathways of neurodegeneration - multiple diseases - Mus musculus (mouse),NOS1,Nos1,,Mus musculus
18125,Nos1,10090,mousecyc,PWY-4983,citrulline-nitric oxide cycle,NOS1,Nos1,,Mus musculus
18125,Nos1,10090,mousecyc,PWY-5004,superpathway of citrulline metabolism,NOS1,Nos1,,Mus musculus
6549,SLC9A2,9606,reactome,R-HSA-382551,Transport of small molecules,SLC9A2,SLC9A2,,Homo sapiens
6549,SLC9A2,9606,reactome,R-HSA-425407,SLC-mediated transmembrane transport,SLC9A2,SLC9A2,,Homo sapiens
6549,SLC9A2,9606,reactome,R-HSA-425410,Metal ion SLC transporters,SLC9A2,SLC9A2,,Homo sapiens
6549,SLC9A2,9606,reactome,R-HSA-425986,Sodium/Proton exchangers,SLC9A2,SLC9A2,,Homo sapiens
6550,SLC9A3,9606,kegg,hsa04964,Proximal tubule bicarbonate reclamation - Homo sapiens (human),SLC9A3,SLC9A3,,Homo sapiens
6550,SLC9A3,9606,kegg,hsa04974,Protein digestion and absorption - Homo sapiens (human),SLC9A3,SLC9A3,,Homo sapiens
6550,SLC9A3,9606,kegg,hsa04976,Bile secretion - Homo sapiens (human),SLC9A3,SLC9A3,,Homo sapiens
6550,SLC9A3,9606,kegg,hsa04978,Mineral absorption - Homo sapiens (human),SLC9A3,SLC9A3,,Homo sapiens
6550,SLC9A3,9606,netpath,Pathway_Gastrin,Gastrin,SLC9A3,SLC9A3,,Homo sapiens
6550,SLC9A3,9606,pid,endothelinpathway,Endothelins,SLC9A3,SLC9A3,,Homo sapiens
6550,SLC9A3,9606,pid,rhoa_pathway,RhoA signaling pathway,SLC9A3,SLC9A3,,Homo sapiens
6550,SLC9A3,9606,wikipathways,WP4659,Gastrin signaling pathway,SLC9A3,SLC9A3,,Homo sapiens
6550,SLC9A3,9606,wikipathways,WP4917,Proximal tubule transport,SLC9A3,SLC9A3,,Homo sapiens
6550,SLC9A3,9606,wikipathways,WP706,Sudden Infant Death Syndrome (SIDS) Susceptibility Pathways,SLC9A3,SLC9A3,,Homo sapiens
15558,Htr2a,10090,kegg,mmu04020,Calcium signaling pathway - Mus musculus (mouse),HTR2A,Htr2a,,Mus musculus
15558,Htr2a,10090,kegg,mmu04080,Neuroactive ligand-receptor interaction - Mus musculus (mouse),HTR2A,Htr2a,,Mus musculus
15558,Htr2a,10090,kegg,mmu04540,Gap junction - Mus musculus (mouse),HTR2A,Htr2a,,Mus musculus
15558,Htr2a,10090,kegg,mmu04726,Serotonergic synapse - Mus musculus (mouse),HTR2A,Htr2a,,Mus musculus
15558,Htr2a,10090,kegg,mmu04750,Inflammatory mediator regulation of TRP channels - Mus musculus (mouse),HTR2A,Htr2a,,Mus musculus
15550,Htr1a,10090,kegg,mmu04024,cAMP signaling pathway - Mus musculus (mouse),HTR1A,Htr1a,,Mus musculus
15550,Htr1a,10090,kegg,mmu04080,Neuroactive ligand-receptor interaction - Mus musculus (mouse),HTR1A,Htr1a,,Mus musculus
15550,Htr1a,10090,kegg,mmu04726,Serotonergic synapse - Mus musculus (mouse),HTR1A,Htr1a,,Mus musculus
15550,Htr1a,10090,kegg,mmu04742,Taste transduction - Mus musculus (mouse),HTR1A,Htr1a,,Mus musculus
15530,Hspg2,10090,kegg,mmu04512,ECM-receptor interaction - Mus musculus (mouse),HSPG2,Hspg2,,Mus musculus
15530,Hspg2,10090,kegg,mmu05161,Hepatitis B - Mus musculus (mouse),HSPG2,Hspg2,,Mus musculus
15530,Hspg2,10090,kegg,mmu05205,Proteoglycans in cancer - Mus musculus (mouse),HSPG2,Hspg2,,Mus musculus
818,CAMK2G,9606,biocarta,biopeptidespathway,bioactive peptide induced signaling pathway,CAMK2G,CAMK2G,,Homo sapiens
818,CAMK2G,9606,biocarta,cacampathway,ca-calmodulin-dependent protein kinase activation,CAMK2G,CAMK2G,,Homo sapiens
818,CAMK2G,9606,biocarta,crebpathway,transcription factor creb and its extracellular signals,CAMK2G,CAMK2G,,Homo sapiens
818,CAMK2G,9606,biocarta,pgc1apathway,regulation of pgc-1a,CAMK2G,CAMK2G,,Homo sapiens
818,CAMK2G,9606,biocarta,stathminpathway,stathmin and breast cancer resistance to antimicrotubule agents,CAMK2G,CAMK2G,,Homo sapiens
818,CAMK2G,9606,kegg,hsa04012,ErbB signaling pathway - Homo sapiens (human),CAMK2G,CAMK2G,,Homo sapiens
818,CAMK2G,9606,kegg,hsa04020,Calcium signaling pathway - Homo sapiens (human),CAMK2G,CAMK2G,,Homo sapiens
818,CAMK2G,9606,kegg,hsa04024,cAMP signaling pathway - Homo sapiens (human),CAMK2G,CAMK2G,,Homo sapiens
818,CAMK2G,9606,kegg,hsa04066,HIF-1 signaling pathway - Homo sapiens (human),CAMK2G,CAMK2G,,Homo sapiens
818,CAMK2G,9606,kegg,hsa04114,Oocyte meiosis - Homo sapiens (human),CAMK2G,CAMK2G,,Homo sapiens
818,CAMK2G,9606,kegg,hsa04217,Necroptosis - Homo sapiens (human),CAMK2G,CAMK2G,,Homo sapiens
818,CAMK2G,9606,kegg,hsa04261,Adrenergic signaling in cardiomyocytes - Homo sapiens (human),CAMK2G,CAMK2G,,Homo sapiens
818,CAMK2G,9606,kegg,hsa04310,Wnt signaling pathway - Homo sapiens (human),CAMK2G,CAMK2G,,Homo sapiens
818,CAMK2G,9606,kegg,hsa04360,Axon guidance - Homo sapiens (human),CAMK2G,CAMK2G,,Homo sapiens
818,CAMK2G,9606,kegg,hsa04713,Circadian entrainment - Homo sapiens (human),CAMK2G,CAMK2G,,Homo sapiens
818,CAMK2G,9606,kegg,hsa04720,Long-term potentiation - Homo sapiens (human),CAMK2G,CAMK2G,,Homo sapiens
818,CAMK2G,9606,kegg,hsa04722,Neurotrophin signaling pathway - Homo sapiens (human),CAMK2G,CAMK2G,,Homo sapiens
818,CAMK2G,9606,kegg,hsa04725,Cholinergic synapse - Homo sapiens (human),CAMK2G,CAMK2G,,Homo sapiens
818,CAMK2G,9606,kegg,hsa04728,Dopaminergic synapse - Homo sapiens (human),CAMK2G,CAMK2G,,Homo sapiens
818,CAMK2G,9606,kegg,hsa04740,Olfactory transduction - Homo sapiens (human),CAMK2G,CAMK2G,,Homo sapiens
818,CAMK2G,9606,kegg,hsa04750,Inflammatory mediator regulation of TRP channels - Homo sapiens (human),CAMK2G,CAMK2G,,Homo sapiens
818,CAMK2G,9606,kegg,hsa04911,Insulin secretion - Homo sapiens (human),CAMK2G,CAMK2G,,Homo sapiens
818,CAMK2G,9606,kegg,hsa04912,GnRH signaling pathway - Homo sapiens (human),CAMK2G,CAMK2G,,Homo sapiens
818,CAMK2G,9606,kegg,hsa04916,Melanogenesis - Homo sapiens (human),CAMK2G,CAMK2G,,Homo sapiens
818,CAMK2G,9606,kegg,hsa04921,Oxytocin signaling pathway - Homo sapiens (human),CAMK2G,CAMK2G,,Homo sapiens
818,CAMK2G,9606,kegg,hsa04922,Glucagon signaling pathway - Homo sapiens (human),CAMK2G,CAMK2G,,Homo sapiens
818,CAMK2G,9606,kegg,hsa04925,Aldosterone synthesis and secretion - Homo sapiens (human),CAMK2G,CAMK2G,,Homo sapiens
818,CAMK2G,9606,kegg,hsa04934,Cushing syndrome - Homo sapiens (human),CAMK2G,CAMK2G,,Homo sapiens
818,CAMK2G,9606,kegg,hsa04971,Gastric acid secretion - Homo sapiens (human),CAMK2G,CAMK2G,,Homo sapiens
818,CAMK2G,9606,kegg,hsa05012,Parkinson disease - Homo sapiens (human),CAMK2G,CAMK2G,,Homo sapiens
818,CAMK2G,9606,kegg,hsa05022,Pathways of neurodegeneration - multiple diseases - Homo sapiens (human),CAMK2G,CAMK2G,,Homo sapiens
818,CAMK2G,9606,kegg,hsa05031,Amphetamine addiction - Homo sapiens (human),CAMK2G,CAMK2G,,Homo sapiens
818,CAMK2G,9606,kegg,hsa05152,Tuberculosis - Homo sapiens (human),CAMK2G,CAMK2G,,Homo sapiens
818,CAMK2G,9606,kegg,hsa05200,Pathways in cancer - Homo sapiens (human),CAMK2G,CAMK2G,,Homo sapiens
818,CAMK2G,9606,kegg,hsa05205,Proteoglycans in cancer - Homo sapiens (human),CAMK2G,CAMK2G,,Homo sapiens
818,CAMK2G,9606,kegg,hsa05214,Glioma - Homo sapiens (human),CAMK2G,CAMK2G,,Homo sapiens
818,CAMK2G,9606,kegg,hsa05415,Diabetic cardiomyopathy - Homo sapiens (human),CAMK2G,CAMK2G,,Homo sapiens
818,CAMK2G,9606,kegg,hsa05417,Lipid and atherosclerosis - Homo sapiens (human),CAMK2G,CAMK2G,,Homo sapiens
818,CAMK2G,9606,pid,bcr_5pathway,BCR signaling pathway,CAMK2G,CAMK2G,,Homo sapiens
818,CAMK2G,9606,pid,ifngpathway,IFN-gamma pathway,CAMK2G,CAMK2G,,Homo sapiens
818,CAMK2G,9606,pid,ncadherinpathway,N-cadherin signaling events,CAMK2G,CAMK2G,,Homo sapiens
818,CAMK2G,9606,wikipathways,WP1541,Energy Metabolism,CAMK2G,CAMK2G,,Homo sapiens
818,CAMK2G,9606,wikipathways,WP289,Myometrial relaxation and contraction pathways,CAMK2G,CAMK2G,,Homo sapiens
818,CAMK2G,9606,wikipathways,WP4008,NO-cGMP-PKG mediated Neuroprotection,CAMK2G,CAMK2G,,Homo sapiens
818,CAMK2G,9606,wikipathways,WP4148,Splicing factor NOVA regulated synaptic proteins,CAMK2G,CAMK2G,,Homo sapiens
818,CAMK2G,9606,wikipathways,WP428,Wnt signaling,CAMK2G,CAMK2G,,Homo sapiens
818,CAMK2G,9606,wikipathways,WP4341,"Non-genomic actions of 1,25 dihydroxyvitamin D3",CAMK2G,CAMK2G,,Homo sapiens
818,CAMK2G,9606,wikipathways,WP4756,Renin-angiotensin-aldosterone system (RAAS),CAMK2G,CAMK2G,,Homo sapiens
818,CAMK2G,9606,wikipathways,WP4875,Disruption of postsynaptic signaling by CNV,CAMK2G,CAMK2G,,Homo sapiens
818,CAMK2G,9606,wikipathways,WP536,Calcium Regulation in the Cardiac Cell,CAMK2G,CAMK2G,,Homo sapiens
818,CAMK2G,9606,wikipathways,WP673,ErbB signaling pathway,CAMK2G,CAMK2G,,Homo sapiens
836,CASP3,9606,biocarta,bcellsurvivalpathway,b cell survival pathway,CASP3,CASP3,,Homo sapiens
836,CASP3,9606,biocarta,caspasepathway,caspase cascade in apoptosis,CASP3,CASP3,,Homo sapiens
836,CASP3,9606,biocarta,chemicalpathway,apoptotic signaling in response to dna damage,CASP3,CASP3,,Homo sapiens
836,CASP3,9606,biocarta,d4gdipathway,d4gdi signaling pathway,CASP3,CASP3,,Homo sapiens
836,CASP3,9606,biocarta,deathpathway,induction of apoptosis through dr3 and dr4/5 death receptors,CASP3,CASP3,,Homo sapiens
836,CASP3,9606,biocarta,dnafragmentpathway,apoptotic dna-fragmentation and tissue homeostasis,CASP3,CASP3,,Homo sapiens
836,CASP3,9606,biocarta,faspathway,fas signaling pathway (cd95),CASP3,CASP3,,Homo sapiens
836,CASP3,9606,biocarta,hivnefpathway,hiv-1 nef: negative effector of fas and tnf,CASP3,CASP3,,Homo sapiens
836,CASP3,9606,biocarta,hsp27pathway,stress induction of hsp regulation,CASP3,CASP3,,Homo sapiens
836,CASP3,9606,biocarta,irespathway,internal ribosome entry pathway,CASP3,CASP3,,Homo sapiens
836,CASP3,9606,biocarta,plk3pathway,regulation of cell cycle progression by plk3,CASP3,CASP3,,Homo sapiens
836,CASP3,9606,biocarta,setpathway,granzyme a mediated apoptosis pathway,CASP3,CASP3,,Homo sapiens
836,CASP3,9606,biocarta,tffpathway,trefoil factors initiate mucosal healing,CASP3,CASP3,,Homo sapiens
836,CASP3,9606,biocarta,tnfr1pathway,tnfr1 signaling pathway,CASP3,CASP3,,Homo sapiens
836,CASP3,9606,biocarta,tsp1pathway,tsp-1 induced apoptosis in microvascular endothelial cell,CASP3,CASP3,,Homo sapiens
836,CASP3,9606,biocarta,wnvpathway,west nile virus,CASP3,CASP3,,Homo sapiens
836,CASP3,9606,kegg,hsa04010,MAPK signaling pathway - Homo sapiens (human),CASP3,CASP3,,Homo sapiens
836,CASP3,9606,kegg,hsa04115,p53 signaling pathway - Homo sapiens (human),CASP3,CASP3,,Homo sapiens
836,CASP3,9606,kegg,hsa04210,Apoptosis - Homo sapiens (human),CASP3,CASP3,,Homo sapiens
836,CASP3,9606,kegg,hsa04215,Apoptosis - multiple species - Homo sapiens (human),CASP3,CASP3,,Homo sapiens
836,CASP3,9606,kegg,hsa04650,Natural killer cell mediated cytotoxicity - Homo sapiens (human),CASP3,CASP3,,Homo sapiens
836,CASP3,9606,kegg,hsa04657,IL-17 signaling pathway - Homo sapiens (human),CASP3,CASP3,,Homo sapiens
836,CASP3,9606,kegg,hsa04668,TNF signaling pathway - Homo sapiens (human),CASP3,CASP3,,Homo sapiens
836,CASP3,9606,kegg,hsa04726,Serotonergic synapse - Homo sapiens (human),CASP3,CASP3,,Homo sapiens
836,CASP3,9606,kegg,hsa04932,Non-alcoholic fatty liver disease - Homo sapiens (human),CASP3,CASP3,,Homo sapiens
836,CASP3,9606,kegg,hsa04933,AGE-RAGE signaling pathway in diabetic complications - Homo sapiens (human),CASP3,CASP3,,Homo sapiens
836,CASP3,9606,kegg,hsa05010,Alzheimer disease - Homo sapiens (human),CASP3,CASP3,,Homo sapiens
836,CASP3,9606,kegg,hsa05012,Parkinson disease - Homo sapiens (human),CASP3,CASP3,,Homo sapiens
836,CASP3,9606,kegg,hsa05014,Amyotrophic lateral sclerosis - Homo sapiens (human),CASP3,CASP3,,Homo sapiens
836,CASP3,9606,kegg,hsa05016,Huntington disease - Homo sapiens (human),CASP3,CASP3,,Homo sapiens
836,CASP3,9606,kegg,hsa05020,Prion disease - Homo sapiens (human),CASP3,CASP3,,Homo sapiens
836,CASP3,9606,kegg,hsa05022,Pathways of neurodegeneration - multiple diseases - Homo sapiens (human),CASP3,CASP3,,Homo sapiens
836,CASP3,9606,kegg,hsa05120,Epithelial cell signaling in Helicobacter pylori infection - Homo sapiens (human),CASP3,CASP3,,Homo sapiens
836,CASP3,9606,kegg,hsa05130,Pathogenic Escherichia coli infection - Homo sapiens (human),CASP3,CASP3,,Homo sapiens
836,CASP3,9606,kegg,hsa05132,Salmonella infection - Homo sapiens (human),CASP3,CASP3,,Homo sapiens
836,CASP3,9606,kegg,hsa05133,Pertussis - Homo sapiens (human),CASP3,CASP3,,Homo sapiens
836,CASP3,9606,kegg,hsa05134,Legionellosis - Homo sapiens (human),CASP3,CASP3,,Homo sapiens
836,CASP3,9606,kegg,hsa05145,Toxoplasmosis - Homo sapiens (human),CASP3,CASP3,,Homo sapiens
836,CASP3,9606,kegg,hsa05146,Amoebiasis - Homo sapiens (human),CASP3,CASP3,,Homo sapiens
836,CASP3,9606,kegg,hsa05152,Tuberculosis - Homo sapiens (human),CASP3,CASP3,,Homo sapiens
836,CASP3,9606,kegg,hsa05160,Hepatitis C - Homo sapiens (human),CASP3,CASP3,,Homo sapiens
836,CASP3,9606,kegg,hsa05161,Hepatitis B - Homo sapiens (human),CASP3,CASP3,,Homo sapiens
836,CASP3,9606,kegg,hsa05162,Measles - Homo sapiens (human),CASP3,CASP3,,Homo sapiens
836,CASP3,9606,kegg,hsa05163,Human cytomegalovirus infection - Homo sapiens (human),CASP3,CASP3,,Homo sapiens
836,CASP3,9606,kegg,hsa05164,Influenza A - Homo sapiens (human),CASP3,CASP3,,Homo sapiens
836,CASP3,9606,kegg,hsa05165,Human papillomavirus infection - Homo sapiens (human),CASP3,CASP3,,Homo sapiens
836,CASP3,9606,kegg,hsa05167,Kaposi sarcoma-associated herpesvirus infection - Homo sapiens (human),CASP3,CASP3,,Homo sapiens
836,CASP3,9606,kegg,hsa05168,Herpes simplex virus 1 infection - Homo sapiens (human),CASP3,CASP3,,Homo sapiens
836,CASP3,9606,kegg,hsa05169,Epstein-Barr virus infection - Homo sapiens (human),CASP3,CASP3,,Homo sapiens
836,CASP3,9606,kegg,hsa05170,Human immunodeficiency virus 1 infection - Homo sapiens (human),CASP3,CASP3,,Homo sapiens
836,CASP3,9606,kegg,hsa05200,Pathways in cancer - Homo sapiens (human),CASP3,CASP3,,Homo sapiens
836,CASP3,9606,kegg,hsa05203,Viral carcinogenesis - Homo sapiens (human),CASP3,CASP3,,Homo sapiens
836,CASP3,9606,kegg,hsa05205,Proteoglycans in cancer - Homo sapiens (human),CASP3,CASP3,,Homo sapiens
836,CASP3,9606,kegg,hsa05206,MicroRNAs in cancer - Homo sapiens (human),CASP3,CASP3,,Homo sapiens
836,CASP3,9606,kegg,hsa05210,Colorectal cancer - Homo sapiens (human),CASP3,CASP3,,Homo sapiens
836,CASP3,9606,kegg,hsa05222,Small cell lung cancer - Homo sapiens (human),CASP3,CASP3,,Homo sapiens
836,CASP3,9606,kegg,hsa05416,Viral myocarditis - Homo sapiens (human),CASP3,CASP3,,Homo sapiens
836,CASP3,9606,kegg,hsa05417,Lipid and atherosclerosis - Homo sapiens (human),CASP3,CASP3,,Homo sapiens
836,CASP3,9606,netpath,Pathway_AndrogenReceptor,AndrogenReceptor,CASP3,CASP3,,Homo sapiens
836,CASP3,9606,netpath,Pathway_TNFalpha,TNFalpha,CASP3,CASP3,,Homo sapiens
836,CASP3,9606,pid,ajdiss_2pathway,Posttranslational regulation of adherens junction stability and dissassembly,CASP3,CASP3,,Homo sapiens
836,CASP3,9606,pid,caspase_pathway,Caspase Cascade in Apoptosis,CASP3,CASP3,,Homo sapiens
836,CASP3,9606,pid,faspathway,FAS (CD95) signaling pathway,CASP3,CASP3,,Homo sapiens
836,CASP3,9606,pid,hivnefpathway,HIV-1 Nef: Negative effector of Fas and TNF-alpha,CASP3,CASP3,,Homo sapiens
836,CASP3,9606,pid,lysophospholipid_pathway,LPA receptor mediated events,CASP3,CASP3,,Homo sapiens
836,CASP3,9606,pid,nfat_3pathway,Role of Calcineurin-dependent NFAT signaling in lymphocytes,CASP3,CASP3,,Homo sapiens
836,CASP3,9606,pid,nfat_tfpathway,Calcineurin-regulated NFAT-dependent transcription in lymphocytes,CASP3,CASP3,,Homo sapiens
836,CASP3,9606,pid,p75ntrpathway,p75(NTR)-mediated signaling,CASP3,CASP3,,Homo sapiens
836,CASP3,9606,pid,syndecan_2_pathway,Syndecan-2-mediated signaling events,CASP3,CASP3,,Homo sapiens
836,CASP3,9606,wikipathways,WP1530,miRNA regulation of DNA damage response,CASP3,CASP3,,Homo sapiens
836,CASP3,9606,wikipathways,WP1772,Apoptosis Modulation and Signaling,CASP3,CASP3,,Homo sapiens
836,CASP3,9606,wikipathways,WP1984,Integrated breast cancer pathway,CASP3,CASP3,,Homo sapiens
836,CASP3,9606,wikipathways,WP2037,Prolactin Signaling Pathway,CASP3,CASP3,,Homo sapiens
836,CASP3,9606,wikipathways,WP2059,"Alzheimer,s disease",CASP3,CASP3,,Homo sapiens
836,CASP3,9606,wikipathways,WP231,TNF-alpha signaling pathway,CASP3,CASP3,,Homo sapiens
836,CASP3,9606,wikipathways,WP2324,AGE-RAGE pathway,CASP3,CASP3,,Homo sapiens
836,CASP3,9606,wikipathways,WP2328,Allograft Rejection,CASP3,CASP3,,Homo sapiens
836,CASP3,9606,wikipathways,WP2355,Corticotropin-releasing hormone signaling pathway,CASP3,CASP3,,Homo sapiens
836,CASP3,9606,wikipathways,WP2371,"Parkinson,s disease pathway",CASP3,CASP3,,Homo sapiens
836,CASP3,9606,wikipathways,WP2374,Oncostatin M Signaling Pathway,CASP3,CASP3,,Homo sapiens
836,CASP3,9606,wikipathways,WP2380,Brain-derived neurotrophic factor (BDNF) signaling pathway,CASP3,CASP3,,Homo sapiens
836,CASP3,9606,wikipathways,WP2431,Spinal Cord Injury,CASP3,CASP3,,Homo sapiens
836,CASP3,9606,wikipathways,WP2447,Amyotrophic lateral sclerosis (ALS),CASP3,CASP3,,Homo sapiens
836,CASP3,9606,wikipathways,WP2507,Nanomaterial induced apoptosis,CASP3,CASP3,,Homo sapiens
836,CASP3,9606,wikipathways,WP254,Apoptosis,CASP3,CASP3,,Homo sapiens
836,CASP3,9606,wikipathways,WP314,Fas ligand pathway and stress induction of heat shock proteins,CASP3,CASP3,,Homo sapiens
836,CASP3,9606,wikipathways,WP3286,Copper homeostasis,CASP3,CASP3,,Homo sapiens
836,CASP3,9606,wikipathways,WP3646,Hepatitis C and Hepatocellular Carcinoma,CASP3,CASP3,,Homo sapiens
836,CASP3,9606,wikipathways,WP382,MAPK Signaling Pathway,CASP3,CASP3,,Homo sapiens
836,CASP3,9606,wikipathways,WP384,Apoptosis Modulation by HSP70,CASP3,CASP3,,Homo sapiens
836,CASP3,9606,wikipathways,WP3853,"ERK Pathway in Huntington,s Disease",CASP3,CASP3,,Homo sapiens
836,CASP3,9606,wikipathways,WP3941,Oxidative Damage,CASP3,CASP3,,Homo sapiens
836,CASP3,9606,wikipathways,WP3982,miRNA regulation of p53 pathway in prostate cancer,CASP3,CASP3,,Homo sapiens
836,CASP3,9606,wikipathways,WP3995,Prion disease pathway,CASP3,CASP3,,Homo sapiens
836,CASP3,9606,wikipathways,WP4216,Chromosomal and microsatellite instability in colorectal cancer,CASP3,CASP3,,Homo sapiens
836,CASP3,9606,wikipathways,WP4255,Non-small cell lung cancer,CASP3,CASP3,,Homo sapiens
836,CASP3,9606,wikipathways,WP4288,MTHFR deficiency,CASP3,CASP3,,Homo sapiens
836,CASP3,9606,wikipathways,WP4298,Acute viral myocarditis,CASP3,CASP3,,Homo sapiens
836,CASP3,9606,wikipathways,WP4396,Nonalcoholic fatty liver disease,CASP3,CASP3,,Homo sapiens
836,CASP3,9606,wikipathways,WP4658,Small cell lung cancer,CASP3,CASP3,,Homo sapiens
836,CASP3,9606,wikipathways,WP4659,Gastrin signaling pathway,CASP3,CASP3,,Homo sapiens
836,CASP3,9606,wikipathways,WP4666,Hepatitis B infection,CASP3,CASP3,,Homo sapiens
836,CASP3,9606,wikipathways,WP4747,Netrin-UNC5B signaling pathway,CASP3,CASP3,,Homo sapiens
836,CASP3,9606,wikipathways,WP4754,IL-18 signaling pathway,CASP3,CASP3,,Homo sapiens
836,CASP3,9606,wikipathways,WP4864,Host-pathogen interaction of human coronaviruses - apoptosis,CASP3,CASP3,,Homo sapiens
836,CASP3,9606,wikipathways,WP4873,Peroxiredoxin 2 induced ovarian failure,CASP3,CASP3,,Homo sapiens
836,CASP3,9606,wikipathways,WP706,Sudden Infant Death Syndrome (SIDS) Susceptibility Pathways,CASP3,CASP3,,Homo sapiens
836,CASP3,9606,wikipathways,WP707,DNA damage response,CASP3,CASP3,,Homo sapiens
91433,RCCD1,9606,reactome,R-HSA-163841,"Gamma carboxylation, hypusinylation, hydroxylation, and arylsulfatase activation",RCCD1,RCCD1,,Homo sapiens
91433,RCCD1,9606,reactome,R-HSA-392499,Metabolism of proteins,RCCD1,RCCD1,,Homo sapiens
91433,RCCD1,9606,reactome,R-HSA-597592,Post-translational protein modification,RCCD1,RCCD1,,Homo sapiens
91433,RCCD1,9606,reactome,R-HSA-9629569,Protein hydroxylation,RCCD1,RCCD1,,Homo sapiens
5594,MAPK1,9606,biocarta,agrpathway,agrin in postsynaptic differentiation,MAPK1,MAPK1,,Homo sapiens
5594,MAPK1,9606,biocarta,at1rpathway,angiotensin ii mediated activation of jnk pathway via pyk2 dependent signaling,MAPK1,MAPK1,,Homo sapiens
5594,MAPK1,9606,biocarta,barrestinsrcpathway,roles of  arrestin dependent recruitment of src kinases in gpcr signaling,MAPK1,MAPK1,,Homo sapiens
5594,MAPK1,9606,biocarta,barrmapkpathway,role of -arrestins in the activation and targeting of map kinases,MAPK1,MAPK1,,Homo sapiens
5594,MAPK1,9606,biocarta,biopeptidespathway,bioactive peptide induced signaling pathway,MAPK1,MAPK1,,Homo sapiens
5594,MAPK1,9606,biocarta,cardiacegfpathway,role of egf receptor transactivation by gpcrs in cardiac hypertrophy,MAPK1,MAPK1,,Homo sapiens
5594,MAPK1,9606,biocarta,ccr3pathway,ccr3 signaling in eosinophils,MAPK1,MAPK1,,Homo sapiens
5594,MAPK1,9606,biocarta,cdk5pathway,phosphorylation of mek1 by cdk5/p35 down regulates the map kinase pathway,MAPK1,MAPK1,,Homo sapiens
5594,MAPK1,9606,biocarta,cdmacpathway,cadmium induces dna synthesis and proliferation in macrophages,MAPK1,MAPK1,,Homo sapiens
5594,MAPK1,9606,biocarta,ceramidepathway,ceramide signaling pathway,MAPK1,MAPK1,,Homo sapiens
5594,MAPK1,9606,biocarta,crebpathway,transcription factor creb and its extracellular signals,MAPK1,MAPK1,,Homo sapiens
5594,MAPK1,9606,biocarta,ecmpathway,erk and pi-3 kinase are necessary for collagen binding in corneal epithelia,MAPK1,MAPK1,,Homo sapiens
5594,MAPK1,9606,biocarta,edg1pathway,phospholipids as signalling intermediaries,MAPK1,MAPK1,,Homo sapiens
5594,MAPK1,9606,biocarta,eif4pathway,regulation of eif-4e and p70s6 kinase,MAPK1,MAPK1,,Homo sapiens
5594,MAPK1,9606,biocarta,erk5pathway,role of erk5 in neuronal survival pathway,MAPK1,MAPK1,,Homo sapiens
5594,MAPK1,9606,biocarta,erkpathway,erk1/erk2 mapk signaling pathway,MAPK1,MAPK1,,Homo sapiens
5594,MAPK1,9606,biocarta,fcer1pathway,fc epsilon receptor i signaling in mast cells,MAPK1,MAPK1,,Homo sapiens
5594,MAPK1,9606,biocarta,fmlppathway,fmlp induced chemokine gene expression in hmc-1 cells,MAPK1,MAPK1,,Homo sapiens
5594,MAPK1,9606,biocarta,hcmvpathway,human cytomegalovirus and map kinase pathways,MAPK1,MAPK1,,Homo sapiens
5594,MAPK1,9606,biocarta,her2pathway,role of erbb2 in signal transduction and oncology,MAPK1,MAPK1,,Homo sapiens
5594,MAPK1,9606,biocarta,il2rbpathway,il-2 receptor beta chain in t cell activation,MAPK1,MAPK1,,Homo sapiens
5594,MAPK1,9606,biocarta,keratinocytepathway,keratinocyte differentiation,MAPK1,MAPK1,,Homo sapiens
5594,MAPK1,9606,biocarta,malpathway,role of mal in rho-mediated activation of srf,MAPK1,MAPK1,,Homo sapiens
5594,MAPK1,9606,biocarta,mapkpathway,mapkinase signaling pathway,MAPK1,MAPK1,,Homo sapiens
5594,MAPK1,9606,biocarta,mcalpainpathway,mcalpain and friends in cell motility,MAPK1,MAPK1,,Homo sapiens
5594,MAPK1,9606,biocarta,melanocytepathway,melanocyte development and pigmentation pathway,MAPK1,MAPK1,,Homo sapiens
5594,MAPK1,9606,biocarta,mprpathway,how progesterone initiates the oocyte maturation,MAPK1,MAPK1,,Homo sapiens
5594,MAPK1,9606,biocarta,pparapathway,mechanism of gene regulation by peroxisome proliferators via ppara,MAPK1,MAPK1,,Homo sapiens
5594,MAPK1,9606,biocarta,pyk2pathway,links between pyk2 and map kinases,MAPK1,MAPK1,,Homo sapiens
5594,MAPK1,9606,biocarta,raccycdpathway,influence of ras and rho proteins on g1 to s transition,MAPK1,MAPK1,,Homo sapiens
5594,MAPK1,9606,biocarta,sam68pathway,regulation of splicing through sam68,MAPK1,MAPK1,,Homo sapiens
5594,MAPK1,9606,biocarta,sppapathway,aspirin blocks signaling pathway involved in platelet activation,MAPK1,MAPK1,,Homo sapiens
5594,MAPK1,9606,biocarta,sprypathway,sprouty regulation of tyrosine kinase signals,MAPK1,MAPK1,,Homo sapiens
5594,MAPK1,9606,biocarta,stat3pathway,stat3 signaling pathway,MAPK1,MAPK1,,Homo sapiens
5594,MAPK1,9606,biocarta,tffpathway,trefoil factors initiate mucosal healing,MAPK1,MAPK1,,Homo sapiens
5594,MAPK1,9606,humancyc,PWY66-14,MAP kinase cascade,MAPK1,MAPK1,,Homo sapiens
5594,MAPK1,9606,kegg,hsa04010,MAPK signaling pathway - Homo sapiens (human),MAPK1,MAPK1,,Homo sapiens
5594,MAPK1,9606,kegg,hsa04012,ErbB signaling pathway - Homo sapiens (human),MAPK1,MAPK1,,Homo sapiens
5594,MAPK1,9606,kegg,hsa04014,Ras signaling pathway - Homo sapiens (human),MAPK1,MAPK1,,Homo sapiens
5594,MAPK1,9606,kegg,hsa04015,Rap1 signaling pathway - Homo sapiens (human),MAPK1,MAPK1,,Homo sapiens
5594,MAPK1,9606,kegg,hsa04022,cGMP-PKG signaling pathway - Homo sapiens (human),MAPK1,MAPK1,,Homo sapiens
5594,MAPK1,9606,kegg,hsa04024,cAMP signaling pathway - Homo sapiens (human),MAPK1,MAPK1,,Homo sapiens
5594,MAPK1,9606,kegg,hsa04062,Chemokine signaling pathway - Homo sapiens (human),MAPK1,MAPK1,,Homo sapiens
5594,MAPK1,9606,kegg,hsa04066,HIF-1 signaling pathway - Homo sapiens (human),MAPK1,MAPK1,,Homo sapiens
5594,MAPK1,9606,kegg,hsa04068,FoxO signaling pathway - Homo sapiens (human),MAPK1,MAPK1,,Homo sapiens
5594,MAPK1,9606,kegg,hsa04071,Sphingolipid signaling pathway - Homo sapiens (human),MAPK1,MAPK1,,Homo sapiens
5594,MAPK1,9606,kegg,hsa04072,Phospholipase D signaling pathway - Homo sapiens (human),MAPK1,MAPK1,,Homo sapiens
5594,MAPK1,9606,kegg,hsa04114,Oocyte meiosis - Homo sapiens (human),MAPK1,MAPK1,,Homo sapiens
5594,MAPK1,9606,kegg,hsa04140,Autophagy - animal - Homo sapiens (human),MAPK1,MAPK1,,Homo sapiens
5594,MAPK1,9606,kegg,hsa04150,mTOR signaling pathway - Homo sapiens (human),MAPK1,MAPK1,,Homo sapiens
5594,MAPK1,9606,kegg,hsa04151,PI3K-Akt signaling pathway - Homo sapiens (human),MAPK1,MAPK1,,Homo sapiens
5594,MAPK1,9606,kegg,hsa04210,Apoptosis - Homo sapiens (human),MAPK1,MAPK1,,Homo sapiens
5594,MAPK1,9606,kegg,hsa04218,Cellular senescence - Homo sapiens (human),MAPK1,MAPK1,,Homo sapiens
5594,MAPK1,9606,kegg,hsa04261,Adrenergic signaling in cardiomyocytes - Homo sapiens (human),MAPK1,MAPK1,,Homo sapiens
5594,MAPK1,9606,kegg,hsa04270,Vascular smooth muscle contraction - Homo sapiens (human),MAPK1,MAPK1,,Homo sapiens
5594,MAPK1,9606,kegg,hsa04350,TGF-beta signaling pathway - Homo sapiens (human),MAPK1,MAPK1,,Homo sapiens
5594,MAPK1,9606,kegg,hsa04360,Axon guidance - Homo sapiens (human),MAPK1,MAPK1,,Homo sapiens
5594,MAPK1,9606,kegg,hsa04370,VEGF signaling pathway - Homo sapiens (human),MAPK1,MAPK1,,Homo sapiens
5594,MAPK1,9606,kegg,hsa04371,Apelin signaling pathway - Homo sapiens (human),MAPK1,MAPK1,,Homo sapiens
5594,MAPK1,9606,kegg,hsa04380,Osteoclast differentiation - Homo sapiens (human),MAPK1,MAPK1,,Homo sapiens
5594,MAPK1,9606,kegg,hsa04510,Focal adhesion - Homo sapiens (human),MAPK1,MAPK1,,Homo sapiens
5594,MAPK1,9606,kegg,hsa04520,Adherens junction - Homo sapiens (human),MAPK1,MAPK1,,Homo sapiens
5594,MAPK1,9606,kegg,hsa04540,Gap junction - Homo sapiens (human),MAPK1,MAPK1,,Homo sapiens
5594,MAPK1,9606,kegg,hsa04550,Signaling pathways regulating pluripotency of stem cells - Homo sapiens (human),MAPK1,MAPK1,,Homo sapiens
5594,MAPK1,9606,kegg,hsa04611,Platelet activation - Homo sapiens (human),MAPK1,MAPK1,,Homo sapiens
5594,MAPK1,9606,kegg,hsa04613,Neutrophil extracellular trap formation - Homo sapiens (human),MAPK1,MAPK1,,Homo sapiens
5594,MAPK1,9606,kegg,hsa04620,Toll-like receptor signaling pathway - Homo sapiens (human),MAPK1,MAPK1,,Homo sapiens
5594,MAPK1,9606,kegg,hsa04621,NOD-like receptor signaling pathway - Homo sapiens (human),MAPK1,MAPK1,,Homo sapiens
5594,MAPK1,9606,kegg,hsa04625,C-type lectin receptor signaling pathway - Homo sapiens (human),MAPK1,MAPK1,,Homo sapiens
5594,MAPK1,9606,kegg,hsa04650,Natural killer cell mediated cytotoxicity - Homo sapiens (human),MAPK1,MAPK1,,Homo sapiens
5594,MAPK1,9606,kegg,hsa04657,IL-17 signaling pathway - Homo sapiens (human),MAPK1,MAPK1,,Homo sapiens
5594,MAPK1,9606,kegg,hsa04658,Th1 and Th2 cell differentiation - Homo sapiens (human),MAPK1,MAPK1,,Homo sapiens
5594,MAPK1,9606,kegg,hsa04659,Th17 cell differentiation - Homo sapiens (human),MAPK1,MAPK1,,Homo sapiens
5594,MAPK1,9606,kegg,hsa04660,T cell receptor signaling pathway - Homo sapiens (human),MAPK1,MAPK1,,Homo sapiens
5594,MAPK1,9606,kegg,hsa04662,B cell receptor signaling pathway - Homo sapiens (human),MAPK1,MAPK1,,Homo sapiens
5594,MAPK1,9606,kegg,hsa04664,Fc epsilon RI signaling pathway - Homo sapiens (human),MAPK1,MAPK1,,Homo sapiens
5594,MAPK1,9606,kegg,hsa04666,Fc gamma R-mediated phagocytosis - Homo sapiens (human),MAPK1,MAPK1,,Homo sapiens
5594,MAPK1,9606,kegg,hsa04668,TNF signaling pathway - Homo sapiens (human),MAPK1,MAPK1,,Homo sapiens
5594,MAPK1,9606,kegg,hsa04713,Circadian entrainment - Homo sapiens (human),MAPK1,MAPK1,,Homo sapiens
5594,MAPK1,9606,kegg,hsa04720,Long-term potentiation - Homo sapiens (human),MAPK1,MAPK1,,Homo sapiens
5594,MAPK1,9606,kegg,hsa04722,Neurotrophin signaling pathway - Homo sapiens (human),MAPK1,MAPK1,,Homo sapiens
5594,MAPK1,9606,kegg,hsa04723,Retrograde endocannabinoid signaling - Homo sapiens (human),MAPK1,MAPK1,,Homo sapiens
5594,MAPK1,9606,kegg,hsa04724,Glutamatergic synapse - Homo sapiens (human),MAPK1,MAPK1,,Homo sapiens
5594,MAPK1,9606,kegg,hsa04725,Cholinergic synapse - Homo sapiens (human),MAPK1,MAPK1,,Homo sapiens
5594,MAPK1,9606,kegg,hsa04726,Serotonergic synapse - Homo sapiens (human),MAPK1,MAPK1,,Homo sapiens
5594,MAPK1,9606,kegg,hsa04730,Long-term depression - Homo sapiens (human),MAPK1,MAPK1,,Homo sapiens
5594,MAPK1,9606,kegg,hsa04810,Regulation of actin cytoskeleton - Homo sapiens (human),MAPK1,MAPK1,,Homo sapiens
5594,MAPK1,9606,kegg,hsa04910,Insulin signaling pathway - Homo sapiens (human),MAPK1,MAPK1,,Homo sapiens
5594,MAPK1,9606,kegg,hsa04912,GnRH signaling pathway - Homo sapiens (human),MAPK1,MAPK1,,Homo sapiens
5594,MAPK1,9606,kegg,hsa04914,Progesterone-mediated oocyte maturation - Homo sapiens (human),MAPK1,MAPK1,,Homo sapiens
5594,MAPK1,9606,kegg,hsa04915,Estrogen signaling pathway - Homo sapiens (human),MAPK1,MAPK1,,Homo sapiens
5594,MAPK1,9606,kegg,hsa04916,Melanogenesis - Homo sapiens (human),MAPK1,MAPK1,,Homo sapiens
5594,MAPK1,9606,kegg,hsa04917,Prolactin signaling pathway - Homo sapiens (human),MAPK1,MAPK1,,Homo sapiens
5594,MAPK1,9606,kegg,hsa04919,Thyroid hormone signaling pathway - Homo sapiens (human),MAPK1,MAPK1,,Homo sapiens
5594,MAPK1,9606,kegg,hsa04921,Oxytocin signaling pathway - Homo sapiens (human),MAPK1,MAPK1,,Homo sapiens
5594,MAPK1,9606,kegg,hsa04926,Relaxin signaling pathway - Homo sapiens (human),MAPK1,MAPK1,,Homo sapiens
5594,MAPK1,9606,kegg,hsa04928,"Parathyroid hormone synthesis, secretion and action - Homo sapiens (human)",MAPK1,MAPK1,,Homo sapiens
5594,MAPK1,9606,kegg,hsa04929,GnRH secretion - Homo sapiens (human),MAPK1,MAPK1,,Homo sapiens
5594,MAPK1,9606,kegg,hsa04930,Type II diabetes mellitus - Homo sapiens (human),MAPK1,MAPK1,,Homo sapiens
5594,MAPK1,9606,kegg,hsa04933,AGE-RAGE signaling pathway in diabetic complications - Homo sapiens (human),MAPK1,MAPK1,,Homo sapiens
5594,MAPK1,9606,kegg,hsa04934,Cushing syndrome - Homo sapiens (human),MAPK1,MAPK1,,Homo sapiens
5594,MAPK1,9606,kegg,hsa04935,"Growth hormone synthesis, secretion and action - Homo sapiens (human)",MAPK1,MAPK1,,Homo sapiens
5594,MAPK1,9606,kegg,hsa04960,Aldosterone-regulated sodium reabsorption - Homo sapiens (human),MAPK1,MAPK1,,Homo sapiens
5594,MAPK1,9606,kegg,hsa05010,Alzheimer disease - Homo sapiens (human),MAPK1,MAPK1,,Homo sapiens
5594,MAPK1,9606,kegg,hsa05020,Prion disease - Homo sapiens (human),MAPK1,MAPK1,,Homo sapiens
5594,MAPK1,9606,kegg,hsa05022,Pathways of neurodegeneration - multiple diseases - Homo sapiens (human),MAPK1,MAPK1,,Homo sapiens
5594,MAPK1,9606,kegg,hsa05034,Alcoholism - Homo sapiens (human),MAPK1,MAPK1,,Homo sapiens
5594,MAPK1,9606,kegg,hsa05130,Pathogenic Escherichia coli infection - Homo sapiens (human),MAPK1,MAPK1,,Homo sapiens
5594,MAPK1,9606,kegg,hsa05131,Shigellosis - Homo sapiens (human),MAPK1,MAPK1,,Homo sapiens
5594,MAPK1,9606,kegg,hsa05132,Salmonella infection - Homo sapiens (human),MAPK1,MAPK1,,Homo sapiens
5594,MAPK1,9606,kegg,hsa05133,Pertussis - Homo sapiens (human),MAPK1,MAPK1,,Homo sapiens
5594,MAPK1,9606,kegg,hsa05135,Yersinia infection - Homo sapiens (human),MAPK1,MAPK1,,Homo sapiens
5594,MAPK1,9606,kegg,hsa05140,Leishmaniasis - Homo sapiens (human),MAPK1,MAPK1,,Homo sapiens
5594,MAPK1,9606,kegg,hsa05142,Chagas disease - Homo sapiens (human),MAPK1,MAPK1,,Homo sapiens
5594,MAPK1,9606,kegg,hsa05145,Toxoplasmosis - Homo sapiens (human),MAPK1,MAPK1,,Homo sapiens
5594,MAPK1,9606,kegg,hsa05152,Tuberculosis - Homo sapiens (human),MAPK1,MAPK1,,Homo sapiens
5594,MAPK1,9606,kegg,hsa05160,Hepatitis C - Homo sapiens (human),MAPK1,MAPK1,,Homo sapiens
5594,MAPK1,9606,kegg,hsa05161,Hepatitis B - Homo sapiens (human),MAPK1,MAPK1,,Homo sapiens
5594,MAPK1,9606,kegg,hsa05163,Human cytomegalovirus infection - Homo sapiens (human),MAPK1,MAPK1,,Homo sapiens
5594,MAPK1,9606,kegg,hsa05164,Influenza A - Homo sapiens (human),MAPK1,MAPK1,,Homo sapiens
5594,MAPK1,9606,kegg,hsa05165,Human papillomavirus infection - Homo sapiens (human),MAPK1,MAPK1,,Homo sapiens
5594,MAPK1,9606,kegg,hsa05166,Human T-cell leukemia virus 1 infection - Homo sapiens (human),MAPK1,MAPK1,,Homo sapiens
5594,MAPK1,9606,kegg,hsa05167,Kaposi sarcoma-associated herpesvirus infection - Homo sapiens (human),MAPK1,MAPK1,,Homo sapiens
5594,MAPK1,9606,kegg,hsa05170,Human immunodeficiency virus 1 infection - Homo sapiens (human),MAPK1,MAPK1,,Homo sapiens
5594,MAPK1,9606,kegg,hsa05171,Coronavirus disease - COVID-19 - Homo sapiens (human),MAPK1,MAPK1,,Homo sapiens
5594,MAPK1,9606,kegg,hsa05200,Pathways in cancer - Homo sapiens (human),MAPK1,MAPK1,,Homo sapiens
5594,MAPK1,9606,kegg,hsa05203,Viral carcinogenesis - Homo sapiens (human),MAPK1,MAPK1,,Homo sapiens
5594,MAPK1,9606,kegg,hsa05205,Proteoglycans in cancer - Homo sapiens (human),MAPK1,MAPK1,,Homo sapiens
5594,MAPK1,9606,kegg,hsa05206,MicroRNAs in cancer - Homo sapiens (human),MAPK1,MAPK1,,Homo sapiens
5594,MAPK1,9606,kegg,hsa05210,Colorectal cancer - Homo sapiens (human),MAPK1,MAPK1,,Homo sapiens
5594,MAPK1,9606,kegg,hsa05211,Renal cell carcinoma - Homo sapiens (human),MAPK1,MAPK1,,Homo sapiens
5594,MAPK1,9606,kegg,hsa05212,Pancreatic cancer - Homo sapiens (human),MAPK1,MAPK1,,Homo sapiens
5594,MAPK1,9606,kegg,hsa05213,Endometrial cancer - Homo sapiens (human),MAPK1,MAPK1,,Homo sapiens
5594,MAPK1,9606,kegg,hsa05214,Glioma - Homo sapiens (human),MAPK1,MAPK1,,Homo sapiens
5594,MAPK1,9606,kegg,hsa05215,Prostate cancer - Homo sapiens (human),MAPK1,MAPK1,,Homo sapiens
5594,MAPK1,9606,kegg,hsa05216,Thyroid cancer - Homo sapiens (human),MAPK1,MAPK1,,Homo sapiens
5594,MAPK1,9606,kegg,hsa05218,Melanoma - Homo sapiens (human),MAPK1,MAPK1,,Homo sapiens
5594,MAPK1,9606,kegg,hsa05219,Bladder cancer - Homo sapiens (human),MAPK1,MAPK1,,Homo sapiens
5594,MAPK1,9606,kegg,hsa05220,Chronic myeloid leukemia - Homo sapiens (human),MAPK1,MAPK1,,Homo sapiens
5594,MAPK1,9606,kegg,hsa05221,Acute myeloid leukemia - Homo sapiens (human),MAPK1,MAPK1,,Homo sapiens
5594,MAPK1,9606,kegg,hsa05223,Non-small cell lung cancer - Homo sapiens (human),MAPK1,MAPK1,,Homo sapiens
5594,MAPK1,9606,kegg,hsa05224,Breast cancer - Homo sapiens (human),MAPK1,MAPK1,,Homo sapiens
5594,MAPK1,9606,kegg,hsa05225,Hepatocellular carcinoma - Homo sapiens (human),MAPK1,MAPK1,,Homo sapiens
5594,MAPK1,9606,kegg,hsa05226,Gastric cancer - Homo sapiens (human),MAPK1,MAPK1,,Homo sapiens
5594,MAPK1,9606,kegg,hsa05230,Central carbon metabolism in cancer - Homo sapiens (human),MAPK1,MAPK1,,Homo sapiens
5594,MAPK1,9606,kegg,hsa05231,Choline metabolism in cancer - Homo sapiens (human),MAPK1,MAPK1,,Homo sapiens
5594,MAPK1,9606,kegg,hsa05235,PD-L1 expression and PD-1 checkpoint pathway in cancer - Homo sapiens (human),MAPK1,MAPK1,,Homo sapiens
5594,MAPK1,9606,kegg,hsa05417,Lipid and atherosclerosis - Homo sapiens (human),MAPK1,MAPK1,,Homo sapiens
5594,MAPK1,9606,netpath,Pathway_Alpha6Beta4Integrin,Alpha6Beta4Integrin,MAPK1,MAPK1,,Homo sapiens
5594,MAPK1,9606,netpath,Pathway_BCR,BCR,MAPK1,MAPK1,,Homo sapiens
5594,MAPK1,9606,netpath,Pathway_BDNF,BDNF,MAPK1,MAPK1,,Homo sapiens
5594,MAPK1,9606,netpath,Pathway_CRH,CRH,MAPK1,MAPK1,,Homo sapiens
5594,MAPK1,9606,netpath,Pathway_EGFR1,EGFR1,MAPK1,MAPK1,,Homo sapiens
5594,MAPK1,9606,netpath,Pathway_Fibroblast__growth__factor-1,Fibroblast growth factor-1,MAPK1,MAPK1,,Homo sapiens
5594,MAPK1,9606,netpath,Pathway_Gastrin,Gastrin,MAPK1,MAPK1,,Homo sapiens
5594,MAPK1,9606,netpath,Pathway_Ghrelin,Ghrelin,MAPK1,MAPK1,,Homo sapiens
5594,MAPK1,9606,netpath,Pathway_ID,ID,MAPK1,MAPK1,,Homo sapiens
5594,MAPK1,9606,netpath,Pathway_IL-7,IL-7,MAPK1,MAPK1,,Homo sapiens
5594,MAPK1,9606,netpath,Pathway_IL1,IL1,MAPK1,MAPK1,,Homo sapiens
5594,MAPK1,9606,netpath,Pathway_IL11,IL11,MAPK1,MAPK1,,Homo sapiens
5594,MAPK1,9606,netpath,Pathway_IL2,IL2,MAPK1,MAPK1,,Homo sapiens
5594,MAPK1,9606,netpath,Pathway_IL3,IL3,MAPK1,MAPK1,,Homo sapiens
5594,MAPK1,9606,netpath,Pathway_IL4,IL4,MAPK1,MAPK1,,Homo sapiens
5594,MAPK1,9606,netpath,Pathway_IL6,IL6,MAPK1,MAPK1,,Homo sapiens
5594,MAPK1,9606,netpath,Pathway_IL9,IL9,MAPK1,MAPK1,,Homo sapiens
5594,MAPK1,9606,netpath,Pathway_KitReceptor,KitReceptor,MAPK1,MAPK1,,Homo sapiens
5594,MAPK1,9606,netpath,Pathway_Leptin,Leptin,MAPK1,MAPK1,,Homo sapiens
5594,MAPK1,9606,netpath,Pathway_Notch,Notch,MAPK1,MAPK1,,Homo sapiens
5594,MAPK1,9606,netpath,Pathway_Oncostatin_M,Oncostatin_M,MAPK1,MAPK1,,Homo sapiens
5594,MAPK1,9606,netpath,Pathway_Prolactin,Prolactin,MAPK1,MAPK1,,Homo sapiens
5594,MAPK1,9606,netpath,Pathway_RAGE,RAGE,MAPK1,MAPK1,,Homo sapiens
5594,MAPK1,9606,netpath,Pathway_TCR,TCR,MAPK1,MAPK1,,Homo sapiens
5594,MAPK1,9606,netpath,Pathway_TGF_beta_Receptor,TGF_beta_Receptor,MAPK1,MAPK1,,Homo sapiens
5594,MAPK1,9606,netpath,Pathway_TNFalpha,TNFalpha,MAPK1,MAPK1,,Homo sapiens
5594,MAPK1,9606,netpath,Pathway_TSLP,TSLP,MAPK1,MAPK1,,Homo sapiens
5594,MAPK1,9606,netpath,Pathway_TWEAK,TWEAK,MAPK1,MAPK1,,Homo sapiens
5594,MAPK1,9606,pid,alk1pathway,ALK1 signaling events,MAPK1,MAPK1,,Homo sapiens
5594,MAPK1,9606,pid,angiopoietinreceptor_pathway,Angiopoietin receptor Tie2-mediated signaling,MAPK1,MAPK1,,Homo sapiens
5594,MAPK1,9606,pid,anthraxpathway,Cellular roles of Anthrax toxin,MAPK1,MAPK1,,Homo sapiens
5594,MAPK1,9606,pid,ar_nongenomic_pathway,Nongenotropic Androgen signaling,MAPK1,MAPK1,,Homo sapiens
5594,MAPK1,9606,pid,arf6downstreampathway,Arf6 downstream pathway,MAPK1,MAPK1,,Homo sapiens
5594,MAPK1,9606,pid,atf2_pathway,ATF-2 transcription factor network,MAPK1,MAPK1,,Homo sapiens
5594,MAPK1,9606,pid,avb3_integrin_pathway,Integrins in angiogenesis,MAPK1,MAPK1,,Homo sapiens
5594,MAPK1,9606,pid,avb3_opn_pathway,Osteopontin-mediated events,MAPK1,MAPK1,,Homo sapiens
5594,MAPK1,9606,pid,bcr_5pathway,BCR signaling pathway,MAPK1,MAPK1,,Homo sapiens
5594,MAPK1,9606,pid,bmppathway,BMP receptor signaling,MAPK1,MAPK1,,Homo sapiens
5594,MAPK1,9606,pid,cd8tcrdownstreampathway,Downstream signaling in na&#xef;ve CD8+ T cells,MAPK1,MAPK1,,Homo sapiens
5594,MAPK1,9606,pid,cdc42_pathway,CDC42 signaling events,MAPK1,MAPK1,,Homo sapiens
5594,MAPK1,9606,pid,ceramide_pathway,Ceramide signaling pathway,MAPK1,MAPK1,,Homo sapiens
5594,MAPK1,9606,pid,cxcr3pathway,CXCR3-mediated signaling events,MAPK1,MAPK1,,Homo sapiens
5594,MAPK1,9606,pid,endothelinpathway,Endothelins,MAPK1,MAPK1,,Homo sapiens
5594,MAPK1,9606,pid,ephbfwdpathway,EPHB forward signaling,MAPK1,MAPK1,,Homo sapiens
5594,MAPK1,9606,pid,erbb1_downstream_pathway,ErbB1 downstream signaling,MAPK1,MAPK1,,Homo sapiens
5594,MAPK1,9606,pid,erbb2erbb3pathway,ErbB2/ErbB3 signaling events,MAPK1,MAPK1,,Homo sapiens
5594,MAPK1,9606,pid,erbb4_pathway,ErbB4 signaling events,MAPK1,MAPK1,,Homo sapiens
5594,MAPK1,9606,pid,fak_pathway,Signaling events mediated by focal adhesion kinase,MAPK1,MAPK1,,Homo sapiens
5594,MAPK1,9606,pid,fcer1pathway,Fc-epsilon receptor I signaling in mast cells,MAPK1,MAPK1,,Homo sapiens
5594,MAPK1,9606,pid,fgf_pathway,FGF signaling pathway,MAPK1,MAPK1,,Homo sapiens
5594,MAPK1,9606,pid,gmcsf_pathway,GMCSF-mediated signaling events,MAPK1,MAPK1,,Homo sapiens
5594,MAPK1,9606,pid,ifngpathway,IFN-gamma pathway,MAPK1,MAPK1,,Homo sapiens
5594,MAPK1,9606,pid,il2_1pathway,IL2-mediated signaling events,MAPK1,MAPK1,,Homo sapiens
5594,MAPK1,9606,pid,lymphangiogenesis_pathway,VEGFR3 signaling in lymphatic endothelium,MAPK1,MAPK1,,Homo sapiens
5594,MAPK1,9606,pid,mapktrkpathway,Trk receptor signaling mediated by the MAPK pathway,MAPK1,MAPK1,,Homo sapiens
5594,MAPK1,9606,pid,met_pathway,Signaling events mediated by Hepatocyte Growth Factor Receptor (c-Met),MAPK1,MAPK1,,Homo sapiens
5594,MAPK1,9606,pid,mtor_4pathway,mTOR signaling pathway,MAPK1,MAPK1,,Homo sapiens
5594,MAPK1,9606,pid,netrin_pathway,Netrin-mediated signaling events,MAPK1,MAPK1,,Homo sapiens
5594,MAPK1,9606,pid,pdgfrbpathway,PDGFR-beta signaling pathway,MAPK1,MAPK1,,Homo sapiens
5594,MAPK1,9606,pid,pi3kcibpathway,Class IB PI3K non-lipid kinase events,MAPK1,MAPK1,,Homo sapiens
5594,MAPK1,9606,pid,prlsignalingeventspathway,Signaling events mediated by PRL,MAPK1,MAPK1,,Homo sapiens
5594,MAPK1,9606,pid,ps1pathway,Presenilin action in Notch and Wnt signaling,MAPK1,MAPK1,,Homo sapiens
5594,MAPK1,9606,pid,reg_gr_pathway,Glucocorticoid receptor regulatory network,MAPK1,MAPK1,,Homo sapiens
5594,MAPK1,9606,pid,ret_pathway,Signaling events regulated by Ret tyrosine kinase,MAPK1,MAPK1,,Homo sapiens
5594,MAPK1,9606,pid,retinoic_acid_pathway,Retinoic acid receptors-mediated signaling,MAPK1,MAPK1,,Homo sapiens
5594,MAPK1,9606,pid,s1p_s1p1_pathway,S1P1 pathway,MAPK1,MAPK1,,Homo sapiens
5594,MAPK1,9606,pid,s1p_s1p2_pathway,S1P2 pathway,MAPK1,MAPK1,,Homo sapiens
5594,MAPK1,9606,pid,s1p_s1p3_pathway,S1P3 pathway,MAPK1,MAPK1,,Homo sapiens
5594,MAPK1,9606,pid,s1p_s1p4_pathway,S1P4 pathway,MAPK1,MAPK1,,Homo sapiens
5594,MAPK1,9606,pid,smad2_3pathway,Regulation of cytoplasmic and nuclear SMAD2/3 signaling,MAPK1,MAPK1,,Homo sapiens
5594,MAPK1,9606,pid,syndecan_1_pathway,Syndecan-1-mediated signaling events,MAPK1,MAPK1,,Homo sapiens
5594,MAPK1,9606,pid,syndecan_2_pathway,Syndecan-2-mediated signaling events,MAPK1,MAPK1,,Homo sapiens
5594,MAPK1,9606,pid,tcrraspathway,Ras signaling in the CD4+ TCR pathway,MAPK1,MAPK1,,Homo sapiens
5594,MAPK1,9606,pid,telomerasepathway,Regulation of Telomerase,MAPK1,MAPK1,,Homo sapiens
5594,MAPK1,9606,pid,trail_pathway,TRAIL signaling pathway,MAPK1,MAPK1,,Homo sapiens
5594,MAPK1,9606,pid,trkrpathway,Neurotrophic factor-mediated Trk receptor signaling,MAPK1,MAPK1,,Homo sapiens
5594,MAPK1,9606,pid,vegfr1_2_pathway,Signaling events mediated by VEGFR1 and VEGFR2,MAPK1,MAPK1,,Homo sapiens
5594,MAPK1,9606,pid,vegfr1_pathway,VEGFR1 specific signals,MAPK1,MAPK1,,Homo sapiens
5594,MAPK1,9606,smpdb,SMP00320,Intracellular Signalling Through Adenosine Receptor A2a and Adenosine,MAPK1,MAPK1,,Homo sapiens
5594,MAPK1,9606,smpdb,SMP00321,Intracellular Signalling Through Adenosine Receptor A2b and Adenosine,MAPK1,MAPK1,,Homo sapiens
5594,MAPK1,9606,smpdb,SMP00358,Fc Epsilon Receptor I Signaling in Mast Cells,MAPK1,MAPK1,,Homo sapiens
5594,MAPK1,9606,smpdb,SMP00391,Insulin Signalling,MAPK1,MAPK1,,Homo sapiens
5594,MAPK1,9606,wikipathways,WP127,IL-5 signaling pathway,MAPK1,MAPK1,,Homo sapiens
5594,MAPK1,9606,wikipathways,WP1434,Osteopontin Signaling,MAPK1,MAPK1,,Homo sapiens
5594,MAPK1,9606,wikipathways,WP1449,Regulation of toll-like receptor signaling pathway,MAPK1,MAPK1,,Homo sapiens
5594,MAPK1,9606,wikipathways,WP1528,Physiological and pathological hypertrophy of the heart,MAPK1,MAPK1,,Homo sapiens
5594,MAPK1,9606,wikipathways,WP1539,Angiogenesis,MAPK1,MAPK1,,Homo sapiens
5594,MAPK1,9606,wikipathways,WP1544,MicroRNAs in cardiomyocyte hypertrophy,MAPK1,MAPK1,,Homo sapiens
5594,MAPK1,9606,wikipathways,WP1584,Type II diabetes mellitus,MAPK1,MAPK1,,Homo sapiens
5594,MAPK1,9606,wikipathways,WP1591,Heart Development,MAPK1,MAPK1,,Homo sapiens
5594,MAPK1,9606,wikipathways,WP185,Integrin-mediated Cell Adhesion,MAPK1,MAPK1,,Homo sapiens
5594,MAPK1,9606,wikipathways,WP195,IL-1 signaling pathway,MAPK1,MAPK1,,Homo sapiens
5594,MAPK1,9606,wikipathways,WP1984,Integrated breast cancer pathway,MAPK1,MAPK1,,Homo sapiens
5594,MAPK1,9606,wikipathways,WP2018,RANKL-RANK signaling pathway,MAPK1,MAPK1,,Homo sapiens
5594,MAPK1,9606,wikipathways,WP2032,Thyroid stimulating hormone (TSH) signaling pathway,MAPK1,MAPK1,,Homo sapiens
5594,MAPK1,9606,wikipathways,WP2034,Leptin signaling pathway,MAPK1,MAPK1,,Homo sapiens
5594,MAPK1,9606,wikipathways,WP2035,Follicle Stimulating Hormone (FSH) signaling pathway,MAPK1,MAPK1,,Homo sapiens
5594,MAPK1,9606,wikipathways,WP2036,TNF related weak inducer of apoptosis (TWEAK) Signaling Pathway,MAPK1,MAPK1,,Homo sapiens
5594,MAPK1,9606,wikipathways,WP2037,Prolactin Signaling Pathway,MAPK1,MAPK1,,Homo sapiens
5594,MAPK1,9606,wikipathways,WP205,IL-7 signaling pathway,MAPK1,MAPK1,,Homo sapiens
5594,MAPK1,9606,wikipathways,WP2059,"Alzheimer,s disease",MAPK1,MAPK1,,Homo sapiens
5594,MAPK1,9606,wikipathways,WP2112,IL17 signaling pathway,MAPK1,MAPK1,,Homo sapiens
5594,MAPK1,9606,wikipathways,WP2197,Endothelin Pathways,MAPK1,MAPK1,,Homo sapiens
5594,MAPK1,9606,wikipathways,WP22,IL-9 signaling pathway,MAPK1,MAPK1,,Homo sapiens
5594,MAPK1,9606,wikipathways,WP2203,Thymic Stromal LymphoPoietin (TSLP) Signaling Pathway,MAPK1,MAPK1,,Homo sapiens
5594,MAPK1,9606,wikipathways,WP2261,Glioblastoma signaling pathways,MAPK1,MAPK1,,Homo sapiens
5594,MAPK1,9606,wikipathways,WP23,B Cell Receptor Signaling Pathway,MAPK1,MAPK1,,Homo sapiens
5594,MAPK1,9606,wikipathways,WP231,TNF-alpha signaling pathway,MAPK1,MAPK1,,Homo sapiens
5594,MAPK1,9606,wikipathways,WP2324,AGE-RAGE pathway,MAPK1,MAPK1,,Homo sapiens
5594,MAPK1,9606,wikipathways,WP2332,Interleukin-11 Signaling Pathway,MAPK1,MAPK1,,Homo sapiens
5594,MAPK1,9606,wikipathways,WP2355,Corticotropin-releasing hormone signaling pathway,MAPK1,MAPK1,,Homo sapiens
5594,MAPK1,9606,wikipathways,WP2374,Oncostatin M Signaling Pathway,MAPK1,MAPK1,,Homo sapiens
5594,MAPK1,9606,wikipathways,WP2380,Brain-derived neurotrophic factor (BDNF) signaling pathway,MAPK1,MAPK1,,Homo sapiens
5594,MAPK1,9606,wikipathways,WP2431,Spinal Cord Injury,MAPK1,MAPK1,,Homo sapiens
5594,MAPK1,9606,wikipathways,WP244,Alpha 6 Beta 4 signaling pathway,MAPK1,MAPK1,,Homo sapiens
5594,MAPK1,9606,wikipathways,WP2526,PDGF Pathway,MAPK1,MAPK1,,Homo sapiens
5594,MAPK1,9606,wikipathways,WP2586,Aryl Hydrocarbon Receptor Netpath,MAPK1,MAPK1,,Homo sapiens
5594,MAPK1,9606,wikipathways,WP26,Signal Transduction of S1P Receptor,MAPK1,MAPK1,,Homo sapiens
5594,MAPK1,9606,wikipathways,WP262,Ebstein-Barr virus LMP1 signaling,MAPK1,MAPK1,,Homo sapiens
5594,MAPK1,9606,wikipathways,WP2636,Common Pathways Underlying Drug Addiction,MAPK1,MAPK1,,Homo sapiens
5594,MAPK1,9606,wikipathways,WP2637,Structural Pathway of Interleukin 1 (IL-1),MAPK1,MAPK1,,Homo sapiens
5594,MAPK1,9606,wikipathways,WP2795,Cardiac Hypertrophic Response,MAPK1,MAPK1,,Homo sapiens
5594,MAPK1,9606,wikipathways,WP2828,Bladder cancer,MAPK1,MAPK1,,Homo sapiens
5594,MAPK1,9606,wikipathways,WP286,IL-3 signaling pathway,MAPK1,MAPK1,,Homo sapiens
5594,MAPK1,9606,wikipathways,WP2864,Apoptosis-related network due to altered Notch3 in ovarian cancer,MAPK1,MAPK1,,Homo sapiens
5594,MAPK1,9606,wikipathways,WP2868,TCA Cycle Nutrient Utilization and Invasiveness of Ovarian Cancer,MAPK1,MAPK1,,Homo sapiens
5594,MAPK1,9606,wikipathways,WP304,Kit receptor signaling pathway,MAPK1,MAPK1,,Homo sapiens
5594,MAPK1,9606,wikipathways,WP306,Focal Adhesion,MAPK1,MAPK1,,Homo sapiens
5594,MAPK1,9606,wikipathways,WP313,Signaling of Hepatocyte Growth Factor Receptor,MAPK1,MAPK1,,Homo sapiens
5594,MAPK1,9606,wikipathways,WP3301,MFAP5-mediated ovarian cancer cell motility and invasiveness,MAPK1,MAPK1,,Homo sapiens
5594,MAPK1,9606,wikipathways,WP3303,RAC1-PAK1-p38-MMP2 Pathway,MAPK1,MAPK1,,Homo sapiens
5594,MAPK1,9606,wikipathways,WP363,Wnt Signaling Pathway,MAPK1,MAPK1,,Homo sapiens
5594,MAPK1,9606,wikipathways,WP364,IL-6 signaling pathway,MAPK1,MAPK1,,Homo sapiens
5594,MAPK1,9606,wikipathways,WP366,TGF-beta Signaling Pathway,MAPK1,MAPK1,,Homo sapiens
5594,MAPK1,9606,wikipathways,WP3668,Hypothesized Pathways in Pathogenesis of Cardiovascular Disease,MAPK1,MAPK1,,Homo sapiens
5594,MAPK1,9606,wikipathways,WP3676,BDNF-TrkB Signaling,MAPK1,MAPK1,,Homo sapiens
5594,MAPK1,9606,wikipathways,WP3680,Association Between Physico-Chemical Features and Toxicity Associated Pathways,MAPK1,MAPK1,,Homo sapiens
5594,MAPK1,9606,wikipathways,WP382,MAPK Signaling Pathway,MAPK1,MAPK1,,Homo sapiens
5594,MAPK1,9606,wikipathways,WP3849,MAPK and NFkB signaling pathways inhibited by Yersinia YopJ,MAPK1,MAPK1,,Homo sapiens
5594,MAPK1,9606,wikipathways,WP3853,"ERK Pathway in Huntington,s Disease",MAPK1,MAPK1,,Homo sapiens
5594,MAPK1,9606,wikipathways,WP3858,Toll-like Receptor Signaling related to MyD88,MAPK1,MAPK1,,Homo sapiens
5594,MAPK1,9606,wikipathways,WP3859,TGF-B Signaling in Thyroid Cells for Epithelial-Mesenchymal Transition,MAPK1,MAPK1,,Homo sapiens
5594,MAPK1,9606,wikipathways,WP3879,"4-hydroxytamoxifen, Dexamethasone, and Retinoic Acids Regulation of p27 Expression",MAPK1,MAPK1,,Homo sapiens
5594,MAPK1,9606,wikipathways,WP3888,VEGFA-VEGFR2 Signaling Pathway,MAPK1,MAPK1,,Homo sapiens
5594,MAPK1,9606,wikipathways,WP3915,Angiopoietin Like Protein 8 Regulatory Pathway,MAPK1,MAPK1,,Homo sapiens
5594,MAPK1,9606,wikipathways,WP3929,Chemokine signaling pathway,MAPK1,MAPK1,,Homo sapiens
5594,MAPK1,9606,wikipathways,WP3931,ESC Pluripotency Pathways,MAPK1,MAPK1,,Homo sapiens
5594,MAPK1,9606,wikipathways,WP3932,Focal Adhesion-PI3K-Akt-mTOR-signaling pathway,MAPK1,MAPK1,,Homo sapiens
5594,MAPK1,9606,wikipathways,WP395,IL-4 signaling pathway,MAPK1,MAPK1,,Homo sapiens
5594,MAPK1,9606,wikipathways,WP3995,Prion disease pathway,MAPK1,MAPK1,,Homo sapiens
5594,MAPK1,9606,wikipathways,WP4155,Endometrial cancer,MAPK1,MAPK1,,Homo sapiens
5594,MAPK1,9606,wikipathways,WP4172,PI3K-Akt signaling pathway,MAPK1,MAPK1,,Homo sapiens
5594,MAPK1,9606,wikipathways,WP4216,Chromosomal and microsatellite instability in colorectal cancer,MAPK1,MAPK1,,Homo sapiens
5594,MAPK1,9606,wikipathways,WP4217,Ebola Virus Pathway on Host,MAPK1,MAPK1,,Homo sapiens
5594,MAPK1,9606,wikipathways,WP422,MAPK Cascade,MAPK1,MAPK1,,Homo sapiens
5594,MAPK1,9606,wikipathways,WP4223,Ras signaling,MAPK1,MAPK1,,Homo sapiens
5594,MAPK1,9606,wikipathways,WP4239,Epithelial to mesenchymal transition in colorectal cancer,MAPK1,MAPK1,,Homo sapiens
5594,MAPK1,9606,wikipathways,WP4255,Non-small cell lung cancer,MAPK1,MAPK1,,Homo sapiens
5594,MAPK1,9606,wikipathways,WP4262,Breast cancer pathway,MAPK1,MAPK1,,Homo sapiens
5594,MAPK1,9606,wikipathways,WP4263,Pancreatic adenocarcinoma pathway,MAPK1,MAPK1,,Homo sapiens
5594,MAPK1,9606,wikipathways,WP4298,Acute viral myocarditis,MAPK1,MAPK1,,Homo sapiens
5594,MAPK1,9606,wikipathways,WP4301,Inhibition of exosome biogenesis and secretion by Manumycin A in CRPC cells,MAPK1,MAPK1,,Homo sapiens
5594,MAPK1,9606,wikipathways,WP4331,Neovascularisation processes,MAPK1,MAPK1,,Homo sapiens
5594,MAPK1,9606,wikipathways,WP4341,"Non-genomic actions of 1,25 dihydroxyvitamin D3",MAPK1,MAPK1,,Homo sapiens
5594,MAPK1,9606,wikipathways,WP437,EGF-EGFR signaling pathway,MAPK1,MAPK1,,Homo sapiens
5594,MAPK1,9606,wikipathways,WP4389,Bile acids synthesis and enterohepatic circulation,MAPK1,MAPK1,,Homo sapiens
5594,MAPK1,9606,wikipathways,WP4481,Resistin as a regulator of inflammation,MAPK1,MAPK1,,Homo sapiens
5594,MAPK1,9606,wikipathways,WP4483,"Relationship between inflammation, COX-2 and EGFR",MAPK1,MAPK1,,Homo sapiens
5594,MAPK1,9606,wikipathways,WP4535,Envelope proteins and their potential roles in EDMD physiopathology,MAPK1,MAPK1,,Homo sapiens
5594,MAPK1,9606,wikipathways,WP4538,Regulatory circuits of the STAT3 signaling pathway,MAPK1,MAPK1,,Homo sapiens
5594,MAPK1,9606,wikipathways,WP4539,Synaptic signaling pathways associated with autism spectrum disorder,MAPK1,MAPK1,,Homo sapiens
5594,MAPK1,9606,wikipathways,WP4549,Fragile X Syndrome,MAPK1,MAPK1,,Homo sapiens
5594,MAPK1,9606,wikipathways,WP4553,FBXL10 enhancement of MAP-ERK signaling in diffuse large B-cell lymphoma,MAPK1,MAPK1,,Homo sapiens
5594,MAPK1,9606,wikipathways,WP4560,MFAP5 effect on permeability and motility of endothelial cells via cytoskeleton rearrangement,MAPK1,MAPK1,,Homo sapiens
5594,MAPK1,9606,wikipathways,WP4566,Translation inhibitors in chronically activated PDGFRA cells,MAPK1,MAPK1,,Homo sapiens
5594,MAPK1,9606,wikipathways,WP4659,Gastrin signaling pathway,MAPK1,MAPK1,,Homo sapiens
5594,MAPK1,9606,wikipathways,WP4666,Hepatitis B infection,MAPK1,MAPK1,,Homo sapiens
5594,MAPK1,9606,wikipathways,WP4685,Melanoma,MAPK1,MAPK1,,Homo sapiens
5594,MAPK1,9606,wikipathways,WP4747,Netrin-UNC5B signaling pathway,MAPK1,MAPK1,,Homo sapiens
5594,MAPK1,9606,wikipathways,WP4754,IL-18 signaling pathway,MAPK1,MAPK1,,Homo sapiens
5594,MAPK1,9606,wikipathways,WP4767,FGFR3 signaling in chondrocyte proliferation and terminal differentiation,MAPK1,MAPK1,,Homo sapiens
5594,MAPK1,9606,wikipathways,WP4787,Osteoblast differentiation,MAPK1,MAPK1,,Homo sapiens
5594,MAPK1,9606,wikipathways,WP4806,EGFR Tyrosine Kinase Inhibitor Resistance,MAPK1,MAPK1,,Homo sapiens
5594,MAPK1,9606,wikipathways,WP481,Insulin Signaling,MAPK1,MAPK1,,Homo sapiens
5594,MAPK1,9606,wikipathways,WP4838,Regucalcin in proximal tubule epithelial kidney cells,MAPK1,MAPK1,,Homo sapiens
5594,MAPK1,9606,wikipathways,WP4871,Kisspeptin-kisspeptin receptor system in the ovary,MAPK1,MAPK1,,Homo sapiens
5594,MAPK1,9606,wikipathways,WP4872,MAP3K1 role in promoting and blocking gonadal determination,MAPK1,MAPK1,,Homo sapiens
5594,MAPK1,9606,wikipathways,WP4874,CAMKK2 Pathway,MAPK1,MAPK1,,Homo sapiens
5594,MAPK1,9606,wikipathways,WP4875,Disruption of postsynaptic signaling by CNV,MAPK1,MAPK1,,Homo sapiens
5594,MAPK1,9606,wikipathways,WP4877,Host-pathogen interaction of human coronaviruses - MAPK signaling,MAPK1,MAPK1,,Homo sapiens
5594,MAPK1,9606,wikipathways,WP49,IL-2 signaling pathway,MAPK1,MAPK1,,Homo sapiens
5594,MAPK1,9606,wikipathways,WP4969,RAS and bradykinin pathways in COVID-19,MAPK1,MAPK1,,Homo sapiens
5594,MAPK1,9606,wikipathways,WP5074,"Kallmann,s Syndrome",MAPK1,MAPK1,,Homo sapiens
5594,MAPK1,9606,wikipathways,WP51,Regulation of Actin Cytoskeleton,MAPK1,MAPK1,,Homo sapiens
5594,MAPK1,9606,wikipathways,WP581,EPO Receptor Signaling,MAPK1,MAPK1,,Homo sapiens
5594,MAPK1,9606,wikipathways,WP615,Senescence and Autophagy in Cancer,MAPK1,MAPK1,,Homo sapiens
5594,MAPK1,9606,wikipathways,WP673,ErbB signaling pathway,MAPK1,MAPK1,,Homo sapiens
5594,MAPK1,9606,wikipathways,WP69,T-cell receptor (TCR) signaling pathway,MAPK1,MAPK1,,Homo sapiens
5594,MAPK1,9606,wikipathways,WP710,DNA damage response (only ATM dependent),MAPK1,MAPK1,,Homo sapiens
5594,MAPK1,9606,wikipathways,WP712,Estrogen signaling pathway,MAPK1,MAPK1,,Homo sapiens
5594,MAPK1,9606,wikipathways,WP716,Vitamin A and carotenoid metabolism,MAPK1,MAPK1,,Homo sapiens
5594,MAPK1,9606,wikipathways,WP732,Serotonin Receptor 2 and ELK-SRF-GATA4 signaling,MAPK1,MAPK1,,Homo sapiens
5594,MAPK1,9606,wikipathways,WP734,Serotonin Receptor 4-6-7 and NR3C Signaling,MAPK1,MAPK1,,Homo sapiens
5594,MAPK1,9606,wikipathways,WP75,Toll-like Receptor Signaling Pathway,MAPK1,MAPK1,,Homo sapiens
2166,FAAH,9606,biocarta,cb1rpathway,metabolism of anandamide an endogenous cannabinoid,FAAH,FAAH,,Homo sapiens
2166,FAAH,9606,humancyc,PWY6666-1,anandamide degradation,FAAH,FAAH,,Homo sapiens
2166,FAAH,9606,kegg,hsa04723,Retrograde endocannabinoid signaling - Homo sapiens (human),FAAH,FAAH,,Homo sapiens
2166,FAAH,9606,wikipathways,WP3869,Cannabinoid receptor signaling,FAAH,FAAH,,Homo sapiens
1302,COL11A2,9606,kegg,hsa04974,Protein digestion and absorption - Homo sapiens (human),COL11A2,COL11A2,,Homo sapiens
1302,COL11A2,9606,pid,avb3_integrin_pathway,Integrins in angiogenesis,COL11A2,COL11A2,,Homo sapiens
1302,COL11A2,9606,pid,integrin1_pathway,Beta1 integrin cell surface interactions,COL11A2,COL11A2,,Homo sapiens
1302,COL11A2,9606,pid,syndecan_1_pathway,Syndecan-1-mediated signaling events,COL11A2,COL11A2,,Homo sapiens
1302,COL11A2,9606,wikipathways,WP2064,Neural Crest Differentiation,COL11A2,COL11A2,,Homo sapiens
1302,COL11A2,9606,wikipathways,WP3932,Focal Adhesion-PI3K-Akt-mTOR-signaling pathway,COL11A2,COL11A2,,Homo sapiens
1268,CNR1,9606,biocarta,cb1rpathway,metabolism of anandamide an endogenous cannabinoid,CNR1,CNR1,,Homo sapiens
1268,CNR1,9606,kegg,hsa04015,Rap1 signaling pathway - Homo sapiens (human),CNR1,CNR1,,Homo sapiens
1268,CNR1,9606,kegg,hsa04080,Neuroactive ligand-receptor interaction - Homo sapiens (human),CNR1,CNR1,,Homo sapiens
1268,CNR1,9606,kegg,hsa04714,Thermogenesis - Homo sapiens (human),CNR1,CNR1,,Homo sapiens
1268,CNR1,9606,kegg,hsa04723,Retrograde endocannabinoid signaling - Homo sapiens (human),CNR1,CNR1,,Homo sapiens
1268,CNR1,9606,pid,ncadherinpathway,N-cadherin signaling events,CNR1,CNR1,,Homo sapiens
1268,CNR1,9606,wikipathways,WP117,"GPCRs, Other",CNR1,CNR1,,Homo sapiens
1268,CNR1,9606,wikipathways,WP2380,Brain-derived neurotrophic factor (BDNF) signaling pathway,CNR1,CNR1,,Homo sapiens
1268,CNR1,9606,wikipathways,WP247,Small Ligand GPCRs,CNR1,CNR1,,Homo sapiens
1268,CNR1,9606,wikipathways,WP3679,Cell-type Dependent Selectivity of CCK2R Signaling,CNR1,CNR1,,Homo sapiens
1268,CNR1,9606,wikipathways,WP3869,Cannabinoid receptor signaling,CNR1,CNR1,,Homo sapiens
1268,CNR1,9606,wikipathways,WP4321,Thermogenesis,CNR1,CNR1,,Homo sapiens
1268,CNR1,9606,wikipathways,WP4549,Fragile X Syndrome,CNR1,CNR1,,Homo sapiens
1268,CNR1,9606,wikipathways,WP455,"GPCRs, Class A Rhodopsin-like",CNR1,CNR1,,Homo sapiens
8842,PROM1,9606,kegg,hsa05202,Transcriptional misregulation in cancer - Homo sapiens (human),PROM1,PROM1,,Homo sapiens
8842,PROM1,9606,wikipathways,WP2870,Extracellular vesicle-mediated signaling in recipient cells,PROM1,PROM1,,Homo sapiens
