PMID,Section,EntityType,Mention,NormalizedName,NormalizedID,Database,Valid
39833563,title,Disease,in,,,,False
39833563,abstract,Disease,in,,,,False
39833563,abstract,Disease,neuropsychiatric disorders,Mental Disorders,D001523,ncbi_mesh,True
39833563,abstract,Disease,schizophrenia,Schizophrenia,D012559,ncbi_mesh,True
39833563,abstract,Species,mice,10090,10090,ncbi_taxonomy,True
39833563,abstract,Disease,in,,,,False
39833563,abstract,Disease,in,,,,False
39833563,abstract,Disease,aggression,Personality Disorders,D010554,ncbi_mesh,True
39833563,abstract,Species,mice,10090,10090,ncbi_taxonomy,True
39833563,abstract,Disease,social defeat,300082,300082,omim,True
39833563,abstract,Species,mice,10090,10090,ncbi_taxonomy,True
39833563,abstract,Disease,in,,,,False
39833563,abstract,Species,mice,10090,10090,ncbi_taxonomy,True
39833563,abstract,Disease,in,,,,False
39833563,abstract,Disease,in,,,,False
39833563,abstract,Chemical,clozapine,Clozapine,D003024,ncbi_mesh,True
39833563,abstract,Disease,schizophrenia,Schizophrenia,D012559,ncbi_mesh,True
39833563,abstract,Disease,in,,,,False
39833563,abstract,Species,mice,10090,10090,ncbi_taxonomy,True
39833563,abstract,Disease,in,,,,False
39851628,title,Disease,Myocardial Ischaemia,Cardiomyopathies,D009202,ncbi_mesh,True
39851628,abstract,Disease,Myocardial ischaemia,Cardiomyopathies,D009202,ncbi_mesh,True
39851628,abstract,Chemical,oxygen,Oxygen,D010100,ncbi_mesh,True
39851628,abstract,Disease,coronary atherosclerosis,Coronary Artery Disease,D003324,ncbi_mesh,True
39851628,abstract,Disease,ischaemia,Ischemia,D007511,ncbi_mesh,True
39851628,abstract,Disease,malignant arrhythmias,Arrhythmias Cardiac,D001145,ncbi_mesh,True
39851628,abstract,Disease,occlusion of both the left anterior descending (LAD) and right anterior coronary artery,Anterior Spinal Artery Syndrome,D020759,ncbi_mesh,True
39851628,abstract,Disease,RCA,Coronary Artery Disease,D003324,ncbi_mesh,True
39851628,abstract,Species,patient,9606,9606,ncbi_taxonomy,True
39851628,abstract,Disease,ischaemia,Ischemia,D007511,ncbi_mesh,True
39851628,abstract,Disease,LAD occlusion,Dissection Thoracic Aorta,D000094629,ncbi_mesh,True
39851628,abstract,Disease,RCA occlusion,Arterial Occlusive Diseases,D001157,ncbi_mesh,True
39851628,abstract,Disease,RCA,Coronary Artery Disease,D003324,ncbi_mesh,True
39853576,title,Disease,Sleep apnea,Sleep Apnea Syndromes,D012891,ncbi_mesh,True
39853576,abstract,Disease,Obstructive sleep apnea,Sleep Apnea Obstructive,D020181,ncbi_mesh,True
39853576,abstract,Disease,OSA,Sleep Apnea Obstructive,D020181,ncbi_mesh,True
39853576,abstract,Disease,neurocognitive impairment,Neurocognitive Disorders,D019965,ncbi_mesh,True
39853576,abstract,Disease,cardiovascular diseases,Cardiovascular Diseases,D002318,ncbi_mesh,True
39853576,abstract,Disease,OSA,Sleep Apnea Obstructive,D020181,ncbi_mesh,True
39853576,abstract,Disease,OSA,Sleep Apnea Obstructive,D020181,ncbi_mesh,True
39853576,abstract,Species,Participants,9606,9606,ncbi_taxonomy,True
39853576,abstract,Disease,OSA,Sleep Apnea Obstructive,D020181,ncbi_mesh,True
39853576,abstract,Disease,OSA,Sleep Apnea Obstructive,D020181,ncbi_mesh,True
39853576,abstract,Disease,snoring,Snoring,D012913,ncbi_mesh,True
39853576,abstract,Disease,apneas,Apnea,D001049,ncbi_mesh,True
39853576,abstract,Disease,hypertension,Hypertension,D006973,ncbi_mesh,True
39853576,abstract,Disease,OSA,Sleep Apnea Obstructive,D020181,ncbi_mesh,True
39853576,abstract,Disease,OSA,Sleep Apnea Obstructive,D020181,ncbi_mesh,True
39853576,abstract,Disease,OSA,Sleep Apnea Obstructive,D020181,ncbi_mesh,True
39855537,title,Chemical,Ketamine,Ketamine,D007649,ncbi_mesh,True
39855537,abstract,Chemical,Ketamine,Ketamine,D007649,ncbi_mesh,True
39855537,abstract,Chemical,ketamine,Ketamine,D007649,ncbi_mesh,True
39855537,abstract,Species,mouse,10090,10090,ncbi_taxonomy,True
39855537,abstract,Chemical,Ketamine,Ketamine,D007649,ncbi_mesh,True
39855537,abstract,Gene,parvalbumin,Pvalb,19293,ncbi_gene,True
39855537,abstract,Chemical,ketamine,Ketamine,D007649,ncbi_mesh,True
39855537,abstract,Gene,parvalbumin,Pvalb,19293,ncbi_gene,True
39947439,title,Disease,neurotoxicity,Neurotoxicity Syndromes,D020258,ncbi_mesh,True
39947439,title,Chemical,methamphetamine,Methamphetamine,D008694,ncbi_mesh,True
39947439,title,Gene,dopamine transporter,SLC6A3,6531,ncbi_gene,True
39947439,title,Gene,DAT,SLC6A3,6531,ncbi_gene,True
39947439,abstract,Chemical,Methamphetamine,Methamphetamine,D008694,ncbi_mesh,True
39947439,abstract,Chemical,METH,Methamphetamine,D008694,ncbi_mesh,True
39947439,abstract,Chemical,METH,Methamphetamine,D008694,ncbi_mesh,True
39947439,abstract,Chemical,dopaminergic,Dopamine,D004298,ncbi_mesh,True
39947439,abstract,Disease,Parkinson's disease,Parkinson Disease,D010300,ncbi_mesh,True
39947439,abstract,Chemical,METH,Methamphetamine,D008694,ncbi_mesh,True
39947439,abstract,Chemical,dopaminergic,Dopamine,D004298,ncbi_mesh,True
39947439,abstract,Disease,neurotoxicity,Neurotoxicity Syndromes,D020258,ncbi_mesh,True
39947439,abstract,Species,mice,10090,10090,ncbi_taxonomy,True
39947439,abstract,Chemical,METH,Methamphetamine,D008694,ncbi_mesh,True
39947439,abstract,Chemical,dopaminergic,Dopamine,D004298,ncbi_mesh,True
39947439,abstract,Chemical,Dopaminergic,Dopamine,D004298,ncbi_mesh,True
39947439,abstract,Gene,tyrosine hydroxylase,TH,7054,ncbi_gene,True
39947439,abstract,Gene,TH,TH,7054,ncbi_gene,True
39947439,abstract,Gene,vesicular monoamine transporter 2,SLC18A2,6571,ncbi_gene,True
39947439,abstract,Gene,VMAT2,SLC18A2,6571,ncbi_gene,True
39947439,abstract,Gene,dopamine transporter,SLC6A3,6531,ncbi_gene,True
39947439,abstract,Gene,DAT,SLC6A3,6531,ncbi_gene,True
39947439,abstract,Disease,neuroinflammation,Neuroinflammatory Diseases,D000090862,ncbi_mesh,True
39947439,abstract,Chemical,dopaminergic,Dopamine,D004298,ncbi_mesh,True
39947439,abstract,Chemical,METH,Methamphetamine,D008694,ncbi_mesh,True
39947439,abstract,Disease,neurotoxicity,Neurotoxicity Syndromes,D020258,ncbi_mesh,True
39947439,abstract,Gene,DAT,SLC6A3,6531,ncbi_gene,True
39947439,abstract,Chemical,METH,Methamphetamine,D008694,ncbi_mesh,True
39947439,abstract,Disease,neurotoxic,Neurotoxicity Syndromes,D020258,ncbi_mesh,True
39955250,title,Gene,AQUAPORIN-9,AQP9,366,ncbi_gene,True
39955250,title,Disease,preeclampsia,Pre-Eclampsia,D011225,ncbi_mesh,True
39955250,abstract,Disease,Preeclampsia,Pre-Eclampsia,D011225,ncbi_mesh,True
39955250,abstract,Gene,AQP9,AQP9,366,ncbi_gene,True
39955250,abstract,Disease,preeclamptic,Preeclamptic toxemia,C538543,ncbi_mesh,True
39955250,abstract,Gene,AQP9,AQP9,366,ncbi_gene,True
39955250,abstract,Gene,AQP9,AQP9,366,ncbi_gene,True
39955250,abstract,Disease,preeclampsia,Pre-Eclampsia,D011225,ncbi_mesh,True
39955250,abstract,Gene,AQP9,AQP9,366,ncbi_gene,True
39955250,abstract,Chemical,3NyT,,,,False
39955250,abstract,Gene,AQP9,AQP9,366,ncbi_gene,True
39955250,abstract,Disease,preeclamptic,Preeclamptic toxemia,C538543,ncbi_mesh,True
39955250,abstract,Gene,AQP9,AQP9,366,ncbi_gene,True
39955250,abstract,Chemical,ONOO-,,,,False
39955250,abstract,Chemical,Water,Water,D014867,ncbi_mesh,True
39955250,abstract,Chemical,lactate,Lactic Acid,D019344,ncbi_mesh,True
39955250,abstract,Gene,AQP9,AQP9,366,ncbi_gene,True
39955250,abstract,Gene,AQP9,AQP9,366,ncbi_gene,True
39955250,abstract,Gene,AQP9,AQP9,366,ncbi_gene,True
39955250,abstract,Gene,AQP9,AQP9,366,ncbi_gene,True
39955250,abstract,Gene,AQP9,AQP9,366,ncbi_gene,True
39955250,abstract,Disease,preeclamptic,Preeclamptic toxemia,C538543,ncbi_mesh,True
39955250,abstract,Chemical,Peroxynitrite,Peroxynitrous Acid,D030421,ncbi_mesh,True
39955250,abstract,Gene,AQP9,AQP9,366,ncbi_gene,True
39955250,abstract,Chemical,water,Water,D014867,ncbi_mesh,True
39955250,abstract,Chemical,lactate,Lactic Acid,D019344,ncbi_mesh,True
39955250,abstract,Gene,AQP9,AQP9,366,ncbi_gene,True
39955250,abstract,Disease,preeclampsia,Pre-Eclampsia,D011225,ncbi_mesh,True
40012853,title,Disease,Neuroinflammatory,Neuroinflammatory Diseases,D000090862,ncbi_mesh,True
40012853,title,Disease,neurological disorders,Neurologic Manifestations,D009461,ncbi_mesh,True
40451786,abstract,Disease,death,Death,D003643,ncbi_mesh,True
40527250,title,Gene,Aquaporin-1,AQP1,358,ncbi_gene,True
40527250,title,Gene,aquaporin-4,AQP4,361,ncbi_gene,True
40527250,title,Species,human,9606,9606,ncbi_taxonomy,True
40527250,title,Gene,caveolin-1,CAV1,857,ncbi_gene,True
40553107,title,Disease,dyskinetic,Cerebral Palsy,D002547,ncbi_mesh,True
40553107,title,Species,mice,10090,10090,ncbi_taxonomy,True
40553107,title,Gene,dopamine D5 receptor,Drd5,13492,ncbi_gene,True
40553107,abstract,Chemical,glutamate,Glutamic Acid,D018698,ncbi_mesh,True
40553107,abstract,Chemical,dopamine,Dopamine,D004298,ncbi_mesh,True
40553107,abstract,Gene,D2R,Drd2,13489,ncbi_gene,True
40553107,abstract,Disease,parkinsonian,Parkinson Disease,D010300,ncbi_mesh,True
40553107,abstract,Species,mice,10090,10090,ncbi_taxonomy,True
40553107,abstract,Disease,dyskinetic,Cerebral Palsy,D002547,ncbi_mesh,True
40553107,abstract,Chemical,L-DOPA,Levodopa,D007980,ncbi_mesh,True
40553107,abstract,Gene,D5R,Drd5,13492,ncbi_gene,True
40553107,abstract,Chemical,clozapine,Clozapine,D003024,ncbi_mesh,True
40553107,abstract,Gene,D5R,Drd5,13492,ncbi_gene,True
40553107,abstract,Chemical,quinpirole,Quinpirole,D019257,ncbi_mesh,True
40553107,abstract,Chemical,sumanirole,U 95666E,C108539,ncbi_mesh,True
40553107,abstract,Disease,dyskinetic,Cerebral Palsy,D002547,ncbi_mesh,True
40553107,abstract,Species,mice,10090,10090,ncbi_taxonomy,True
40553107,abstract,Disease,parkinsonian,Parkinson Disease,D010300,ncbi_mesh,True
40553107,abstract,Species,mice,10090,10090,ncbi_taxonomy,True
40553107,abstract,Disease,dyskinetic,Cerebral Palsy,D002547,ncbi_mesh,True
40553107,abstract,Disease,dyskinetic,Cerebral Palsy,D002547,ncbi_mesh,True
40553107,abstract,Species,mice,10090,10090,ncbi_taxonomy,True
40553107,abstract,Gene,D5R,Drd5,13492,ncbi_gene,True
40553107,abstract,Disease,Parkinson's disease,Parkinson Disease,D010300,ncbi_mesh,True
40577142,title,Chemical,Sodium,Sodium,D012964,ncbi_mesh,True
40577142,title,Gene,CD4+,CD4,920,ncbi_gene,True
40577142,title,Disease,renal inflammation,Inflammation,D007249,ncbi_mesh,True
40577142,abstract,Species,women,9606,9606,ncbi_taxonomy,True
40577142,abstract,Chemical,sodium,Sodium,D012964,ncbi_mesh,True
40577142,abstract,Species,women,9606,9606,ncbi_taxonomy,True
40577142,abstract,Chemical,sodium,Sodium,D012964,ncbi_mesh,True
40577142,abstract,Disease,hypertension,Hypertension,D006973,ncbi_mesh,True
40577142,abstract,Chemical,salt,Salts,D012492,ncbi_mesh,True
40577142,abstract,Species,rats,10116,10116,ncbi_taxonomy,True
40577142,abstract,Chemical,sodium,Sodium,D012964,ncbi_mesh,True
40577142,abstract,Species,rats,10116,10116,ncbi_taxonomy,True
40577142,abstract,Chemical,sodium,Sodium,D012964,ncbi_mesh,True
40577142,abstract,Disease,inflammatory,Inflammation,D007249,ncbi_mesh,True
40577142,abstract,Disease,hypertension,Hypertension,D006973,ncbi_mesh,True
40577142,abstract,Disease,renal damage,Kidney Diseases,D007674,ncbi_mesh,True
40577142,abstract,Species,women,9606,9606,ncbi_taxonomy,True
40577142,abstract,Chemical,sodium,Sodium,D012964,ncbi_mesh,True
40587395,title,Species,Human,9606,9606,ncbi_taxonomy,True
40587395,abstract,Species,Human,9606,9606,ncbi_taxonomy,True
40587395,abstract,CellLine,HRTEC,WN15,WN15,cvcl,True
40587395,abstract,Species,patients,9606,9606,ncbi_taxonomy,True
40587395,abstract,Chemical,RPMI 1640,,,,False
40587395,abstract,Chemical,CO2at,,,,False
40587395,abstract,CellLine,HRTEC,WN15,WN15,cvcl,True
40587395,abstract,Species,human,9606,9606,ncbi_taxonomy,True
40587395,abstract,CellLine,HRTEC,WN15,WN15,cvcl,True
40587395,abstract,CellLine,HRTEC,WN15,WN15,cvcl,True
40587395,abstract,CellLine,HRTEC,WN15,WN15,cvcl,True
40587395,abstract,Disease,cytotoxic,Drug-Related Side Effects and Adverse Reactions,D064420,ncbi_mesh,True
40587395,abstract,Disease,hemolytic uremic syndrome,Hemolytic-Uremic Syndrome,D006463,ncbi_mesh,True
40587395,abstract,Disease,HUS,Hemolytic-Uremic Syndrome,D006463,ncbi_mesh,True
40587395,abstract,CellLine,HRTEC,WN15,WN15,cvcl,True
40587395,abstract,CellLine,HRTEC,WN15,WN15,cvcl,True
40587395,abstract,Species,human,9606,9606,ncbi_taxonomy,True
40595449,title,Species,Drosophila,7227,7227,ncbi_taxonomy,True
40595449,abstract,Species,Drosophila,7227,7227,ncbi_taxonomy,True
40595449,abstract,Species,mammalian,9606,9606,ncbi_taxonomy,True
40595449,abstract,Species,mammalian,9606,9606,ncbi_taxonomy,True
40595449,abstract,Gene,TOR,RORC,6097,ncbi_gene,True
40603573,title,Gene,4EBP,Thor,33569,ncbi_gene,True
40603573,title,Gene,Thor,Thor,33569,ncbi_gene,True
40603573,title,Species,Drosophila,7227,7227,ncbi_taxonomy,True
40603573,title,Disease,hypoxia,Hypoxia,D000860,ncbi_mesh,True
40603573,abstract,Disease,hypoxia,Hypoxia,D000860,ncbi_mesh,True
40603573,abstract,Gene,Sima,sima,43580,ncbi_gene,True
40603573,abstract,Gene,4E-BP,Thor,33569,ncbi_gene,True
40603573,abstract,Gene,Thor,Thor,33569,ncbi_gene,True
40603573,abstract,Gene,4E-BP,Thor,33569,ncbi_gene,True
40603573,abstract,Gene,Thor,Thor,33569,ncbi_gene,True
40603573,abstract,Species,Drosophila,7227,7227,ncbi_taxonomy,True
40603573,abstract,Disease,hypoxia,Hypoxia,D000860,ncbi_mesh,True
40603573,abstract,Gene,Sima,sima,43580,ncbi_gene,True
40603573,abstract,Gene,Foxo,foxo,41709,ncbi_gene,True
40603573,abstract,Gene,4E-BP,Thor,33569,ncbi_gene,True
40603573,abstract,Gene,Thor,Thor,33569,ncbi_gene,True
40603573,abstract,Species,fly,7227,7227,ncbi_taxonomy,True
40603573,abstract,Disease,hypoxia,Hypoxia,D000860,ncbi_mesh,True
40603573,abstract,Gene,Thor,Thor,33569,ncbi_gene,True
40603573,abstract,Chemical,reactive oxygen species,Reactive Oxygen Species,D017382,ncbi_mesh,True
40603573,abstract,Chemical,ROS,Reactive Oxygen Species,D017382,ncbi_mesh,True
40603573,abstract,Disease,hypoxia,Hypoxia,D000860,ncbi_mesh,True
40603573,abstract,Gene,Thor,Thor,33569,ncbi_gene,True
40603573,abstract,Species,fly,7227,7227,ncbi_taxonomy,True
40603573,abstract,Disease,hypoxia,Hypoxia,D000860,ncbi_mesh,True
40603573,abstract,Chemical,ROS,Reactive Oxygen Species,D017382,ncbi_mesh,True
40603573,abstract,Chemical,oxygen,Oxygen,D010100,ncbi_mesh,True
40617562,title,Species,Escherichia coli,562,562,ncbi_taxonomy,True
40617562,title,Gene,GB3,A4GALT,53947,ncbi_gene,True
40617562,title,Disease,triple negative breast cancer,Triple Negative Breast Neoplasms,D064726,ncbi_mesh,True
40617562,abstract,Species,Escherichia coli,562,562,ncbi_taxonomy,True
40617562,abstract,Gene,Stx1,STX1A,6804,ncbi_gene,True
40617562,abstract,Gene,Stx2,STX2,2054,ncbi_gene,True
40617562,abstract,Disease,triple negative breast cancer,Triple Negative Breast Neoplasms,D064726,ncbi_mesh,True
40617562,abstract,Disease,TNBC,Triple Negative Breast Neoplasms,D064726,ncbi_mesh,True
40617562,abstract,Disease,TNBC,Triple Negative Breast Neoplasms,D064726,ncbi_mesh,True
40617562,abstract,CellLine,MDA-MB-231,0062,0062,cvcl,True
40617562,abstract,CellLine,NMuMG,0075,0075,cvcl,True
40617562,abstract,CellLine,VERO,0059,0059,cvcl,True
40617562,abstract,CellLine,MDA-MB-231,0062,0062,cvcl,True
40617562,abstract,Disease,tumor,Neoplasms,D009369,ncbi_mesh,True
40617562,abstract,CellLine,VERO,0059,0059,cvcl,True
40617562,abstract,CellLine,MDA-MB-231,0062,0062,cvcl,True
40617562,abstract,CellLine,NMuMG,0075,0075,cvcl,True
40617562,abstract,Gene,Stx2,STX2,2054,ncbi_gene,True
40617562,abstract,Chemical,MTT,monooxyethylene trimethylolpropane tristearate,C070243,ncbi_mesh,True
40617562,abstract,CellLine,MDA-MB-231,0062,0062,cvcl,True
40617562,abstract,Gene,Stx1,STX1A,6804,ncbi_gene,True
40617562,abstract,Gene,Stx2,STX2,2054,ncbi_gene,True
40617562,abstract,CellLine,NMuMG,0075,0075,cvcl,True
40617562,abstract,Gene,Stx1,STX1A,6804,ncbi_gene,True
40617562,abstract,Gene,Stx2,STX2,2054,ncbi_gene,True
40617562,abstract,CellLine,MDA-MB-231,0062,0062,cvcl,True
40617562,abstract,Gene,LC3,MAP1LC3A,84557,ncbi_gene,True
40617562,abstract,Gene,Stx1,STX1A,6804,ncbi_gene,True
40617562,abstract,Gene,Stx2,STX2,2054,ncbi_gene,True
40617562,abstract,Chemical,PPMP,4-propionyloxy-4-phenyl-N-methylpiperidine,C026733,ncbi_mesh,True
40617562,abstract,Gene,TAR-DNA-binding protein-43,TARDBP,23435,ncbi_gene,True
40617562,abstract,Gene,Stx1,STX1A,6804,ncbi_gene,True
40617562,abstract,Gene,Stx2,STX2,2054,ncbi_gene,True
40617562,abstract,Disease,TNBC,Triple Negative Breast Neoplasms,D064726,ncbi_mesh,True
40744730,title,Species,human,9606,9606,ncbi_taxonomy,True
40744730,abstract,Species,human,9606,9606,ncbi_taxonomy,True
40744730,abstract,Species,patient,9606,9606,ncbi_taxonomy,True
40744730,abstract,Species,human,9606,9606,ncbi_taxonomy,True
40744730,abstract,Species,human,9606,9606,ncbi_taxonomy,True
40766632,title,Disease,functional,Conversion Disorder,D003291,ncbi_mesh,True
40766632,title,Disease,neurodegeneration,Neurodegenerative Diseases,D019636,ncbi_mesh,True
40766632,title,Species,C. elegans,328850,328850,ncbi_taxonomy,True
40766632,abstract,Disease,proteinopathies,Proteostasis Deficiencies,D057165,ncbi_mesh,True
40766632,abstract,Disease,amyotrophic lateral sclerosis,Amyotrophic Lateral Sclerosis,D000690,ncbi_mesh,True
40766632,abstract,Disease,ALS,Amyotrophic Lateral Sclerosis,D000690,ncbi_mesh,True
40766632,abstract,Disease,frontotemporal dementia,Frontotemporal Dementia,D057180,ncbi_mesh,True
40766632,abstract,Disease,FTD,Frontotemporal Dementia,D057180,ncbi_mesh,True
40766632,abstract,Disease,neuronal dysfunction,Neurologic Manifestations,D009461,ncbi_mesh,True
40766632,abstract,Disease,degeneration,Nerve Degeneration,D009410,ncbi_mesh,True
40766632,abstract,Disease,functional,Conversion Disorder,D003291,ncbi_mesh,True
40766632,abstract,Species,Caenorhabditis elegans,6239,6239,ncbi_taxonomy,True
40766632,abstract,Species,human,9606,9606,ncbi_taxonomy,True
40766632,abstract,Chemical,serotonin,Serotonin,D012701,ncbi_mesh,True
40766632,abstract,Disease,ALS,Amyotrophic Lateral Sclerosis,D000690,ncbi_mesh,True
40766632,abstract,Disease,FTD,Frontotemporal Dementia,D057180,ncbi_mesh,True
40766632,abstract,Species,C. elegans,328850,328850,ncbi_taxonomy,True
40766632,abstract,Chemical,serotonin,Serotonin,D012701,ncbi_mesh,True
40766632,abstract,Disease,neuronal dysfunction,Neurologic Manifestations,D009461,ncbi_mesh,True
40766632,abstract,Disease,neurodegeneration,Neurodegenerative Diseases,D019636,ncbi_mesh,True
40766632,abstract,Chemical,serotonin,Serotonin,D012701,ncbi_mesh,True
40766632,abstract,Chemical,fluoxetine,Fluoxetine,D005473,ncbi_mesh,True
40766632,abstract,Disease,functional,Conversion Disorder,D003291,ncbi_mesh,True
40766632,abstract,Species,C. elegans,328850,328850,ncbi_taxonomy,True
40766632,abstract,Disease,ALS,Amyotrophic Lateral Sclerosis,D000690,ncbi_mesh,True
40766632,abstract,Disease,FTD,Frontotemporal Dementia,D057180,ncbi_mesh,True
40882494,title,Gene,Aquaporin-1,AQP1,358,ncbi_gene,True
40882494,title,Gene,aquaporin-4,AQP4,361,ncbi_gene,True
40882494,title,Species,human,9606,9606,ncbi_taxonomy,True
40882494,title,Gene,caveolin-1,CAV1,857,ncbi_gene,True
41014673,title,Gene,AQP3,AQP3,360,ncbi_gene,True
41014673,abstract,Gene,aquaporin 3,AQP3,360,ncbi_gene,True
41014673,abstract,Gene,AQP3,AQP3,360,ncbi_gene,True
41014673,abstract,Species,human,9606,9606,ncbi_taxonomy,True
41014673,abstract,Species,human,9606,9606,ncbi_taxonomy,True
41014673,abstract,CellLine,WISH,1909,1909,cvcl,True
41014673,abstract,Species,human,9606,9606,ncbi_taxonomy,True
41014673,abstract,Gene,AQP3,AQP3,360,ncbi_gene,True
41014673,abstract,Gene,TonEBP,NFAT5,10725,ncbi_gene,True
41014673,abstract,Gene,NF-kappaB,NFKB1,4790,ncbi_gene,True
41014673,abstract,Chemical,MTT,monooxyethylene trimethylolpropane tristearate,C070243,ncbi_mesh,True
41014673,abstract,Gene,Bax,BAX,581,ncbi_gene,True
41014673,abstract,Gene,Bcl-2,BCL2,596,ncbi_gene,True
41014673,abstract,Gene,AQP3,AQP3,360,ncbi_gene,True
41014673,abstract,Chemical,water,Water,D014867,ncbi_mesh,True
41014673,abstract,Gene,AQP3,AQP3,360,ncbi_gene,True
41014673,abstract,Gene,TonEBP,NFAT5,10725,ncbi_gene,True
41014673,abstract,Gene,NF-kappaB,NFKB1,4790,ncbi_gene,True
41014673,abstract,Gene,AQP3,AQP3,360,ncbi_gene,True
41014673,abstract,Gene,AQP3,AQP3,360,ncbi_gene,True
41014673,abstract,Chemical,water,Water,D014867,ncbi_mesh,True
41014673,abstract,Gene,AQP3,AQP3,360,ncbi_gene,True
41014673,abstract,Gene,AQP3,AQP3,360,ncbi_gene,True
41014673,abstract,Gene,AQP3,AQP3,360,ncbi_gene,True
41014673,abstract,Gene,TonEBP,NFAT5,10725,ncbi_gene,True
41014673,abstract,Gene,AQP3,AQP3,360,ncbi_gene,True
41014673,abstract,Disease,oligohydramnios,Oligohydramnios,D016104,ncbi_mesh,True
41014673,abstract,Disease,membrane rupture,Fetal Membranes Premature Rupture,D005322,ncbi_mesh,True
41040166,title,Species,human,9606,9606,ncbi_taxonomy,True
41040166,abstract,Species,human,9606,9606,ncbi_taxonomy,True
41040166,abstract,Chemical,water,Water,D014867,ncbi_mesh,True
41040166,abstract,Disease,swelling,Edema,D004487,ncbi_mesh,True
41040166,abstract,Species,human,9606,9606,ncbi_taxonomy,True
41183746,title,Species,humans,9606,9606,ncbi_taxonomy,True
41183746,abstract,Species,mouse,10090,10090,ncbi_taxonomy,True
41183746,abstract,Species,human,9606,9606,ncbi_taxonomy,True
41183746,abstract,Gene,tyrosine hydroxylase,TH,7054,ncbi_gene,True
41183746,abstract,Gene,TH+,TH,7054,ncbi_gene,True
41183746,abstract,Gene,TH+,TH,7054,ncbi_gene,True
41183746,abstract,Gene,aromatic L-amino acid decarboxylase,DDC,1644,ncbi_gene,True
41183746,abstract,Gene,AADC,DDC,1644,ncbi_gene,True
41183746,abstract,Chemical,dopamine,Dopamine,D004298,ncbi_mesh,True
41183746,abstract,Gene,dopamine transporter,SLC6A3,6531,ncbi_gene,True
41183746,abstract,Gene,DAT,SLC6A3,6531,ncbi_gene,True
41183746,abstract,Gene,TH+,TH,7054,ncbi_gene,True
41183746,abstract,Gene,DAT,SLC6A3,6531,ncbi_gene,True
41183746,abstract,Chemical,dopamine,Dopamine,D004298,ncbi_mesh,True
41183746,abstract,Gene,calbindin,CALB1,793,ncbi_gene,True
41183746,abstract,Gene,vasoactive intestinal peptide,VIP,7432,ncbi_gene,True
41183746,abstract,Gene,VIP,VIP,7432,ncbi_gene,True
41183746,abstract,Gene,TH+,TH,7054,ncbi_gene,True
41183746,abstract,Disease,neuropsychiatric disease,Disease,D004194,ncbi_mesh,True
41208638,title,Disease,Iron Deficiency,Iron Deficiencies,D000090463,ncbi_mesh,True
41208638,title,Species,Drosophila melanogaster,7227,7227,ncbi_taxonomy,True
41208638,abstract,Disease,Iron deficiency,Iron Deficiencies,D000090463,ncbi_mesh,True
41208638,abstract,Disease,ID,Iron Deficiencies,D000090463,ncbi_mesh,True
41208638,abstract,Disease,micronutrient deficiency,Immunologic Deficiency Syndromes,D007153,ncbi_mesh,True
41208638,abstract,Disease,ID,Iron Deficiencies,D000090463,ncbi_mesh,True
41208638,abstract,Disease,impaired neurological development,Developmental Disabilities,D002658,ncbi_mesh,True
41208638,abstract,Chemical,iron,Iron,D007501,ncbi_mesh,True
41208638,abstract,Species,Drosophila melanogaster,7227,7227,ncbi_taxonomy,True
41208638,abstract,Disease,ID,Iron Deficiencies,D000090463,ncbi_mesh,True
41208638,abstract,Disease,ID,Iron Deficiencies,D000090463,ncbi_mesh,True
41208638,abstract,Chemical,deferoxamine,Deferoxamine,D003676,ncbi_mesh,True
41208638,abstract,Disease,activity,612348,612348,omim,True
41208638,abstract,Chemical,iron,Iron,D007501,ncbi_mesh,True
41208638,abstract,Gene,Malvolio,Mvl,42490,ncbi_gene,True
41208638,abstract,Gene,Mvl,Mvl,42490,ncbi_gene,True
41208638,abstract,Chemical,iron,Iron,D007501,ncbi_mesh,True
41208638,abstract,Species,fly,7227,7227,ncbi_taxonomy,True
41208638,abstract,Gene,Mvl,Mvl,42490,ncbi_gene,True
41208638,abstract,Disease,ID,Iron Deficiencies,D000090463,ncbi_mesh,True
41208638,abstract,Gene,Mvl,Mvl,42490,ncbi_gene,True
41208638,abstract,Gene,Mvl,Mvl,42490,ncbi_gene,True
41208638,abstract,Disease,locomotor activity deficits,Mental Disorders,D001523,ncbi_mesh,True
41208638,abstract,Chemical,iron,Iron,D007501,ncbi_mesh,True
41208638,abstract,Gene,Mvl,Mvl,42490,ncbi_gene,True
41208638,abstract,Disease,ID,Iron Deficiencies,D000090463,ncbi_mesh,True
41208638,abstract,Gene,ferritin,Fer1HCH,46415,ncbi_gene,True
41208638,abstract,Gene,Fer3HCH,Fer3HCH,32260,ncbi_gene,True
41208638,abstract,Disease,ID,Iron Deficiencies,D000090463,ncbi_mesh,True
41208638,abstract,Disease,activity,612348,612348,omim,True
41208638,abstract,Chemical,iron,Iron,D007501,ncbi_mesh,True
41208638,abstract,Chemical,iron,Iron,D007501,ncbi_mesh,True
41208638,abstract,Species,Drosophila,7227,7227,ncbi_taxonomy,True
41208638,abstract,Species,Drosophila,7227,7227,ncbi_taxonomy,True
41208638,abstract,Disease,ID,Iron Deficiencies,D000090463,ncbi_mesh,True
41242030,title,Chemical,Oxygen,Oxygen,D010100,ncbi_mesh,True
41242030,title,Gene,Thrombomodulin,THBD,7056,ncbi_gene,True
41242030,abstract,Disease,obstetric syndromes,Labor Pain,D048949,ncbi_mesh,True
41242030,abstract,Disease,preeclampsia,Pre-Eclampsia,D011225,ncbi_mesh,True
41242030,abstract,Disease,PE,Pre-Eclampsia,D011225,ncbi_mesh,True
41242030,abstract,Disease,fetal growth restriction,Fetal Growth Retardation,D005317,ncbi_mesh,True
41242030,abstract,Disease,FGR,Fetal Growth Retardation,D005317,ncbi_mesh,True
41242030,abstract,Disease,hypoxia,Hypoxia,D000860,ncbi_mesh,True
41242030,abstract,Chemical,oxygen,Oxygen,D010100,ncbi_mesh,True
41242030,abstract,Gene,thrombomodulin,THBD,7056,ncbi_gene,True
41242030,abstract,Gene,THBD,THBD,7056,ncbi_gene,True
41242030,abstract,CellLine,Swan 71,D855,D855,cvcl,True
41242030,abstract,Chemical,O2,Oxygen,D010100,ncbi_mesh,True
41242030,abstract,Disease,hypoxic,Hypoxia Brain,D002534,ncbi_mesh,True
41242030,abstract,Chemical,O2,Oxygen,D010100,ncbi_mesh,True
41242030,abstract,Disease,Hypoxia,Hypoxia,D000860,ncbi_mesh,True
41242030,abstract,Gene,THBD,THBD,7056,ncbi_gene,True
41242030,abstract,Gene,HIF-1alpha,HIF1A,3091,ncbi_gene,True
41242030,abstract,Chemical,cobalt chloride,cobaltous chloride,C018021,ncbi_mesh,True
41242030,abstract,Chemical,CoCl2,cobaltous chloride,C018021,ncbi_mesh,True
41242030,abstract,Gene,HIF-1alpha,HIF1A,3091,ncbi_gene,True
41242030,abstract,Chemical,zinc chloride,zinc chloride,C016837,ncbi_mesh,True
41242030,abstract,Chemical,ZnCl2,zinc chloride,C016837,ncbi_mesh,True
41242030,abstract,Gene,THBD,THBD,7056,ncbi_gene,True
41242030,abstract,Gene,KLF4,KLF4,9314,ncbi_gene,True
41242030,abstract,Gene,THBD,THBD,7056,ncbi_gene,True
41242030,abstract,Chemical,O2,Oxygen,D010100,ncbi_mesh,True
41242030,abstract,Chemical,CoCl2,cobaltous chloride,C018021,ncbi_mesh,True
41242030,abstract,Gene,THBD,THBD,7056,ncbi_gene,True
41242030,abstract,Gene,KLF4,KLF4,9314,ncbi_gene,True
41242030,abstract,Chemical,ZnCl2,zinc chloride,C016837,ncbi_mesh,True
41242030,abstract,Gene,HIF-1alpha,HIF1A,3091,ncbi_gene,True
41242030,abstract,Gene,THBD,THBD,7056,ncbi_gene,True
41242030,abstract,Disease,hypoxia,Hypoxia,D000860,ncbi_mesh,True
41242030,abstract,Species,human,9606,9606,ncbi_taxonomy,True
41242030,abstract,Gene,THBD,THBD,7056,ncbi_gene,True
41242030,abstract,Gene,KLF4,KLF4,9314,ncbi_gene,True
41242030,abstract,Disease,hypoxia,Hypoxia,D000860,ncbi_mesh,True
41242030,abstract,Gene,THBD,THBD,7056,ncbi_gene,True
41242030,abstract,Gene,HIF-1alpha,HIF1A,3091,ncbi_gene,True
41242030,abstract,Gene,KLF4,KLF4,9314,ncbi_gene,True
41242030,abstract,Disease,hypoxia,Hypoxia,D000860,ncbi_mesh,True
41242030,abstract,Disease,PE,Pre-Eclampsia,D011225,ncbi_mesh,True
41242030,abstract,Disease,intrauterine growth restriction,Fetal Growth Retardation,D005317,ncbi_mesh,True
41242030,abstract,Disease,IUGR,Fetal Growth Retardation,D005317,ncbi_mesh,True
41423699,title,Disease,amyotrophic lateral sclerosis,Amyotrophic Lateral Sclerosis,D000690,ncbi_mesh,True
41457365,title,Gene,TRPV4,TRPV4,59341,ncbi_gene,True
41457365,title,Chemical,Calcium,Calcium,D002118,ncbi_mesh,True
41457365,title,Disease,Clear Cell Renal Carcinoma,Carcinoma Renal Cell,D002292,ncbi_mesh,True
41457365,abstract,Disease,Clear cell renal cell carcinoma,Carcinoma Renal Cell,D002292,ncbi_mesh,True
41457365,abstract,Disease,ccRCC,Carcinoma Renal Cell,D002292,ncbi_mesh,True
41457365,abstract,Disease,kidney cancer,Kidney Neoplasms,D007680,ncbi_mesh,True
41457365,abstract,Chemical,Calcium,Calcium,D002118,ncbi_mesh,True
41457365,abstract,Disease,cancer,Neoplasms,D009369,ncbi_mesh,True
41457365,abstract,Gene,TRPV4,TRPV4,59341,ncbi_gene,True
41457365,abstract,Gene,Transient Receptor Potential Vanilloid 4,TRPV4,59341,ncbi_gene,True
41457365,abstract,Disease,tumorigenesis,Carcinogenesis,D063646,ncbi_mesh,True
41457365,abstract,Disease,cancer,Neoplasms,D009369,ncbi_mesh,True
41457365,abstract,Disease,ccRCC,Carcinoma Renal Cell,D002292,ncbi_mesh,True
41457365,abstract,Gene,TRPV4,TRPV4,59341,ncbi_gene,True
41457365,abstract,Disease,ccRCC,Carcinoma Renal Cell,D002292,ncbi_mesh,True
41457365,abstract,Gene,TRPV4,TRPV4,59341,ncbi_gene,True
41457365,abstract,Chemical,Hoechst,,,,False
41457365,abstract,Disease,carcinoma,Neoplasms,D009369,ncbi_mesh,True
41457365,abstract,Gene,TRPV4,TRPV4,59341,ncbi_gene,True
41457365,abstract,Chemical,calcium,Calcium,D002118,ncbi_mesh,True
41457365,abstract,Disease,ccRCC,Carcinoma Renal Cell,D002292,ncbi_mesh,True
41457365,abstract,Gene,TRPV4,TRPV4,59341,ncbi_gene,True
41457365,abstract,Gene,TRPV4,TRPV4,59341,ncbi_gene,True
41457365,abstract,Gene,TRPV4,TRPV4,59341,ncbi_gene,True
41457365,abstract,Gene,TRPV4,TRPV4,59341,ncbi_gene,True
41457365,abstract,Gene,aquaporin-1,AQP1,358,ncbi_gene,True
41457365,abstract,Gene,AQP1,AQP1,358,ncbi_gene,True
41457365,abstract,Disease,ccRCC,Carcinoma Renal Cell,D002292,ncbi_mesh,True
41457365,abstract,Gene,TRPV4,TRPV4,59341,ncbi_gene,True
41457365,abstract,Disease,ccRCC,Carcinoma Renal Cell,D002292,ncbi_mesh,True
41457365,abstract,Chemical,calcium,Calcium,D002118,ncbi_mesh,True
41457365,abstract,Disease,tumor,Neoplasms,D009369,ncbi_mesh,True
41457365,abstract,Gene,TRPV4,TRPV4,59341,ncbi_gene,True
41457365,abstract,Disease,ccRCC,Carcinoma Renal Cell,D002292,ncbi_mesh,True
41457365,abstract,Disease,renal cancer,Kidney Neoplasms,D007680,ncbi_mesh,True
41489386,abstract,Species,Escherichia coli,562,562,ncbi_taxonomy,True
41489386,abstract,Disease,death,Death,D003643,ncbi_mesh,True
41489386,abstract,Disease,STEC encephalopathy,Escherichia coli Infections,D004927,ncbi_mesh,True
41489386,abstract,Disease,hemolytic uremic syndrome,Hemolytic-Uremic Syndrome,D006463,ncbi_mesh,True
41489386,abstract,Disease,HUS,Hemolytic-Uremic Syndrome,D006463,ncbi_mesh,True
41489386,abstract,Disease,HUS,Hemolytic-Uremic Syndrome,D006463,ncbi_mesh,True
41489386,abstract,Species,patients,9606,9606,ncbi_taxonomy,True
41489386,abstract,Disease,STEC encephalopathy,Escherichia coli Infections,D004927,ncbi_mesh,True
41489386,abstract,Disease,HUS,Hemolytic-Uremic Syndrome,D006463,ncbi_mesh,True
41489386,abstract,Species,E. coli,562,562,ncbi_taxonomy,True
41489386,abstract,Disease,Brain inflammation,Encephalitis,D004660,ncbi_mesh,True
41489386,abstract,Disease,encephalopathies,Brain Diseases,D001927,ncbi_mesh,True
41489386,abstract,Disease,neuronal damage,Nerve Degeneration,D009410,ncbi_mesh,True
41489386,abstract,Disease,HUS,Hemolytic-Uremic Syndrome,D006463,ncbi_mesh,True
41489386,abstract,Disease,encephalopathy,Brain Diseases,D001927,ncbi_mesh,True
41489386,abstract,Disease,encephalopathy,Brain Diseases,D001927,ncbi_mesh,True
41571758,title,Disease,behavioral impairments,Mental Disorders,D001523,ncbi_mesh,True
41571758,title,Disease,neurodegeneration,Neurodegenerative Diseases,D019636,ncbi_mesh,True
41571758,title,Species,C. elegans,328850,328850,ncbi_taxonomy,True
41571758,abstract,Disease,proteinopathies,Proteostasis Deficiencies,D057165,ncbi_mesh,True
41571758,abstract,Disease,amyotrophic lateral sclerosis,Amyotrophic Lateral Sclerosis,D000690,ncbi_mesh,True
41571758,abstract,Disease,ALS,Amyotrophic Lateral Sclerosis,D000690,ncbi_mesh,True
41571758,abstract,Disease,frontotemporal dementia,Frontotemporal Dementia,D057180,ncbi_mesh,True
41571758,abstract,Disease,FTD,Frontotemporal Dementia,D057180,ncbi_mesh,True
41571758,abstract,Disease,neuronal dysfunction,Neurologic Manifestations,D009461,ncbi_mesh,True
41571758,abstract,Disease,degeneration,Nerve Degeneration,D009410,ncbi_mesh,True
41571758,abstract,Species,Caenorhabditis elegans,6239,6239,ncbi_taxonomy,True
41571758,abstract,Species,human,9606,9606,ncbi_taxonomy,True
41571758,abstract,Species,C. elegans,328850,328850,ncbi_taxonomy,True
41571758,abstract,Chemical,serotonin,Serotonin,D012701,ncbi_mesh,True
41571758,abstract,Disease,behavioral impairments,Mental Disorders,D001523,ncbi_mesh,True
41571758,abstract,Disease,neuronal dysfunction,Neurologic Manifestations,D009461,ncbi_mesh,True
41571758,abstract,Disease,neurodegeneration,Neurodegenerative Diseases,D019636,ncbi_mesh,True
41571758,abstract,Chemical,serotonin,Serotonin,D012701,ncbi_mesh,True
41571758,abstract,Chemical,fluoxetine,Fluoxetine,D005473,ncbi_mesh,True
41571758,abstract,Disease,neuronal dysfunction,Neurologic Manifestations,D009461,ncbi_mesh,True
41571758,abstract,Disease,behavioral deficits,Attention Deficit and Disruptive Behavior Disorders,D019958,ncbi_mesh,True
41571758,abstract,Disease,behavioral impairments,Mental Disorders,D001523,ncbi_mesh,True
41571758,abstract,Species,C. elegans,328850,328850,ncbi_taxonomy,True
41571758,abstract,Disease,neuronal dysfunction,Neurologic Manifestations,D009461,ncbi_mesh,True
41571758,abstract,Disease,ALS,Amyotrophic Lateral Sclerosis,D000690,ncbi_mesh,True
41571758,abstract,Disease,FTD,Frontotemporal Dementia,D057180,ncbi_mesh,True
41605341,title,Disease,neuropathic pain,Neuralgia,D009437,ncbi_mesh,True
41605341,title,Species,mouse,10090,10090,ncbi_taxonomy,True
41605341,abstract,Disease,Chronic pain,Chronic Pain,D059350,ncbi_mesh,True
41605341,abstract,Disease,spared nerve injury,Mandibular Nerve Injuries,D000080902,ncbi_mesh,True
41605341,abstract,Disease,SNI,Mandibular Nerve Injuries,D000080902,ncbi_mesh,True
41605341,abstract,Species,mice,10090,10090,ncbi_taxonomy,True
41605341,abstract,Disease,neuropathic pain,Neuralgia,D009437,ncbi_mesh,True
41605341,abstract,Species,mice,10090,10090,ncbi_taxonomy,True
41605341,abstract,Disease,binge-eating,Bulimia,D002032,ncbi_mesh,True
41605341,abstract,Chemical,fat,Fats,D005223,ncbi_mesh,True
41605341,abstract,Chemical,sucrose,Sucrose,D013395,ncbi_mesh,True
41605341,abstract,Disease,SNI,Mandibular Nerve Injuries,D000080902,ncbi_mesh,True
41605341,abstract,Disease,mechanical hypersensitivity,Drug Hypersensitivity,D004342,ncbi_mesh,True
41605341,abstract,Disease,SNI,Mandibular Nerve Injuries,D000080902,ncbi_mesh,True
41605341,abstract,Species,mice,10090,10090,ncbi_taxonomy,True
41605341,abstract,Chemical,sucrose,Sucrose,D013395,ncbi_mesh,True
41605341,abstract,Disease,anhedonia,Anhedonia,D059445,ncbi_mesh,True
41605341,abstract,Disease,SNI,Mandibular Nerve Injuries,D000080902,ncbi_mesh,True
41605341,abstract,Species,mice,10090,10090,ncbi_taxonomy,True
41605341,abstract,Disease,pain,Pain,D010146,ncbi_mesh,True
41605341,abstract,Gene,c-Fos,Fos,14281,ncbi_gene,True
41605341,abstract,Gene,c-Fos,Fos,14281,ncbi_gene,True
41605341,abstract,Disease,SNI,Mandibular Nerve Injuries,D000080902,ncbi_mesh,True
41605341,abstract,Disease,pain,Pain,D010146,ncbi_mesh,True
41605341,abstract,Disease,neuropathic pain,Neuralgia,D009437,ncbi_mesh,True
41605341,abstract,Disease,chronic pain,Chronic Pain,D059350,ncbi_mesh,True
41605341,abstract,Species,mouse,10090,10090,ncbi_taxonomy,True
41605341,abstract,Disease,neuropathic pain,Neuralgia,D009437,ncbi_mesh,True
41605341,abstract,Disease,binge-eating,Bulimia,D002032,ncbi_mesh,True
41605341,abstract,Disease,pain,Pain,D010146,ncbi_mesh,True
41605341,abstract,Disease,eating disorders,Feeding and Eating Disorders,D001068,ncbi_mesh,True
41605341,abstract,Disease,chronic pain,Chronic Pain,D059350,ncbi_mesh,True
41605341,abstract,Species,patients,9606,9606,ncbi_taxonomy,True
41743514,title,Species,rats,10116,10116,ncbi_taxonomy,True
41743514,abstract,Disease,impulsivity,Disruptive Impulse Control and Conduct Disorders,D007174,ncbi_mesh,True
41743514,abstract,Disease,hyperactivity,Hyperkinesis,D006948,ncbi_mesh,True
41743514,abstract,Disease,cognitive impairments,Cognition Disorders,D003072,ncbi_mesh,True
41743514,abstract,Disease,impulsivity,Disruptive Impulse Control and Conduct Disorders,D007174,ncbi_mesh,True
41743514,abstract,Disease,impulsive,Disruptive Impulse Control and Conduct Disorders,D007174,ncbi_mesh,True
41743514,abstract,Disease,impulsivity,Disruptive Impulse Control and Conduct Disorders,D007174,ncbi_mesh,True
41743514,abstract,Disease,psychiatric disorders,Mental Disorders,D001523,ncbi_mesh,True
41800087,title,Chemical,Eliglustat,eliglustat,C522917,ncbi_mesh,True
41800087,title,Disease,acute kidney injury,Acute Kidney Injury,D058186,ncbi_mesh,True
41800087,title,Species,rat,10116,10116,ncbi_taxonomy,True
41800087,title,Disease,hemolytic uremic syndrome,Hemolytic-Uremic Syndrome,D006463,ncbi_mesh,True
41800087,abstract,Species,Escherichia coli,562,562,ncbi_taxonomy,True
41800087,abstract,Disease,diarrheal,Dysentery,D004403,ncbi_mesh,True
41800087,abstract,Disease,hemolytic uremic syndrome,Hemolytic-Uremic Syndrome,D006463,ncbi_mesh,True
41800087,abstract,Disease,HUS,Hemolytic-Uremic Syndrome,D006463,ncbi_mesh,True
41800087,abstract,Disease,acute kidney injury,Acute Kidney Injury,D058186,ncbi_mesh,True
41800087,abstract,Chemical,glycolipid,Glycolipids,D006017,ncbi_mesh,True
41800087,abstract,Chemical,globotriaosylceramide,globotriaosylceramide,C018549,ncbi_mesh,True
41800087,abstract,Species,humans,9606,9606,ncbi_taxonomy,True
41800087,abstract,Disease,glomerulopathy,Kidney Diseases,D007674,ncbi_mesh,True
41800087,abstract,Disease,tubulopathy,SeSAME syndrome,C557674,ncbi_mesh,True
41800087,abstract,Disease,acute kidney injury,Acute Kidney Injury,D058186,ncbi_mesh,True
41800087,abstract,Chemical,eliglustat,eliglustat,C522917,ncbi_mesh,True
41800087,abstract,Chemical,EG,eliglustat,C522917,ncbi_mesh,True
41800087,abstract,Gene,glucosylceramide synthase,Ugcg,83626,ncbi_gene,True
41800087,abstract,Chemical,glycosphingolipid,Glycosphingolipids,D006028,ncbi_mesh,True
41800087,abstract,Disease,HUS,Hemolytic-Uremic Syndrome,D006463,ncbi_mesh,True
41800087,abstract,Species,rats,10116,10116,ncbi_taxonomy,True
41800087,abstract,Species,rats,10116,10116,ncbi_taxonomy,True
41800087,abstract,Species,rats,10116,10116,ncbi_taxonomy,True
41800087,abstract,Chemical,EG,eliglustat,C522917,ncbi_mesh,True
41800087,abstract,Species,Rat,10116,10116,ncbi_taxonomy,True
41800087,abstract,Gene,aquaporin 1,Aqp1,25240,ncbi_gene,True
41800087,abstract,Gene,AQP1,Aqp1,25240,ncbi_gene,True
41800087,abstract,Gene,neutrophil gelatinase-associated lipocalin,Lcn2,170496,ncbi_gene,True
41800087,abstract,Gene,NGAL,Lcn2,170496,ncbi_gene,True
41800087,abstract,Species,Rats,10116,10116,ncbi_taxonomy,True
41800087,abstract,Disease,kidney injury,Kidney Diseases,D007674,ncbi_mesh,True
41800087,abstract,Disease,tubular necrosis,Kidney Tubular Necrosis Acute,D007683,ncbi_mesh,True
41800087,abstract,Disease,renal injury,Kidney Diseases,D007674,ncbi_mesh,True
41800087,abstract,Disease,tubular damage,Adenocarcinoma,D000230,ncbi_mesh,True
41800087,abstract,Gene,AQP1,Aqp1,25240,ncbi_gene,True
41800087,abstract,Gene,NGAL,Lcn2,170496,ncbi_gene,True
41800087,abstract,Species,rats,10116,10116,ncbi_taxonomy,True
41800087,abstract,Chemical,EG,eliglustat,C522917,ncbi_mesh,True
41800087,abstract,Disease,renal injury,Kidney Diseases,D007674,ncbi_mesh,True
41800087,abstract,Species,rats,10116,10116,ncbi_taxonomy,True
41800087,abstract,Chemical,EG,eliglustat,C522917,ncbi_mesh,True
41800087,abstract,Species,rats,10116,10116,ncbi_taxonomy,True
41800087,abstract,Chemical,EG,eliglustat,C522917,ncbi_mesh,True
41800087,abstract,Chemical,EG,eliglustat,C522917,ncbi_mesh,True
41800087,abstract,Chemical,EG,eliglustat,C522917,ncbi_mesh,True
41800087,abstract,Disease,acute kidney injury,Acute Kidney Injury,D058186,ncbi_mesh,True
41800087,abstract,Disease,diarrhea,Diarrhea,D003967,ncbi_mesh,True
41800087,abstract,Disease,HUS,Hemolytic-Uremic Syndrome,D006463,ncbi_mesh,True
41800087,abstract,Species,patients,9606,9606,ncbi_taxonomy,True
41817828,title,Chemical,Dopaminergic,Dopamine,D004298,ncbi_mesh,True
41817828,title,Gene,Somatostatin,Sst,20604,ncbi_gene,True
41817828,title,Chemical,L-DOPA,Levodopa,D007980,ncbi_mesh,True
41817828,title,Disease,Dyskinesia,Dyskinesia Drug-Induced,D004409,ncbi_mesh,True
41817828,abstract,Gene,Somatostatin,Sst,20604,ncbi_gene,True
41817828,abstract,Gene,SOM,Sst,20604,ncbi_gene,True
41817828,abstract,Disease,parkinsonian,Parkinson Disease,D010300,ncbi_mesh,True
41817828,abstract,Chemical,L-DOPA,Levodopa,D007980,ncbi_mesh,True
41817828,abstract,Disease,dyskinesia,Dyskinesia Drug-Induced,D004409,ncbi_mesh,True
41817828,abstract,Disease,LID,Dyskinesia Drug-Induced,D004409,ncbi_mesh,True
41817828,abstract,Chemical,dopamine,Dopamine,D004298,ncbi_mesh,True
41817828,abstract,Chemical,dopaminergic,Dopamine,D004298,ncbi_mesh,True
41817828,abstract,Gene,SOM,Sst,20604,ncbi_gene,True
41817828,abstract,Disease,LID,Dyskinesia Drug-Induced,D004409,ncbi_mesh,True
41817828,abstract,Gene,SOM,Sst,20604,ncbi_gene,True
41817828,abstract,Gene,c-Fos,Fos,14281,ncbi_gene,True
41817828,abstract,Disease,dyskinetic,Cerebral Palsy,D002547,ncbi_mesh,True
41817828,abstract,Gene,SOM,Sst,20604,ncbi_gene,True
41817828,abstract,Species,mice,10090,10090,ncbi_taxonomy,True
41817828,abstract,Chemical,dopamine,Dopamine,D004298,ncbi_mesh,True
41817828,abstract,Chemical,L-DOPA,Levodopa,D007980,ncbi_mesh,True
41817828,abstract,Chemical,dopamine,Dopamine,D004298,ncbi_mesh,True
41817828,abstract,Chemical,L-DOPA,Levodopa,D007980,ncbi_mesh,True
41817828,abstract,Gene,Drd1,Drd1,13488,ncbi_gene,True
41817828,abstract,Gene,Drd5,Drd5,13492,ncbi_gene,True
41817828,abstract,Gene,SOM,Sst,20604,ncbi_gene,True
41817828,abstract,Chemical,SKF81297,SK&F 81297,C067113,ncbi_mesh,True
41817828,abstract,Gene,SOM,Sst,20604,ncbi_gene,True
41817828,abstract,Disease,parkinsonian,Parkinson Disease,D010300,ncbi_mesh,True
41817828,abstract,Species,mice,10090,10090,ncbi_taxonomy,True
41817828,abstract,Chemical,L-DOPA,Levodopa,D007980,ncbi_mesh,True
41817828,abstract,Disease,LID,Dyskinesia Drug-Induced,D004409,ncbi_mesh,True
41817828,abstract,Disease,parkinsonian symptoms,Parkinson Disease Secondary,D010302,ncbi_mesh,True
41817828,abstract,Chemical,L-DOPA,Levodopa,D007980,ncbi_mesh,True
41817828,abstract,Chemical,L-DOPA,Levodopa,D007980,ncbi_mesh,True
41817828,abstract,Gene,SOM,Sst,20604,ncbi_gene,True
41817828,abstract,Chemical,dopamine,Dopamine,D004298,ncbi_mesh,True
41817828,abstract,Disease,dyskinetic,Cerebral Palsy,D002547,ncbi_mesh,True
41817828,abstract,Chemical,dopaminergic,Dopamine,D004298,ncbi_mesh,True
41817828,abstract,Disease,dyskinesia,Dyskinesia Drug-Induced,D004409,ncbi_mesh,True
41817828,abstract,Chemical,L-DOPA,Levodopa,D007980,ncbi_mesh,True
41817828,abstract,Gene,SOM,Sst,20604,ncbi_gene,True
41817828,abstract,Chemical,dopaminergic,Dopamine,D004298,ncbi_mesh,True
41824201,title,Disease,cancer,Neoplasms,D009369,ncbi_mesh,True
41824201,title,Gene,NHE1,SLC9A1,6548,ncbi_gene,True
41824201,title,Disease,clear cell renal cell carcinoma,Carcinoma Renal Cell,D002292,ncbi_mesh,True
41933672,title,Gene,AQUAPORIN-4,AQP4,361,ncbi_gene,True
41933672,title,Disease,FACILITATING,,,,False
41933672,title,Chemical,WATER,Water,D014867,ncbi_mesh,True
41933672,title,Disease,CYTOSKELETON,,,,False
41933672,abstract,Gene,Aquaporin-4,AQP4,361,ncbi_gene,True
41933672,abstract,Gene,AQP4,AQP4,361,ncbi_gene,True
41933672,abstract,Chemical,water,Water,D014867,ncbi_mesh,True
41933672,abstract,Chemical,water,Water,D014867,ncbi_mesh,True
41933672,abstract,Gene,AQP4,AQP4,361,ncbi_gene,True
41933672,abstract,Gene,AQP4,AQP4,361,ncbi_gene,True
41933672,abstract,Chemical,TGN-020,2-(nicotinamide)-1 3 4-thiadiazole,C558003,ncbi_mesh,True
41933672,abstract,Gene,AQP4,AQP4,361,ncbi_gene,True
41933672,abstract,Gene,AQP4,AQP4,361,ncbi_gene,True
41933672,abstract,Gene,Vimentin,VIM,7431,ncbi_gene,True
41933672,abstract,Gene,AQP4,AQP4,361,ncbi_gene,True
41933672,abstract,Chemical,water,Water,D014867,ncbi_mesh,True
41933672,abstract,Gene,Vimentin,VIM,7431,ncbi_gene,True
41933672,abstract,Gene,PI3K,PIK3CB,5291,ncbi_gene,True
41933672,abstract,Gene,AQP4,AQP4,361,ncbi_gene,True
41933672,abstract,Gene,AQP4,AQP4,361,ncbi_gene,True
41933672,abstract,Gene,Vimentin,VIM,7431,ncbi_gene,True
41933672,abstract,Gene,AQP4,AQP4,361,ncbi_gene,True
41950695,title,Gene,Aquaporin-1,AQP1,358,ncbi_gene,True
41950695,title,Gene,aquaporin-4,AQP4,361,ncbi_gene,True
41950695,title,Species,human,9606,9606,ncbi_taxonomy,True
41950695,title,Gene,caveolin-1,CAV1,857,ncbi_gene,True
42086667,title,Gene,GAT-3,Slc6a11,79213,ncbi_gene,True
42086667,abstract,Gene,GAT-3,Slc6a11,79213,ncbi_gene,True
42086667,abstract,Gene,GAT-3,Slc6a11,79213,ncbi_gene,True
42086667,abstract,Species,rats,10116,10116,ncbi_taxonomy,True
42086667,abstract,Gene,GAT-3,Slc6a11,79213,ncbi_gene,True
42086667,abstract,Chemical,SNAP-5114,1-(2-(tris(4-methoxyphenyl)methoxy)ethyl)-3-piperidinecarboxylic acid,C092337,ncbi_mesh,True
42086667,abstract,Chemical,SNAP,,,,False
42086667,abstract,Chemical,emetine,Emetine,D004640,ncbi_mesh,True
42086667,abstract,Gene,GAT-3,Slc6a11,79213,ncbi_gene,True
42086667,abstract,Chemical,beta-Lactacystin,,,,False
42086667,abstract,Chemical,SNAP,,,,False
42086667,abstract,Chemical,Puromycin,Puromycin,D011691,ncbi_mesh,True
42086667,abstract,Chemical,SNAP,,,,False
42086667,abstract,Chemical,SNAP,,,,False
42086667,abstract,Chemical,beta-Lactacystin,,,,False
42086667,abstract,Chemical,SNAP,,,,False
42086667,abstract,Chemical,Nipecotic Acid,nipecotic acid,C030278,ncbi_mesh,True
42086667,abstract,Gene,GAT-3,Slc6a11,79213,ncbi_gene,True
42086667,abstract,Chemical,GABA,gamma-Aminobutyric Acid,D005680,ncbi_mesh,True
42086667,abstract,Disease,cognitive dysfunction,Cognition Disorders,D003072,ncbi_mesh,True
42086667,abstract,Disease,neurological disorders,Neurologic Manifestations,D009461,ncbi_mesh,True
42097396,abstract,Disease,neurodegenerative disorders,Neurodegenerative Diseases,D019636,ncbi_mesh,True
42123443,title,Chemical,Sertraline,Sertraline,D020280,ncbi_mesh,True
42123443,title,Species,Rats,10116,10116,ncbi_taxonomy,True
42123443,abstract,Chemical,sertraline,Sertraline,D020280,ncbi_mesh,True
42123443,abstract,Chemical,folates,Folic Acid,D005492,ncbi_mesh,True
42123443,abstract,Species,rats,10116,10116,ncbi_taxonomy,True
42123443,abstract,Chemical,sertraline,Sertraline,D020280,ncbi_mesh,True
42123443,abstract,Chemical,sertraline,Sertraline,D020280,ncbi_mesh,True
42123443,abstract,Gene,Abcb1a,Abcb1a,170913,ncbi_gene,True
42123443,abstract,Gene,Abcb1b,Abcb1b,24646,ncbi_gene,True
42123443,abstract,Gene,Slco4A1,Slco4a1,171144,ncbi_gene,True
42123443,abstract,Gene,folate receptor-alpha,Folr1,171049,ncbi_gene,True
42123443,abstract,Gene,Folr1,Folr1,171049,ncbi_gene,True
42123443,abstract,Gene,Slc19A1,Slc19a1,29723,ncbi_gene,True
42123443,abstract,Gene,Slc7A5,Slc7a5,50719,ncbi_gene,True
42123443,abstract,Chemical,Sertraline,Sertraline,D020280,ncbi_mesh,True
42123443,abstract,Chemical,Sertraline,Sertraline,D020280,ncbi_mesh,True
42123443,abstract,Chemical,sertraline,Sertraline,D020280,ncbi_mesh,True
42123443,abstract,Gene,Abcb1a,Abcb1a,170913,ncbi_gene,True
42123443,abstract,Gene,Abcb1b,Abcb1b,24646,ncbi_gene,True
42123443,abstract,Chemical,sertraline,Sertraline,D020280,ncbi_mesh,True
42123443,abstract,Gene,Folr1,Folr1,171049,ncbi_gene,True
42123443,abstract,Chemical,sertraline,Sertraline,D020280,ncbi_mesh,True
42134656,title,Gene,TDP-43,Tardbp,230908,ncbi_gene,True
42134656,title,Disease,mitochondrial abnormalities,Mitochondrial Diseases,D028361,ncbi_mesh,True
42134656,title,Species,mouse,10090,10090,ncbi_taxonomy,True
42134656,title,Disease,ALS,Amyotrophic Lateral Sclerosis,D000690,ncbi_mesh,True
42134656,title,Disease,FTD,Frontotemporal Dementia,D057180,ncbi_mesh,True
42134656,abstract,Disease,TDP-43 proteinopathy,TDP-43 Proteinopathies,D057177,ncbi_mesh,True
42134656,abstract,Disease,amyotrophic lateral sclerosis,Amyotrophic Lateral Sclerosis,D000690,ncbi_mesh,True
42134656,abstract,Disease,ALS,Amyotrophic Lateral Sclerosis,D000690,ncbi_mesh,True
42134656,abstract,Disease,frontotemporal dementia,Frontotemporal Dementia,D057180,ncbi_mesh,True
42134656,abstract,Disease,FTD,Frontotemporal Dementia,D057180,ncbi_mesh,True
42134656,abstract,Disease,neurodegenerative diseases,Neurodegenerative Diseases,D019636,ncbi_mesh,True
42134656,abstract,Species,mice,10090,10090,ncbi_taxonomy,True
42134656,abstract,Species,human,9606,9606,ncbi_taxonomy,True
42134656,abstract,Gene,TDP-43,Tardbp,230908,ncbi_gene,True
42134656,abstract,Gene,TDP-43,Tardbp,230908,ncbi_gene,True
42134656,abstract,Disease,FTD,Frontotemporal Dementia,D057180,ncbi_mesh,True
42134656,abstract,Disease,ALS,Amyotrophic Lateral Sclerosis,D000690,ncbi_mesh,True
42134656,abstract,Disease,neurodegeneration,Neurodegenerative Diseases,D019636,ncbi_mesh,True
42134656,abstract,Species,mice,10090,10090,ncbi_taxonomy,True
42134656,abstract,Gene,TDP-43,Tardbp,230908,ncbi_gene,True
42134656,abstract,Species,mice,10090,10090,ncbi_taxonomy,True
42134656,abstract,Species,human,9606,9606,ncbi_taxonomy,True
42134656,abstract,Disease,proteinopathy,Proteostasis Deficiencies,D057165,ncbi_mesh,True
42134656,abstract,Gene,TDP-43,Tardbp,230908,ncbi_gene,True
42134656,abstract,Species,mice,10090,10090,ncbi_taxonomy,True
42134656,abstract,Disease,behavioral deficits,Attention Deficit and Disruptive Behavior Disorders,D019958,ncbi_mesh,True
42313886,title,Species,human,9606,9606,ncbi_taxonomy,True
42313886,abstract,Disease,brain disorders,Brain Diseases,D001927,ncbi_mesh,True
42313886,abstract,Species,humans,9606,9606,ncbi_taxonomy,True
42313886,abstract,Species,human,9606,9606,ncbi_taxonomy,True
42313886,abstract,Species,human,9606,9606,ncbi_taxonomy,True
42313886,abstract,Species,human,9606,9606,ncbi_taxonomy,True
42327001,title,Disease,Maternal obesity,Pregnancy in Obesity,D000079262,ncbi_mesh,True
42327001,title,Disease,preeclampsia,Pre-Eclampsia,D011225,ncbi_mesh,True
42327001,title,Chemical,aspirin,Aspirin,D001241,ncbi_mesh,True
42327001,abstract,Disease,Preeclampsia,Pre-Eclampsia,D011225,ncbi_mesh,True
42327001,abstract,Chemical,aspirin,Aspirin,D001241,ncbi_mesh,True
42327001,abstract,Chemical,LDA,,,,False
42327001,abstract,Disease,preeclampsia,Pre-Eclampsia,D011225,ncbi_mesh,True
42327001,abstract,Disease,maternal obesity,Pregnancy in Obesity,D000079262,ncbi_mesh,True
42327001,abstract,Chemical,LDA,,,,False
42327001,abstract,Disease,Preeclampsia,Pre-Eclampsia,D011225,ncbi_mesh,True
42327001,abstract,Chemical,LDA,,,,False
42327001,abstract,Disease,obesity,Obesity,D009765,ncbi_mesh,True
42327001,abstract,Disease,maternal obesity,Pregnancy in Obesity,D000079262,ncbi_mesh,True
42327001,abstract,Disease,preeclampsia,Pre-Eclampsia,D011225,ncbi_mesh,True
42327001,abstract,Disease,maternal obesity,Pregnancy in Obesity,D000079262,ncbi_mesh,True
42327001,abstract,Chemical,LDA,,,,False
42347511,title,Species,Human,9606,9606,ncbi_taxonomy,True
42347511,abstract,Disease,Hemolytic Uremic Syndrome,Hemolytic-Uremic Syndrome,D006463,ncbi_mesh,True
42347511,abstract,Disease,HUS,Hemolytic-Uremic Syndrome,D006463,ncbi_mesh,True
42347511,abstract,Species,Escherichia coli,562,562,ncbi_taxonomy,True
42347511,abstract,Gene,Stx2,STX2,2054,ncbi_gene,True
42347511,abstract,Gene,Stx1,STX1A,6804,ncbi_gene,True
42347511,abstract,Gene,Stx2,STX2,2054,ncbi_gene,True
42347511,abstract,Species,human,9606,9606,ncbi_taxonomy,True
42347511,abstract,Gene,Stx1,STX1A,6804,ncbi_gene,True
42347511,abstract,Gene,Stx1,STX1A,6804,ncbi_gene,True
42347511,abstract,Gene,Stx1,STX1A,6804,ncbi_gene,True
42347511,abstract,Species,human,9606,9606,ncbi_taxonomy,True
42347511,abstract,Species,human,9606,9606,ncbi_taxonomy,True
42347511,abstract,Disease,HUS,Hemolytic-Uremic Syndrome,D006463,ncbi_mesh,True
42347511,abstract,Gene,Stx1,STX1A,6804,ncbi_gene,True
42347511,abstract,Gene,Stx1,STX1A,6804,ncbi_gene,True
42347511,abstract,Gene,Stx2,STX2,2054,ncbi_gene,True
42347511,abstract,Gene,Stx1,STX1A,6804,ncbi_gene,True
42347511,abstract,Gene,Stx2,STX2,2054,ncbi_gene,True
42347511,abstract,Gene,Stx2,STX2,2054,ncbi_gene,True
42347511,abstract,Gene,Stx1,STX1A,6804,ncbi_gene,True
42347511,abstract,Gene,Stx1,STX1A,6804,ncbi_gene,True
42347511,abstract,Disease,STEC-associated diseases,Escherichia coli Infections,D004927,ncbi_mesh,True
42404802,title,Gene,Aquaporin-4,Aqp4,11829,ncbi_gene,True
42404802,title,Species,mouse,10090,10090,ncbi_taxonomy,True
42404802,abstract,Gene,TDP-43,Tardbp,230908,ncbi_gene,True
42404802,abstract,Disease,neurodegenerative diseases,Neurodegenerative Diseases,D019636,ncbi_mesh,True
42404802,abstract,Disease,amyotrophic lateral sclerosis,Amyotrophic Lateral Sclerosis,D000690,ncbi_mesh,True
42404802,abstract,Disease,ALS,Amyotrophic Lateral Sclerosis,D000690,ncbi_mesh,True
42404802,abstract,Disease,frontotemporal dementia,Frontotemporal Dementia,D057180,ncbi_mesh,True
42404802,abstract,Disease,FTD,Frontotemporal Dementia,D057180,ncbi_mesh,True
42404802,abstract,Disease,Neuroinflammatory,Neuroinflammatory Diseases,D000090862,ncbi_mesh,True
42404802,abstract,Species,mouse,10090,10090,ncbi_taxonomy,True
42404802,abstract,Species,human,9606,9606,ncbi_taxonomy,True
42404802,abstract,Gene,TDP-43,Tardbp,230908,ncbi_gene,True
42404802,abstract,Gene,TDP-43,Tardbp,230908,ncbi_gene,True
42404802,abstract,Species,mice,10090,10090,ncbi_taxonomy,True
42404802,abstract,Disease,microgliosis,,,,False
42404802,abstract,Species,mice,10090,10090,ncbi_taxonomy,True
42404802,abstract,Species,mice,10090,10090,ncbi_taxonomy,True
42404802,abstract,Gene,Aquaporin-4,Aqp4,11829,ncbi_gene,True
42404802,abstract,Gene,AQP4,Aqp4,11829,ncbi_gene,True
42404802,abstract,Gene,AQP4,Aqp4,11829,ncbi_gene,True
42404802,abstract,Disease,ALS,Amyotrophic Lateral Sclerosis,D000690,ncbi_mesh,True
42404802,abstract,Disease,FTD,Frontotemporal Dementia,D057180,ncbi_mesh,True
42404802,abstract,Disease,neuroinflammatory,Neuroinflammatory Diseases,D000090862,ncbi_mesh,True
42404802,abstract,Disease,TDP-43 proteinopathies,TDP-43 Proteinopathies,D057177,ncbi_mesh,True
42570776,title,Gene,Dopamine D2 receptor,Drd2,13489,ncbi_gene,True
42570776,title,Disease,parkinsonism,Parkinson Disease Secondary,D010302,ncbi_mesh,True
42570776,abstract,Disease,Parkinson's disease,Parkinson Disease,D010300,ncbi_mesh,True
42570776,abstract,Disease,PD,Parkinson Disease,D010300,ncbi_mesh,True
42570776,abstract,Chemical,dopamine,Dopamine,D004298,ncbi_mesh,True
42570776,abstract,Disease,iMSN,Hyperbilirubinemia Neonatal,D051556,ncbi_mesh,True
42570776,abstract,Gene,D2R,Drd2,13489,ncbi_gene,True
42570776,abstract,Gene,D2R,Drd2,13489,ncbi_gene,True
42570776,abstract,Disease,iMSN,Hyperbilirubinemia Neonatal,D051556,ncbi_mesh,True
42570776,abstract,Gene,D2R,Drd2,13489,ncbi_gene,True
42570776,abstract,Species,mice,10090,10090,ncbi_taxonomy,True
42570776,abstract,Chemical,6-hydroxydopamine,Oxidopamine,D016627,ncbi_mesh,True
42570776,abstract,Gene,D2R,Drd2,13489,ncbi_gene,True
42570776,abstract,Disease,iMSN,Hyperbilirubinemia Neonatal,D051556,ncbi_mesh,True
42570776,abstract,Disease,iMSN,Hyperbilirubinemia Neonatal,D051556,ncbi_mesh,True
42570776,abstract,Gene,D2R,Drd2,13489,ncbi_gene,True
42570776,abstract,Chemical,dopamine,Dopamine,D004298,ncbi_mesh,True
42570776,abstract,Gene,D2R,Drd2,13489,ncbi_gene,True
42570776,abstract,Disease,spine loss,Spinal Dysraphism,D016135,ncbi_mesh,True
42570776,abstract,Chemical,6-OHDA,Oxidopamine,D016627,ncbi_mesh,True
42570776,abstract,Gene,D2R,Drd2,13489,ncbi_gene,True
42570776,abstract,Disease,iMSN,Hyperbilirubinemia Neonatal,D051556,ncbi_mesh,True
42570776,abstract,Chemical,dopamine,Dopamine,D004298,ncbi_mesh,True
42570776,abstract,Gene,D2R,Drd2,13489,ncbi_gene,True
42570776,abstract,Species,mice,10090,10090,ncbi_taxonomy,True
42570776,abstract,Gene,D2R,Drd2,13489,ncbi_gene,True
42570776,abstract,Gene,D2R,Drd2,13489,ncbi_gene,True
42570776,abstract,Disease,iMSN,Hyperbilirubinemia Neonatal,D051556,ncbi_mesh,True
42570776,abstract,Gene,D2R,Drd2,13489,ncbi_gene,True
42570776,abstract,Chemical,dopamine,Dopamine,D004298,ncbi_mesh,True
42570776,abstract,Chemical,dopamine,Dopamine,D004298,ncbi_mesh,True
42570776,abstract,Gene,D2R,Drd2,13489,ncbi_gene,True
42570776,abstract,Disease,depression,Depressive Disorder,D003866,ncbi_mesh,True
42570776,abstract,Disease,iMSN,Hyperbilirubinemia Neonatal,D051556,ncbi_mesh,True
42570776,abstract,Gene,D2R,Drd2,13489,ncbi_gene,True
42576265,title,Gene,aquaporin-1,AQP1,358,ncbi_gene,True
42576265,title,Disease,heart failure,Heart Failure,D006333,ncbi_mesh,True
42576265,abstract,Gene,aquaporin-1,AQP1,358,ncbi_gene,True
42576265,abstract,Disease,inflammation,Inflammation,D007249,ncbi_mesh,True
42576265,abstract,Disease,edema,Edema,D004487,ncbi_mesh,True
42576265,abstract,Gene,aquaporin-1,AQP1,358,ncbi_gene,True
42576265,abstract,Disease,heart failure,Heart Failure,D006333,ncbi_mesh,True
42576265,abstract,Disease,heart failure,Heart Failure,D006333,ncbi_mesh,True
42576265,abstract,Species,patients,9606,9606,ncbi_taxonomy,True
42576265,abstract,Species,patients,9606,9606,ncbi_taxonomy,True
42576265,abstract,Gene,aquaporin-1,AQP1,358,ncbi_gene,True
42576265,abstract,Gene,aquaporin-1,AQP1,358,ncbi_gene,True
42576265,abstract,Gene,aquaporin-4,AQP4,361,ncbi_gene,True
42576265,abstract,Species,patients,9606,9606,ncbi_taxonomy,True
42576265,abstract,Gene,aquaporin-1,AQP1,358,ncbi_gene,True
42576265,abstract,Disease,heart failure,Heart Failure,D006333,ncbi_mesh,True
42576265,abstract,Species,patients,9606,9606,ncbi_taxonomy,True
42576265,abstract,Species,patients,9606,9606,ncbi_taxonomy,True
42576265,abstract,Disease,low cardiac output,Cardiac Output Low,D002303,ncbi_mesh,True
42576265,abstract,Gene,aquaporin-1,AQP1,358,ncbi_gene,True
42576265,abstract,Gene,aquaporin-1,AQP1,358,ncbi_gene,True
42576265,abstract,Gene,C-reactive protein,CRP,1401,ncbi_gene,True
42576265,abstract,Gene,aquaporin-1,AQP1,358,ncbi_gene,True
42576265,abstract,Gene,aquaporin-4,AQP4,361,ncbi_gene,True
42576265,abstract,Gene,aquaporin-1,AQP1,358,ncbi_gene,True
42576265,abstract,Gene,aquaporin-1,AQP1,358,ncbi_gene,True
42576265,abstract,Disease,heart failure,Heart Failure,D006333,ncbi_mesh,True
42576265,abstract,Species,patients,9606,9606,ncbi_taxonomy,True
42576265,abstract,Disease,low cardiac output,Cardiac Output Low,D002303,ncbi_mesh,True
42601945,title,Variant,rs8192446,rs8192446,rs8192446##,litvar,True
42601945,title,Gene,ADORA2A,ADORA2A,135,ncbi_gene,True
42601945,title,Disease,Preeclampsia,Pre-Eclampsia,D011225,ncbi_mesh,True
42601945,abstract,Disease,Preeclampsia,Pre-Eclampsia,D011225,ncbi_mesh,True
42601945,abstract,Disease,PE,Pre-Eclampsia,D011225,ncbi_mesh,True
42601945,abstract,Disease,hypoxia,Hypoxia,D000860,ncbi_mesh,True
42601945,abstract,Disease,proinflammatory,,,,False
42601945,abstract,Chemical,Adenosine,Adenosine,D000241,ncbi_mesh,True
42601945,abstract,Chemical,purine,purine,C030985,ncbi_mesh,True
42601945,abstract,Chemical,ATP,Adenosine Triphosphate,D000255,ncbi_mesh,True
42601945,abstract,Species,women,9606,9606,ncbi_taxonomy,True
42601945,abstract,Disease,PE,Pre-Eclampsia,D011225,ncbi_mesh,True
42601945,abstract,Chemical,adenosine,Adenosine,D000241,ncbi_mesh,True
42601945,abstract,Gene, receptor,ADORA2A,135,ncbi_gene,True
42601945,abstract,Variant,A2A,c.2A>A,#135#c.2A>A,litvar,True
42601945,abstract,Gene,ADORA2A,ADORA2A,135,ncbi_gene,True
42601945,abstract,Gene,ADORA2A,ADORA2A,135,ncbi_gene,True
42601945,abstract,Gene,ADORA2A,ADORA2A,135,ncbi_gene,True
42601945,abstract,Disease,preeclampsia,Pre-Eclampsia,D011225,ncbi_mesh,True
42601945,abstract,Variant,rs2298383,rs2298383,rs2298383##,litvar,True
42601945,abstract,Variant,rs4822489,rs4822489,rs4822489##,litvar,True
42601945,abstract,Variant,rs2236624,rs2236624,rs2236624##,litvar,True
42601945,abstract,Variant,rs17650937,rs17650937,rs17650937##,litvar,True
42601945,abstract,Variant,N144K,p.N144K,rs8192446##,litvar,True
42601945,abstract,Variant,rs8192446,rs8192446,rs8192446##,litvar,True
42601945,abstract,Disease,PE,Pre-Eclampsia,D011225,ncbi_mesh,True
42601945,abstract,Variant,rs8192446,rs8192446,rs8192446##,litvar,True
42601945,abstract,Disease,PE,Pre-Eclampsia,D011225,ncbi_mesh,True
42601945,abstract,Disease,PE,Pre-Eclampsia,D011225,ncbi_mesh,True
42601945,abstract,Variant,N144K,p.N144K,rs8192446##,litvar,True
42601945,abstract,Gene,ADORA2A,ADORA2A,135,ncbi_gene,True
42601945,abstract,Gene,ADORA2A,ADORA2A,135,ncbi_gene,True
42601945,abstract,Chemical,adenosine,Adenosine,D000241,ncbi_mesh,True
42601945,abstract,Gene,ADORA2A,ADORA2A,135,ncbi_gene,True
42601945,abstract,Variant,rs8192446,rs8192446,rs8192446##,litvar,True
42601945,abstract,Disease,preeclampsia,Pre-Eclampsia,D011225,ncbi_mesh,True
42601945,abstract,Gene,ADORA2A,ADORA2A,135,ncbi_gene,True
42601945,abstract,Gene,ADORA2A,ADORA2A,135,ncbi_gene,True
42601945,abstract,Variant,rs8192446,rs8192446,rs8192446##,litvar,True
42601945,abstract,Disease,preeclampsia,Pre-Eclampsia,D011225,ncbi_mesh,True
42611393,title,Disease,Congenital goitrous hypothyroidism,Congenital Hypothyroidism,D003409,ncbi_mesh,True
42611393,title,Disease,thyroglobulin deficiency,Immunologic Deficiency Syndromes,D007153,ncbi_mesh,True
42611393,title,Disease,follicular thyroid carcinoma,Adenocarcinoma Follicular,D018263,ncbi_mesh,True
42611393,title,Variant,Glu1900 deletion,p.E1900del,#7038#p.E1900del,litvar,True
42611393,abstract,Species,patient,9606,9606,ncbi_taxonomy,True
42611393,abstract,Disease,congenital hypothyroidism,Congenital Hypothyroidism,D003409,ncbi_mesh,True
42611393,abstract,Disease,CH,Congenital Hypothyroidism,D003409,ncbi_mesh,True
42611393,abstract,Disease,goiter,Goiter,D006042,ncbi_mesh,True
42611393,abstract,Disease,follicular thyroid carcinoma,Adenocarcinoma Follicular,D018263,ncbi_mesh,True
42611393,abstract,Species,patient,9606,9606,ncbi_taxonomy,True
42611393,abstract,Disease,tumor,Neoplasms,D009369,ncbi_mesh,True
42611393,abstract,Gene,thyroglobulin,TG,7038,ncbi_gene,True
42611393,abstract,Gene,TG,TG,7038,ncbi_gene,True
42611393,abstract,RefSeq,NM_003235.5,,,,
42611393,abstract,Variant,c.5688_5699delTTGTGTGCAGGA,c.5688_5699delTTGTGTGCAGGA,#7038#c.5688_5699delTTGTGTGCAGGA,litvar,True
42611393,abstract,RefSeq,NP_003226.4,,,,
42611393,abstract,Variant,p.Cys1897_Glu1900del,"p.C,E1897,1900del","#7038#p.C,E1897,1900del",litvar,True
42611393,abstract,RefSeq,NM_003235.5,,,,
42611393,abstract,Variant,c.5688_5699del,c.5688_5699del,#7038#c.5688_5699del,litvar,True
42611393,abstract,Gene,TG,TG,7038,ncbi_gene,True
42611393,abstract,Gene,TG,TG,7038,ncbi_gene,True
42611393,abstract,Species,patient,9606,9606,ncbi_taxonomy,True
42611393,abstract,Gene,TG,TG,7038,ncbi_gene,True
42611393,abstract,Chromosome,chromosome 8,,,,
42611393,abstract,Chromosome,chromosome 8,,,,
42611393,abstract,Gene,TG,TG,7038,ncbi_gene,True
42611393,abstract,Disease,uniparental isodisomy,Uniparental Disomy,D024182,ncbi_mesh,True
42611393,abstract,Disease,CH,Congenital Hypothyroidism,D003409,ncbi_mesh,True
42611393,abstract,Disease,goiter,Goiter,D006042,ncbi_mesh,True
42611393,abstract,Disease,cancer,Neoplasms,D009369,ncbi_mesh,True
42611393,abstract,Disease,thyroid tumorigenesis,Carcinogenesis,D063646,ncbi_mesh,True
42611393,abstract,Gene,TG,TG,7038,ncbi_gene,True
42611393,abstract,Chemical,T4,Thyroxine,D013974,ncbi_mesh,True
42611393,abstract,Chemical,TSH,Thyrotropin,D013972,ncbi_mesh,True
42611393,abstract,Disease,goiter,Goiter,D006042,ncbi_mesh,True
42611393,abstract,Disease,follicular thyroid carcinoma,Adenocarcinoma Follicular,D018263,ncbi_mesh,True
35535012,title,Gene,D1/D5,Dio1,13370,ncbi_gene,True
35535012,title,Chemical,Agonists,,,,False
35535012,title,Disease,Dyskinetic,Cerebral Palsy,D002547,ncbi_mesh,True
35535012,title,Species,Mice,10090,10090,ncbi_taxonomy,True
35535012,abstract,Disease,Parkinson's disease,Parkinson Disease,D010300,ncbi_mesh,True
35535012,abstract,Disease,PD,Parkinson Disease,D010300,ncbi_mesh,True
35535012,abstract,Disease,dyskinesia,Dyskinesia Drug-Induced,D004409,ncbi_mesh,True
35535012,abstract,Disease,PD,Parkinson Disease,D010300,ncbi_mesh,True
35535012,abstract,Disease,dyskinesia,Dyskinesia Drug-Induced,D004409,ncbi_mesh,True
35535012,abstract,Chemical,cholinergic medications,,,,False
35535012,abstract,Disease,PD,Parkinson Disease,D010300,ncbi_mesh,True
35535012,abstract,Disease,dyskinesia,Dyskinesia Drug-Induced,D004409,ncbi_mesh,True
35535012,abstract,Chemical,6-hydroxydopamine,Oxidopamine,D016627,ncbi_mesh,True
35535012,abstract,Species,mouse,10090,10090,ncbi_taxonomy,True
35535012,abstract,Disease,PD,Parkinson Disease,D010300,ncbi_mesh,True
35535012,abstract,Chemical,levodopa,Levodopa,D007980,ncbi_mesh,True
35535012,abstract,Disease,parkinsonian,Parkinson Disease,D010300,ncbi_mesh,True
35535012,abstract,Species,mice,10090,10090,ncbi_taxonomy,True
35535012,abstract,Chemical,levodopa,Levodopa,D007980,ncbi_mesh,True
35535012,abstract,Gene,Kv1.3,Kcna3,16491,ncbi_gene,True
35535012,abstract,Chemical,cAMP,,,,False
35535012,abstract,Gene,ERK1/2,Mapk3,26417,ncbi_gene,True
35535012,abstract,Chemical,agonists,,,,False
35535012,abstract,Chemical,clozapine,Clozapine,D003024,ncbi_mesh,True
35535012,abstract,Gene,Kv1.3,Kcna3,16491,ncbi_gene,True
35535012,abstract,Disease,dyskinetic,Cerebral Palsy,D002547,ncbi_mesh,True
35535012,abstract,Species,mice,10090,10090,ncbi_taxonomy,True
35535012,abstract,Disease,parkinsonian,Parkinson Disease,D010300,ncbi_mesh,True
35535012,abstract,Species,mice,10090,10090,ncbi_taxonomy,True
35535012,abstract,Chemical,levodopa,Levodopa,D007980,ncbi_mesh,True
35535012,abstract,Chemical,l-dopa,Levodopa,D007980,ncbi_mesh,True
35535012,abstract,Chemical,cAMP,,,,False
35535012,abstract,Gene,ERK1/2,Mapk3,26417,ncbi_gene,True
35535012,abstract,Disease,PD,Parkinson Disease,D010300,ncbi_mesh,True
35535012,abstract,Disease,dyskinesia,Dyskinesia Drug-Induced,D004409,ncbi_mesh,True
35535012,abstract,Disease,Parkinson and Movement Disorder,Movement Disorders,D009069,ncbi_mesh,True
35561217,abstract,Species,rats,10116,10116,ncbi_taxonomy,True
35597334,abstract,Gene,c-Fos,FOS,2353,ncbi_gene,True
35597334,abstract,Gene,c-Fos,FOS,2353,ncbi_gene,True
35597334,abstract,Gene,c-Fos,FOS,2353,ncbi_gene,True
35705598,abstract,Disease,heart failure,Heart Failure,D006333,ncbi_mesh,True
35705598,abstract,Species,patients,9606,9606,ncbi_taxonomy,True
35705598,abstract,Disease,dyssynchrony,,,,False
35705598,abstract,Disease,ventricular dyssynchrony,Ventricular Fibrillation,D014693,ncbi_mesh,True
35705598,abstract,Species,patient,9606,9606,ncbi_taxonomy,True
35705598,abstract,Disease,ventricular dyssynchrony,Ventricular Fibrillation,D014693,ncbi_mesh,True
35705598,abstract,Species,patient,9606,9606,ncbi_taxonomy,True
35705598,abstract,Disease,dyssynchrony,,,,False
35705598,abstract,Species,patients,9606,9606,ncbi_taxonomy,True
35705598,abstract,Disease,left bundle branch block,Bundle-Branch Block,D002037,ncbi_mesh,True
35705598,abstract,Disease,LBBB,Bundle-Branch Block,D002037,ncbi_mesh,True
35705598,abstract,Disease,dyssynchrony,,,,False
35705598,abstract,Disease,LBBB,Bundle-Branch Block,D002037,ncbi_mesh,True
35705598,abstract,Species,patients,9606,9606,ncbi_taxonomy,True
35705598,abstract,Disease,dyssynchrony,,,,False
35705598,abstract,Disease,dyssynchrony,,,,False
35705598,abstract,Disease,activation dyssynchrony,612348,612348,omim,True
35752429,title,Gene,Oxytocin,Oxt,18429,ncbi_gene,True
35752429,abstract,Gene,Oxytocin,Oxt,18429,ncbi_gene,True
35752429,abstract,Gene,AVP,Avp,11998,ncbi_gene,True
35752429,abstract,Disease,anxiety,Anxiety,D001007,ncbi_mesh,True
35752429,abstract,Gene,AVP,Avp,11998,ncbi_gene,True
35752429,abstract,Species,mice,10090,10090,ncbi_taxonomy,True
35752429,abstract,Species,mouse,10090,10090,ncbi_taxonomy,True
35752429,abstract,Species,mouse,10090,10090,ncbi_taxonomy,True
35752429,abstract,Chemical,ACh,Acetylcholine,D000109,ncbi_mesh,True
35752429,abstract,Chemical,linopirdine,linopirdine,C061017,ncbi_mesh,True
35752429,abstract,Chemical,Lino,linopirdine,C061017,ncbi_mesh,True
35752429,abstract,Disease,cholinergic hypofunction,Acute cholinergic dysautonomia,C535672,ncbi_mesh,True
35752429,abstract,Disease,impairment of IA memory,Memory Disorders,D008569,ncbi_mesh,True
35777525,title,Chemical,nicotine,Nicotine,D009538,ncbi_mesh,True
35777525,title,Species,zebrafish,7955,7955,ncbi_taxonomy,True
35777525,abstract,Chemical,nicotine,Nicotine,D009538,ncbi_mesh,True
35777525,abstract,Species,zebrafish,7955,7955,ncbi_taxonomy,True
35777525,abstract,Chemical,nicotine,Nicotine,D009538,ncbi_mesh,True
35777525,abstract,Chemical,nicotine,Nicotine,D009538,ncbi_mesh,True
35777525,abstract,Species,zebrafish,7955,7955,ncbi_taxonomy,True
35777525,abstract,Chemical,nicotine,Nicotine,D009538,ncbi_mesh,True
35777525,abstract,Chemical,nicotine,Nicotine,D009538,ncbi_mesh,True
35777525,abstract,Species,zebrafish,7955,7955,ncbi_taxonomy,True
35777525,abstract,Chemical,nicotine,Nicotine,D009538,ncbi_mesh,True
35777525,abstract,Species,zebrafish,7955,7955,ncbi_taxonomy,True
35777525,abstract,Chemical,nicotine,Nicotine,D009538,ncbi_mesh,True
35777525,abstract,Species,zebrafish,7955,7955,ncbi_taxonomy,True
35777525,abstract,Chemical,nicotine,Nicotine,D009538,ncbi_mesh,True
35835234,title,Disease,behavior deficits,Attention Deficit and Disruptive Behavior Disorders,D019958,ncbi_mesh,True
35835234,title,Chemical,Shiga toxin 2a,,,,False
35835234,abstract,Disease,Encephalopathy,Brain Diseases,D001927,ncbi_mesh,True
35835234,abstract,Disease,hemolytic uremic syndrome,Hemolytic-Uremic Syndrome,D006463,ncbi_mesh,True
35835234,abstract,Species,E. coli,562,562,ncbi_taxonomy,True
35835234,abstract,Species,EHEC,,,,False
35835234,abstract,Disease,infection,Infections,D007239,ncbi_mesh,True
35835234,abstract,Chemical,lipopolysaccharide,Lipopolysaccharides,D008070,ncbi_mesh,True
35835234,abstract,Chemical,LPS,Lipopolysaccharides,D008070,ncbi_mesh,True
35835234,abstract,Disease,Neurological compromise,Neurologic Manifestations,D009461,ncbi_mesh,True
35835234,abstract,Disease,inflammatory,Inflammation,D007249,ncbi_mesh,True
35835234,abstract,Disease,inflammatory,Inflammation,D007249,ncbi_mesh,True
35835234,abstract,Chemical,LPS,Lipopolysaccharides,D008070,ncbi_mesh,True
35835234,abstract,Disease,proinflammatory,,,,False
35835234,abstract,Species,mice,10090,10090,ncbi_taxonomy,True
35835234,abstract,Gene,GFAP,Gfap,14580,ncbi_gene,True
35835234,abstract,Gene,NeuN,Rbfox3,52897,ncbi_gene,True
35835234,abstract,Chemical,LPS,Lipopolysaccharides,D008070,ncbi_mesh,True
35835234,abstract,Disease,inflammatory,Inflammation,D007249,ncbi_mesh,True
35835234,abstract,Gene,TNFalpha,Tnf,21926,ncbi_gene,True
35835234,abstract,Gene,IL-2,Il2,16183,ncbi_gene,True
35835234,abstract,Disease,neuroinflammatory,Neuroinflammatory Diseases,D000090862,ncbi_mesh,True
35835234,abstract,Disease,neuroinflammatory,Neuroinflammatory Diseases,D000090862,ncbi_mesh,True
35853718,title,Chemical,Dopamine,Dopamine,D004298,ncbi_mesh,True
35853718,abstract,Species,rats,10116,10116,ncbi_taxonomy,True
35853718,abstract,Species,humans,9606,9606,ncbi_taxonomy,True
35853718,abstract,Species,rats,10116,10116,ncbi_taxonomy,True
35853718,abstract,Chemical,dopamine,Dopamine,D004298,ncbi_mesh,True
35853718,abstract,Chemical,dopamine,Dopamine,D004298,ncbi_mesh,True
35853718,abstract,Species,humans,9606,9606,ncbi_taxonomy,True
35853718,abstract,Species,rats,10116,10116,ncbi_taxonomy,True
35853718,abstract,Species,rats,10116,10116,ncbi_taxonomy,True
35853718,abstract,Chemical,dopamine,Dopamine,D004298,ncbi_mesh,True
35904906,title,Disease,hemolytic uremic syndrome,Hemolytic-Uremic Syndrome,D006463,ncbi_mesh,True
35904906,abstract,Disease,Hemolytic uremic syndrome,Hemolytic-Uremic Syndrome,D006463,ncbi_mesh,True
35904906,abstract,Disease,HUS,Hemolytic-Uremic Syndrome,D006463,ncbi_mesh,True
35904906,abstract,Disease,thrombotic microangiopathy,Thrombotic Microangiopathies,D057049,ncbi_mesh,True
35904906,abstract,Disease,hemolytic anemia,Anemia Hemolytic,D000743,ncbi_mesh,True
35904906,abstract,Disease,thrombocytopenia,Thrombocytopenia,D013921,ncbi_mesh,True
35904906,abstract,Disease,acute renal failure,Acute Kidney Injury,D058186,ncbi_mesh,True
35904906,abstract,Disease,death,Death,D003643,ncbi_mesh,True
35904906,abstract,Disease,HUS,Hemolytic-Uremic Syndrome,D006463,ncbi_mesh,True
35904906,abstract,Disease,HUS,Hemolytic-Uremic Syndrome,D006463,ncbi_mesh,True
35904906,abstract,Disease,HUS,Hemolytic-Uremic Syndrome,D006463,ncbi_mesh,True
35904906,abstract,Species,human,9606,9606,ncbi_taxonomy,True
35904906,abstract,Disease,multiples diseases,Disease,D004194,ncbi_mesh,True
35957815,title,Species,Escherichia coli,562,562,ncbi_taxonomy,True
35957815,title,Species,STEC,,,,False
35957815,title,Species,Women,9606,9606,ncbi_taxonomy,True
35957815,title,Species,STEC,,,,False
35957815,abstract,Species,Escherichia coli,562,562,ncbi_taxonomy,True
35957815,abstract,Disease,complications,Liver Diseases,D008107,ncbi_mesh,True
35957815,abstract,Species,Escherichia coli,562,562,ncbi_taxonomy,True
35957815,abstract,Species,STEC,,,,False
35957815,abstract,Disease,abortion,Abortion Habitual,D000026,ncbi_mesh,True
35957815,abstract,Disease,premature delivery,Ichthyosis prematurity syndrome,C536271,ncbi_mesh,True
35957815,abstract,Species,rats,10116,10116,ncbi_taxonomy,True
35957815,abstract,Chemical,Shiga toxin type 2,,,,False
35957815,abstract,Chemical,Stx2,,,,False
35957815,abstract,Species,human,9606,9606,ncbi_taxonomy,True
35957815,abstract,Species,STEC,,,,False
35957815,abstract,Species,STEC,,,,False
35957815,abstract,Species,women,9606,9606,ncbi_taxonomy,True
35957815,abstract,Species,women,9606,9606,ncbi_taxonomy,True
35957815,abstract,Species,Escherichia sp.,1884818,1884818,ncbi_taxonomy,True
35957815,abstract,Species,STEC O157,,,,False
35957815,abstract,Species,STEC,,,,False
35957815,abstract,Gene,stx1,STX1A,6804,ncbi_gene,True
35957815,abstract,Gene,sab,SH3BP5,9467,ncbi_gene,True
35957815,abstract,Species,E. coli,562,562,ncbi_taxonomy,True
35957815,abstract,CellLine,Vero,0059,0059,cvcl,True
35957815,abstract,Species,E. coli,562,562,ncbi_taxonomy,True
35957815,abstract,Species,STEC,,,,False
35957815,abstract,Species,E. coli O113:NT,,,,False
35957815,abstract,CellLine,Vero,0059,0059,cvcl,True
35957815,abstract,CellLine,Swan 71,D855,D855,cvcl,True
35957815,abstract,CellLine,Hela,0030,0030,cvcl,True
35957815,abstract,Species,STEC,,,,False
35982602,title,Disease,Hemolytic Uremic Syndrome,Hemolytic-Uremic Syndrome,D006463,ncbi_mesh,True
35982602,abstract,Disease,hemolytic uremic syndrome,Hemolytic-Uremic Syndrome,D006463,ncbi_mesh,True
35982602,abstract,Disease,HUS,Hemolytic-Uremic Syndrome,D006463,ncbi_mesh,True
35982602,abstract,Disease,HUS,Hemolytic-Uremic Syndrome,D006463,ncbi_mesh,True
35982602,abstract,Disease,HUS,Hemolytic-Uremic Syndrome,D006463,ncbi_mesh,True
35982602,abstract,Disease,HUS,Hemolytic-Uremic Syndrome,D006463,ncbi_mesh,True
36004327,title,Species,Escherichia coli O157:H7,83334,83334,ncbi_taxonomy,True
36004327,abstract,Species,human,9606,9606,ncbi_taxonomy,True
36004327,abstract,Chemical,monosaccharides,Monosaccharides,D009005,ncbi_mesh,True
36004327,abstract,Chemical,carbon,Carbon,D002244,ncbi_mesh,True
36004327,abstract,Species,Escherichia coli,562,562,ncbi_taxonomy,True
36004327,abstract,Species,EHEC,,,,False
36004327,abstract,Species,EHEC,,,,False
36004327,abstract,Chemical,sugars,Sugars,D000073893,ncbi_mesh,True
36004327,abstract,Chemical,sugars,Sugars,D000073893,ncbi_mesh,True
36004327,abstract,Chemical,Fucose,Fucose,D005643,ncbi_mesh,True
36004327,abstract,Chemical,Galactose,Galactose,D005690,ncbi_mesh,True
36004327,abstract,Chemical,D-Galactose,Galactose,D005690,ncbi_mesh,True
36004327,abstract,Chemical,N-Gal,Acetylgalactosamine,D000116,ncbi_mesh,True
36004327,abstract,Chemical,N-acetyl-galactosamine,Acetylgalactosamine,D000116,ncbi_mesh,True
36004327,abstract,Chemical,N-Acetyl-Neuraminic Acid,N-Acetylneuraminic Acid,D019158,ncbi_mesh,True
36004327,abstract,Chemical,NAG,Acetylglucosamine,D000117,ncbi_mesh,True
36004327,abstract,Chemical,N-Acetyl-D-Glucosamine,Acetylglucosamine,D000117,ncbi_mesh,True
36004327,abstract,Species,EHEC,,,,False
36004327,abstract,CellLine,HCT-8,2478,2478,cvcl,True
36004327,abstract,CellLine,HCT-8,2478,2478,cvcl,True
36004327,abstract,Chemical,NAG,Acetylglucosamine,D000117,ncbi_mesh,True
36004327,abstract,Chemical,Galactose,Galactose,D005690,ncbi_mesh,True
36004327,abstract,Chemical,Fucose,Fucose,D005643,ncbi_mesh,True
36004327,abstract,Chemical,N-Gal,Acetylgalactosamine,D000116,ncbi_mesh,True
36004327,abstract,Species,EHEC,,,,False
36004327,abstract,Chemical,NAG,Acetylglucosamine,D000117,ncbi_mesh,True
36004327,abstract,Species,E. coli O157:H7,83334,83334,ncbi_taxonomy,True
36117714,title,Disease,Vascular dysfunction,Cerebrovascular Disorders,D002561,ncbi_mesh,True
36227397,title,Disease,Cognitive Deficits,Cognition Disorders,D003072,ncbi_mesh,True
36227397,title,Disease,inflammatory,Inflammation,D007249,ncbi_mesh,True
36227397,title,Gene,ERK1/2,Mapk3,26417,ncbi_gene,True
36227397,title,Species,Murine,10090,10090,ncbi_taxonomy,True
36227397,title,Species,Enterohemorrhagic Escherichia coli,,,,False
36227397,abstract,Species,enterohemorrhagic Escherichia coli,,,,False
36227397,abstract,Species,EHEC,,,,False
36227397,abstract,Disease,hemorrhagic colitis,Colitis,D003092,ncbi_mesh,True
36227397,abstract,Disease,hemolytic uremic syndrome,Hemolytic-Uremic Syndrome,D006463,ncbi_mesh,True
36227397,abstract,Disease,HUS,Hemolytic-Uremic Syndrome,D006463,ncbi_mesh,True
36227397,abstract,Disease,acute encephalopathy,Acute Febrile Encephalopathy,D000071072,ncbi_mesh,True
36227397,abstract,Disease,HUS,Hemolytic-Uremic Syndrome,D006463,ncbi_mesh,True
36227397,abstract,Species,EHEC,,,,False
36227397,abstract,Chemical,lipopolysaccharide,Lipopolysaccharides,D008070,ncbi_mesh,True
36227397,abstract,Chemical,LPS,Lipopolysaccharides,D008070,ncbi_mesh,True
36227397,abstract,Disease,cognitive dysfunctions,Cognition Disorders,D003072,ncbi_mesh,True
36227397,abstract,Disease,HUS,Hemolytic-Uremic Syndrome,D006463,ncbi_mesh,True
36227397,abstract,Species,patients,9606,9606,ncbi_taxonomy,True
36227397,abstract,Species,EHEC infection,,,,False
36227397,abstract,Species,murine,10090,10090,ncbi_taxonomy,True
36227397,abstract,Disease,encephalopathy,Brain Diseases,D001927,ncbi_mesh,True
36227397,abstract,Chemical,LPS,Lipopolysaccharides,D008070,ncbi_mesh,True
36227397,abstract,Disease,inflammatory,Inflammation,D007249,ncbi_mesh,True
36227397,abstract,Disease,cognitive alterations,Cognition Disorders,D003072,ncbi_mesh,True
36227397,abstract,Disease,depression,Depressive Disorder,D003866,ncbi_mesh,True
36227397,abstract,Disease,inflammatory,Inflammation,D007249,ncbi_mesh,True
36227397,abstract,Gene,ERK1/2,Mapk3,26417,ncbi_gene,True
36227397,abstract,Chemical,LPS,Lipopolysaccharides,D008070,ncbi_mesh,True
36227397,abstract,Chemical,LPS,Lipopolysaccharides,D008070,ncbi_mesh,True
36227397,abstract,Gene,ERK1/2,Mapk3,26417,ncbi_gene,True
36227397,abstract,Chemical,LPS,Lipopolysaccharides,D008070,ncbi_mesh,True
36227397,abstract,Chemical,dexamethasone,Dexamethasone,D003907,ncbi_mesh,True
36227397,abstract,Disease,EHEC infection,Escherichia coli Infections,D004927,ncbi_mesh,True
36241384,abstract,Disease,Parkinson's disease,Parkinson Disease,D010300,ncbi_mesh,True
36241384,abstract,Species,patients,9606,9606,ncbi_taxonomy,True
36241384,abstract,Disease,dopaminergic neuron loss,Nerve Degeneration,D009410,ncbi_mesh,True
36241384,abstract,Disease,DAN,Nerve Degeneration,D009410,ncbi_mesh,True
36241384,abstract,Disease,motor disabilities,Movement Disorders,D009069,ncbi_mesh,True
36241384,abstract,Disease,DAN,Nerve Degeneration,D009410,ncbi_mesh,True
36241384,abstract,Species,mice,10090,10090,ncbi_taxonomy,True
36241384,abstract,Disease,DAN,Nerve Degeneration,D009410,ncbi_mesh,True
36241384,abstract,Disease,Parkinson's disease,Parkinson Disease,D010300,ncbi_mesh,True
36241384,abstract,Disease,motor impairments,Motor Disorders,D000068079,ncbi_mesh,True
36241384,abstract,Disease,DAN,Nerve Degeneration,D009410,ncbi_mesh,True
36241384,abstract,Species,mice,10090,10090,ncbi_taxonomy,True
36241384,abstract,Disease,DAN,Nerve Degeneration,D009410,ncbi_mesh,True
36241384,abstract,Disease,DAN,Nerve Degeneration,D009410,ncbi_mesh,True
36241384,abstract,Disease,DAN,Nerve Degeneration,D009410,ncbi_mesh,True
36241384,abstract,Chemical,dopamine,Dopamine,D004298,ncbi_mesh,True
36241384,abstract,Disease,neurodevelopment disorders,Congenital Hereditary and Neonatal Diseases and Abnormalities,D009358,ncbi_mesh,True
36241384,abstract,Chemical,dopamine,Dopamine,D004298,ncbi_mesh,True
36241384,abstract,Disease,motor impairments,Motor Disorders,D000068079,ncbi_mesh,True
36241384,abstract,Chemical,dopamine,Dopamine,D004298,ncbi_mesh,True
36241384,abstract,Disease,behavioral impairments,Mental Disorders,D001523,ncbi_mesh,True
36241384,abstract,Disease,neuropsychiatric conditions,Mental Disorders,D001523,ncbi_mesh,True
36241384,abstract,Disease,dopaminergic hypofunction,Adrenal Insufficiency,D000309,ncbi_mesh,True
36426715,abstract,Species,rats,10116,10116,ncbi_taxonomy,True
36426715,abstract,Species,rats,10116,10116,ncbi_taxonomy,True
36426715,abstract,Disease,impulsive responses,Disruptive Impulse Control and Conduct Disorders,D007174,ncbi_mesh,True
36464947,title,Disease,multisystem inflammatory syndrome,pediatric multisystem inflammatory disease COVID-19 related,C000705967,ncbi_mesh,True
36464947,title,Disease,COVID-19,COVID-19,D000086382,ncbi_mesh,True
36464947,abstract,Disease,pediatric inflammatory multisystem syndrome temporally,pediatric multisystem inflammatory disease COVID-19 related,C000705967,ncbi_mesh,True
36464947,abstract,Disease,SARS-CoV-2,COVID-19,D000086382,ncbi_mesh,True
36464947,abstract,Disease,PIMS-TS,pediatric multisystem inflammatory disease COVID-19 related,C000705967,ncbi_mesh,True
36464947,abstract,Disease,PIMS-TS,pediatric multisystem inflammatory disease COVID-19 related,C000705967,ncbi_mesh,True
36464947,abstract,Species,patients,9606,9606,ncbi_taxonomy,True
36464947,abstract,Disease,PIMS-TS,pediatric multisystem inflammatory disease COVID-19 related,C000705967,ncbi_mesh,True
36464947,abstract,Disease,Kawasaki disease,Mucocutaneous Lymph Node Syndrome,D009080,ncbi_mesh,True
36464947,abstract,Disease,KD,Mucocutaneous Lymph Node Syndrome,D009080,ncbi_mesh,True
36464947,abstract,Disease,Kawasaki shock syndrome,Mucocutaneous Lymph Node Syndrome,D009080,ncbi_mesh,True
36464947,abstract,Disease,KSS,Mucocutaneous Lymph Node Syndrome,D009080,ncbi_mesh,True
36464947,abstract,Species,Patients,9606,9606,ncbi_taxonomy,True
36464947,abstract,Disease,death,Death,D003643,ncbi_mesh,True
36464947,abstract,Species,patients,9606,9606,ncbi_taxonomy,True
36464947,abstract,Disease,PIMS-TS,pediatric multisystem inflammatory disease COVID-19 related,C000705967,ncbi_mesh,True
36464947,abstract,Disease,KD,Mucocutaneous Lymph Node Syndrome,D009080,ncbi_mesh,True
36464947,abstract,Disease,KSS,Mucocutaneous Lymph Node Syndrome,D009080,ncbi_mesh,True
36464947,abstract,Species,SARS-CoV-2,2697049,2697049,ncbi_taxonomy,True
36464947,abstract,Species,patients,9606,9606,ncbi_taxonomy,True
36464947,abstract,Disease,fever,Fever,D005334,ncbi_mesh,True
36464947,abstract,Disease,abdominal pain,Abdominal Pain,D015746,ncbi_mesh,True
36464947,abstract,Disease,rash,Exanthema,D005076,ncbi_mesh,True
36464947,abstract,Disease,injection,Belonephobia,C000719195,ncbi_mesh,True
36464947,abstract,Disease,Lymphopenia,Lymphopenia,D008231,ncbi_mesh,True
36464947,abstract,Species,patients,9606,9606,ncbi_taxonomy,True
36464947,abstract,Disease,Mitral valve insufficiency,Mitral Valve Insufficiency,D008944,ncbi_mesh,True
36464947,abstract,Disease,left ventricular,Ventricular Dysfunction Left,D018487,ncbi_mesh,True
36464947,abstract,Disease,pericardial effusion,Pericardial Effusion,D010490,ncbi_mesh,True
36464947,abstract,Disease,coronary artery alterations,Coronary Artery Disease,D003324,ncbi_mesh,True
36464947,abstract,Species,patients,9606,9606,ncbi_taxonomy,True
36464947,abstract,Disease,rash,Exanthema,D005076,ncbi_mesh,True
36464947,abstract,Disease,lymphopenia,Lymphopenia,D008231,ncbi_mesh,True
36464947,abstract,Disease,PIMS-TS,pediatric multisystem inflammatory disease COVID-19 related,C000705967,ncbi_mesh,True
36549423,title,Disease,hypertensive,Hypertension,D006973,ncbi_mesh,True
36549423,title,Species,rats,10116,10116,ncbi_taxonomy,True
36549423,title,Chemical,aldosterone,Aldosterone,D000450,ncbi_mesh,True
36549423,abstract,Chemical,sodium,Sodium,D012964,ncbi_mesh,True
36549423,abstract,Disease,hypertensive,Hypertension,D006973,ncbi_mesh,True
36549423,abstract,Species,rats,10116,10116,ncbi_taxonomy,True
36549423,abstract,Chemical,aldosterone,Aldosterone,D000450,ncbi_mesh,True
36549423,abstract,Chemical,aldosterone,Aldosterone,D000450,ncbi_mesh,True
36549423,abstract,Gene,ENaC,Scnn1g,24768,ncbi_gene,True
36549423,abstract,Gene,Klk1,Klk1,24523,ncbi_gene,True
36549423,abstract,Chemical,spironolactone,Spironolactone,D013148,ncbi_mesh,True
36549423,abstract,Species,rats,10116,10116,ncbi_taxonomy,True
36549423,abstract,Gene,ENaC,Scnn1g,24768,ncbi_gene,True
36549423,abstract,Chemical,benzamil,benzamil,C013407,ncbi_mesh,True
36549423,abstract,Chemical,glibenclamide,Glyburide,D005905,ncbi_mesh,True
36549423,abstract,Chemical,aldosterone,Aldosterone,D000450,ncbi_mesh,True
36549423,abstract,Chemical,aldosterone,Aldosterone,D000450,ncbi_mesh,True
36587288,title,Species,Human,9606,9606,ncbi_taxonomy,True
36587288,abstract,Species,human,9606,9606,ncbi_taxonomy,True
36710956,title,Disease,memory deficits,Memory Disorders,D008569,ncbi_mesh,True
36710956,title,Disease,Alzheimer's disease,Alzheimer Disease,D000544,ncbi_mesh,True
36710956,abstract,Disease,Alzheimer's disease,Alzheimer Disease,D000544,ncbi_mesh,True
36710956,abstract,Disease,AD,Alzheimer Disease,D000544,ncbi_mesh,True
36710956,abstract,Disease,AD,Alzheimer Disease,D000544,ncbi_mesh,True
36710956,abstract,Disease,neurodegenerative disorder,Neurodegenerative Diseases,D019636,ncbi_mesh,True
36710956,abstract,Disease,memory deficits,Memory Disorders,D008569,ncbi_mesh,True
36710956,abstract,Disease,map impairment,Corneal dystrophy epithelial basement membrane,C535477,ncbi_mesh,True
36710956,abstract,Disease,memory and navigation deficits,Memory Disorders,D008569,ncbi_mesh,True
36710956,abstract,Disease,AD,Alzheimer Disease,D000544,ncbi_mesh,True
36717499,abstract,Chemical,Water,Water,D014867,ncbi_mesh,True
36717499,abstract,Species,human,9606,9606,ncbi_taxonomy,True
36717499,abstract,Disease,gestational disorders,Diabetes Gestational,D016640,ncbi_mesh,True
36717499,abstract,Chemical,urea,Urea,D014508,ncbi_mesh,True
36717499,abstract,Gene,AQP9,AQP9,366,ncbi_gene,True
36717499,abstract,Species,human,9606,9606,ncbi_taxonomy,True
36878143,title,Disease,Preeclampsia,Pre-Eclampsia,D011225,ncbi_mesh,True
36878143,title,Gene,eNOS,NOS3,4846,ncbi_gene,True
36878143,title,Gene,VEGFA,VEGFA,7422,ncbi_gene,True
36878143,title,Gene,FLT-1,FLT1,2321,ncbi_gene,True
36878143,title,Species,women,9606,9606,ncbi_taxonomy,True
36878143,abstract,Disease,Preeclampsia,Pre-Eclampsia,D011225,ncbi_mesh,True
36878143,abstract,Disease,preeclampsia,Pre-Eclampsia,D011225,ncbi_mesh,True
36878143,abstract,Species,human,9606,9606,ncbi_taxonomy,True
36878143,abstract,Gene,eNOS,NOS3,4846,ncbi_gene,True
36878143,abstract,Gene,VEGFA,VEGFA,7422,ncbi_gene,True
36878143,abstract,Gene,FLT-1,FLT1,2321,ncbi_gene,True
36878143,abstract,Disease,preeclampsia,Pre-Eclampsia,D011225,ncbi_mesh,True
36878143,abstract,Gene,eNOS,NOS3,4846,ncbi_gene,True
36878143,abstract,Gene,VEGFA,VEGFA,7422,ncbi_gene,True
36878143,abstract,Gene,FLT-1,FLT1,2321,ncbi_gene,True
36878143,abstract,Disease,preeclampsia,Pre-Eclampsia,D011225,ncbi_mesh,True
36878143,abstract,Gene,VEGFA,VEGFA,7422,ncbi_gene,True
36878143,abstract,Variant,rs2010963,rs2010963,rs2010963##,litvar,True
36878143,abstract,Variant,"G, G, C, C, C",rs2070744,rs2070744##,litvar,True
36878143,abstract,Variant,rs2070744,rs2070744,rs2070744##,litvar,True
36878143,abstract,Variant,rs1799983,rs1799983,rs1799983##,litvar,True
36878143,abstract,Variant,rs2010963,rs2010963,rs2010963##,litvar,True
36878143,abstract,Variant,rs3025039,rs3025039,rs3025039##,litvar,True
36878143,abstract,Variant,rs699947,rs699947,rs699947##,litvar,True
36878143,abstract,Variant,rs4769613,rs4769613,rs4769613##,litvar,True
36878143,abstract,Disease,preeclampsia,Pre-Eclampsia,D011225,ncbi_mesh,True
36878143,abstract,Variant,rs2010963,rs2010963,rs2010963##,litvar,True
36878143,abstract,Gene,VEGFA,VEGFA,7422,ncbi_gene,True
36878143,abstract,Disease,preeclampsia,Pre-Eclampsia,D011225,ncbi_mesh,True
36878143,abstract,Disease,preeclampsia,Pre-Eclampsia,D011225,ncbi_mesh,True
36878143,abstract,Species,women,9606,9606,ncbi_taxonomy,True
37036956,title,Disease,bacterial,Bacterial Infections,D001424,ncbi_mesh,True
37036956,title,Chemical,lipopolysaccharide,Lipopolysaccharides,D008070,ncbi_mesh,True
37036956,abstract,Disease,bacterial,Bacterial Infections,D001424,ncbi_mesh,True
37036956,abstract,Chemical,Lipopolysaccharides,Lipopolysaccharides,D008070,ncbi_mesh,True
37036956,abstract,Chemical,LPS,Lipopolysaccharides,D008070,ncbi_mesh,True
37036956,abstract,Disease,Hemolytic Uremic Syndrome,Hemolytic-Uremic Syndrome,D006463,ncbi_mesh,True
37036956,abstract,Disease,HUS,Hemolytic-Uremic Syndrome,D006463,ncbi_mesh,True
37036956,abstract,Disease,endothelial damage,Vascular Diseases,D014652,ncbi_mesh,True
37036956,abstract,Disease,glomerular destruction,Liver Cirrhosis Biliary,D008105,ncbi_mesh,True
37036956,abstract,Chemical,LPS,Lipopolysaccharides,D008070,ncbi_mesh,True
37036956,abstract,Chemical,LPS,Lipopolysaccharides,D008070,ncbi_mesh,True
37036956,abstract,Species,Human Microvascular Endothelial Cells-1,,,,False
37036956,abstract,CellLine,HMEC-1,0307,0307,cvcl,True
37036956,abstract,Chemical,LPS,Lipopolysaccharides,D008070,ncbi_mesh,True
37036956,abstract,Disease,inflammatory,Inflammation,D007249,ncbi_mesh,True
37036956,abstract,Chemical,LPS,Lipopolysaccharides,D008070,ncbi_mesh,True
37036956,abstract,Chemical,LPS,Lipopolysaccharides,D008070,ncbi_mesh,True
37036956,abstract,CellLine,HMEC-1,0307,0307,cvcl,True
37036956,abstract,Chemical,LPS,Lipopolysaccharides,D008070,ncbi_mesh,True
37036956,abstract,Chemical,LPS,Lipopolysaccharides,D008070,ncbi_mesh,True
37036956,abstract,Disease,inflammatory,Inflammation,D007249,ncbi_mesh,True
37036956,abstract,Disease,endothelial damage,Vascular Diseases,D014652,ncbi_mesh,True
37036956,abstract,Disease,endothelial injury,Vascular System Injuries,D057772,ncbi_mesh,True
37036956,abstract,Chemical,LPS,Lipopolysaccharides,D008070,ncbi_mesh,True
37036956,abstract,Disease,HUS,Hemolytic-Uremic Syndrome,D006463,ncbi_mesh,True
37036956,abstract,Disease,tissue injury,Soft Tissue Injuries,D017695,ncbi_mesh,True
37236391,title,Disease,neuropathic pain,Neuralgia,D009437,ncbi_mesh,True
37236391,abstract,Disease,pathological pain,Pain,D010146,ncbi_mesh,True
37236391,abstract,Disease,cognitive deficits,Cognition Disorders,D003072,ncbi_mesh,True
37236391,abstract,Disease,pain,Pain,D010146,ncbi_mesh,True
37236391,abstract,Disease,pain,Pain,D010146,ncbi_mesh,True
37236391,abstract,Disease,neuropathic pain,Neuralgia,D009437,ncbi_mesh,True
37236391,abstract,Disease,NP,Neuralgia,D009437,ncbi_mesh,True
37236391,abstract,Species,mice,10090,10090,ncbi_taxonomy,True
37236391,abstract,Disease,NP,Neuralgia,D009437,ncbi_mesh,True
37236391,abstract,Disease,NP,Neuralgia,D009437,ncbi_mesh,True
37236391,abstract,Species,mice,10090,10090,ncbi_taxonomy,True
37236391,abstract,Disease,NP,Neuralgia,D009437,ncbi_mesh,True
37236391,abstract,Disease,pathological pain,Pain,D010146,ncbi_mesh,True
37252991,abstract,Disease,pain,Pain,D010146,ncbi_mesh,True
37252991,abstract,Disease,pain,Pain,D010146,ncbi_mesh,True
37252991,abstract,Disease,neuropathic pain,Neuralgia,D009437,ncbi_mesh,True
37252991,abstract,Chemical,calcium,Calcium,D002118,ncbi_mesh,True
37252991,abstract,Species,mice,10090,10090,ncbi_taxonomy,True
37252991,abstract,Disease,pain,Pain,D010146,ncbi_mesh,True
37252991,abstract,Disease,Peripheral nerve injury,Peripheral Nerve Injuries,D059348,ncbi_mesh,True
37252991,abstract,Disease,neuropathic pain,Neuralgia,D009437,ncbi_mesh,True
37252991,abstract,Disease,neuropathic pain,Neuralgia,D009437,ncbi_mesh,True
37274341,title,Disease,pregnancy diseases and,Pregnancy in Diabetics,D011254,ncbi_mesh,True
37274341,abstract,Disease,pregnancy diseases and,Pregnancy in Diabetics,D011254,ncbi_mesh,True
37274341,abstract,Disease,gestational diabetes mellitus,Diabetes Gestational,D016640,ncbi_mesh,True
37274341,abstract,Disease,preeclampsia,Pre-Eclampsia,D011225,ncbi_mesh,True
37274341,abstract,Disease,perinatal death,Perinatal Death,D066087,ncbi_mesh,True
37274341,abstract,Disease,spontaneous abortion,Abortion Spontaneous,D000022,ncbi_mesh,True
37274341,abstract,Disease,preterm birth,Premature Birth,D047928,ncbi_mesh,True
37274341,abstract,Disease,fetal malformations,Congenital Abnormalities,D000013,ncbi_mesh,True
37274341,abstract,Disease,pregnancy diseases and,Pregnancy in Diabetics,D011254,ncbi_mesh,True
37676461,title,Chemical,Salt,Salts,D012492,ncbi_mesh,True
37676461,title,Disease,Hypertension,Hypertension,D006973,ncbi_mesh,True
37676461,abstract,Chemical,salt,Salts,D012492,ncbi_mesh,True
37676461,abstract,Chemical,salt,Salts,D012492,ncbi_mesh,True
37676461,abstract,Chemical,sodium,Sodium,D012964,ncbi_mesh,True
37676461,abstract,Chemical,sodium,Sodium,D012964,ncbi_mesh,True
37676461,abstract,Disease,arterial hypertension,Pulmonary Arterial Hypertension,D000081029,ncbi_mesh,True
37676461,abstract,Disease,HT,Hypertension,D006973,ncbi_mesh,True
37676461,abstract,Chemical,sodium,Sodium,D012964,ncbi_mesh,True
37676461,abstract,Chemical,sodium,Sodium,D012964,ncbi_mesh,True
37676461,abstract,Chemical,sodium,Sodium,D012964,ncbi_mesh,True
37676461,abstract,Disease,inflammatory,Inflammation,D007249,ncbi_mesh,True
37676461,abstract,Chemical,sodium transporters,,,,False
37676461,abstract,Chemical,sodium,Sodium,D012964,ncbi_mesh,True
37676461,abstract,Chemical,sodium,Sodium,D012964,ncbi_mesh,True
37676461,abstract,Chemical,salt,Salts,D012492,ncbi_mesh,True
37676461,abstract,Disease,HT,Hypertension,D006973,ncbi_mesh,True
37676461,abstract,Disease,inflammatory,Inflammation,D007249,ncbi_mesh,True
37676461,abstract,Chemical,sodium,Sodium,D012964,ncbi_mesh,True
37683958,title,Chemical,L-DOPA,Levodopa,D007980,ncbi_mesh,True
37683958,title,Disease,dyskinesia,Dyskinesia Drug-Induced,D004409,ncbi_mesh,True
37683958,abstract,Chemical,L-DOPA,Levodopa,D007980,ncbi_mesh,True
37683958,abstract,Disease,dyskinesia,Dyskinesia Drug-Induced,D004409,ncbi_mesh,True
37683958,abstract,Disease,LID,Dyskinesia Drug-Induced,D004409,ncbi_mesh,True
37683958,abstract,Disease,Parkinson's disease,Parkinson Disease,D010300,ncbi_mesh,True
37683958,abstract,Disease,LID,Dyskinesia Drug-Induced,D004409,ncbi_mesh,True
37683958,abstract,Disease,dyskinesia,Dyskinesia Drug-Induced,D004409,ncbi_mesh,True
37683958,abstract,Chemical,6-hydroxydopamine,Oxidopamine,D016627,ncbi_mesh,True
37683958,abstract,Chemical,6-OHDA,Oxidopamine,D016627,ncbi_mesh,True
37683958,abstract,Disease,dyskinesia,Dyskinesia Drug-Induced,D004409,ncbi_mesh,True
37683958,abstract,Chemical,quinpirole,Quinpirole,D019257,ncbi_mesh,True
37683958,abstract,Chemical,quinpirole,Quinpirole,D019257,ncbi_mesh,True
37683958,abstract,Gene,D2 receptor,Drd2,13489,ncbi_gene,True
37683958,abstract,Gene,D2 receptor,Drd2,13489,ncbi_gene,True
37683958,abstract,Disease,LID,Dyskinesia Drug-Induced,D004409,ncbi_mesh,True
37683958,abstract,Chemical,L-DOPA,Levodopa,D007980,ncbi_mesh,True
37683958,abstract,Chemical,L-DOPA,Levodopa,D007980,ncbi_mesh,True
37683958,abstract,Disease,dyskinesia,Dyskinesia Drug-Induced,D004409,ncbi_mesh,True
37683958,abstract,Disease,dyskinesia,Dyskinesia Drug-Induced,D004409,ncbi_mesh,True
37683958,abstract,Disease,LID,Dyskinesia Drug-Induced,D004409,ncbi_mesh,True
37704516,title,Chemical,lipopolysaccharide,Lipopolysaccharides,D008070,ncbi_mesh,True
37704516,title,Chemical,LPS,,,,False
37704516,title,Disease,enterohemorrhagic,,,,False
37704516,abstract,Disease,hemolytic uremic syndrome,Hemolytic-Uremic Syndrome,D006463,ncbi_mesh,True
37704516,abstract,Disease,HUS,Hemolytic-Uremic Syndrome,D006463,ncbi_mesh,True
37704516,abstract,Disease,EHEC infection,Escherichia coli Infections,D004927,ncbi_mesh,True
37704516,abstract,Disease,acute bloody diarrhea syndrome,Trichohepatoenteric Syndrome,C565627,ncbi_mesh,True
37704516,abstract,Disease,HUS,Hemolytic-Uremic Syndrome,D006463,ncbi_mesh,True
37704516,abstract,Chemical,LPS,,,,False
37704516,abstract,Chemical,LPS,,,,False
37704516,abstract,Chemical,LPS,,,,False
37704516,abstract,Disease,infection,Infections,D007239,ncbi_mesh,True
37704516,abstract,Disease,HUS,Hemolytic-Uremic Syndrome,D006463,ncbi_mesh,True
37852390,abstract,Disease,Parkinson's disease,Parkinson Disease,D010300,ncbi_mesh,True
37852390,abstract,Disease,PD,Parkinson Disease,D010300,ncbi_mesh,True
37852390,abstract,Disease,PD,Parkinson Disease,D010300,ncbi_mesh,True
37852390,abstract,Chemical,Ca2+,,,,False
37852390,abstract,Chemical,Ca2+,,,,False
37852390,abstract,Gene,Cav1.2,CACNA1C,775,ncbi_gene,True
37852390,abstract,Chemical,Ca2+ channels,,,,False
37852390,abstract,Gene,Cav1.3,CACNA1D,776,ncbi_gene,True
37852390,abstract,Gene,Cav1.2,CACNA1C,775,ncbi_gene,True
37852390,abstract,Chemical,adenosine triphosphate,Adenosine Triphosphate,D000255,ncbi_mesh,True
37852390,abstract,Chemical,ATP,Adenosine Triphosphate,D000255,ncbi_mesh,True
37852390,abstract,Gene,Cav1.2,CACNA1C,775,ncbi_gene,True
37852390,abstract,Gene,Cav1.2,CACNA1C,775,ncbi_gene,True
37852390,abstract,Disease,PD,Parkinson Disease,D010300,ncbi_mesh,True
37979924,title,Chemical,Shiga toxin type 2,,,,False
37979924,title,Disease,Hemolytic Uremic Syndrome,Hemolytic-Uremic Syndrome,D006463,ncbi_mesh,True
37979924,abstract,Disease,Hemolytic Uremic Syndrome,Hemolytic-Uremic Syndrome,D006463,ncbi_mesh,True
37979924,abstract,Disease,HUS,Hemolytic-Uremic Syndrome,D006463,ncbi_mesh,True
37979924,abstract,Disease,thrombi,,,,False
37979924,abstract,Disease,proinflammatory,,,,False
37979924,abstract,Gene,Stx2,Stx2,25130,ncbi_gene,True
37979924,abstract,Gene,Stx2,Stx2,25130,ncbi_gene,True
37979924,abstract,Disease,HUS,Hemolytic-Uremic Syndrome,D006463,ncbi_mesh,True
37979924,abstract,Gene,Stx2,Stx2,25130,ncbi_gene,True
37979924,abstract,Gene,Stx2,Stx2,25130,ncbi_gene,True
37979924,abstract,Disease,HUS,Hemolytic-Uremic Syndrome,D006463,ncbi_mesh,True
37979924,abstract,Disease,HUS,Hemolytic-Uremic Syndrome,D006463,ncbi_mesh,True
37979924,abstract,Gene,Stx2,Stx2,25130,ncbi_gene,True
37979924,abstract,Chemical,creatinine,Creatinine,D003404,ncbi_mesh,True
37979924,abstract,Chemical,urea,Urea,D014508,ncbi_mesh,True
37979924,abstract,Chemical,creatinine,Creatinine,D003404,ncbi_mesh,True
37979924,abstract,Disease,renal damages,Kidney Diseases,D007674,ncbi_mesh,True
37979924,abstract,Disease,renal damages,Kidney Diseases,D007674,ncbi_mesh,True
37979924,abstract,Gene,Stx2,Stx2,25130,ncbi_gene,True
37979924,abstract,Gene,Stx2,Stx2,25130,ncbi_gene,True
37979924,abstract,Chemical,creatinine,Creatinine,D003404,ncbi_mesh,True
37979924,abstract,Chemical,urea,Urea,D014508,ncbi_mesh,True
37979924,abstract,Gene,Stx2,Stx2,25130,ncbi_gene,True
37979924,abstract,Gene,Stx2,Stx2,25130,ncbi_gene,True
37979924,abstract,Gene,Stx2,Stx2,25130,ncbi_gene,True
37979924,abstract,Chemical,creatinine,Creatinine,D003404,ncbi_mesh,True
37979924,abstract,Chemical,urea,Urea,D014508,ncbi_mesh,True
37979924,abstract,Gene,Stx2,Stx2,25130,ncbi_gene,True
37979924,abstract,Disease,HUS,Hemolytic-Uremic Syndrome,D006463,ncbi_mesh,True
37979924,abstract,Gene,Stx2,Stx2,25130,ncbi_gene,True
38019897,title,Disease,tumor,Neoplasms,D009369,ncbi_mesh,True
38019897,title,Disease,inflammatory,Inflammation,D007249,ncbi_mesh,True
38019897,abstract,Gene,CD4,CD4,920,ncbi_gene,True
38019897,abstract,Disease,HIV,HIV Infections,D015658,ncbi_mesh,True
38019897,abstract,Gene,CD4,CD4,920,ncbi_gene,True
38019897,abstract,Gene,P3H3,P3H3,10536,ncbi_gene,True
38019897,abstract,Gene,NBL1,NBL1,4681,ncbi_gene,True
38019897,abstract,Disease,tumor,Neoplasms,D009369,ncbi_mesh,True
38019897,abstract,Gene,KCNJ2,KCNJ2,3759,ncbi_gene,True
38019897,abstract,Gene,GJB2,GJB2,2706,ncbi_gene,True
38019897,abstract,Gene,IL1A,IL1A,3552,ncbi_gene,True
38019897,abstract,Gene,CSF3,CSF3,1440,ncbi_gene,True
38019897,abstract,Gene,TNFAIP5,PTX3,5806,ncbi_gene,True
38019897,abstract,Gene,TNFAIP6,TNFAIP6,7130,ncbi_gene,True
38019897,abstract,Gene,TNFAIP9,STEAP4,79689,ncbi_gene,True
38019897,abstract,Gene,CXCL3,CXCL3,2921,ncbi_gene,True
38019897,abstract,Gene,CXCL10,CXCL10,3627,ncbi_gene,True
38019897,abstract,Gene,TLR7,TLR7,51284,ncbi_gene,True
38019897,abstract,Gene,TLR4,TLR4,7099,ncbi_gene,True
38019897,abstract,Gene,IL-1,IL1A,3552,ncbi_gene,True
38019897,abstract,Gene,IL-10,IL10,3586,ncbi_gene,True
38019897,abstract,Gene,P3H3,P3H3,10536,ncbi_gene,True
38019897,abstract,Gene,IL-10,IL10,3586,ncbi_gene,True
38019897,abstract,Gene,TNF-alpha,TNF,7124,ncbi_gene,True
38019897,abstract,Gene,IL-10,IL10,3586,ncbi_gene,True
38086442,title,Disease,renal damage,Kidney Diseases,D007674,ncbi_mesh,True
38086442,title,Species,rats,10116,10116,ncbi_taxonomy,True
38086442,abstract,Species,Escherichia coli,562,562,ncbi_taxonomy,True
38086442,abstract,Disease,post-diarrheal hemolytic uremic syndrome,Hemolytic-Uremic Syndrome,D006463,ncbi_mesh,True
38086442,abstract,Disease,HUS,Hemolytic-Uremic Syndrome,D006463,ncbi_mesh,True
38086442,abstract,Disease,acute kidney injury,Acute Kidney Injury,D058186,ncbi_mesh,True
38086442,abstract,Species,patients,9606,9606,ncbi_taxonomy,True
38086442,abstract,Disease,HUS,Hemolytic-Uremic Syndrome,D006463,ncbi_mesh,True
38086442,abstract,Species,rats,10116,10116,ncbi_taxonomy,True
38086442,abstract,Disease,abortion,Abortion Habitual,D000026,ncbi_mesh,True
38086442,abstract,Disease,renal damage,Kidney Diseases,D007674,ncbi_mesh,True
38086442,abstract,Disease,renal injury,Kidney Diseases,D007674,ncbi_mesh,True
38086442,abstract,Species,rats,10116,10116,ncbi_taxonomy,True
38086442,abstract,Disease,renal damage,Kidney Diseases,D007674,ncbi_mesh,True
38086442,abstract,Species,rats,10116,10116,ncbi_taxonomy,True
38086442,abstract,Species,rats,10116,10116,ncbi_taxonomy,True
38086442,abstract,Species,rats,10116,10116,ncbi_taxonomy,True
38086442,abstract,Disease,abortion,Abortion Habitual,D000026,ncbi_mesh,True
38086442,abstract,Species,rats,10116,10116,ncbi_taxonomy,True
38086442,abstract,Disease,renal injury,Kidney Diseases,D007674,ncbi_mesh,True
38086442,abstract,Species,rats,10116,10116,ncbi_taxonomy,True
38086442,abstract,Species,rats,10116,10116,ncbi_taxonomy,True
38086442,abstract,Species,rats,10116,10116,ncbi_taxonomy,True
38086442,abstract,Species,rats,10116,10116,ncbi_taxonomy,True
38086442,abstract,Species,rats,10116,10116,ncbi_taxonomy,True
38086442,abstract,Disease,renal injury,Kidney Diseases,D007674,ncbi_mesh,True
38086442,abstract,Species,rats,10116,10116,ncbi_taxonomy,True
38086442,abstract,Gene,vimentin,Vim,81818,ncbi_gene,True
38086442,abstract,Disease,tubular damage,Adenocarcinoma,D000230,ncbi_mesh,True
38086442,abstract,Species,rats,10116,10116,ncbi_taxonomy,True
38086442,abstract,Species,rats,10116,10116,ncbi_taxonomy,True
38086442,abstract,Disease,kidney injury,Kidney Diseases,D007674,ncbi_mesh,True
38086442,abstract,Species,rats,10116,10116,ncbi_taxonomy,True
38086442,abstract,Species,rats,10116,10116,ncbi_taxonomy,True
38086442,abstract,Disease,renal injury,Kidney Diseases,D007674,ncbi_mesh,True
38086442,abstract,Disease,loss,Tooth Loss,D016388,ncbi_mesh,True
38289455,title,Gene,G9a,ehmt2,569250,ncbi_gene,True
38289455,title,Chemical,Nicotine,Nicotine,D009538,ncbi_mesh,True
38289455,title,Species,Zebrafish,7955,7955,ncbi_taxonomy,True
38289455,abstract,Species,zebrafish,7955,7955,ncbi_taxonomy,True
38289455,abstract,Chemical,nicotine,Nicotine,D009538,ncbi_mesh,True
38289455,abstract,Gene,histone,zgc:113984,573997,ncbi_gene,True
38289455,abstract,Disease,addictive-like behaviors,Substance-Related Disorders,D019966,ncbi_mesh,True
38289455,abstract,Gene,histone,zgc:113984,573997,ncbi_gene,True
38289455,abstract,Chemical,nicotine,Nicotine,D009538,ncbi_mesh,True
38289455,abstract,Species,zebrafish,7955,7955,ncbi_taxonomy,True
38289455,abstract,Gene,G9a,ehmt2,569250,ncbi_gene,True
38289455,abstract,Chemical,BIX-01294,BIX 01294,C518299,ncbi_mesh,True
38289455,abstract,Chemical,BIX,,,,False
38289455,abstract,Chemical,BIX,,,,False
38289455,abstract,Chemical,nicotine,Nicotine,D009538,ncbi_mesh,True
38289455,abstract,Gene,G9a,ehmt2,569250,ncbi_gene,True
38289455,abstract,Gene,HDAC-1,hdac1,192302,ncbi_gene,True
38289455,abstract,Species,zebrafish,7955,7955,ncbi_taxonomy,True
38289455,abstract,Chemical,nicotine,Nicotine,D009538,ncbi_mesh,True
38289455,abstract,Chemical,BIX,,,,False
38289455,abstract,Chemical,nicotine,Nicotine,D009538,ncbi_mesh,True
38289455,abstract,Chemical,BIX,,,,False
38289455,abstract,Chemical,BIX,,,,False
38289455,abstract,Chemical,BIX,,,,False
38289455,abstract,Chemical,nicotine,Nicotine,D009538,ncbi_mesh,True
38289455,abstract,Gene,G9a,ehmt2,569250,ncbi_gene,True
38289455,abstract,Chemical,daminozide,daminozide,C014499,ncbi_mesh,True
38289455,abstract,Chemical,nicotine,Nicotine,D009538,ncbi_mesh,True
38289455,abstract,Gene,G9a,ehmt2,569250,ncbi_gene,True
38289455,abstract,Chemical,nicotine,Nicotine,D009538,ncbi_mesh,True
38289455,abstract,Chemical,nicotine,Nicotine,D009538,ncbi_mesh,True
38289455,abstract,Disease,drug addictions,Substance-Related Disorders,D019966,ncbi_mesh,True
38332013,title,Species,human,9606,9606,ncbi_taxonomy,True
38355584,abstract,Disease,Neurodegenerative conditions,Neurodegenerative Diseases,D019636,ncbi_mesh,True
38355584,abstract,Disease,memory loss,Memory Disorders,D008569,ncbi_mesh,True
38355584,abstract,Disease,Alzheimer's disease,Alzheimer Disease,D000544,ncbi_mesh,True
38355584,abstract,Disease,psychiatric conditions,Mental Disorders,D001523,ncbi_mesh,True
38355584,abstract,Disease,post-traumatic stress disorder,Stress Disorders Post-Traumatic,D013313,ncbi_mesh,True
38355584,abstract,Disease,specific phobia,Phobia Specific,C562465,ncbi_mesh,True
38355584,abstract,Disease,substance dependence,Substance-Related Disorders,D019966,ncbi_mesh,True
38355584,abstract,Disease,binge eating disorder,Binge-Eating Disorder,D056912,ncbi_mesh,True
38355584,abstract,Species,human,9606,9606,ncbi_taxonomy,True
38355584,abstract,Disease,anxiety,Anxiety,D001007,ncbi_mesh,True
38355584,abstract,Disease,addiction disorder,Alcoholism,D000437,ncbi_mesh,True
38355584,abstract,Species,patients,9606,9606,ncbi_taxonomy,True
38788356,title,Chemical,sodium,Sodium,D012964,ncbi_mesh,True
38788356,title,Species,rats,10116,10116,ncbi_taxonomy,True
38788356,abstract,Chemical,salt,Salts,D012492,ncbi_mesh,True
38788356,abstract,Species,rats,10116,10116,ncbi_taxonomy,True
38788356,abstract,Chemical,salt,Salts,D012492,ncbi_mesh,True
38788356,abstract,Chemical,HS,,,,False
38788356,abstract,Gene,CD4,Cd4,24932,ncbi_gene,True
38788356,abstract,Gene,CD45,Ptprc,24699,ncbi_gene,True
38788356,abstract,Chemical,HS,,,,False
38788356,abstract,Chemical,hydralazine,Hydralazine,D006830,ncbi_mesh,True
38788356,abstract,Chemical,HDZ,Hydralazine,D006830,ncbi_mesh,True
38788356,abstract,Chemical,HS,,,,False
38788356,abstract,Species,rats,10116,10116,ncbi_taxonomy,True
38788356,abstract,Chemical,HDZ,Hydralazine,D006830,ncbi_mesh,True
38788356,abstract,Chemical,HS,,,,False
38788356,abstract,Species,rats,10116,10116,ncbi_taxonomy,True
38788356,abstract,Chemical,HDZ,Hydralazine,D006830,ncbi_mesh,True
38788356,abstract,Gene,CD4,Cd4,24932,ncbi_gene,True
38788356,abstract,Gene,CD45,Ptprc,24699,ncbi_gene,True
38788356,abstract,Chemical,salt,Salts,D012492,ncbi_mesh,True
38788356,abstract,Chemical,HS,,,,False
38950066,title,Species,rat,10116,10116,ncbi_taxonomy,True
38950066,abstract,Species,rats,10116,10116,ncbi_taxonomy,True
38956598,title,Gene,aquaporin-4,AQP4,361,ncbi_gene,True
38956598,title,Gene,CD11c,ITGAX,3687,ncbi_gene,True
38956598,abstract,Gene,AQP4,AQP4,361,ncbi_gene,True
38956598,abstract,Gene,AQP4,AQP4,361,ncbi_gene,True
38956598,abstract,Species,mice,10090,10090,ncbi_taxonomy,True
38956598,abstract,Gene,AQP4,AQP4,361,ncbi_gene,True
38956598,abstract,Species,mice,10090,10090,ncbi_taxonomy,True
38956598,abstract,Species,mice,10090,10090,ncbi_taxonomy,True
38956598,abstract,Species,mice,10090,10090,ncbi_taxonomy,True
38956598,abstract,Gene,Rfx4,RFX4,5992,ncbi_gene,True
38956598,abstract,Gene,FoxJ1,FOXJ1,2302,ncbi_gene,True
38956598,abstract,Gene,Spag16,SPAG16,79582,ncbi_gene,True
38956598,abstract,Gene,Hydin,HYDIN,54768,ncbi_gene,True
38956598,abstract,Gene,Cfap43,CFAP43,80217,ncbi_gene,True
38956598,abstract,Gene,Cfap69,CFAP69,79846,ncbi_gene,True
38956598,abstract,Gene,Ccdc170,CCDC170,80129,ncbi_gene,True
38956598,abstract,Gene,Cdhr4,CDHR4,389118,ncbi_gene,True
38956598,abstract,Gene,Spp1,SPP1,6696,ncbi_gene,True
38956598,abstract,Gene,Gpnmb,GPNMB,10457,ncbi_gene,True
38956598,abstract,Gene,Itgax,ITGAX,3687,ncbi_gene,True
38956598,abstract,Gene,Cd68,CD68,968,ncbi_gene,True
38956598,abstract,Gene,Cd11c,ITGAX,3687,ncbi_gene,True
38956598,abstract,Species,mice,10090,10090,ncbi_taxonomy,True
38956598,abstract,Gene,vimentin,VIM,7431,ncbi_gene,True
38956598,abstract,Species,mice,10090,10090,ncbi_taxonomy,True
38956598,abstract,Gene,CD11c,ITGAX,3687,ncbi_gene,True
38956598,abstract,Species,mice,10090,10090,ncbi_taxonomy,True
38956598,abstract,Gene,AQP4,AQP4,361,ncbi_gene,True
38956598,abstract,Species,mice,10090,10090,ncbi_taxonomy,True
38956598,abstract,Species,mice,10090,10090,ncbi_taxonomy,True
39074983,abstract,Species,humans,9606,9606,ncbi_taxonomy,True
39327159,title,Gene,TDP-43,TARDBP,23435,ncbi_gene,True
39327159,title,Disease,neurodegenerative proteinopathies,Neurodegenerative Diseases,D019636,ncbi_mesh,True
39327159,abstract,Gene,TAR DNA-binding protein 43,TARDBP,23435,ncbi_gene,True
39327159,abstract,Gene,TDP-43,TARDBP,23435,ncbi_gene,True
39327159,abstract,Disease,TDP-43 proteinopathies,TDP-43 Proteinopathies,D057177,ncbi_mesh,True
39442808,title,Disease,transport,Menkes Kinky Hair Syndrome,D007706,ncbi_mesh,True
39442808,title,Species,human,9606,9606,ncbi_taxonomy,True
39442808,abstract,Species,Escherichia coli,562,562,ncbi_taxonomy,True
39442808,abstract,Disease,hemolytic uremic syndrome,Hemolytic-Uremic Syndrome,D006463,ncbi_mesh,True
39442808,abstract,Disease,HUS,Hemolytic-Uremic Syndrome,D006463,ncbi_mesh,True
39442808,abstract,Disease,kidney damage,Kidney Diseases,D007674,ncbi_mesh,True
39442808,abstract,Chemical,Shiga toxin type 2,,,,False
39442808,abstract,Gene,Stx2a,STX2,2054,ncbi_gene,True
39442808,abstract,Species,human,9606,9606,ncbi_taxonomy,True
39442808,abstract,Gene,Stx2a,STX2,2054,ncbi_gene,True
39442808,abstract,Disease,transport,Menkes Kinky Hair Syndrome,D007706,ncbi_mesh,True
39442808,abstract,Disease,transport,Menkes Kinky Hair Syndrome,D007706,ncbi_mesh,True
39442808,abstract,Gene,Stx2a,STX2,2054,ncbi_gene,True
39442808,abstract,Chemical,FITC-Dextran,fluorescein isothiocyanate dextran,C015219,ncbi_mesh,True
39442808,abstract,Gene,Stx2a,STX2,2054,ncbi_gene,True
39442808,abstract,Gene,Stx2a,STX2,2054,ncbi_gene,True
39442808,abstract,Chemical,tetraethylammonium chloride,Tetraethylammonium,D019789,ncbi_mesh,True
39442808,abstract,Chemical,TEA,Tetraethylammonium,D019789,ncbi_mesh,True
39442808,abstract,Chemical,Mercury (II) chloride,Mercuric Chloride,D008627,ncbi_mesh,True
39442808,abstract,Chemical,HgCl2,Mercuric Chloride,D008627,ncbi_mesh,True
39442808,abstract,Chemical,TGN-020,2-(nicotinamide)-1 3 4-thiadiazole,C558003,ncbi_mesh,True
39442808,abstract,Gene,Stx2a,STX2,2054,ncbi_gene,True
39442808,abstract,Chemical,TEA,Tetraethylammonium,D019789,ncbi_mesh,True
39442808,abstract,Chemical,TGN-020,2-(nicotinamide)-1 3 4-thiadiazole,C558003,ncbi_mesh,True
39442808,abstract,Gene,aquaporin-1,AQP1,358,ncbi_gene,True
39442808,abstract,Gene,AQP1,AQP1,358,ncbi_gene,True
39442808,abstract,Gene,aquaporin-4,AQP4,361,ncbi_gene,True
39442808,abstract,Gene,AQP4,AQP4,361,ncbi_gene,True
39442808,abstract,Gene,Stx2a,STX2,2054,ncbi_gene,True
39442808,abstract,Gene,Stx2a,STX2,2054,ncbi_gene,True
39442808,abstract,Gene,AQP1,AQP1,358,ncbi_gene,True
39442808,abstract,Gene,AQP4,AQP4,361,ncbi_gene,True
39442808,abstract,Gene,AQP1,AQP1,358,ncbi_gene,True
39442808,abstract,Gene,AQP4,AQP4,361,ncbi_gene,True
39461007,title,Chemical,alcohol,Alcohols,D000438,ncbi_mesh,True
39461007,title,Species,mouse,10090,10090,ncbi_taxonomy,True
39461007,title,Gene,AQP3,Aqp3,11828,ncbi_gene,True
39461007,abstract,Gene,AQP3,Aqp3,11828,ncbi_gene,True
39461007,abstract,Disease,interface abnormalities,Abnormalities Drug-Induced,D000014,ncbi_mesh,True
39461007,abstract,Gene,AQP3,Aqp3,11828,ncbi_gene,True
39461007,abstract,Chemical,alcohol,Alcohols,D000438,ncbi_mesh,True
39461007,abstract,Species,mice,10090,10090,ncbi_taxonomy,True
39461007,abstract,Chemical,ethanol,Ethanol,D000431,ncbi_mesh,True
39461007,abstract,Chemical,ethanol,Ethanol,D000431,ncbi_mesh,True
39461007,abstract,Gene,caspase-3,Casp3,12367,ncbi_gene,True
39461007,abstract,Gene,AQP3,Aqp3,11828,ncbi_gene,True
39461007,abstract,Chemical,alcohol,Alcohols,D000438,ncbi_mesh,True
39461007,abstract,Gene,AQP3,Aqp3,11828,ncbi_gene,True
39485629,title,Gene,Osteopontin,SPP1,6696,ncbi_gene,True
39485629,title,Gene,AQP4,AQP4,361,ncbi_gene,True
39485629,title,Gene,TRPV4,TRPV4,59341,ncbi_gene,True
39485629,abstract,Gene,Aquaporin-4,AQP4,361,ncbi_gene,True
39485629,abstract,Gene,AQP4,AQP4,361,ncbi_gene,True
39485629,abstract,Gene,Transient Receptor Potential Vanilloid 4,TRPV4,59341,ncbi_gene,True
39485629,abstract,Gene,TRPV4,TRPV4,59341,ncbi_gene,True
39485629,abstract,Gene,Osteopontin,SPP1,6696,ncbi_gene,True
39485629,abstract,Gene,OPN,SPP1,6696,ncbi_gene,True
39485629,abstract,Gene,OPN,SPP1,6696,ncbi_gene,True
39485629,abstract,Gene,OPN,SPP1,6696,ncbi_gene,True
39485629,abstract,Gene,AQP4,AQP4,361,ncbi_gene,True
39485629,abstract,Gene,TRPV4,TRPV4,59341,ncbi_gene,True
39485629,abstract,Species,human,9606,9606,ncbi_taxonomy,True
39485629,abstract,CellLine,MIO-M1,0433,0433,cvcl,True
39485629,abstract,Gene,OPN,SPP1,6696,ncbi_gene,True
39485629,abstract,Gene,AQP4,AQP4,361,ncbi_gene,True
39485629,abstract,Gene,OPN,SPP1,6696,ncbi_gene,True
39485629,abstract,Gene,AQP4,AQP4,361,ncbi_gene,True
39485629,abstract,Gene,TRPV4,TRPV4,59341,ncbi_gene,True
39485629,abstract,Gene,OPN,SPP1,6696,ncbi_gene,True
39485629,abstract,Gene,OPN,SPP1,6696,ncbi_gene,True
39485629,abstract,Gene,TRPV4,TRPV4,59341,ncbi_gene,True
39485629,abstract,Gene,OPN,SPP1,6696,ncbi_gene,True
39485629,abstract,Chemical,water,Water,D014867,ncbi_mesh,True
39485629,abstract,Gene,TRPV4,TRPV4,59341,ncbi_gene,True
39485629,abstract,Gene,AQP4,AQP4,361,ncbi_gene,True
39485629,abstract,Chemical,water,Water,D014867,ncbi_mesh,True
39485629,abstract,Gene,OPN,SPP1,6696,ncbi_gene,True
39553573,title,Chemical,fat,Fats,D005223,ncbi_mesh,True
39553573,title,Chemical,carbohydrate,Carbohydrates,D002241,ncbi_mesh,True
39553573,title,Species,mouse,10090,10090,ncbi_taxonomy,True
39553573,title,Species,Escherichia coli,562,562,ncbi_taxonomy,True
39553573,abstract,Species,Escherichia coli,562,562,ncbi_taxonomy,True
39553573,abstract,Species,patients,9606,9606,ncbi_taxonomy,True
39553573,abstract,Disease,deaths,Death,D003643,ncbi_mesh,True
39553573,abstract,Chemical,fat,Fats,D005223,ncbi_mesh,True
39553573,abstract,Chemical,carbohydrate,Carbohydrates,D002241,ncbi_mesh,True
39553573,abstract,Species,Mice,10090,10090,ncbi_taxonomy,True
39553573,abstract,Chemical,fat,Fats,D005223,ncbi_mesh,True
39553573,abstract,Chemical,carbohydrate,Carbohydrates,D002241,ncbi_mesh,True
39553573,abstract,Species,mice,10090,10090,ncbi_taxonomy,True
39553573,abstract,Chemical,fat,Fats,D005223,ncbi_mesh,True
39553573,abstract,Chemical,carbohydrate,Carbohydrates,D002241,ncbi_mesh,True
39553573,abstract,Gene,Stx2,Stx2,13852,ncbi_gene,True
39553573,abstract,Disease,neurodegeneration,Neurodegenerative Diseases,D019636,ncbi_mesh,True
39553573,abstract,Disease,motor and sensitivity impairment,Dentin Sensitivity,D003807,ncbi_mesh,True
39553573,abstract,Species,patients,9606,9606,ncbi_taxonomy,True
39553573,abstract,Gene,Stx2,Stx2,13852,ncbi_gene,True
32308155,title,Species,mice,10090,10090,ncbi_taxonomy,True
32308155,abstract,CellLine,CF-1,A239,A239,cvcl,True
32308155,abstract,Species,mice,10090,10090,ncbi_taxonomy,True
32308155,abstract,Disease,perinatal malnutrition,Malnutrition,D044342,ncbi_mesh,True
32308155,abstract,Disease,-P,Cleft Palate,D002972,ncbi_mesh,True
32308155,abstract,Disease,malnutrition,Malnutrition,D044342,ncbi_mesh,True
32308155,abstract,Species,mice,10090,10090,ncbi_taxonomy,True
32308155,abstract,Species,mice,10090,10090,ncbi_taxonomy,True
32308155,abstract,Species,mice,10090,10090,ncbi_taxonomy,True
32308155,abstract,Species,mice,10090,10090,ncbi_taxonomy,True
32308155,abstract,Disease,protein malnutrition,Malnutrition,D044342,ncbi_mesh,True
32308155,abstract,Disease,perinatal malnutrition,Malnutrition,D044342,ncbi_mesh,True
32308155,abstract,Disease,malnutrition,Malnutrition,D044342,ncbi_mesh,True
32311511,title,Gene,Pomc,Pomc,18976,ncbi_gene,True
32311511,title,Gene,Npy,Npy,109648,ncbi_gene,True
32311511,title,Disease,obese,Obesity,D009765,ncbi_mesh,True
32311511,title,Species,mice,10090,10090,ncbi_taxonomy,True
32311511,abstract,Gene,proopiomelanocortin,Pomc,18976,ncbi_gene,True
32311511,abstract,Gene,POMC,Pomc,18976,ncbi_gene,True
32311511,abstract,Chemical,glucose,Glucose,D005947,ncbi_mesh,True
32311511,abstract,Gene,POMC,Pomc,18976,ncbi_gene,True
32311511,abstract,Gene,POMC,Pomc,18976,ncbi_gene,True
32311511,abstract,Chemical,gamma-aminobutyric acid,gamma-Aminobutyric Acid,D005680,ncbi_mesh,True
32311511,abstract,Chemical,GABA,gamma-Aminobutyric Acid,D005680,ncbi_mesh,True
32311511,abstract,Gene,Pomc,Pomc,18976,ncbi_gene,True
32311511,abstract,Gene,POMC,Pomc,18976,ncbi_gene,True
32311511,abstract,Gene,Pomc,Pomc,18976,ncbi_gene,True
32311511,abstract,Species,mouse,10090,10090,ncbi_taxonomy,True
32311511,abstract,Chemical,tamoxifen,Tamoxifen,D013629,ncbi_mesh,True
32311511,abstract,Gene,Pomc,Pomc,18976,ncbi_gene,True
32311511,abstract,Species,mice,10090,10090,ncbi_taxonomy,True
32311511,abstract,Chemical,tamoxifen,Tamoxifen,D013629,ncbi_mesh,True
32311511,abstract,Disease,hyperphagia,Hyperphagia,D006963,ncbi_mesh,True
32311511,abstract,Gene,POMC,Pomc,18976,ncbi_gene,True
32311511,abstract,Gene,Neuropeptide Y,Npy,109648,ncbi_gene,True
32311511,abstract,Gene,NPY,Npy,109648,ncbi_gene,True
32311511,abstract,Gene,POMC,Pomc,18976,ncbi_gene,True
32311511,abstract,Chemical,Tamoxifen,Tamoxifen,D013629,ncbi_mesh,True
32311511,abstract,Species,mice,10090,10090,ncbi_taxonomy,True
32311511,abstract,Gene,Pomc,Pomc,18976,ncbi_gene,True
32311511,abstract,Gene,POMC,Pomc,18976,ncbi_gene,True
32311511,abstract,Gene,Pomc,Pomc,18976,ncbi_gene,True
32311511,abstract,Species,mice,10090,10090,ncbi_taxonomy,True
32311511,abstract,Gene,Pomc,Pomc,18976,ncbi_gene,True
32311511,abstract,Gene,POMC,Pomc,18976,ncbi_gene,True
32311511,abstract,Disease,hyperphagia,Hyperphagia,D006963,ncbi_mesh,True
32311511,abstract,Species,mice,10090,10090,ncbi_taxonomy,True
32311511,abstract,Chemical,tamoxifen,Tamoxifen,D013629,ncbi_mesh,True
32311511,abstract,Gene,POMC,Pomc,18976,ncbi_gene,True
32311511,abstract,Gene,POMC,Pomc,18976,ncbi_gene,True
32311511,abstract,Gene,neuropeptide Y,Npy,109648,ncbi_gene,True
32311511,abstract,Gene,NPY,Npy,109648,ncbi_gene,True
32311511,abstract,Disease,obese,Obesity,D009765,ncbi_mesh,True
32311511,abstract,Species,mice,10090,10090,ncbi_taxonomy,True
32311511,abstract,Gene,Pomc,Pomc,18976,ncbi_gene,True
32311511,abstract,Species,mice,10090,10090,ncbi_taxonomy,True
32311511,abstract,Gene,POMC,Pomc,18976,ncbi_gene,True
32311511,abstract,Gene,Pomc,Pomc,18976,ncbi_gene,True
32311511,abstract,Gene,POMC,Pomc,18976,ncbi_gene,True
32311511,abstract,Gene,NPY,Npy,109648,ncbi_gene,True
32311511,abstract,Gene,Pomc,Pomc,18976,ncbi_gene,True
32311511,abstract,Gene,POMC,Pomc,18976,ncbi_gene,True
32311511,abstract,Gene,POMC,Pomc,18976,ncbi_gene,True
32311511,abstract,Gene,NPY,Npy,109648,ncbi_gene,True
32319840,title,Disease,hyperactivity,Hyperkinesis,D006948,ncbi_mesh,True
32319840,title,Disease,anhedonia,Anhedonia,D059445,ncbi_mesh,True
32319840,title,Chemical,diazepam,Diazepam,D003975,ncbi_mesh,True
32319840,title,Chemical,fluoxetine,Fluoxetine,D005473,ncbi_mesh,True
32319840,title,Disease,drosophila,,,,False
32319840,abstract,Species,Drosophila,7227,7227,ncbi_taxonomy,True
32319840,abstract,Species,Drosophila,7227,7227,ncbi_taxonomy,True
32319840,abstract,Species,flies,7147,7147,ncbi_taxonomy,True
32319840,abstract,Species,flies,7147,7147,ncbi_taxonomy,True
32319840,abstract,Species,flies,7147,7147,ncbi_taxonomy,True
32319840,abstract,Chemical,diazepam,Diazepam,D003975,ncbi_mesh,True
32319840,abstract,Chemical,fluoxetine,Fluoxetine,D005473,ncbi_mesh,True
32319840,abstract,Chemical,sucrose,Sucrose,D013395,ncbi_mesh,True
32319840,abstract,Species,flies,7147,7147,ncbi_taxonomy,True
32319840,abstract,Disease,hyperactivity,Hyperkinesis,D006948,ncbi_mesh,True
32319840,abstract,Chemical,sucrose,Sucrose,D013395,ncbi_mesh,True
32319840,abstract,Species,flies,7147,7147,ncbi_taxonomy,True
32319840,abstract,Chemical,fluoxetine,Fluoxetine,D005473,ncbi_mesh,True
32319840,abstract,Chemical,diazepam,Diazepam,D003975,ncbi_mesh,True
32319840,abstract,Species,flies,7147,7147,ncbi_taxonomy,True
32319840,abstract,Disease,hyperactivity,Hyperkinesis,D006948,ncbi_mesh,True
32319840,abstract,Disease,anhedonia,Anhedonia,D059445,ncbi_mesh,True
32319840,abstract,Chemical,fluoxetine,Fluoxetine,D005473,ncbi_mesh,True
32319840,abstract,Chemical,diazepam,Diazepam,D003975,ncbi_mesh,True
32319840,abstract,Species,Drosophila,7227,7227,ncbi_taxonomy,True
32319840,abstract,Disease,psychiatric disorder,Mental Disorders,D001523,ncbi_mesh,True
32319840,abstract,Species,Drosophila,7227,7227,ncbi_taxonomy,True
32319840,abstract,Disease,alterations,Dysgeusia,D004408,ncbi_mesh,True
32319840,abstract,Disease,hyperlocomotion,,,,False
32319840,abstract,Chemical,sucrose,Sucrose,D013395,ncbi_mesh,True
32319840,abstract,Species,flies,7147,7147,ncbi_taxonomy,True
32319840,abstract,Disease,alterations,Dysgeusia,D004408,ncbi_mesh,True
32319840,abstract,Chemical,fluoxetine,Fluoxetine,D005473,ncbi_mesh,True
32319840,abstract,Chemical,diazepam,Diazepam,D003975,ncbi_mesh,True
32360730,abstract,Disease,Intellectual disability,Intellectual Disability,D008607,ncbi_mesh,True
32360730,abstract,Disease,genetic disorders,Genetic Diseases Inborn,D030342,ncbi_mesh,True
32360730,abstract,Gene,ERK1/2,rl,3354888,ncbi_gene,True
32360730,abstract,Gene,NF1,Nf1,43149,ncbi_gene,True
32360730,abstract,Disease,Noonan syndrome,Noonan Syndrome,D009634,ncbi_mesh,True
32360730,abstract,Disease,NS,Noonan Syndrome,D009634,ncbi_mesh,True
32360730,abstract,Disease,memory deficits,Memory Disorders,D008569,ncbi_mesh,True
32360730,abstract,Gene,NF1,Nf1,43149,ncbi_gene,True
32360730,abstract,Disease,NS,Noonan Syndrome,D009634,ncbi_mesh,True
32360730,abstract,Species,Drosophila,7227,7227,ncbi_taxonomy,True
32360730,abstract,Gene,ERK1/2,rl,3354888,ncbi_gene,True
32360730,abstract,Disease,learning problems,Learning Disabilities,D007859,ncbi_mesh,True
32360730,abstract,Disease,RAS-related disorders,Alcohol-Related Disorders,D019973,ncbi_mesh,True
32482148,title,Disease,placental damage,Placenta Diseases,D010922,ncbi_mesh,True
32482148,title,Disease,infections,Infections,D007239,ncbi_mesh,True
32482148,abstract,Disease,infections,Infections,D007239,ncbi_mesh,True
32482148,abstract,Disease,infections,Infections,D007239,ncbi_mesh,True
32482148,abstract,Disease,infectious diseases,Communicable Diseases,D003141,ncbi_mesh,True
32482148,abstract,Disease,malaria,Malaria,D008288,ncbi_mesh,True
32482148,abstract,Disease,leishmaniasis,Leishmaniasis,D007896,ncbi_mesh,True
32482148,abstract,Disease,foodborne disease,Foodborne Diseases,D005517,ncbi_mesh,True
32482148,abstract,Species,Escherichia coli,562,562,ncbi_taxonomy,True
32482148,abstract,Disease,placental abnormalities,Placenta Diseases,D010922,ncbi_mesh,True
32482148,abstract,Disease,congenital anomalies,Congenital Abnormalities,D000013,ncbi_mesh,True
32482148,abstract,Gene,CCL2,CCL2,6347,ncbi_gene,True
32482148,abstract,Gene,monocyte chemoattractant protein-1,CCL2,6347,ncbi_gene,True
32482148,abstract,Gene,CCL3,CCL3,6348,ncbi_gene,True
32482148,abstract,Gene,macrophage inflammatory protein-1 alpha,CCL3,6348,ncbi_gene,True
32482148,abstract,Gene,CCL5,CCL5,6352,ncbi_gene,True
32482148,abstract,Gene,chemokine (C-C motif) ligand 5,CCL5,6352,ncbi_gene,True
32482148,abstract,Species,CHIKV,,,,False
32482148,abstract,Species,chikungunya virus,37124,37124,ncbi_taxonomy,True
32482148,abstract,Species,DCL,100763,100763,ncbi_taxonomy,True
32482148,abstract,Disease,diffuse cutaneous leishmaniasis,Leishmaniasis Diffuse Cutaneous,D016774,ncbi_mesh,True
32482148,abstract,Species,DENV,,,,False
32482148,abstract,Species,dengue virus,12637,12637,ncbi_taxonomy,True
32482148,abstract,Gene,Gb3,A4GALT,53947,ncbi_gene,True
32482148,abstract,Chemical,glycolipid,Glycolipids,D006017,ncbi_mesh,True
32482148,abstract,Chemical,globotriaosylceramyde,,,,False
32482148,abstract,Gene,HIF,,,,False
32482148,abstract,Gene,hypoxia-inducible factor,,,,False
32482148,abstract,Disease,HUS,Hemolytic-Uremic Syndrome,D006463,ncbi_mesh,True
32482148,abstract,Disease,hemolytic uremic syndrome,Hemolytic-Uremic Syndrome,D006463,ncbi_mesh,True
32482148,abstract,Gene,IFN,IFNA1,3439,ncbi_gene,True
32482148,abstract,Gene,Ig,,,,False
32482148,abstract,Disease,IUGR,,,,False
32482148,abstract,Disease,intrauterine growth restriction,Fetal Growth Retardation,D005317,ncbi_mesh,True
32482148,abstract,Disease,LCL,,,,False
32482148,abstract,Disease,localized cutaneous leishmaniasis,Leishmaniasis Cutaneous,D016773,ncbi_mesh,True
32482148,abstract,Chemical,LPS,Lipopolysaccharides,D008070,ncbi_mesh,True
32482148,abstract,Disease,lipopolysaccharid,fetal inflammatory response syndrome,C000719624,ncbi_mesh,True
32482148,abstract,Disease,MCL,Hereditary leiomyomatosis and renal cell cancer,C535516,ncbi_mesh,True
32482148,abstract,Disease,mucocutaneous leishmaniasis,Leishmaniasis Mucocutaneous,D007897,ncbi_mesh,True
32482148,abstract,Chemical,nitric oxide,Nitric Oxide,D009569,ncbi_mesh,True
32482148,abstract,Gene,PGF,PGF,5228,ncbi_gene,True
32482148,abstract,Gene,placental growth factor,PGF,5228,ncbi_gene,True
32482148,abstract,Disease,placental malaria,Malaria,D008288,ncbi_mesh,True
32482148,abstract,Species,Escherichia coli,562,562,ncbi_taxonomy,True
32482148,abstract,Gene,VEGF,VEGFA,7422,ncbi_gene,True
32482148,abstract,Disease,visceral leishmaniasis,Leishmaniasis Visceral,D007898,ncbi_mesh,True
32525252,title,Chemical,Zinc(II) Phthalocyanine,CGP 55 847,C052159,ncbi_mesh,True
32525252,title,Disease,Colorectal Cancer,Colorectal Neoplasms,D015179,ncbi_mesh,True
32525252,abstract,Disease,cancer,Neoplasms,D009369,ncbi_mesh,True
32525252,abstract,Disease,colorectal cancer,Colorectal Neoplasms,D015179,ncbi_mesh,True
32525252,abstract,Disease,gastrointestinal tumors,Gastrointestinal Neoplasms,D005770,ncbi_mesh,True
32525252,abstract,Chemical,phthalocyanine,phthalocyanine,C013647,ncbi_mesh,True
32525252,abstract,Gene,Pc9,Pcsk9,100102,ncbi_gene,True
32525252,abstract,Chemical,poloxamine,,,,False
32525252,abstract,Chemical,T1107,,,,False
32525252,abstract,Species,murine,10090,10090,ncbi_taxonomy,True
32525252,abstract,Disease,colon carcinoma,Colonic Neoplasms,D003110,ncbi_mesh,True
32525252,abstract,CellLine,BALB/c,0184,0184,cvcl,True
32525252,abstract,Species,mice,10090,10090,ncbi_taxonomy,True
32525252,abstract,CellLine,CT26,7254,7254,cvcl,True
32525252,abstract,Gene,Pc9,Pcsk9,100102,ncbi_gene,True
32525252,abstract,Disease,tumor,Neoplasms,D009369,ncbi_mesh,True
32525252,abstract,Gene,Pc9,Pcsk9,100102,ncbi_gene,True
32525252,abstract,Disease,tumor,Neoplasms,D009369,ncbi_mesh,True
32525252,abstract,Species,mice,10090,10090,ncbi_taxonomy,True
32525252,abstract,Disease,toxicity,Drug-Related Side Effects and Adverse Reactions,D064420,ncbi_mesh,True
32525252,abstract,Gene,Bcl-XL,Bcl2l1,12048,ncbi_gene,True
32525252,abstract,Gene,Bcl-2,Bcl2,12043,ncbi_gene,True
32525252,abstract,Gene,Bid,Bid,12122,ncbi_gene,True
32525252,abstract,Gene,caspase-3,Casp3,12367,ncbi_gene,True
32525252,abstract,Gene,PARP-1,Parp1,11545,ncbi_gene,True
32525252,abstract,Gene,CD107a,Lamp1,16783,ncbi_gene,True
32525252,abstract,Gene,interferon-gamma,Ifng,15978,ncbi_gene,True
32525252,abstract,Gene,tumor necrosis factor-alpha,Tnf,21926,ncbi_gene,True
32525252,abstract,Disease,tumors,Neoplasms,D009369,ncbi_mesh,True
32525252,abstract,Gene,Pc9,Pcsk9,100102,ncbi_gene,True
32525252,abstract,Disease,tumor,Neoplasms,D009369,ncbi_mesh,True
32900965,abstract,Species,humans,9606,9606,ncbi_taxonomy,True
32900965,abstract,Species,humans,9606,9606,ncbi_taxonomy,True
33094506,title,Chemical,ATP,,,,False
33094506,title,Gene,TRPV4,TRPV4,59341,ncbi_gene,True
33094506,title,Gene,AQP2,AQP2,359,ncbi_gene,True
33094506,abstract,Gene,transient receptor potential vanilloid 4,TRPV4,59341,ncbi_gene,True
33094506,abstract,Gene,TRPV4,TRPV4,59341,ncbi_gene,True
33094506,abstract,Gene,TRPV4,TRPV4,59341,ncbi_gene,True
33094506,abstract,Gene,AQP2,AQP2,359,ncbi_gene,True
33094506,abstract,Gene,TRPV4,TRPV4,59341,ncbi_gene,True
33094506,abstract,Chemical,ATP,,,,False
33094506,abstract,Gene,TRPV4,TRPV4,59341,ncbi_gene,True
33094506,abstract,Gene,AQP2,AQP2,359,ncbi_gene,True
33094506,abstract,Chemical,ATP,,,,False
33094506,abstract,Gene,AQP2,AQP2,359,ncbi_gene,True
33094506,abstract,Chemical,ATP,,,,False
33094506,abstract,Chemical,ATPe,,,,False
33094506,abstract,Gene,TRPV4,TRPV4,59341,ncbi_gene,True
33094506,abstract,Chemical,Ca2+,,,,False
33094506,abstract,Chemical,ATP,,,,False
33094506,abstract,Gene,AQP2,AQP2,359,ncbi_gene,True
33094506,abstract,Chemical,ATP,,,,False
33094506,abstract,Gene,TRPV4,TRPV4,59341,ncbi_gene,True
33094506,abstract,Chemical,ATP,,,,False
33094506,abstract,Chemical,ATPe,,,,False
33094506,abstract,Chemical,ATPe,,,,False
33094506,abstract,Chemical,ATP,,,,False
33094506,abstract,Chemical,Ca2+,,,,False
33094506,abstract,Gene,AQP2,AQP2,359,ncbi_gene,True
33094506,abstract,Chemical,Ca2+,,,,False
33094506,abstract,Chemical,ATP,,,,False
33094506,abstract,Gene,AQP2,AQP2,359,ncbi_gene,True
33126049,title,Chemical,Endocannabinoid,Endocannabinoids,D063388,ncbi_mesh,True
33126049,title,Chemical,forskolin,Colforsin,D005576,ncbi_mesh,True
33126049,abstract,Chemical,endocannabinoid,Endocannabinoids,D063388,ncbi_mesh,True
33126049,abstract,Chemical,anandamide,anandamide,C078814,ncbi_mesh,True
33126049,abstract,CellLine,BeWo,0044,0044,cvcl,True
33240056,abstract,Species,Neohelice,446184,446184,ncbi_taxonomy,True
33307182,title,Species,mice,10090,10090,ncbi_taxonomy,True
33307182,abstract,Chemical,acetylcholine,Acetylcholine,D000109,ncbi_mesh,True
33307182,abstract,Chemical,Ach,Acetylcholine,D000109,ncbi_mesh,True
33307182,abstract,Species,mice,10090,10090,ncbi_taxonomy,True
33307182,abstract,Species,mice,10090,10090,ncbi_taxonomy,True
33363456,title,Disease,ALS,Amyotrophic Lateral Sclerosis,D000690,ncbi_mesh,True
33363456,title,Disease,FTD,Frontotemporal Dementia,D057180,ncbi_mesh,True
33363456,title,Gene,TDP-43,TARDBP,23435,ncbi_gene,True
33363456,abstract,Gene,TDP-43,TARDBP,23435,ncbi_gene,True
33363456,abstract,Disease,neurodegenerative diseases,Neurodegenerative Diseases,D019636,ncbi_mesh,True
33363456,abstract,Disease,frontotemporal dementia,Frontotemporal Dementia,D057180,ncbi_mesh,True
33363456,abstract,Disease,FTD,Frontotemporal Dementia,D057180,ncbi_mesh,True
33363456,abstract,Disease,amyotrophic lateral sclerosis,Amyotrophic Lateral Sclerosis,D000690,ncbi_mesh,True
33363456,abstract,Disease,ALS,Amyotrophic Lateral Sclerosis,D000690,ncbi_mesh,True
33363456,abstract,Gene,TDP-43,TARDBP,23435,ncbi_gene,True
33363456,abstract,Species,human,9606,9606,ncbi_taxonomy,True
33363456,abstract,Gene,TDP-43,TARDBP,23435,ncbi_gene,True
33363456,abstract,Gene,TDP-43,TARDBP,23435,ncbi_gene,True
33363456,abstract,Disease,ALS,Amyotrophic Lateral Sclerosis,D000690,ncbi_mesh,True
33363456,abstract,Disease,FTD,Frontotemporal Dementia,D057180,ncbi_mesh,True
33363456,abstract,CellLine,HEK293,0045,0045,cvcl,True
33363456,abstract,Chemical,puromycin,Puromycin,D011691,ncbi_mesh,True
33363456,abstract,Chemical,PURO,Puromycin,D011691,ncbi_mesh,True
33363456,abstract,Gene,TDP-43,TARDBP,23435,ncbi_gene,True
33363456,abstract,Species,mouse,10090,10090,ncbi_taxonomy,True
33363456,abstract,Gene,TDP-43,Tardbp,230908,ncbi_gene,True
33363456,abstract,Gene,TDP-43,TARDBP,23435,ncbi_gene,True
33363456,abstract,Species,mice,10090,10090,ncbi_taxonomy,True
33363456,abstract,Gene,TDP-43,TARDBP,23435,ncbi_gene,True
33363456,abstract,Species,mice,10090,10090,ncbi_taxonomy,True
33363456,abstract,Gene,TDP-43,TARDBP,23435,ncbi_gene,True
33363456,abstract,Species,mice,10090,10090,ncbi_taxonomy,True
33363456,abstract,Species,mice,10090,10090,ncbi_taxonomy,True
33363456,abstract,Chemical,PURO,Puromycin,D011691,ncbi_mesh,True
33363456,abstract,Chemical,PURO,Puromycin,D011691,ncbi_mesh,True
33363456,abstract,Gene,TDP-43,Tardbp,230908,ncbi_gene,True
33363456,abstract,Gene,TDP-43,TARDBP,23435,ncbi_gene,True
33363456,abstract,Species,mice,10090,10090,ncbi_taxonomy,True
33363456,abstract,Chemical,PURO,Puromycin,D011691,ncbi_mesh,True
33363456,abstract,Gene,TDP-43,Tardbp,230908,ncbi_gene,True
33363456,abstract,Species,mice,10090,10090,ncbi_taxonomy,True
33363456,abstract,Gene,TDP-43,TARDBP,23435,ncbi_gene,True
33363456,abstract,Disease,ALS,Amyotrophic Lateral Sclerosis,D000690,ncbi_mesh,True
33363456,abstract,Disease,FTD,Frontotemporal Dementia,D057180,ncbi_mesh,True
33363456,abstract,Gene,TDP-43,TARDBP,23435,ncbi_gene,True
33363456,abstract,Disease,TDP-43 proteinopathies,TDP-43 Proteinopathies,D057177,ncbi_mesh,True
33519685,title,Species,Drosophila,7227,7227,ncbi_taxonomy,True
33519685,title,Chemical,Annona senegalensis,,,,False
33519685,abstract,Disease,Epilepsy,Epilepsy,D004827,ncbi_mesh,True
33519685,abstract,Disease,neurological disorders,Neurologic Manifestations,D009461,ncbi_mesh,True
33519685,abstract,Species,patients,9606,9606,ncbi_taxonomy,True
33519685,abstract,Disease,seizures,Seizures,D012640,ncbi_mesh,True
33519685,abstract,Disease,seizure,Seizures,D012640,ncbi_mesh,True
33519685,abstract,Disease,epilepsy,Epilepsy,D004827,ncbi_mesh,True
33519685,abstract,Species,Drosophila melanogaster,7227,7227,ncbi_taxonomy,True
33519685,abstract,Disease,epileptic seizure,Epilepsy,D004827,ncbi_mesh,True
33519685,abstract,Disease,seizure,Seizures,D012640,ncbi_mesh,True
33519685,abstract,Species,Annona senegalensis,306945,306945,ncbi_taxonomy,True
33519685,abstract,Disease,epilepsy,Epilepsy,D004827,ncbi_mesh,True
33519685,abstract,Chemical,phenytoin,Phenytoin,D010672,ncbi_mesh,True
33519685,abstract,Chemical,stem bark extract,,,,False
33519685,abstract,Species,A. senegalensis,446692,446692,ncbi_taxonomy,True
33519685,abstract,Chemical,leaf extract,,,,False
33519685,abstract,Chemical,phenytoin,Phenytoin,D010672,ncbi_mesh,True
33519685,abstract,Disease,seizure,Seizures,D012640,ncbi_mesh,True
33519685,abstract,Species,Drosophila,7227,7227,ncbi_taxonomy,True
33519685,abstract,Disease,epilepsy,Epilepsy,D004827,ncbi_mesh,True
33547844,title,Chemical,Levodopa,Levodopa,D007980,ncbi_mesh,True
33547844,title,Disease,Parkinsonian,Parkinson Disease,D010300,ncbi_mesh,True
33547844,title,Species,Mice,10090,10090,ncbi_taxonomy,True
33547844,abstract,Disease,Parkinson's disease,Parkinson Disease,D010300,ncbi_mesh,True
33547844,abstract,Disease,PD,Parkinson Disease,D010300,ncbi_mesh,True
33547844,abstract,Chemical,levodopa,Levodopa,D007980,ncbi_mesh,True
33547844,abstract,Disease,dyskinesia,Dyskinesia Drug-Induced,D004409,ncbi_mesh,True
33547844,abstract,Disease,PD,Parkinson Disease,D010300,ncbi_mesh,True
33547844,abstract,Disease,dyskinesia,Dyskinesia Drug-Induced,D004409,ncbi_mesh,True
33547844,abstract,Disease,PD,Parkinson Disease,D010300,ncbi_mesh,True
33547844,abstract,Disease,dyskinesia,Dyskinesia Drug-Induced,D004409,ncbi_mesh,True
33547844,abstract,Chemical,6-hydroxydopamine,Oxidopamine,D016627,ncbi_mesh,True
33547844,abstract,Species,mouse,10090,10090,ncbi_taxonomy,True
33547844,abstract,Disease,PD,Parkinson Disease,D010300,ncbi_mesh,True
33547844,abstract,Chemical,levodopa,Levodopa,D007980,ncbi_mesh,True
33547844,abstract,Disease,parkinsonian,Parkinson Disease,D010300,ncbi_mesh,True
33547844,abstract,Chemical,levodopa,Levodopa,D007980,ncbi_mesh,True
33547844,abstract,Gene,dopamine D1/D5 receptor,Drd1,13488,ncbi_gene,True
33547844,abstract,Chemical,cyclic adenosine monophosphate,Cyclic AMP,D000242,ncbi_mesh,True
33547844,abstract,Chemical,cAMP,Cyclic AMP,D000242,ncbi_mesh,True
33547844,abstract,Chemical,cAMP,Cyclic AMP,D000242,ncbi_mesh,True
33547844,abstract,Chemical,levodopa,Levodopa,D007980,ncbi_mesh,True
33547844,abstract,Disease,parkinsonian,Parkinson Disease,D010300,ncbi_mesh,True
33547844,abstract,Species,mice,10090,10090,ncbi_taxonomy,True
33547844,abstract,Chemical,levodopa,Levodopa,D007980,ncbi_mesh,True
33547844,abstract,Chemical,cAMP,Cyclic AMP,D000242,ncbi_mesh,True
33547844,abstract,Disease,parkinsonism,Parkinson Disease Secondary,D010302,ncbi_mesh,True
33547844,abstract,Disease,dyskinesia,Dyskinesia Drug-Induced,D004409,ncbi_mesh,True
33547844,abstract,Disease,Parkinson and Movement Disorder,Movement Disorders,D009069,ncbi_mesh,True
33685676,title,Gene,Stx2,STX2,519148,ncbi_gene,True
33685676,title,Species,bovine,9913,9913,ncbi_taxonomy,True
33685676,title,Species,Escherichia coli O157:H7,83334,83334,ncbi_taxonomy,True
33685676,abstract,Species,Escherichia coli (EHEC) O157:H7,,,,False
33685676,abstract,Disease,bloody diarrhea,Diarrhea,D003967,ncbi_mesh,True
33685676,abstract,Disease,hemorrhagic colitis,Colitis,D003092,ncbi_mesh,True
33685676,abstract,Disease,hemolytic uremic syndrome,Hemolytic-Uremic Syndrome,D006463,ncbi_mesh,True
33685676,abstract,Disease,HUS,Hemolytic-Uremic Syndrome,D006463,ncbi_mesh,True
33685676,abstract,Disease,HUS,Hemolytic-Uremic Syndrome,D006463,ncbi_mesh,True
33685676,abstract,Disease,HUS,Hemolytic-Uremic Syndrome,D006463,ncbi_mesh,True
33685676,abstract,Species,Human,9606,9606,ncbi_taxonomy,True
33685676,abstract,Species,bovine,9913,9913,ncbi_taxonomy,True
33685676,abstract,Disease,gastrointestinal infections,Gastrointestinal Diseases,D005767,ncbi_mesh,True
33685676,abstract,Gene,Stx2,STX2,519148,ncbi_gene,True
33685676,abstract,Species,cows,9913,9913,ncbi_taxonomy,True
33685676,abstract,Gene,Stx2,STX2,519148,ncbi_gene,True
33685676,abstract,Disease,cytotoxicity,Drug-Related Side Effects and Adverse Reactions,D064420,ncbi_mesh,True
33685676,abstract,Species,EHEC O157:H7,,,,False
33685676,abstract,Gene,Stx2,STX2,519148,ncbi_gene,True
33685676,abstract,Gene,Stx2,STX2,519148,ncbi_gene,True
33685676,abstract,Gene,Stx2,STX2,519148,ncbi_gene,True
33685676,abstract,Gene,Stx2,STX2,519148,ncbi_gene,True
33685676,abstract,Disease,cytotoxicity,Drug-Related Side Effects and Adverse Reactions,D064420,ncbi_mesh,True
33685676,abstract,CellLine,Vero,0059,0059,cvcl,True
33685676,abstract,Gene,Stx2,STX2,519148,ncbi_gene,True
33685676,abstract,Disease,EHEC infection,Escherichia coli Infections,D004927,ncbi_mesh,True
33685676,abstract,Species,mice,10090,10090,ncbi_taxonomy,True
33685676,abstract,Gene,Stx2,STX2,519148,ncbi_gene,True
33685676,abstract,Species,bovine,9913,9913,ncbi_taxonomy,True
33685676,abstract,Disease,HUS,Hemolytic-Uremic Syndrome,D006463,ncbi_mesh,True
33685676,abstract,Species,humans,9606,9606,ncbi_taxonomy,True
33685676,abstract,Species,calves,9913,9913,ncbi_taxonomy,True
33685676,abstract,Species,EHEC infections,,,,False
33692740,title,Disease,Epilepsy,Epilepsy,D004827,ncbi_mesh,True
33692740,title,Species,Patients,9606,9606,ncbi_taxonomy,True
33692740,title,Disease,Hippocampal Sclerosis,Hippocampal Sclerosis,D000092223,ncbi_mesh,True
33692740,abstract,Disease,hippocampal sclerosis,Hippocampal Sclerosis,D000092223,ncbi_mesh,True
33692740,abstract,Disease,temporal lobe epilepsy,Epilepsy Temporal Lobe,D004833,ncbi_mesh,True
33692740,abstract,Disease,epilepsy,Epilepsy,D004827,ncbi_mesh,True
33692740,abstract,Species,patients,9606,9606,ncbi_taxonomy,True
33692740,abstract,Disease,hippocampal sclerosis,Hippocampal Sclerosis,D000092223,ncbi_mesh,True
33692740,abstract,Species,patients,9606,9606,ncbi_taxonomy,True
33692740,abstract,Species,patients,9606,9606,ncbi_taxonomy,True
33692740,abstract,Disease,temporal epilepsy,Temporal epilepsy familial,C536956,ncbi_mesh,True
33692740,abstract,Disease,hippocampal sclerosis,Hippocampal Sclerosis,D000092223,ncbi_mesh,True
33703954,title,Chemical,3-aryl-indolinones,,,,False
33703954,abstract,Disease,Malaria,Malaria,D008288,ncbi_mesh,True
33703954,abstract,Disease,infectious illness,Communicable Diseases,D003141,ncbi_mesh,True
33703954,abstract,Chemical,indole alkaloids,Indole Alkaloids,D026121,ncbi_mesh,True
33703954,abstract,Chemical,oxindole,2-oxindole,C022960,ncbi_mesh,True
33703954,abstract,Chemical,aza,Azathioprine,D001379,ncbi_mesh,True
33703954,abstract,Chemical,oxindole,2-oxindole,C022960,ncbi_mesh,True
33703954,abstract,Chemical,aza,Azathioprine,D001379,ncbi_mesh,True
33703954,abstract,Chemical,H2,,,,False
33703954,abstract,Chemical,Pd,Palladium,D010165,ncbi_mesh,True
33703954,abstract,Chemical,C,Carbon,D002244,ncbi_mesh,True
33703954,abstract,Species,P. falciparum,5833,5833,ncbi_taxonomy,True
33703954,abstract,Chemical,8c,,,,False
33703954,abstract,Chemical,7c,,,,False
33703954,abstract,Species,P. falciparum,5833,5833,ncbi_taxonomy,True
33703954,abstract,Gene,lactate dehydrogenase,,,,False
33703954,abstract,Chemical,oxindole,2-oxindole,C022960,ncbi_mesh,True
33722403,title,Chemical,amiloride,Amiloride,D000584,ncbi_mesh,True
33722403,title,Species,patient,9606,9606,ncbi_taxonomy,True
33722403,title,Disease,nephrotic syndrome,Nephrotic Syndrome,D009404,ncbi_mesh,True
33722403,abstract,Disease,nephrotic syndrome,Nephrotic Syndrome,D009404,ncbi_mesh,True
33722403,abstract,Disease,podocyturia,,,,False
33722403,abstract,Disease,proteinuria,Proteinuria,D011507,ncbi_mesh,True
33722403,abstract,Chemical,enalapril,Enalapril,D004656,ncbi_mesh,True
33722403,abstract,Chemical,losartan,Losartan,D019808,ncbi_mesh,True
33722403,abstract,Chemical,amiloride,Amiloride,D000584,ncbi_mesh,True
33722403,abstract,Disease,proteinuric,Proteinuria,D011507,ncbi_mesh,True
33722403,abstract,Disease,podocyturia,,,,False
33722403,abstract,Disease,proteinuria,Proteinuria,D011507,ncbi_mesh,True
33722403,abstract,Disease,nephrotic syndrome,Nephrotic Syndrome,D009404,ncbi_mesh,True
33722403,abstract,Chemical,enalapril,Enalapril,D004656,ncbi_mesh,True
33722403,abstract,Chemical,losartan,Losartan,D019808,ncbi_mesh,True
33722403,abstract,Chemical,enalapril,Enalapril,D004656,ncbi_mesh,True
33722403,abstract,Chemical,losartan,Losartan,D019808,ncbi_mesh,True
33722403,abstract,Chemical,amiloride,Amiloride,D000584,ncbi_mesh,True
33722403,abstract,Species,patients,9606,9606,ncbi_taxonomy,True
33722403,abstract,Disease,proteinuria,Proteinuria,D011507,ncbi_mesh,True
33722403,abstract,Disease,proteinuria,Proteinuria,D011507,ncbi_mesh,True
33722403,abstract,Species,patients,9606,9606,ncbi_taxonomy,True
33722403,abstract,Disease,proteinuria,Proteinuria,D011507,ncbi_mesh,True
33722403,abstract,Disease,proteinuria,Proteinuria,D011507,ncbi_mesh,True
33722403,abstract,Disease,proteinuria,Proteinuria,D011507,ncbi_mesh,True
33722403,abstract,Species,patients,9606,9606,ncbi_taxonomy,True
33722403,abstract,Disease,podocyturia,,,,False
33722403,abstract,Disease,proteinuria,Proteinuria,D011507,ncbi_mesh,True
33722403,abstract,Disease,podocyturia,,,,False
33722403,abstract,Disease,nephrotic syndrome,Nephrotic Syndrome,D009404,ncbi_mesh,True
33722403,abstract,Disease,proteinuric,Proteinuria,D011507,ncbi_mesh,True
33722403,abstract,Chemical,amiloride,Amiloride,D000584,ncbi_mesh,True
33722403,abstract,Disease,proteinuria,Proteinuria,D011507,ncbi_mesh,True
33722403,abstract,Disease,podocyturia,,,,False
33822178,title,Species,Mouse,10090,10090,ncbi_taxonomy,True
33822178,title,Disease,Schizophrenia,Schizophrenia,D012559,ncbi_mesh,True
33822178,abstract,Disease,psychiatric neurodevelopmental disorders,Mental Disorders,D001523,ncbi_mesh,True
33822178,abstract,Disease,schizophrenia,Schizophrenia,D012559,ncbi_mesh,True
33822178,abstract,Disease,SZ,Schizophrenia,D012559,ncbi_mesh,True
33822178,abstract,Disease,SZ,Schizophrenia,D012559,ncbi_mesh,True
33822178,abstract,Species,mouse,10090,10090,ncbi_taxonomy,True
33822178,abstract,Disease,SZ,Schizophrenia,D012559,ncbi_mesh,True
33822178,abstract,Gene,NMDA receptors,Grin1,14810,ncbi_gene,True
33822178,abstract,Gene,NMDAr,Grin1,14810,ncbi_gene,True
33822178,abstract,Gene,NMDAr,Grin1,14810,ncbi_gene,True
34048797,title,Chemical,Antiparkinsonian Anticholinergic,,,,False
34048797,abstract,Chemical,L-DOPA,Levodopa,D007980,ncbi_mesh,True
34048797,abstract,Disease,Parkinson's disease,Parkinson Disease,D010300,ncbi_mesh,True
34048797,abstract,Disease,PD,Parkinson Disease,D010300,ncbi_mesh,True
34048797,abstract,Species,patients,9606,9606,ncbi_taxonomy,True
34048797,abstract,Chemical,L-DOPA,Levodopa,D007980,ncbi_mesh,True
34048797,abstract,Chemical,L-DOPA,Levodopa,D007980,ncbi_mesh,True
34048797,abstract,Disease,dyskinesia,Dyskinesia Drug-Induced,D004409,ncbi_mesh,True
34048797,abstract,Disease,LID,Dyskinesia Drug-Induced,D004409,ncbi_mesh,True
34048797,abstract,Chemical,acetylcholine,Acetylcholine,D000109,ncbi_mesh,True
34048797,abstract,Disease,parkinsonism,Parkinson Disease Secondary,D010302,ncbi_mesh,True
34048797,abstract,Disease,LID,Dyskinesia Drug-Induced,D004409,ncbi_mesh,True
34048797,abstract,Disease,PD,Parkinson Disease,D010300,ncbi_mesh,True
34048797,abstract,Disease,LID,Dyskinesia Drug-Induced,D004409,ncbi_mesh,True
34048797,abstract,Chemical,L-DOPA,Levodopa,D007980,ncbi_mesh,True
34048797,abstract,Disease,PD,Parkinson Disease,D010300,ncbi_mesh,True
34048797,abstract,Disease,LID,Dyskinesia Drug-Induced,D004409,ncbi_mesh,True
34048797,abstract,Disease,PD,Parkinson Disease,D010300,ncbi_mesh,True
34048797,abstract,Disease,LID,Dyskinesia Drug-Induced,D004409,ncbi_mesh,True
34155339,title,Chemical,Eliglustat,eliglustat,C522917,ncbi_mesh,True
34155339,title,Disease,cytotoxic,Drug-Related Side Effects and Adverse Reactions,D064420,ncbi_mesh,True
34155339,title,Species,human,9606,9606,ncbi_taxonomy,True
34155339,abstract,Species,Escherichia coli,562,562,ncbi_taxonomy,True
34155339,abstract,Disease,post-diarrheal,Dysentery,D004403,ncbi_mesh,True
34155339,abstract,Disease,hemolytic uremic syndrome,Hemolytic-Uremic Syndrome,D006463,ncbi_mesh,True
34155339,abstract,Disease,HUS,Hemolytic-Uremic Syndrome,D006463,ncbi_mesh,True
34155339,abstract,Disease,acute renal failure,Acute Kidney Injury,D058186,ncbi_mesh,True
34155339,abstract,Chemical,glycolipid,Glycolipids,D006017,ncbi_mesh,True
34155339,abstract,Chemical,globotriaosylceramide,globotriaosylceramide,C018549,ncbi_mesh,True
34155339,abstract,Gene,Gb3,A4GALT,53947,ncbi_gene,True
34155339,abstract,Chemical,Eliglustat,eliglustat,C522917,ncbi_mesh,True
34155339,abstract,Chemical,EG,eliglustat,C522917,ncbi_mesh,True
34155339,abstract,Gene,glucosylceramide synthase,UGCG,7357,ncbi_gene,True
34155339,abstract,Chemical,glycosphingolipid,Glycosphingolipids,D006028,ncbi_mesh,True
34155339,abstract,Disease,Gaucher's disease,Gaucher Disease,D005776,ncbi_mesh,True
34155339,abstract,Chemical,EG,eliglustat,C522917,ncbi_mesh,True
34155339,abstract,Gene,Stx2,STX2,2054,ncbi_gene,True
34155339,abstract,Species,human,9606,9606,ncbi_taxonomy,True
34155339,abstract,Species,Human,9606,9606,ncbi_taxonomy,True
34155339,abstract,CellLine,HRTEC,WN15,WN15,cvcl,True
34155339,abstract,Chemical,EG,eliglustat,C522917,ncbi_mesh,True
34155339,abstract,Chemical,EG,eliglustat,C522917,ncbi_mesh,True
34155339,abstract,Gene,Stx2,STX2,2054,ncbi_gene,True
34155339,abstract,Gene,Gb3,A4GALT,53947,ncbi_gene,True
34155339,abstract,CellLine,HRTEC,WN15,WN15,cvcl,True
34155339,abstract,Chemical,EG,eliglustat,C522917,ncbi_mesh,True
34155339,abstract,Chemical,EG,eliglustat,C522917,ncbi_mesh,True
34155339,abstract,Gene,Gb3,A4GALT,53947,ncbi_gene,True
34155339,abstract,Gene,Stx2,STX2,2054,ncbi_gene,True
34155339,abstract,Chemical,EG,eliglustat,C522917,ncbi_mesh,True
34155339,abstract,CellLine,HRTEC,WN15,WN15,cvcl,True
34155339,abstract,Gene,Stx2,STX2,2054,ncbi_gene,True
34155339,abstract,Chemical,EG,eliglustat,C522917,ncbi_mesh,True
34155339,abstract,Disease,acute kidney injury,Acute Kidney Injury,D058186,ncbi_mesh,True
34155339,abstract,Gene,Stx2,STX2,2054,ncbi_gene,True
34155339,abstract,Chemical,Eliglustat,eliglustat,C522917,ncbi_mesh,True
34155339,abstract,Disease,cytotoxic,Drug-Related Side Effects and Adverse Reactions,D064420,ncbi_mesh,True
34155339,abstract,Species,human,9606,9606,ncbi_taxonomy,True
34155339,abstract,Chemical,globotriaosylceramide,globotriaosylceramide,C018549,ncbi_mesh,True
34155339,abstract,Chemical,Eliglustat,eliglustat,C522917,ncbi_mesh,True
34155339,abstract,Chemical,Eliglustat,eliglustat,C522917,ncbi_mesh,True
34155339,abstract,Species,patients,9606,9606,ncbi_taxonomy,True
34155339,abstract,Disease,Gaucher's disease,Gaucher Disease,D005776,ncbi_mesh,True
34155339,abstract,Disease,renal damage,Kidney Diseases,D007674,ncbi_mesh,True
34216588,title,Chemical,ATP,Adenosine Triphosphate,D000255,ncbi_mesh,True
34216588,title,CellLine,Caco-2,0025,0025,cvcl,True
34216588,title,Species,human,9606,9606,ncbi_taxonomy,True
34216588,abstract,CellLine,Caco-2,0025,0025,cvcl,True
34216588,abstract,Species,human,9606,9606,ncbi_taxonomy,True
34216588,abstract,Chemical,ATP,Adenosine Triphosphate,D000255,ncbi_mesh,True
34216588,abstract,Chemical,ATP,Adenosine Triphosphate,D000255,ncbi_mesh,True
34216588,abstract,Chemical,eATP,,,,False
34216588,abstract,Chemical,eATP,,,,False
34216588,abstract,CellLine,Caco-2,0025,0025,cvcl,True
34216588,abstract,Chemical,eATP,,,,False
34216588,abstract,Gene,ecto-nucleoside triphosphate diphosphohydrolase-1 and -2,ENTPD1,953,ncbi_gene,True
34216588,abstract,Gene,ecto-5'-nucleotidase,NT5E,4907,ncbi_gene,True
34216588,abstract,Chemical,eATP,,,,False
34216588,abstract,Chemical,ATP,Adenosine Triphosphate,D000255,ncbi_mesh,True
34216588,abstract,CellLine,Caco-2,0025,0025,cvcl,True
34216588,abstract,Chemical,ATP,Adenosine Triphosphate,D000255,ncbi_mesh,True
34216588,abstract,Chemical,eATP,,,,False
34216588,abstract,Chemical,ATP,Adenosine Triphosphate,D000255,ncbi_mesh,True
34216588,abstract,Chemical,ATP,Adenosine Triphosphate,D000255,ncbi_mesh,True
34216588,abstract,Chemical,ATP,Adenosine Triphosphate,D000255,ncbi_mesh,True
34263427,title,Gene,Aquaporin-4,AQP4,361,ncbi_gene,True
34263427,title,Species,Human,9606,9606,ncbi_taxonomy,True
34263427,title,Gene,AQP4,AQP4,361,ncbi_gene,True
34263427,title,Species,Patients,9606,9606,ncbi_taxonomy,True
34263427,title,Disease,Neuromyelitis,Neuromyelitis Optica,D009471,ncbi_mesh,True
34263427,title,Disease,Optica,Neuromyelitis Optica,D009471,ncbi_mesh,True
34263427,title,Disease,Retinal Injury,Retinitis,D012173,ncbi_mesh,True
34263427,abstract,Gene,Aquaporin-4,AQP4,361,ncbi_gene,True
34263427,abstract,Gene,AQP4,AQP4,361,ncbi_gene,True
34263427,abstract,Gene,AQP4,AQP4,361,ncbi_gene,True
34263427,abstract,Species,patients,9606,9606,ncbi_taxonomy,True
34263427,abstract,Disease,neuromyelitis optica spectrum disorders,Neuromyelitis Optica,D009471,ncbi_mesh,True
34263427,abstract,Disease,NMOSD,Neuromyelitis Optica,D009471,ncbi_mesh,True
34263427,abstract,Gene,AQP4,AQP4,361,ncbi_gene,True
34263427,abstract,Gene,AQP4,AQP4,361,ncbi_gene,True
34263427,abstract,Gene,AQP4,AQP4,361,ncbi_gene,True
34263427,abstract,Gene,AQP4,AQP4,361,ncbi_gene,True
34263427,abstract,Disease,inflammatory,Inflammation,D007249,ncbi_mesh,True
34263427,abstract,Gene,AQP4,AQP4,361,ncbi_gene,True
34263427,abstract,Disease,RVD,,,,False
34263427,abstract,Species,human,9606,9606,ncbi_taxonomy,True
34263427,abstract,CellLine,MIO-M1,0433,0433,cvcl,True
34263427,abstract,Gene,AQP4,AQP4,361,ncbi_gene,True
34263427,abstract,Disease,NMOSD,Neuromyelitis Optica,D009471,ncbi_mesh,True
34263427,abstract,Species,patients,9606,9606,ncbi_taxonomy,True
34263427,abstract,Gene,AQP4,AQP4,361,ncbi_gene,True
34263427,abstract,Chemical,water,Water,D014867,ncbi_mesh,True
34263427,abstract,Disease,RVD,,,,False
34263427,abstract,Chemical,calcium,Calcium,D002118,ncbi_mesh,True
34263427,abstract,Gene,AQP4,AQP4,361,ncbi_gene,True
34263427,abstract,Gene,AQP4,AQP4,361,ncbi_gene,True
34263427,abstract,Chemical,water,Water,D014867,ncbi_mesh,True
34263427,abstract,Chemical,calcium,Calcium,D002118,ncbi_mesh,True
34263427,abstract,Disease,RVD,,,,False
34263427,abstract,Gene,AQP4,AQP4,361,ncbi_gene,True
34263427,abstract,Gene,AQP4,AQP4,361,ncbi_gene,True
34263427,abstract,Disease,dysfunction,Heart Diseases,D006331,ncbi_mesh,True
34263427,abstract,Gene,AQP4,AQP4,361,ncbi_gene,True
34263427,abstract,Gene,AQP4,AQP4,361,ncbi_gene,True
34263427,abstract,Disease,inflammatory,Inflammation,D007249,ncbi_mesh,True
34263427,abstract,Disease,retinal injury,Retinitis,D012173,ncbi_mesh,True
34263427,abstract,Disease,NMOSD,Neuromyelitis Optica,D009471,ncbi_mesh,True
34267676,title,Gene,Tumor Necrosis Factor-Alpha,TNF,7124,ncbi_gene,True
34267676,title,Gene,Aquaporin 3,AQP3,360,ncbi_gene,True
34267676,abstract,Disease,preeclamptic,Preeclamptic toxemia,C538543,ncbi_mesh,True
34267676,abstract,Species,women,9606,9606,ncbi_taxonomy,True
34267676,abstract,Gene,tumor necrosis factor-alpha,TNF,7124,ncbi_gene,True
34267676,abstract,Gene,TNF-alpha,TNF,7124,ncbi_gene,True
34267676,abstract,Gene,aquaporin 3,AQP3,360,ncbi_gene,True
34267676,abstract,Gene,AQP3,AQP3,360,ncbi_gene,True
34267676,abstract,Gene,TNF-alpha,TNF,7124,ncbi_gene,True
34267676,abstract,Gene,AQP3,AQP3,360,ncbi_gene,True
34267676,abstract,Gene,TNF-alpha,TNF,7124,ncbi_gene,True
34267676,abstract,Gene,AQP3,AQP3,360,ncbi_gene,True
34267676,abstract,Disease,hypertensive,Hypertension,D006973,ncbi_mesh,True
34267676,abstract,Species,rats,10116,10116,ncbi_taxonomy,True
34267676,abstract,Species,rats,10116,10116,ncbi_taxonomy,True
34267676,abstract,Disease,hypertensive,Hypertension,D006973,ncbi_mesh,True
34267676,abstract,Gene,TNF-alpha,Tnf,24835,ncbi_gene,True
34267676,abstract,Species,Human,9606,9606,ncbi_taxonomy,True
34267676,abstract,Gene,TNF-alpha,TNF,7124,ncbi_gene,True
34267676,abstract,CellLine,Swan 71,D855,D855,cvcl,True
34267676,abstract,Gene,TNF-alpha,TNF,7124,ncbi_gene,True
34267676,abstract,Gene,AQP3,AQP3,360,ncbi_gene,True
34267676,abstract,Gene,TNF-alpha,TNF,7124,ncbi_gene,True
34267676,abstract,Disease,hypertensive,Hypertension,D006973,ncbi_mesh,True
34267676,abstract,Gene,TNF-alpha,TNF,7124,ncbi_gene,True
34267676,abstract,Disease,hypertensive,Hypertension,D006973,ncbi_mesh,True
34267676,abstract,Gene,AQP3,AQP3,360,ncbi_gene,True
34267676,abstract,Disease,hypertensive,Hypertension,D006973,ncbi_mesh,True
34267676,abstract,Gene,TNF-alpha,TNF,7124,ncbi_gene,True
34267676,abstract,Gene,AQP3,AQP3,360,ncbi_gene,True
34267676,abstract,Gene,TNF-alpha,TNF,7124,ncbi_gene,True
34267676,abstract,Gene,AQP3,AQP3,360,ncbi_gene,True
34267676,abstract,Gene,TNF-alpha,TNF,7124,ncbi_gene,True
34267676,abstract,Gene,AQP3,AQP3,360,ncbi_gene,True
34267676,abstract,Disease,hypertension,Hypertension,D006973,ncbi_mesh,True
34279203,title,Chemical,Nicotine,Nicotine,D009538,ncbi_mesh,True
34279203,title,Species,Zebrafish,7955,7955,ncbi_taxonomy,True
34279203,abstract,Chemical,Nicotine,Nicotine,D009538,ncbi_mesh,True
34279203,abstract,Chemical,nicotine,Nicotine,D009538,ncbi_mesh,True
34279203,abstract,Chemical,dopamine,Dopamine,D004298,ncbi_mesh,True
34279203,abstract,Species,zebrafish,7955,7955,ncbi_taxonomy,True
34279203,abstract,Chemical,nicotine,Nicotine,D009538,ncbi_mesh,True
34279203,abstract,Gene,DNA methyltransferase,dnmt3bb.2,30659,ncbi_gene,True
34279203,abstract,Gene,DNMTs,dnmt3bb.2,30659,ncbi_gene,True
34279203,abstract,Species,zebrafish,7955,7955,ncbi_taxonomy,True
34279203,abstract,Chemical,phenylbutyrate,Phenylbutyrates,D010654,ncbi_mesh,True
34279203,abstract,Chemical,PhB,Phenylbutyrates,D010654,ncbi_mesh,True
34279203,abstract,Chemical,nicotine,Nicotine,D009538,ncbi_mesh,True
34279203,abstract,Chemical,PhB,Phenylbutyrates,D010654,ncbi_mesh,True
34279203,abstract,Chemical,nicotine,Nicotine,D009538,ncbi_mesh,True
34279203,abstract,Species,zebrafish,7955,7955,ncbi_taxonomy,True
34279203,abstract,Chemical,L-methionine,Methionine,D008715,ncbi_mesh,True
34279203,abstract,Chemical,L-met,Methionine,D008715,ncbi_mesh,True
34279203,abstract,Chemical,nicotine,Nicotine,D009538,ncbi_mesh,True
34279203,abstract,Species,zebrafish,7955,7955,ncbi_taxonomy,True
34279203,abstract,Chemical,5-aza-2'-deoxycytidine,Decitabine,D000077209,ncbi_mesh,True
34279203,abstract,Chemical,AZA,Decitabine,D000077209,ncbi_mesh,True
34279203,abstract,Chemical,L-met,Methionine,D008715,ncbi_mesh,True
34279203,abstract,Chemical,nicotine,Nicotine,D009538,ncbi_mesh,True
34279203,abstract,Chemical,nicotine,Nicotine,D009538,ncbi_mesh,True
34279203,abstract,Species,zebrafish,7955,7955,ncbi_taxonomy,True
34279203,abstract,Disease,nicotine addiction,Tobacco Use Disorder,D014029,ncbi_mesh,True
34293244,abstract,Chemical,PIP,,,,False
34293244,abstract,Chemical,PIP,,,,False
34293244,abstract,Species,Beta vulgaris,161934,161934,ncbi_taxonomy,True
34293244,abstract,Chemical,PIP,,,,False
34320266,title,Chemical,salt,Salts,D012492,ncbi_mesh,True
34320266,title,Chemical,sodium,Sodium,D012964,ncbi_mesh,True
34320266,title,Species,rats,10116,10116,ncbi_taxonomy,True
34320266,abstract,Chemical,salt,Salts,D012492,ncbi_mesh,True
34320266,abstract,Disease,hypertension,Hypertension,D006973,ncbi_mesh,True
34320266,abstract,Species,rats,10116,10116,ncbi_taxonomy,True
34320266,abstract,Chemical,sodium,Sodium,D012964,ncbi_mesh,True
34320266,abstract,Chemical,sodium,Sodium,D012964,ncbi_mesh,True
34320266,abstract,Species,rats,10116,10116,ncbi_taxonomy,True
34320266,abstract,Chemical,Sodium,Sodium,D012964,ncbi_mesh,True
34320266,abstract,Chemical,sodium,Sodium,D012964,ncbi_mesh,True
34320266,abstract,Species,rats,10116,10116,ncbi_taxonomy,True
34320266,abstract,Chemical,sodium,Sodium,D012964,ncbi_mesh,True
34320266,abstract,Chemical,salt,Salts,D012492,ncbi_mesh,True
34320266,abstract,Disease,Hypertension,Hypertension,D006973,ncbi_mesh,True
34320266,abstract,Chemical,sodium,Sodium,D012964,ncbi_mesh,True
34320266,abstract,Disease,hypertension,Hypertension,D006973,ncbi_mesh,True
34320266,abstract,Disease,hypertensive,Hypertension,D006973,ncbi_mesh,True
34320266,abstract,Chemical,sodium,Sodium,D012964,ncbi_mesh,True
34320266,abstract,Chemical,IF,,,,False
34320266,abstract,Species,rats,10116,10116,ncbi_taxonomy,True
34320266,abstract,Disease,HS,Spherocytosis Type 1,C567159,ncbi_mesh,True
34320266,abstract,Chemical,salt,Salts,D012492,ncbi_mesh,True
34320266,abstract,Chemical,IF,,,,False
34320266,abstract,Chemical,oVx,,,,False
34320266,abstract,Species,rats,10116,10116,ncbi_taxonomy,True
34320266,abstract,Chemical,HS,Hydrogen,D006859,ncbi_mesh,True
34320266,abstract,Chemical,IF,,,,False
34320266,abstract,Disease,HS,Spherocytosis Type 1,C567159,ncbi_mesh,True
34320266,abstract,Disease,HS,Spherocytosis Type 1,C567159,ncbi_mesh,True
34320266,abstract,Species,rats,10116,10116,ncbi_taxonomy,True
34320266,abstract,Chemical,hydralazine,Hydralazine,D006830,ncbi_mesh,True
34320266,abstract,Chemical,HDZ,Hydralazine,D006830,ncbi_mesh,True
34320266,abstract,Chemical,Sodium,Sodium,D012964,ncbi_mesh,True
34320266,abstract,Gene,Na+ -K+ -2Cl- cotransporter 1,Slc12a2,83629,ncbi_gene,True
34320266,abstract,Gene,NKCC1,Slc12a2,83629,ncbi_gene,True
34320266,abstract,Gene,serum/glucocorticoid-regulated kinase 1,Sgk1,29517,ncbi_gene,True
34320266,abstract,Gene,SGK1,Sgk1,29517,ncbi_gene,True
34320266,abstract,Gene,CD4,Cd4,24932,ncbi_gene,True
34320266,abstract,Gene,CD45,Ptprc,24699,ncbi_gene,True
34320266,abstract,Chemical,IF,,,,False
34320266,abstract,Disease,HS,Spherocytosis Type 1,C567159,ncbi_mesh,True
34320266,abstract,Species,rats,10116,10116,ncbi_taxonomy,True
34320266,abstract,Gene,CD4,Cd4,24932,ncbi_gene,True
34320266,abstract,Chemical,IF,,,,False
34320266,abstract,Disease,HS,Spherocytosis Type 1,C567159,ncbi_mesh,True
34320266,abstract,Disease,HS,Spherocytosis Type 1,C567159,ncbi_mesh,True
34320266,abstract,Species,rats,10116,10116,ncbi_taxonomy,True
34320266,abstract,Chemical,sodium,Sodium,D012964,ncbi_mesh,True
34320266,abstract,Gene,NKCC1,Slc12a2,83629,ncbi_gene,True
34320266,abstract,Gene,CD4,Cd4,24932,ncbi_gene,True
34320266,abstract,Gene,CD45,Ptprc,24699,ncbi_gene,True
34320266,abstract,Disease,HS,Spherocytosis Type 1,C567159,ncbi_mesh,True
34320266,abstract,Species,rats,10116,10116,ncbi_taxonomy,True
34320266,abstract,Chemical,HDZ,Hydralazine,D006830,ncbi_mesh,True
34320266,abstract,Species,rats,10116,10116,ncbi_taxonomy,True
34320266,abstract,Chemical,HDZ,Hydralazine,D006830,ncbi_mesh,True
34320266,abstract,Gene,NKCC1,Slc12a2,83629,ncbi_gene,True
34320266,abstract,Disease,HS,Spherocytosis Type 1,C567159,ncbi_mesh,True
34320266,abstract,Species,rats,10116,10116,ncbi_taxonomy,True
34320266,abstract,Gene,SGK1,Sgk1,29517,ncbi_gene,True
34320266,abstract,Chemical,IF,,,,False
34320266,abstract,Disease,HS,Spherocytosis Type 1,C567159,ncbi_mesh,True
34320266,abstract,Disease,HS,Spherocytosis Type 1,C567159,ncbi_mesh,True
34320266,abstract,Species,rats,10116,10116,ncbi_taxonomy,True
34320266,abstract,Chemical,sodium,Sodium,D012964,ncbi_mesh,True
34320266,abstract,Chemical,HS,Hydrogen,D006859,ncbi_mesh,True
34320266,abstract,Gene,NKCC1,Slc12a2,83629,ncbi_gene,True
34320266,abstract,Gene,SGK1,Sgk1,29517,ncbi_gene,True
34320266,abstract,Chemical,salt,Salts,D012492,ncbi_mesh,True
34437406,title,Disease,Hemolytic Uremic Syndrome,Hemolytic-Uremic Syndrome,D006463,ncbi_mesh,True
34437406,abstract,Species,E. coli,562,562,ncbi_taxonomy,True
34437406,abstract,Species,STEC,,,,False
34437406,abstract,Gene,Stx1,STX1A,6804,ncbi_gene,True
34437406,abstract,Gene,Stx2,STX2,2054,ncbi_gene,True
34437406,abstract,Species,STEC infections,,,,False
34437406,abstract,Gene,Stx2,STX2,2054,ncbi_gene,True
34437406,abstract,Gene,Stx2,STX2,2054,ncbi_gene,True
34437406,abstract,Species,human,9606,9606,ncbi_taxonomy,True
34437406,abstract,Species,human,9606,9606,ncbi_taxonomy,True
34437406,abstract,CellLine,HK-2,,,,False
34437406,abstract,Species,mice,10090,10090,ncbi_taxonomy,True
34437406,abstract,Gene,Stx2,STX2,2054,ncbi_gene,True
34437406,abstract,Disease,renal cell damage,Carcinoma Renal Cell,D002292,ncbi_mesh,True
34437406,abstract,Species,mice,10090,10090,ncbi_taxonomy,True
34437406,abstract,Species,mice,10090,10090,ncbi_taxonomy,True
34437406,abstract,Species,mice,10090,10090,ncbi_taxonomy,True
34437406,abstract,Disease,renal alterations,Glycosuria Renal,D006030,ncbi_mesh,True
34437406,abstract,Species,mice,10090,10090,ncbi_taxonomy,True
34437406,abstract,Gene,Stx2,STX2,2054,ncbi_gene,True
34437406,abstract,Species,STEC infections,,,,False
34619364,title,Species,mice,10090,10090,ncbi_taxonomy,True
34619364,abstract,Disease,memory impairment,Memory Disorders,D008569,ncbi_mesh,True
34619364,abstract,Species,mice,10090,10090,ncbi_taxonomy,True
34619364,abstract,Chemical,oxotremorine,Oxotremorine,D010095,ncbi_mesh,True
34619364,abstract,Chemical,scopolamine,Scopolamine,D012601,ncbi_mesh,True
34619364,abstract,Chemical,nicotine,Nicotine,D009538,ncbi_mesh,True
34649283,abstract,Species,human,9606,9606,ncbi_taxonomy,True
34649283,abstract,Disease,"nonrapid eye movement sleep, stage 3",Ocular Motility Disorders,D015835,ncbi_mesh,True
34649283,abstract,Disease,NREM3,,,,False
34741225,abstract,Species,human,9606,9606,ncbi_taxonomy,True
34741225,abstract,Species,human,9606,9606,ncbi_taxonomy,True
34741225,abstract,Species,human,9606,9606,ncbi_taxonomy,True
34741225,abstract,Species,human,9606,9606,ncbi_taxonomy,True
34804128,title,Gene,SIRT6,Sirt6,50721,ncbi_gene,True
34804128,abstract,Disease,retinal disease,Retinal Diseases,D012164,ncbi_mesh,True
34804128,abstract,Chemical,glucose,Glucose,D005947,ncbi_mesh,True
34804128,abstract,Chemical,oxygen,Oxygen,D010100,ncbi_mesh,True
34804128,abstract,Chemical,glucose,Glucose,D005947,ncbi_mesh,True
34804128,abstract,Gene,SIRT6,Sirt6,50721,ncbi_gene,True
34804128,abstract,Chemical,glucose,Glucose,D005947,ncbi_mesh,True
34804128,abstract,Gene,glutamine synthetase,Glul,14645,ncbi_gene,True
34804128,abstract,Chemical,glucose,Glucose,D005947,ncbi_mesh,True
34804128,abstract,Gene,SOX9,Sox9,20682,ncbi_gene,True
34804128,abstract,Gene,SIRT6,Sirt6,50721,ncbi_gene,True
34804128,abstract,Gene,SIRT6,Sirt6,50721,ncbi_gene,True
34804128,abstract,Gene,SOX9,Sox9,20682,ncbi_gene,True
34804128,abstract,Gene,SOX9,Sox9,20682,ncbi_gene,True
34804128,abstract,Species,mice,10090,10090,ncbi_taxonomy,True
34804128,abstract,Gene,SIRT6,Sirt6,50721,ncbi_gene,True
34804128,abstract,Species,murine,10090,10090,ncbi_taxonomy,True
34804128,abstract,Disease,Diabetes,Diabetes Mellitus,D003920,ncbi_mesh,True
34804128,abstract,Chemical,glucose,Glucose,D005947,ncbi_mesh,True
34804128,abstract,Disease,diabetic,Diabetes Mellitus,D003920,ncbi_mesh,True
34804128,abstract,Gene,SIRT6,Sirt6,50721,ncbi_gene,True
34804128,abstract,Gene,SOX9,Sox9,20682,ncbi_gene,True
34804128,abstract,Disease,diabetic,Diabetes Mellitus,D003920,ncbi_mesh,True
34804128,abstract,Disease,metabolic impairment,Metabolic Diseases,D008659,ncbi_mesh,True
34822608,title,Chemical,Shiga Toxin Type 2,,,,False
34822608,abstract,Disease,Hemolytic Uremic Syndrome,Hemolytic-Uremic Syndrome,D006463,ncbi_mesh,True
34822608,abstract,Disease,HUS,Hemolytic-Uremic Syndrome,D006463,ncbi_mesh,True
34822608,abstract,Species,Escherichia coli (,562,562,ncbi_taxonomy,True
34822608,abstract,Species,STEC) infections,,,,False
34822608,abstract,Disease,acute renal injury,Acute Kidney Injury,D058186,ncbi_mesh,True
34822608,abstract,Disease,cytotoxic,Drug-Related Side Effects and Adverse Reactions,D064420,ncbi_mesh,True
34822608,abstract,Species,human,9606,9606,ncbi_taxonomy,True
34822608,abstract,CellLine,HGEC,WL99,WL99,cvcl,True
34822608,abstract,CellLine,Vero,0059,0059,cvcl,True
34822608,abstract,Disease,HUS,Hemolytic-Uremic Syndrome,D006463,ncbi_mesh,True
34822608,abstract,Species,humans,9606,9606,ncbi_taxonomy,True
34822608,abstract,Disease,HUS,Hemolytic-Uremic Syndrome,D006463,ncbi_mesh,True
34822608,abstract,Species,human,9606,9606,ncbi_taxonomy,True
34822608,abstract,Gene,Stx,ST8SIA2,8128,ncbi_gene,True
34822608,abstract,Gene,Stx1,STX1A,6804,ncbi_gene,True
34822608,abstract,CellLine,Vero,0059,0059,cvcl,True
34822608,abstract,Disease,cytotoxic,Drug-Related Side Effects and Adverse Reactions,D064420,ncbi_mesh,True
34822608,abstract,Species,HGEC,,,,False
34822608,abstract,Disease,cytotoxic,Drug-Related Side Effects and Adverse Reactions,D064420,ncbi_mesh,True
34822608,abstract,Gene,Stx1/2,STX12,23673,ncbi_gene,True
34822608,abstract,CellLine,Vero,0059,0059,cvcl,True
34822608,abstract,CellLine,HGEC,WL99,WL99,cvcl,True
34822608,abstract,Disease,necrosis,Necrosis,D009336,ncbi_mesh,True
34822608,abstract,Disease,HUS,Hemolytic-Uremic Syndrome,D006463,ncbi_mesh,True
34822608,abstract,Species,patient,9606,9606,ncbi_taxonomy,True
34823607,title,Disease,epilepsy,Epilepsy,D004827,ncbi_mesh,True
34823607,title,Species,patients,9606,9606,ncbi_taxonomy,True
34823607,abstract,Disease,Self-,Self Mutilation,D012652,ncbi_mesh,True
34823607,abstract,Disease,Childhood Epilepsies,Epilepsy Absence,D004832,ncbi_mesh,True
34823607,abstract,Disease,epileptic syndrome,Epileptic Syndromes,D000073376,ncbi_mesh,True
34823607,abstract,Species,patients,9606,9606,ncbi_taxonomy,True
34823607,abstract,Species,patients,9606,9606,ncbi_taxonomy,True
34823607,abstract,Disease,familial disorder,Kifafa seizure disorder,C537708,ncbi_mesh,True
34823607,abstract,Species,patient,9606,9606,ncbi_taxonomy,True
34823607,abstract,Species,patients,9606,9606,ncbi_taxonomy,True
34823607,abstract,Gene,synapsin-1,MRX50,6853,ncbi_gene,True
34823607,abstract,Species,patients,9606,9606,ncbi_taxonomy,True
34823607,abstract,Species,patients,9606,9606,ncbi_taxonomy,True
34823607,abstract,Species,patient,9606,9606,ncbi_taxonomy,True
34823607,abstract,Species,patient,9606,9606,ncbi_taxonomy,True
34823607,abstract,Disease,epilepsy,Epilepsy,D004827,ncbi_mesh,True
34823607,abstract,Species,patient,9606,9606,ncbi_taxonomy,True
34900753,title,Species,Human,9606,9606,ncbi_taxonomy,True
34900753,title,Chemical,Shiga Toxin Type 2,,,,False
34900753,abstract,Disease,hemolytic uremic syndrome,Hemolytic-Uremic Syndrome,D006463,ncbi_mesh,True
34900753,abstract,Disease,diarrhea,Diarrhea,D003967,ncbi_mesh,True
34900753,abstract,Disease,Escherichia coli infection,Escherichia coli Infections,D004927,ncbi_mesh,True
34900753,abstract,Disease,acute renal failure,Acute Kidney Injury,D058186,ncbi_mesh,True
34900753,abstract,Gene,Stx2a,STX2,2054,ncbi_gene,True
34900753,abstract,Disease,renal cells,Carcinoma Renal Cell,D002292,ncbi_mesh,True
34900753,abstract,Disease,inflammatory,Inflammation,D007249,ncbi_mesh,True
34900753,abstract,Disease,inflammatory,Inflammation,D007249,ncbi_mesh,True
34900753,abstract,Disease,infection,Infections,D007239,ncbi_mesh,True
34900753,abstract,Species,human,9606,9606,ncbi_taxonomy,True
34900753,abstract,CellLine,gammadelta,,,,False
34900753,abstract,Gene,Stx2a,STX2,2054,ncbi_gene,True
34900753,abstract,Species,human,9606,9606,ncbi_taxonomy,True
34900753,abstract,CellLine,HGEC,2175,2175,cvcl,True
34900753,abstract,Gene,CD69,CD69,969,ncbi_gene,True
34900753,abstract,Gene,CD107a,LAMP1,3916,ncbi_gene,True
34900753,abstract,Gene,TNF-alpha,TNF,7124,ncbi_gene,True
34900753,abstract,Gene,IFN-gamma,IFNG,3458,ncbi_gene,True
34900753,abstract,CellLine,gammadelta,,,,False
34900753,abstract,CellLine,HGEC,2175,2175,cvcl,True
34900753,abstract,Gene,Stx2a,STX2,2054,ncbi_gene,True
34900753,abstract,CellLine,HGEC,2175,2175,cvcl,True
34900753,abstract,CellLine,HGEC,2175,2175,cvcl,True
34900753,abstract,Gene,CD107a,LAMP1,3916,ncbi_gene,True
34900753,abstract,Gene,Stx2a,STX2,2054,ncbi_gene,True
34900753,abstract,CellLine,HGEC,2175,2175,cvcl,True
34900753,abstract,Gene,TNF-alpha,TNF,7124,ncbi_gene,True
34900753,abstract,Gene,Stx2a,STX2,2054,ncbi_gene,True
34900753,abstract,CellLine,HGEC,2175,2175,cvcl,True
34900753,abstract,Gene,Stx2a,STX2,2054,ncbi_gene,True
34900753,abstract,CellLine,HGEC,2175,2175,cvcl,True
34900753,abstract,Gene,TNF-alpha,TNF,7124,ncbi_gene,True
34916412,title,Disease,amyotrophic lateral sclerosis,Amyotrophic Lateral Sclerosis,D000690,ncbi_mesh,True
34916412,title,Disease,frontotemporal dementia,Frontotemporal Dementia,D057180,ncbi_mesh,True
34916412,abstract,Disease,neurodegenerative pathologies,Neurodegenerative Diseases,D019636,ncbi_mesh,True
34916412,abstract,Disease,Alzheimer's,Alzheimer Disease,D000544,ncbi_mesh,True
34916412,abstract,Disease,Parkinson's,Parkinson Disease,D010300,ncbi_mesh,True
34916412,abstract,Disease,Huntington's diseases,Huntington Disease,D006816,ncbi_mesh,True
34916412,abstract,Disease,amyotrophic lateral sclerosis,Amyotrophic Lateral Sclerosis,D000690,ncbi_mesh,True
34916412,abstract,Disease,frontotemporal dementia,Frontotemporal Dementia,D057180,ncbi_mesh,True
34916412,abstract,Disease,amyotrophic lateral sclerosis,Amyotrophic Lateral Sclerosis,D000690,ncbi_mesh,True
34916412,abstract,Disease,frontotemporal dementia,Frontotemporal Dementia,D057180,ncbi_mesh,True
34916412,abstract,Gene,transactive response DNA-binding protein of 43 kDa,TARDBP,23435,ncbi_gene,True
34916412,abstract,Gene,TDP-43,TARDBP,23435,ncbi_gene,True
34916412,abstract,Gene,TDP-43,TARDBP,23435,ncbi_gene,True
34916412,abstract,Gene,RNA binding protein,RBMS3,27303,ncbi_gene,True
34916412,abstract,Gene,TDP-43,TARDBP,23435,ncbi_gene,True
34916412,abstract,Disease,amyotrophic lateral sclerosis,Amyotrophic Lateral Sclerosis,D000690,ncbi_mesh,True
34916412,abstract,Disease,frontotemporal dementia,Frontotemporal Dementia,D057180,ncbi_mesh,True
34916412,abstract,Gene,TDP-43,TARDBP,23435,ncbi_gene,True
34916412,abstract,Disease,amyotrophic lateral sclerosis,Amyotrophic Lateral Sclerosis,D000690,ncbi_mesh,True
34916412,abstract,Disease,frontotemporal dementia disease,Frontotemporal Dementia,D057180,ncbi_mesh,True
34916412,abstract,Disease,neurodegenerative diseases,Neurodegenerative Diseases,D019636,ncbi_mesh,True
34916412,abstract,Disease,amyotrophic lateral sclerosis,Amyotrophic Lateral Sclerosis,D000690,ncbi_mesh,True
34916412,abstract,Disease,frontotemporal dementia,Frontotemporal Dementia,D057180,ncbi_mesh,True
34916412,abstract,Disease,neurodegenerative disorders,Neurodegenerative Diseases,D019636,ncbi_mesh,True
34916412,abstract,Species,patients,9606,9606,ncbi_taxonomy,True
34925067,title,Chemical,Lactic Acid,Lactic Acid,D019344,ncbi_mesh,True
34925067,title,Gene,Aquaporin-9,AQP9,366,ncbi_gene,True
34925067,title,Disease,Preeclampsia,Pre-Eclampsia,D011225,ncbi_mesh,True
34925067,abstract,Gene,Aquaporin-9,AQP9,366,ncbi_gene,True
34925067,abstract,Gene,AQP9,AQP9,366,ncbi_gene,True
34925067,abstract,Disease,preeclamptic,Preeclamptic toxemia,C538543,ncbi_mesh,True
34925067,abstract,Disease,preeclampsia,Pre-Eclampsia,D011225,ncbi_mesh,True
34925067,abstract,Gene,AQP9,AQP9,366,ncbi_gene,True
34925067,abstract,Species,human,9606,9606,ncbi_taxonomy,True
34925067,abstract,Gene,AQP9,AQP9,366,ncbi_gene,True
34925067,abstract,Gene,AQP9,AQP9,366,ncbi_gene,True
34925067,abstract,Chemical,lactate,Lactic Acid,D019344,ncbi_mesh,True
34925067,abstract,Species,human,9606,9606,ncbi_taxonomy,True
34925067,abstract,Chemical,glucose,Glucose,D005947,ncbi_mesh,True
34925067,abstract,Chemical,L-lactic acid,Lactic Acid,D019344,ncbi_mesh,True
34925067,abstract,Gene,AQP9,AQP9,366,ncbi_gene,True
34925067,abstract,Chemical,HgCl2,Mercuric Chloride,D008627,ncbi_mesh,True
34925067,abstract,Chemical,Phloretin,Phloretin,D010693,ncbi_mesh,True
34925067,abstract,Chemical,"3-(4,5-dimethylthiazol-2-yl)-2,5-diphenyl tetrazolium bromide",thiazolyl blue,C022616,ncbi_mesh,True
34925067,abstract,Gene,Bax,BAX,581,ncbi_gene,True
34925067,abstract,Gene,Bcl-2,BCL2,596,ncbi_gene,True
34925067,abstract,Gene,Terminal Deoxynucleotidyltransferase,DNTT,1791,ncbi_gene,True
34925067,abstract,Chemical,dUTP,deoxyuridine triphosphate,C027078,ncbi_mesh,True
34925067,abstract,Gene,AQP9,AQP9,366,ncbi_gene,True
34925067,abstract,Chemical,glucose,Glucose,D005947,ncbi_mesh,True
34925067,abstract,Chemical,L-lactic acid,Lactic Acid,D019344,ncbi_mesh,True
34925067,abstract,Gene,AQP9,AQP9,366,ncbi_gene,True
34925067,abstract,Gene,AQP9,AQP9,366,ncbi_gene,True
34925067,abstract,Gene,AQP9,AQP9,366,ncbi_gene,True
34925067,abstract,Gene,AQP9,AQP9,366,ncbi_gene,True
34925067,abstract,Chemical,lactic acid,Lactic Acid,D019344,ncbi_mesh,True
34925067,abstract,Disease,preeclamptic,Preeclamptic toxemia,C538543,ncbi_mesh,True
34925067,abstract,Chemical,lactic acid,Lactic Acid,D019344,ncbi_mesh,True
34925067,abstract,Disease,endothelial dysfunction,Vascular Diseases,D014652,ncbi_mesh,True
34930957,title,Disease,neuropathic pain,Neuralgia,D009437,ncbi_mesh,True
34930957,abstract,Disease,Neuropathic pain,Neuralgia,D009437,ncbi_mesh,True
34930957,abstract,Species,mouse,10090,10090,ncbi_taxonomy,True
34930957,abstract,Disease,neuropathic pain,Neuralgia,D009437,ncbi_mesh,True
34930957,abstract,Gene,c-Fos,Fos,14281,ncbi_gene,True
34930957,abstract,Disease,neuropathic pain,Neuralgia,D009437,ncbi_mesh,True
34930957,abstract,Disease,chronic pain,Chronic Pain,D059350,ncbi_mesh,True
34933954,abstract,Species,mice,10090,10090,ncbi_taxonomy,True
34933954,abstract,Species,murine,10090,10090,ncbi_taxonomy,True
34933954,abstract,Gene,SCIN,Scin,20259,ncbi_gene,True
34933954,abstract,Gene,SCIN,Scin,20259,ncbi_gene,True
34933954,abstract,Species,mice,10090,10090,ncbi_taxonomy,True
34933954,abstract,Species,mice,10090,10090,ncbi_taxonomy,True
34933954,abstract,Disease,neuropsychiatric disorders,Mental Disorders,D001523,ncbi_mesh,True
34933954,abstract,Disease,SCIN reduction,Weight Loss,D015431,ncbi_mesh,True
34933954,abstract,Disease,Tourette,Tourette Syndrome,D005879,ncbi_mesh,True
34933954,abstract,Disease,Williams syndromes,Williams Syndrome,D018980,ncbi_mesh,True
34933954,abstract,Disease,cholinergic dysfunction,Acute cholinergic dysautonomia,C535672,ncbi_mesh,True
34935149,title,Gene,Colony-stimulating factor-1 receptor,Csf1r,12978,ncbi_gene,True
34935149,title,Disease,microgliosis,,,,False
34935149,title,Disease,myelin loss,Demyelinating Diseases,D003711,ncbi_mesh,True
34935149,title,Disease,neurodegeneration,Neurodegenerative Diseases,D019636,ncbi_mesh,True
34935149,title,Chemical,cuprizone,Cuprizone,D003471,ncbi_mesh,True
34935149,abstract,Disease,Multiple sclerosis,Multiple Sclerosis,D009103,ncbi_mesh,True
34935149,abstract,Disease,MS,Multiple Sclerosis,D009103,ncbi_mesh,True
34935149,abstract,Disease,axonal and neuronal damage,Nerve Degeneration,D009410,ncbi_mesh,True
34935149,abstract,Disease,inflammatory,Inflammation,D007249,ncbi_mesh,True
34935149,abstract,Disease,demyelination,Demyelinating Diseases,D003711,ncbi_mesh,True
34935149,abstract,Disease,inflammatory,Inflammation,D007249,ncbi_mesh,True
34935149,abstract,Disease,demyelination,Demyelinating Diseases,D003711,ncbi_mesh,True
34935149,abstract,Disease,neurodegeneration,Neurodegenerative Diseases,D019636,ncbi_mesh,True
34935149,abstract,Disease,neurodegeneration,Neurodegenerative Diseases,D019636,ncbi_mesh,True
34935149,abstract,Disease,MS,Multiple Sclerosis,D009103,ncbi_mesh,True
34935149,abstract,Chemical,cuprizone,Cuprizone,D003471,ncbi_mesh,True
34935149,abstract,Chemical,CPZ,Cuprizone,D003471,ncbi_mesh,True
34935149,abstract,Species,mice,10090,10090,ncbi_taxonomy,True
34935149,abstract,Chemical,CPZ,Cuprizone,D003471,ncbi_mesh,True
34935149,abstract,Disease,demyelination,Demyelinating Diseases,D003711,ncbi_mesh,True
34935149,abstract,Disease,axonal damage,Basal Ganglia Diseases,D001480,ncbi_mesh,True
34935149,abstract,Gene,colony-stimulating factor-1 receptor,Csf1r,12978,ncbi_gene,True
34935149,abstract,Gene,CSF-1R,Csf1r,12978,ncbi_gene,True
34935149,abstract,Chemical,BLZ945,4-(2-(2-hydroxycyclohexylamino)benzothiazol-6-yloxy)pyridine-2-carboxylic acid methylamide,C568289,ncbi_mesh,True
34935149,abstract,Chemical,BLZ,4-(2-(2-hydroxycyclohexylamino)benzothiazol-6-yloxy)pyridine-2-carboxylic acid methylamide,C568289,ncbi_mesh,True
34935149,abstract,Disease,neurodegeneration,Neurodegenerative Diseases,D019636,ncbi_mesh,True
34935149,abstract,Disease,demyelination,Demyelinating Diseases,D003711,ncbi_mesh,True
34935149,abstract,Chemical,CPZ,Cuprizone,D003471,ncbi_mesh,True
34935149,abstract,Disease,demyelination,Demyelinating Diseases,D003711,ncbi_mesh,True
34935149,abstract,Chemical,BLZ,4-(2-(2-hydroxycyclohexylamino)benzothiazol-6-yloxy)pyridine-2-carboxylic acid methylamide,C568289,ncbi_mesh,True
34935149,abstract,Disease,myelin loss,Demyelinating Diseases,D003711,ncbi_mesh,True
34935149,abstract,Disease,neurodegeneration,Neurodegenerative Diseases,D019636,ncbi_mesh,True
34935149,abstract,Disease,axonal degeneration,Nerve Degeneration,D009410,ncbi_mesh,True
34935149,abstract,Chemical,BLZ,4-(2-(2-hydroxycyclohexylamino)benzothiazol-6-yloxy)pyridine-2-carboxylic acid methylamide,C568289,ncbi_mesh,True
34935149,abstract,Chemical,BLZ,4-(2-(2-hydroxycyclohexylamino)benzothiazol-6-yloxy)pyridine-2-carboxylic acid methylamide,C568289,ncbi_mesh,True
34935149,abstract,Chemical,CPZ,Cuprizone,D003471,ncbi_mesh,True
34935149,abstract,Disease,alterations,Dysgeusia,D004408,ncbi_mesh,True
34935149,abstract,Disease,demyelinating diseases,Demyelinating Diseases,D003711,ncbi_mesh,True
34938200,title,Disease,Hyperosmolarity,Hyperglycemic Hyperosmolar Nonketotic Coma,D006944,ncbi_mesh,True
34938200,title,Species,Human,9606,9606,ncbi_taxonomy,True
34938200,abstract,Species,human,9606,9606,ncbi_taxonomy,True
34938200,abstract,CellLine,EVT,WU77,WU77,cvcl,True
34938200,abstract,Disease,hyperosmolarity,Hyperglycemic Hyperosmolar Nonketotic Coma,D006944,ncbi_mesh,True
34938200,abstract,Disease,hyperosmolarity,Hyperglycemic Hyperosmolar Nonketotic Coma,D006944,ncbi_mesh,True
34938200,abstract,CellLine,EVT,WU77,WU77,cvcl,True
34938200,abstract,Gene,caveolin-1,CAV1,857,ncbi_gene,True
34938200,abstract,Gene,Cav-1,CAV1,857,ncbi_gene,True
34938200,abstract,CellLine,EVT,WU77,WU77,cvcl,True
34938200,abstract,CellLine,Swan 71,D855,D855,cvcl,True
34938200,abstract,Chemical,Dulbecco's Modified Eagle Medium,,,,False
34938200,abstract,Chemical,F-12,dichlorodifluoromethane,C007782,ncbi_mesh,True
34938200,abstract,Chemical,sucrose,Sucrose,D013395,ncbi_mesh,True
34938200,abstract,Disease,Hyperosmolarity,Hyperglycemic Hyperosmolar Nonketotic Coma,D006944,ncbi_mesh,True
34938200,abstract,CellLine,EVT,WU77,WU77,cvcl,True
34938200,abstract,Gene,matrix metalloproteinase-2,MMP2,4313,ncbi_gene,True
34938200,abstract,Gene,MMP-2,MMP2,4313,ncbi_gene,True
34938200,abstract,Gene,Cav-1,CAV1,857,ncbi_gene,True
34938200,abstract,Disease,hyperosmolarity,Hyperglycemic Hyperosmolar Nonketotic Coma,D006944,ncbi_mesh,True
34938200,abstract,Disease,hyperosmolarity,Hyperglycemic Hyperosmolar Nonketotic Coma,D006944,ncbi_mesh,True
34938200,abstract,CellLine,EVT,WU77,WU77,cvcl,True
34971959,title,Chemical,water,Water,D014867,ncbi_mesh,True
34971959,abstract,Species,human,9606,9606,ncbi_taxonomy,True
34971959,abstract,Disease,amnion,Chorioamnionitis,D002821,ncbi_mesh,True
34971959,abstract,Chemical,water,Water,D014867,ncbi_mesh,True
34971959,abstract,Species,human,9606,9606,ncbi_taxonomy,True
34971959,abstract,Disease,amnion,Chorioamnionitis,D002821,ncbi_mesh,True
34971959,abstract,Species,Human,9606,9606,ncbi_taxonomy,True
34971959,abstract,Disease,amnion,Chorioamnionitis,D002821,ncbi_mesh,True
34971959,abstract,Chemical,water,Water,D014867,ncbi_mesh,True
34971959,abstract,Chemical,H2O,Water,D014867,ncbi_mesh,True
34971959,abstract,Chemical,PEG 8000,polyethylene glycol 8000,C000595216,ncbi_mesh,True
34971959,abstract,Gene,AQP1,AQP1,358,ncbi_gene,True
34971959,abstract,Gene,AQP1,AQP1,358,ncbi_gene,True
34971959,abstract,Disease,AF,,,,False
35095555,title,Chemical,Uric Acid,Uric Acid,D014527,ncbi_mesh,True
35095555,title,Disease,Preeclampsia,Pre-Eclampsia,D011225,ncbi_mesh,True
35095555,abstract,Chemical,uric acid,Uric Acid,D014527,ncbi_mesh,True
35095555,abstract,Disease,preeclampsia,Pre-Eclampsia,D011225,ncbi_mesh,True
35095555,abstract,Species,women,9606,9606,ncbi_taxonomy,True
35095555,abstract,Disease,preeclampsia,Pre-Eclampsia,D011225,ncbi_mesh,True
35095555,abstract,Disease,intrauterine growth restriction,Fetal Growth Retardation,D005317,ncbi_mesh,True
35095555,abstract,Disease,IUGR,Fetal Growth Retardation,D005317,ncbi_mesh,True
35095555,abstract,Chemical,uric acid,Uric Acid,D014527,ncbi_mesh,True
35095555,abstract,Chemical,urea,Urea,D014508,ncbi_mesh,True
35095555,abstract,Chemical,creatinine,Creatinine,D003404,ncbi_mesh,True
35095555,abstract,Chemical,uric acid,Uric Acid,D014527,ncbi_mesh,True
35095555,abstract,Species,women,9606,9606,ncbi_taxonomy,True
35095555,abstract,Disease,preeclampsia,Pre-Eclampsia,D011225,ncbi_mesh,True
35095555,abstract,Disease,gestational hypertension,Hypertension Pregnancy-Induced,D046110,ncbi_mesh,True
35095555,abstract,Disease,IUGR,Fetal Growth Retardation,D005317,ncbi_mesh,True
35095555,abstract,Disease,preeclampsia,Pre-Eclampsia,D011225,ncbi_mesh,True
35095555,abstract,Chemical,Uric acid,Uric Acid,D014527,ncbi_mesh,True
35095555,abstract,Species,women,9606,9606,ncbi_taxonomy,True
35095555,abstract,Disease,preeclampsia,Pre-Eclampsia,D011225,ncbi_mesh,True
35095555,abstract,Disease,preeclampsia,Pre-Eclampsia,D011225,ncbi_mesh,True
35095555,abstract,Disease,IUGR,Fetal Growth Retardation,D005317,ncbi_mesh,True
35095555,abstract,Species,women,9606,9606,ncbi_taxonomy,True
35095555,abstract,Disease,preeclampsia,Pre-Eclampsia,D011225,ncbi_mesh,True
35095555,abstract,Disease,IUGR,Fetal Growth Retardation,D005317,ncbi_mesh,True
35095555,abstract,Chemical,uric acid,Uric Acid,D014527,ncbi_mesh,True
35095555,abstract,Disease,gestational hypertension,Hypertension Pregnancy-Induced,D046110,ncbi_mesh,True
35095555,abstract,Disease,IUGR,Fetal Growth Retardation,D005317,ncbi_mesh,True
35095555,abstract,Disease,preeclampsia,Pre-Eclampsia,D011225,ncbi_mesh,True
35095555,abstract,Chemical,uric acid,Uric Acid,D014527,ncbi_mesh,True
35095555,abstract,Chemical,urea,Urea,D014508,ncbi_mesh,True
35095555,abstract,Chemical,creatinine,Creatinine,D003404,ncbi_mesh,True
35095555,abstract,Species,patients,9606,9606,ncbi_taxonomy,True
35095555,abstract,Disease,renal compromise,Glycosuria Renal,D006030,ncbi_mesh,True
35095555,abstract,Disease,preeclampsia,Pre-Eclampsia,D011225,ncbi_mesh,True
35095555,abstract,Disease,preeclampsia,Pre-Eclampsia,D011225,ncbi_mesh,True
35095555,abstract,Species,women,9606,9606,ncbi_taxonomy,True
35095555,abstract,Disease,preeclampsia,Pre-Eclampsia,D011225,ncbi_mesh,True
35217797,title,Disease,fear,Pathophobia,C000719212,ncbi_mesh,True
35217797,abstract,Disease,Fear,Pathophobia,C000719212,ncbi_mesh,True
35217797,abstract,Disease,panic,Panic Disorder,D016584,ncbi_mesh,True
35217797,abstract,Disease,phobias,Phobic Disorders,D010698,ncbi_mesh,True
35217797,abstract,Disease,Fear,Pathophobia,C000719212,ncbi_mesh,True
35217797,abstract,Disease,fear,Pathophobia,C000719212,ncbi_mesh,True
35217797,abstract,Disease,fear,Pathophobia,C000719212,ncbi_mesh,True
35217797,abstract,Species,rats,10116,10116,ncbi_taxonomy,True
35217797,abstract,Disease,fear,Pathophobia,C000719212,ncbi_mesh,True
35217797,abstract,Disease,fear,Pathophobia,C000719212,ncbi_mesh,True
35217797,abstract,Disease,fear,Pathophobia,C000719212,ncbi_mesh,True
35223548,abstract,Species,Escherichia coli,562,562,ncbi_taxonomy,True
35223548,abstract,Species,Shigella spp,,,,False
35223548,abstract,Disease,diarrhea,Diarrhea,D003967,ncbi_mesh,True
35223548,abstract,Disease,hemorrhagic colitis,Colitis,D003092,ncbi_mesh,True
35223548,abstract,Disease,hemolytic uremic syndrome,Hemolytic-Uremic Syndrome,D006463,ncbi_mesh,True
35223548,abstract,Disease,infections,Infections,D007239,ncbi_mesh,True
35368282,title,Disease,Spindles,Carcinoma,D002277,ncbi_mesh,True
35368282,abstract,Disease,spindles,Carcinoma,D002277,ncbi_mesh,True
35368282,abstract,Disease,spindles,Carcinoma,D002277,ncbi_mesh,True
35368282,abstract,Disease,spindles,Carcinoma,D002277,ncbi_mesh,True
35368282,abstract,Disease,spindles,Carcinoma,D002277,ncbi_mesh,True
35368282,abstract,Disease,spindles,Carcinoma,D002277,ncbi_mesh,True
35368282,abstract,Disease,spindles,Carcinoma,D002277,ncbi_mesh,True
35368282,abstract,Disease,spindles,Carcinoma,D002277,ncbi_mesh,True
35431989,title,Disease,Severe Acute Respiratory Syndrome Coronavirus 2 Infection,COVID-19,D000086382,ncbi_mesh,True
35431989,abstract,Disease,Severe Acute Respiratory Syndrome Coronavirus 2,COVID-19,D000086382,ncbi_mesh,True
35431989,abstract,Disease,SARS-CoV-2,COVID-19,D000086382,ncbi_mesh,True
35431989,abstract,Disease,SARS-CoV-2 infection,COVID-19,D000086382,ncbi_mesh,True
35431989,abstract,Species,women,9606,9606,ncbi_taxonomy,True
35431989,abstract,Disease,coronavirus disease 2019,COVID-19,D000086382,ncbi_mesh,True
35431989,abstract,Disease,COVID-19,COVID-19,D000086382,ncbi_mesh,True
35431989,abstract,Disease,inflammatory,Inflammation,D007249,ncbi_mesh,True
35431989,abstract,Disease,SARS-CoV-2,COVID-19,D000086382,ncbi_mesh,True
35431989,abstract,Disease,COVID-19,COVID-19,D000086382,ncbi_mesh,True
35431989,abstract,Disease,SARSCoV2 virus infection,Virus Diseases,D014777,ncbi_mesh,True
35431989,abstract,Disease,COVID-19,COVID-19,D000086382,ncbi_mesh,True
35431989,abstract,Gene,angiotensin-converting enzyme 2,ACE2,59272,ncbi_gene,True
35431989,abstract,Gene,ACE2,ACE2,59272,ncbi_gene,True
36166246,title,Chemical,amiloride,Amiloride,D000584,ncbi_mesh,True
36166246,title,Species,patient,9606,9606,ncbi_taxonomy,True
36166246,title,Disease,nephrotic syndrome,Nephrotic Syndrome,D009404,ncbi_mesh,True
36166246,abstract,Disease,nephrotic syndrome,Nephrotic Syndrome,D009404,ncbi_mesh,True
36166246,abstract,Disease,podocyturia,,,,False
36166246,abstract,Disease,proteinuria,Proteinuria,D011507,ncbi_mesh,True
36166246,abstract,Chemical,enalapril,Enalapril,D004656,ncbi_mesh,True
36166246,abstract,Chemical,losartan,Losartan,D019808,ncbi_mesh,True
36166246,abstract,Chemical,amiloride,Amiloride,D000584,ncbi_mesh,True
36166246,abstract,Disease,proteinuric,Proteinuria,D011507,ncbi_mesh,True
36166246,abstract,Disease,podocyturia,,,,False
36166246,abstract,Disease,proteinuria,Proteinuria,D011507,ncbi_mesh,True
36166246,abstract,Disease,nephrotic syndrome,Nephrotic Syndrome,D009404,ncbi_mesh,True
36166246,abstract,Chemical,enalapril,Enalapril,D004656,ncbi_mesh,True
36166246,abstract,Chemical,losartan,Losartan,D019808,ncbi_mesh,True
36166246,abstract,Chemical,enalapril,Enalapril,D004656,ncbi_mesh,True
36166246,abstract,Chemical,losartan,Losartan,D019808,ncbi_mesh,True
36166246,abstract,Chemical,amiloride,Amiloride,D000584,ncbi_mesh,True
36166246,abstract,Species,patients,9606,9606,ncbi_taxonomy,True
36166246,abstract,Disease,proteinuria,Proteinuria,D011507,ncbi_mesh,True
36166246,abstract,Disease,proteinuria,Proteinuria,D011507,ncbi_mesh,True
36166246,abstract,Species,patients,9606,9606,ncbi_taxonomy,True
36166246,abstract,Disease,proteinuria,Proteinuria,D011507,ncbi_mesh,True
36166246,abstract,Disease,proteinuria,Proteinuria,D011507,ncbi_mesh,True
36166246,abstract,Disease,proteinuria,Proteinuria,D011507,ncbi_mesh,True
36166246,abstract,Species,patients,9606,9606,ncbi_taxonomy,True
36166246,abstract,Disease,podocyturia,,,,False
36166246,abstract,Disease,proteinuria,Proteinuria,D011507,ncbi_mesh,True
36166246,abstract,Disease,podocyturia,,,,False
36166246,abstract,Disease,nephrotic syndrome,Nephrotic Syndrome,D009404,ncbi_mesh,True
36166246,abstract,Disease,proteinuric,Proteinuria,D011507,ncbi_mesh,True
36166246,abstract,Chemical,amiloride,Amiloride,D000584,ncbi_mesh,True
36166246,abstract,Disease,proteinuria,Proteinuria,D011507,ncbi_mesh,True
36166246,abstract,Disease,podocyturia,,,,False
30274180,title,Species,Escherichia coli,562,562,ncbi_taxonomy,True
30274180,abstract,Species,Escherichia coli,562,562,ncbi_taxonomy,True
30274180,abstract,Disease,diarrheal disease,Dysentery,D004403,ncbi_mesh,True
30274180,abstract,Disease,bacterial infection,Bacterial Infections,D001424,ncbi_mesh,True
30274180,abstract,Disease,diarrheal infections,Dysentery,D004403,ncbi_mesh,True
30274180,abstract,Disease,infections,Infections,D007239,ncbi_mesh,True
30274180,abstract,Species,E. coli,562,562,ncbi_taxonomy,True
30274180,abstract,Species,E. coli,562,562,ncbi_taxonomy,True
30274180,abstract,Species,STEC,,,,False
30274180,abstract,Species,STEC,,,,False
30274180,abstract,Species,human,9606,9606,ncbi_taxonomy,True
30274180,abstract,Disease,STEC infections,Escherichia coli Infections,D004927,ncbi_mesh,True
30274180,abstract,Species,STEC,,,,False
30274180,abstract,Species,human,9606,9606,ncbi_taxonomy,True
30274180,abstract,Species,human,9606,9606,ncbi_taxonomy,True
30274180,abstract,Species,STEC infections,,,,False
30283405,title,Gene,Proopiomelanocortin,Pomc,18976,ncbi_gene,True
30283405,title,Chemical,Glucose,Glucose,D005947,ncbi_mesh,True
30283405,title,Species,Mice,10090,10090,ncbi_taxonomy,True
30283405,abstract,Chemical,glucose,Glucose,D005947,ncbi_mesh,True
30283405,abstract,Gene,proopiomelanocortin,Pomc,18976,ncbi_gene,True
30283405,abstract,Gene,POMC,Pomc,18976,ncbi_gene,True
30283405,abstract,Chemical,glucose,Glucose,D005947,ncbi_mesh,True
30283405,abstract,Chemical,glucose,Glucose,D005947,ncbi_mesh,True
30283405,abstract,Gene,POMC,Pomc,18976,ncbi_gene,True
30283405,abstract,Disease,glucose intolerance,Glucose Intolerance,D018149,ncbi_mesh,True
30283405,abstract,Gene,POMC,Pomc,18976,ncbi_gene,True
30283405,abstract,Chemical,glucose,Glucose,D005947,ncbi_mesh,True
30283405,abstract,Gene,POMC,Pomc,18976,ncbi_gene,True
30283405,abstract,Gene,POMC,Pomc,18976,ncbi_gene,True
30283405,abstract,Chemical,glucose,Glucose,D005947,ncbi_mesh,True
30283405,abstract,Chemical,glucose,Glucose,D005947,ncbi_mesh,True
30283405,abstract,Disease,obese,Obesity,D009765,ncbi_mesh,True
30283405,abstract,Species,mice,10090,10090,ncbi_taxonomy,True
30283405,abstract,Gene,POMC,Pomc,18976,ncbi_gene,True
30283405,abstract,Gene,POMC,Pomc,18976,ncbi_gene,True
30283405,abstract,Disease,glucose intolerance,Glucose Intolerance,D018149,ncbi_mesh,True
30283405,abstract,Disease,insulin resistance,Insulin Resistance,D007333,ncbi_mesh,True
30283405,abstract,Species,mice,10090,10090,ncbi_taxonomy,True
30283405,abstract,Disease,obesity,Obesity,D009765,ncbi_mesh,True
30283405,abstract,Disease,hyperphagia,Hyperphagia,D006963,ncbi_mesh,True
30283405,abstract,Gene,POMC,Pomc,18976,ncbi_gene,True
30283405,abstract,Chemical,glucose,Glucose,D005947,ncbi_mesh,True
30283405,abstract,Disease,obese,Obesity,D009765,ncbi_mesh,True
30283405,abstract,Species,mice,10090,10090,ncbi_taxonomy,True
30283405,abstract,Chemical,glucose,Glucose,D005947,ncbi_mesh,True
30283405,abstract,Gene,POMC,Pomc,18976,ncbi_gene,True
30283405,abstract,Gene,POMC,Pomc,18976,ncbi_gene,True
30283405,abstract,Chemical,glucose,Glucose,D005947,ncbi_mesh,True
30283405,abstract,Chemical,glucose,Glucose,D005947,ncbi_mesh,True
30283405,abstract,Gene,C-FOS,Fos,14281,ncbi_gene,True
30283405,abstract,Gene,POMC,Pomc,18976,ncbi_gene,True
30283405,abstract,Species,mice,10090,10090,ncbi_taxonomy,True
30283405,abstract,Chemical,glucose,Glucose,D005947,ncbi_mesh,True
30283405,abstract,Gene,C-FOS,Fos,14281,ncbi_gene,True
30283405,abstract,Gene,POMC,Pomc,18976,ncbi_gene,True
30283405,abstract,Species,mice,10090,10090,ncbi_taxonomy,True
30283405,abstract,Gene,POMC,Pomc,18976,ncbi_gene,True
30283405,abstract,Chemical,glucose,Glucose,D005947,ncbi_mesh,True
30283405,abstract,Gene,POMC,Pomc,18976,ncbi_gene,True
30283405,abstract,Disease,diabetogenic,,,,False
30283405,abstract,Gene,POMC,Pomc,18976,ncbi_gene,True
30283405,abstract,Disease,diabetes,Diabetes Mellitus,D003920,ncbi_mesh,True
30300837,title,Disease,Obesity,Obesity,D009765,ncbi_mesh,True
30300837,abstract,Disease,Obesity,Obesity,D009765,ncbi_mesh,True
30300837,abstract,Disease,metabolic disorder,Metabolic Diseases,D008659,ncbi_mesh,True
30300837,abstract,Disease,obesity,Obesity,D009765,ncbi_mesh,True
30300837,abstract,Disease,obesity,Obesity,D009765,ncbi_mesh,True
30300837,abstract,Species,rats,10116,10116,ncbi_taxonomy,True
30300837,abstract,Disease,macrosomia,Fetal Macrosomia,D005320,ncbi_mesh,True
30300837,abstract,Species,rats,10116,10116,ncbi_taxonomy,True
30300837,abstract,Disease,obese,Obesity,D009765,ncbi_mesh,True
30300837,abstract,Disease,obesity,Obesity,D009765,ncbi_mesh,True
30300837,abstract,Disease,weight gain,Weight Gain,D015430,ncbi_mesh,True
30300837,abstract,Disease,obese,Obesity,D009765,ncbi_mesh,True
30300837,abstract,Species,rats,10116,10116,ncbi_taxonomy,True
30300837,abstract,Disease,insulin resistance,Insulin Resistance,D007333,ncbi_mesh,True
30300837,abstract,Disease,hypoxia,Hypoxia,D000860,ncbi_mesh,True
30300837,abstract,Gene,insulin receptor,Insr,24954,ncbi_gene,True
30300837,abstract,Disease,obesity,Obesity,D009765,ncbi_mesh,True
30300837,abstract,Chemical,salbutamol,Albuterol,D000420,ncbi_mesh,True
30300837,abstract,Disease,obesity,Obesity,D009765,ncbi_mesh,True
30300837,abstract,Species,rats,10116,10116,ncbi_taxonomy,True
30300837,abstract,Disease,fetal macrosomia,Fetal Macrosomia,D005320,ncbi_mesh,True
30300837,abstract,Disease,obese,Obesity,D009765,ncbi_mesh,True
30300837,abstract,Chemical,salbutamol,Albuterol,D000420,ncbi_mesh,True
30360505,title,Disease,Escherichia coli Infections,Escherichia coli Infections,D004927,ncbi_mesh,True
30360505,abstract,Disease,Gastrointestinal infection,Gastrointestinal Diseases,D005767,ncbi_mesh,True
30360505,abstract,Species,Escherichia coli,562,562,ncbi_taxonomy,True
30360505,abstract,Species,STEC,,,,False
30360505,abstract,Disease,diarrhea,Diarrhea,D003967,ncbi_mesh,True
30360505,abstract,Disease,hemorrhagic colitis,Colitis,D003092,ncbi_mesh,True
30360505,abstract,Disease,hemolytic uremic syndrome,Hemolytic-Uremic Syndrome,D006463,ncbi_mesh,True
30360505,abstract,Disease,HUS,Hemolytic-Uremic Syndrome,D006463,ncbi_mesh,True
30360505,abstract,Disease,hemolytic anemia,Anemia Hemolytic,D000743,ncbi_mesh,True
30360505,abstract,Disease,thrombocytopenia,Thrombocytopenia,D013921,ncbi_mesh,True
30360505,abstract,Disease,acute renal failure,Acute Kidney Injury,D058186,ncbi_mesh,True
30360505,abstract,Species,STEC,,,,False
30360505,abstract,Disease,HUS,Hemolytic-Uremic Syndrome,D006463,ncbi_mesh,True
30360505,abstract,Species,STEC,,,,False
30360505,abstract,Gene,Stx2,Stx2,25130,ncbi_gene,True
30360505,abstract,Gene,Stx2,Stx2,25130,ncbi_gene,True
30360505,abstract,Disease,HUS,Hemolytic-Uremic Syndrome,D006463,ncbi_mesh,True
30360505,abstract,Disease,STEC infection,Escherichia coli Infections,D004927,ncbi_mesh,True
30360505,abstract,Disease,STEC infections,Escherichia coli Infections,D004927,ncbi_mesh,True
30360505,abstract,Species,children,9606,9606,ncbi_taxonomy,True
30360505,abstract,Disease,HUS,Hemolytic-Uremic Syndrome,D006463,ncbi_mesh,True
30360505,abstract,Gene,Stx2,STX2,2054,ncbi_gene,True
30360505,abstract,Species,STEC O104:H4,1038927,1038927,ncbi_taxonomy,True
30360505,abstract,Species,children,9606,9606,ncbi_taxonomy,True
30360505,abstract,Species,women,9606,9606,ncbi_taxonomy,True
30360505,abstract,Disease,Maternal infections,Infections,D007239,ncbi_mesh,True
30360505,abstract,Species,rats,10116,10116,ncbi_taxonomy,True
30360505,abstract,Gene,Stx2,Stx2,25130,ncbi_gene,True
30360505,abstract,Gene,Stx2,Stx2,25130,ncbi_gene,True
30360505,abstract,Disease,pregnancy loss,Abortion Spontaneous,D000022,ncbi_mesh,True
30360505,abstract,Disease,preterm birth,Premature Birth,D047928,ncbi_mesh,True
30425647,title,Disease,Preeclampsia,Pre-Eclampsia,D011225,ncbi_mesh,True
30425647,abstract,Disease,placentation,Placenta Diseases,D010922,ncbi_mesh,True
30425647,abstract,Disease,preeclampsia,Pre-Eclampsia,D011225,ncbi_mesh,True
30425647,abstract,Gene,AQP3,AQP3,360,ncbi_gene,True
30425647,abstract,Gene,AQP9,AQP9,366,ncbi_gene,True
30425647,abstract,Gene,AQP3,AQP3,360,ncbi_gene,True
30425647,abstract,Chemical,oxygen,Oxygen,D010100,ncbi_mesh,True
30425647,abstract,Chemical,oxygen and nitrogen reactive species,,,,False
30425647,abstract,Gene,AQP9,AQP9,366,ncbi_gene,True
30425647,abstract,Disease,endothelial dysfunction,Vascular Diseases,D014652,ncbi_mesh,True
30425647,abstract,Disease,maternal syndrome,Obesity Maternal,D000079262,ncbi_mesh,True
30425647,abstract,Disease,preeclampsia,Pre-Eclampsia,D011225,ncbi_mesh,True
30458250,title,Chemical,Purinergic,,,,False
30458250,abstract,Disease,Retinal injuries and diseases,Retinal Diseases,D012164,ncbi_mesh,True
30458250,abstract,Species,human,9606,9606,ncbi_taxonomy,True
30458250,abstract,Disease,vision impairment,Vision Disorders,D014786,ncbi_mesh,True
30458250,abstract,Disease,retinal damage,Retinal Diseases,D012164,ncbi_mesh,True
30458250,abstract,Chemical,Purines,Purines,D011687,ncbi_mesh,True
30458250,abstract,Chemical,pyrimidines,Pyrimidines,D011743,ncbi_mesh,True
30458250,abstract,Chemical,purinergic,,,,False
30458250,abstract,Chemical,ATP,Adenosine Triphosphate,D000255,ncbi_mesh,True
30458250,abstract,Chemical,adenosine,Adenosine,D000241,ncbi_mesh,True
30458250,abstract,Chemical,purinergic,,,,False
30458250,abstract,Species,zebrafish,7955,7955,ncbi_taxonomy,True
30466042,title,Chemical,Calcium,Calcium,D002118,ncbi_mesh,True
30466042,title,Gene,Cx26,GJB2,2706,ncbi_gene,True
30466042,abstract,Gene,Cx26,GJB2,2706,ncbi_gene,True
30466042,abstract,Species,human,9606,9606,ncbi_taxonomy,True
30466042,abstract,Disease,deafness,Deafness,D003638,ncbi_mesh,True
30466042,abstract,Chemical,Calcium,Calcium,D002118,ncbi_mesh,True
30466042,abstract,Chemical,calcium,Calcium,D002118,ncbi_mesh,True
30466042,abstract,Gene,Cx26,GJB2,2706,ncbi_gene,True
30466042,abstract,Chemical,lipid,Lipids,D008055,ncbi_mesh,True
30466042,abstract,Chemical,calcium,Calcium,D002118,ncbi_mesh,True
30466042,abstract,Chemical,calcium,Calcium,D002118,ncbi_mesh,True
30466042,abstract,Chemical,calcium,Calcium,D002118,ncbi_mesh,True
30466042,abstract,Chemical,calcium,Calcium,D002118,ncbi_mesh,True
30466042,abstract,Gene,ASP2,BACE1,23621,ncbi_gene,True
30466042,abstract,Gene,Cx26,GJB2,2706,ncbi_gene,True
30466042,abstract,Chemical,calcium,Calcium,D002118,ncbi_mesh,True
30466042,abstract,Gene,Cx26,GJB2,2706,ncbi_gene,True
30513821,title,Species,Human,9606,9606,ncbi_taxonomy,True
30513821,title,Chemical,Shiga Toxin Type 2,,,,False
30513821,title,Disease,Cytotoxic,Drug-Related Side Effects and Adverse Reactions,D064420,ncbi_mesh,True
30513821,abstract,Species,Escherichia coli,562,562,ncbi_taxonomy,True
30513821,abstract,Species,STEC,,,,False
30513821,abstract,Disease,hemolytic uremic syndrome,Hemolytic-Uremic Syndrome,D006463,ncbi_mesh,True
30513821,abstract,Disease,HUS,Hemolytic-Uremic Syndrome,D006463,ncbi_mesh,True
30513821,abstract,Disease,thrombotic microangiopathy,Thrombotic Microangiopathies,D057049,ncbi_mesh,True
30513821,abstract,Disease,thrombocytopenia,Thrombocytopenia,D013921,ncbi_mesh,True
30513821,abstract,Disease,hemolytic anemia,Anemia Hemolytic,D000743,ncbi_mesh,True
30513821,abstract,Disease,acute renal failure,Acute Kidney Injury,D058186,ncbi_mesh,True
30513821,abstract,Disease,hemorrhagic diarrhea,Diarrhea,D003967,ncbi_mesh,True
30513821,abstract,Species,human,9606,9606,ncbi_taxonomy,True
30513821,abstract,Gene,Stx2,STX2,2054,ncbi_gene,True
30513821,abstract,Gene,Stx2,STX2,2054,ncbi_gene,True
30513821,abstract,Disease,cytotoxic,Drug-Related Side Effects and Adverse Reactions,D064420,ncbi_mesh,True
30513821,abstract,Gene,Stx2,STX2,2054,ncbi_gene,True
30513821,abstract,Species,human,9606,9606,ncbi_taxonomy,True
30513821,abstract,Species,human,9606,9606,ncbi_taxonomy,True
30513821,abstract,Gene,Stx2,STX2,2054,ncbi_gene,True
30513821,abstract,Chemical,FabC11,,,,False
30513821,abstract,Gene,Stx2,STX2,2054,ncbi_gene,True
30513821,abstract,Species,mice,10090,10090,ncbi_taxonomy,True
30513821,abstract,Gene,Stx2,STX2,2054,ncbi_gene,True
30513821,abstract,Disease,STEC infection,Infections,D007239,ncbi_mesh,True
30539720,title,Chemical,Oxygen,Oxygen,D010100,ncbi_mesh,True
30539720,title,Gene,aquaporin-4,AQP4,361,ncbi_gene,True
30539720,title,Species,human,9606,9606,ncbi_taxonomy,True
30539720,abstract,Disease,pre-eclampsia,Pre-Eclampsia,D011225,ncbi_mesh,True
30539720,abstract,Gene,AQP4,AQP4,361,ncbi_gene,True
30539720,abstract,Chemical,oxygen,Oxygen,D010100,ncbi_mesh,True
30539720,abstract,Gene,AQP4,AQP4,361,ncbi_gene,True
30539720,abstract,Disease,hypoxia,Hypoxia,D000860,ncbi_mesh,True
30539720,abstract,Disease,hypoxia,Hypoxia,D000860,ncbi_mesh,True
30539720,abstract,Chemical,CoCl2,cobaltous chloride,C018021,ncbi_mesh,True
30539720,abstract,Gene,AQP4,AQP4,361,ncbi_gene,True
30539720,abstract,Disease,Hypoxia,Hypoxia,D000860,ncbi_mesh,True
30539720,abstract,Gene,AQP4,AQP4,361,ncbi_gene,True
30539720,abstract,Gene,AQP4,AQP4,361,ncbi_gene,True
30539720,abstract,Gene,AQP4,AQP4,361,ncbi_gene,True
30539720,abstract,Disease,hypoxia,Hypoxia,D000860,ncbi_mesh,True
30539720,abstract,Gene,AQP4,AQP4,361,ncbi_gene,True
30539720,abstract,Chemical,oxygen,Oxygen,D010100,ncbi_mesh,True
30539720,abstract,Chemical,CoCl2,cobaltous chloride,C018021,ncbi_mesh,True
30539720,abstract,Gene,hypoxia inducible factor (HIF)-1alpha,HIF1A,3091,ncbi_gene,True
30539720,abstract,Gene,AQP4,AQP4,361,ncbi_gene,True
30539720,abstract,Gene,HIF-1alpha,HIF1A,3091,ncbi_gene,True
30539720,abstract,Gene,AQP4,AQP4,361,ncbi_gene,True
30539720,abstract,Chemical,Oxygen,Oxygen,D010100,ncbi_mesh,True
30539720,abstract,Gene,AQP4,AQP4,361,ncbi_gene,True
30539720,abstract,Species,human,9606,9606,ncbi_taxonomy,True
30539720,abstract,Gene,HIF-1alpha,HIF1A,3091,ncbi_gene,True
30539720,abstract,Gene,AQP4,AQP4,361,ncbi_gene,True
30539720,abstract,Gene,HIF-1alpha,HIF1A,3091,ncbi_gene,True
30539720,abstract,Gene,AQP4,AQP4,361,ncbi_gene,True
30539720,abstract,Gene,AQP4,AQP4,361,ncbi_gene,True
30539720,abstract,Disease,pre-eclampsia,Pre-Eclampsia,D011225,ncbi_mesh,True
30564135,title,Chemical,Nitric Oxide,Nitric Oxide,D009569,ncbi_mesh,True
30564135,title,Chemical,Endocannabinoid,Endocannabinoids,D063388,ncbi_mesh,True
30564135,abstract,Chemical,Endocannabinoids,Endocannabinoids,D063388,ncbi_mesh,True
30564135,abstract,Chemical,lipid,Lipids,D008055,ncbi_mesh,True
30564135,abstract,Chemical,endocannabinoid,Endocannabinoids,D063388,ncbi_mesh,True
30564135,abstract,Disease,intrauterine growth restriction,Fetal Growth Retardation,D005317,ncbi_mesh,True
30564135,abstract,Disease,preeclampsia,Pre-Eclampsia,D011225,ncbi_mesh,True
30564135,abstract,Chemical,Nitric oxide,Nitric Oxide,D009569,ncbi_mesh,True
30564135,abstract,Chemical,endocannabinoid,Endocannabinoids,D063388,ncbi_mesh,True
30564135,abstract,Disease,pregnancy complications,Pregnancy Complications,D011248,ncbi_mesh,True
30564135,abstract,Species,women,9606,9606,ncbi_taxonomy,True
30619183,title,Species,Bacteriophage 933W,10730,10730,ncbi_taxonomy,True
30619183,title,Disease,Hemolytic Uremic Syndrome,Hemolytic-Uremic Syndrome,D006463,ncbi_mesh,True
30619183,title,Disease,HUS,Hemolytic-Uremic Syndrome,D006463,ncbi_mesh,True
30619183,abstract,Disease,Hemolytic uremic syndrome,Hemolytic-Uremic Syndrome,D006463,ncbi_mesh,True
30619183,abstract,Disease,HUS,Hemolytic-Uremic Syndrome,D006463,ncbi_mesh,True
30619183,abstract,Species,Escherichia coli (,562,562,ncbi_taxonomy,True
30619183,abstract,Species,STEC) infections,,,,False
30619183,abstract,Gene,Stx2,Stx2,13852,ncbi_gene,True
30619183,abstract,Species,bacteriophage,10730,10730,ncbi_taxonomy,True
30619183,abstract,Species,bacteriophage,10730,10730,ncbi_taxonomy,True
30619183,abstract,Disease,HUS,Hemolytic-Uremic Syndrome,D006463,ncbi_mesh,True
30619183,abstract,Species,E. coli O157:H7,83334,83334,ncbi_taxonomy,True
30619183,abstract,Species,Mice,10090,10090,ncbi_taxonomy,True
30619183,abstract,Species,E. coli,562,562,ncbi_taxonomy,True
30619183,abstract,Species,bacteriophage 933W,10730,10730,ncbi_taxonomy,True
30619183,abstract,Species,bacteriophage,10730,10730,ncbi_taxonomy,True
30619183,abstract,Species,mice,10090,10090,ncbi_taxonomy,True
30619183,abstract,Disease,died,Death,D003643,ncbi_mesh,True
30619183,abstract,Disease,STEC infection,Escherichia coli Infections,D004927,ncbi_mesh,True
30619183,abstract,Disease,renal and intestinal damage,Intestinal Diseases,D007410,ncbi_mesh,True
30619183,abstract,Disease,central nervous system (CNS) injury,Central Nervous System Diseases,D002493,ncbi_mesh,True
30619183,abstract,Gene,glial fibrillary acidic protein,Gfap,14580,ncbi_gene,True
30619183,abstract,Gene,GFAP,Gfap,14580,ncbi_gene,True
30619183,abstract,Species,bacteriophage 933W,10730,10730,ncbi_taxonomy,True
30619183,abstract,Species,E. coli O157:H7,83334,83334,ncbi_taxonomy,True
30619183,abstract,Disease,STEC infection,Escherichia coli Infections,D004927,ncbi_mesh,True
30619183,abstract,Species,mouse,10090,10090,ncbi_taxonomy,True
30619183,abstract,Species,bacteriophage,10730,10730,ncbi_taxonomy,True
30620717,title,Disease,Cytotoxic,Drug-Related Side Effects and Adverse Reactions,D064420,ncbi_mesh,True
30620717,title,Species,human,9606,9606,ncbi_taxonomy,True
30620717,abstract,Gene,Stx2,STX2,2054,ncbi_gene,True
30620717,abstract,Species,Escherichia coli infections,,,,False
30620717,abstract,Gene,Stx2,STX2,2054,ncbi_gene,True
30620717,abstract,Gene,Stx2,Stx2,25130,ncbi_gene,True
30620717,abstract,Species,rats,10116,10116,ncbi_taxonomy,True
30620717,abstract,Disease,abortion,Abortion Habitual,D000026,ncbi_mesh,True
30620717,abstract,Disease,cytotoxic,Drug-Related Side Effects and Adverse Reactions,D064420,ncbi_mesh,True
30620717,abstract,Gene,Stx2,STX2,2054,ncbi_gene,True
30620717,abstract,CellLine,Swan 71,D855,D855,cvcl,True
30620717,abstract,CellLine,HTR-8,D728,D728,cvcl,True
30620717,abstract,Species,human,9606,9606,ncbi_taxonomy,True
30620717,abstract,Chemical,globotriaosylceramide,globotriaosylceramide,C018549,ncbi_mesh,True
30620717,abstract,CellLine,Swan 71,D855,D855,cvcl,True
30620717,abstract,CellLine,HTR-8,D728,D728,cvcl,True
30620717,abstract,Gene,Stx2,STX2,2054,ncbi_gene,True
30620717,abstract,Chemical,neutral red,Neutral Red,D009499,ncbi_mesh,True
30620717,abstract,Gene,MMP-2,MMP2,4313,ncbi_gene,True
30620717,abstract,CellLine,Swan 71,D855,D855,cvcl,True
30620717,abstract,CellLine,HTR-8,D728,D728,cvcl,True
30620717,abstract,Gene,Stx2,STX2,2054,ncbi_gene,True
30620717,abstract,CellLine,Swan 71,D855,D855,cvcl,True
30620717,abstract,Gene,Stx2,STX2,2054,ncbi_gene,True
30620717,abstract,CellLine,Swan 71,D855,D855,cvcl,True
30620717,abstract,Gene,MMP-2,MMP2,4313,ncbi_gene,True
30620717,abstract,Disease,cytotoxic,Drug-Related Side Effects and Adverse Reactions,D064420,ncbi_mesh,True
30620717,abstract,Chemical,aminoguanidine,pimagedine,C004479,ncbi_mesh,True
30620717,abstract,Gene,Stx2,STX2,2054,ncbi_gene,True
30628061,title,Gene,connexin 43,Gja1,14609,ncbi_gene,True
30628061,abstract,Species,mouse,10090,10090,ncbi_taxonomy,True
30628061,abstract,Gene,connexin 43,Gja1,14609,ncbi_gene,True
30628061,abstract,Gene,Cx43,Gja1,14609,ncbi_gene,True
30628061,abstract,Species,mice,10090,10090,ncbi_taxonomy,True
30628061,abstract,Gene,Cx43,Gja1,14609,ncbi_gene,True
30628061,abstract,Chemical,meclofenamic acid,Meclofenamic Acid,D008469,ncbi_mesh,True
30628061,abstract,Gene,Cx43,Gja1,14609,ncbi_gene,True
30628061,abstract,Gene,Cx43,Gja1,14609,ncbi_gene,True
30658119,title,Chemical,active oxygen species,Reactive Oxygen Species,D017382,ncbi_mesh,True
30658119,title,Species,mice,10090,10090,ncbi_taxonomy,True
30658119,abstract,Disease,Neuronal,Nerve Degeneration,D009410,ncbi_mesh,True
30658119,abstract,Species,mice,10090,10090,ncbi_taxonomy,True
30658119,abstract,Species,mice,10090,10090,ncbi_taxonomy,True
30658119,abstract,Species,mouse,10090,10090,ncbi_taxonomy,True
30658119,abstract,Chemical,Active oxygen species,Reactive Oxygen Species,D017382,ncbi_mesh,True
30658119,abstract,Chemical,cardiolipin,Cardiolipins,D002308,ncbi_mesh,True
30658119,abstract,Gene,acetylcholinesterase,Ache,11423,ncbi_gene,True
30658119,abstract,Chemical,superoxide,Superoxides,D013481,ncbi_mesh,True
30658119,abstract,Species,mice,10090,10090,ncbi_taxonomy,True
30658119,abstract,Chemical,Succinate-glutamate,,,,False
30658119,abstract,Chemical,H2O2,Hydrogen Peroxide,D006861,ncbi_mesh,True
30658119,abstract,Species,mice,10090,10090,ncbi_taxonomy,True
30658119,abstract,Chemical,Cardiolipin,Cardiolipins,D002308,ncbi_mesh,True
30658119,abstract,Gene,Acetylcholinesterase,Ache,11423,ncbi_gene,True
30658119,abstract,Species,mice,10090,10090,ncbi_taxonomy,True
30658119,abstract,Disease,neuronal,Nerve Degeneration,D009410,ncbi_mesh,True
30658119,abstract,Chemical,active oxygen species,Reactive Oxygen Species,D017382,ncbi_mesh,True
30658119,abstract,Disease,motor deficiencies,Motor Disorders,D000068079,ncbi_mesh,True
30732602,title,Species,Escherichia coli,562,562,ncbi_taxonomy,True
30732602,title,Disease,neurovascular disarrangements,Thoracic Outlet Syndrome,D013901,ncbi_mesh,True
30732602,title,Disease,edema,Edema,D004487,ncbi_mesh,True
30732602,title,Chemical,lipid,Lipids,D008055,ncbi_mesh,True
30732602,title,Species,murine,10090,10090,ncbi_taxonomy,True
30732602,abstract,Species,Escherichia coli,562,562,ncbi_taxonomy,True
30732602,abstract,Disease,bloody diarrhea,Diarrhea,D003967,ncbi_mesh,True
30732602,abstract,Disease,hemolytic uremic syndrome,Hemolytic-Uremic Syndrome,D006463,ncbi_mesh,True
30732602,abstract,Disease,encephalopathies,Brain Diseases,D001927,ncbi_mesh,True
30732602,abstract,Disease,death,Death,D003643,ncbi_mesh,True
30732602,abstract,Species,patients,9606,9606,ncbi_taxonomy,True
30732602,abstract,Chemical,lipopolysaccharide,Lipopolysaccharides,D008070,ncbi_mesh,True
30732602,abstract,Species,patients,9606,9606,ncbi_taxonomy,True
30732602,abstract,Chemical,lipopolysaccharide,Lipopolysaccharides,D008070,ncbi_mesh,True
30732602,abstract,Species,murine,10090,10090,ncbi_taxonomy,True
30732602,abstract,Species,mice,10090,10090,ncbi_taxonomy,True
30732602,abstract,Chemical,lipopolysaccharide,Lipopolysaccharides,D008070,ncbi_mesh,True
30732602,abstract,Chemical,lipopolysaccharide,Lipopolysaccharides,D008070,ncbi_mesh,True
30732602,abstract,Chemical,water,Water,D014867,ncbi_mesh,True
30732602,abstract,Disease,brain edema,Brain Edema,D001929,ncbi_mesh,True
30732602,abstract,Gene,GFAP,Gfap,14580,ncbi_gene,True
30732602,abstract,Gene,NeuN,Rbfox3,52897,ncbi_gene,True
30732602,abstract,Gene,MBP,Mbp,17196,ncbi_gene,True
30732602,abstract,Gene,Iba1,Iba1,114737,ncbi_gene,True
30732602,abstract,Disease,neuronal damage,Nerve Degeneration,D009410,ncbi_mesh,True
30732602,abstract,Chemical,Thiobarbituric Acid Reactive Substances,Thiobarbituric Acid Reactive Substances,D017392,ncbi_mesh,True
30732602,abstract,Chemical,lipid,Lipids,D008055,ncbi_mesh,True
30732602,abstract,Gene,GFAP,Gfap,14580,ncbi_gene,True
30732602,abstract,Gene,Iba1,Iba1,114737,ncbi_gene,True
30732602,abstract,Gene,NeuN,Rbfox3,52897,ncbi_gene,True
30732602,abstract,Gene,MBP,Mbp,17196,ncbi_gene,True
30732602,abstract,Chemical,Thiobarbituric Acid Reactive Substances,Thiobarbituric Acid Reactive Substances,D017392,ncbi_mesh,True
30732602,abstract,Chemical,lipid,Lipids,D008055,ncbi_mesh,True
30732602,abstract,Chemical,lipopolysaccharide,Lipopolysaccharides,D008070,ncbi_mesh,True
30732602,abstract,Disease,edema,Edema,D004487,ncbi_mesh,True
30732602,abstract,Chemical,lipid,Lipids,D008055,ncbi_mesh,True
30732602,abstract,Chemical,lipopolysaccharide,Lipopolysaccharides,D008070,ncbi_mesh,True
30732602,abstract,Disease,hippocampal damage,Hippocampal Sclerosis,D000092223,ncbi_mesh,True
30746639,title,Chemical,L-Dopa,Levodopa,D007980,ncbi_mesh,True
30746639,title,Disease,Dyskinesia,Dyskinesia Drug-Induced,D004409,ncbi_mesh,True
30746639,abstract,Species,mice,10090,10090,ncbi_taxonomy,True
30746639,abstract,Gene,D1 receptor,Drd1,13488,ncbi_gene,True
30746639,abstract,Gene,D2 receptor,Drd2,13489,ncbi_gene,True
30746639,abstract,Gene,D2R,Drd2,13489,ncbi_gene,True
30746639,abstract,Disease,parkinsonism,Parkinson Disease Secondary,D010302,ncbi_mesh,True
30746639,abstract,Species,mouse,10090,10090,ncbi_taxonomy,True
30746639,abstract,Chemical,6-hydroxydopamine,Oxidopamine,D016627,ncbi_mesh,True
30746639,abstract,Disease,parkinsonian,Parkinson Disease,D010300,ncbi_mesh,True
30746639,abstract,Disease,dyskinetic,Cerebral Palsy,D002547,ncbi_mesh,True
30746639,abstract,Chemical,L-DOPA,Levodopa,D007980,ncbi_mesh,True
30746639,abstract,Gene,parvalbumin,Pvalb,19293,ncbi_gene,True
30746639,abstract,Gene,PV,Pvalb,19293,ncbi_gene,True
30746639,abstract,Gene,vesicular GABA transporter,Slc32a1,22348,ncbi_gene,True
30746639,abstract,Gene,VGAT,Slc32a1,22348,ncbi_gene,True
30746639,abstract,Gene,PV,Pvalb,19293,ncbi_gene,True
30746639,abstract,Gene,PV,Pvalb,19293,ncbi_gene,True
30746639,abstract,Gene,PV,Pvalb,19293,ncbi_gene,True
30746639,abstract,Gene,activity-regulated cytoskeleton-associated protein,Arc,11838,ncbi_gene,True
30746639,abstract,Gene,Arc,Arc,11838,ncbi_gene,True
30746639,abstract,Gene,c-Fos,Fos,14281,ncbi_gene,True
30746639,abstract,Disease,dyskinetic,Cerebral Palsy,D002547,ncbi_mesh,True
30746639,abstract,Disease,dyskinesia,Dyskinesia Drug-Induced,D004409,ncbi_mesh,True
30746639,abstract,Chemical,L-DOPA,Levodopa,D007980,ncbi_mesh,True
30747154,title,Gene,podocalyxin,PODXL,5420,ncbi_gene,True
30747154,title,Gene,synaptopodin,SYNPO,11346,ncbi_gene,True
30747154,title,Disease,Fabry,Fabry Disease,D000795,ncbi_mesh,True
30747154,abstract,Disease,Fabry nephropathy,Fabry Disease,D000795,ncbi_mesh,True
30747154,abstract,Disease,podocyturia,,,,False
30747154,abstract,Disease,glomerulosclerosis,Glomerulonephritis,D005921,ncbi_mesh,True
30747154,abstract,Disease,chronic kidney disease,Renal Insufficiency Chronic,D051436,ncbi_mesh,True
30747154,abstract,Disease,glomerulopathies,Kidney Diseases,D007674,ncbi_mesh,True
30747154,abstract,Gene,podocalyxin,PODXL,5420,ncbi_gene,True
30747154,abstract,Gene,synaptopodin,SYNPO,11346,ncbi_gene,True
30747154,abstract,Disease,Fabry,Fabry Disease,D000795,ncbi_mesh,True
30747154,abstract,Species,patients,9606,9606,ncbi_taxonomy,True
30747154,abstract,Chemical,creatinine,Creatinine,D003404,ncbi_mesh,True
30747154,abstract,Chemical,lyso-triasocylsphingosine,,,,False
30747154,abstract,Disease,Podocyturia,,,,False
30747154,abstract,Disease,Fabry,Fabry Disease,D000795,ncbi_mesh,True
30747154,abstract,Species,patients,9606,9606,ncbi_taxonomy,True
30747154,abstract,Disease,podocyturia,,,,False
30747154,abstract,Disease,Fabry,Fabry Disease,D000795,ncbi_mesh,True
30747154,abstract,Disease,podocyturia,,,,False
30747154,abstract,Gene,synaptopodin,SYNPO,11346,ncbi_gene,True
30747154,abstract,Gene,podocalyxin,PODXL,5420,ncbi_gene,True
30747154,abstract,Disease,Fabry,Fabry Disease,D000795,ncbi_mesh,True
30747154,abstract,Species,patients,9606,9606,ncbi_taxonomy,True
30747154,abstract,Gene,synaptopodin,SYNPO,11346,ncbi_gene,True
30747154,abstract,Gene,podocalyxin,PODXL,5420,ncbi_gene,True
30747154,abstract,Gene,synaptopodin,SYNPO,11346,ncbi_gene,True
30747154,abstract,Disease,Fabry,Fabry Disease,D000795,ncbi_mesh,True
30747154,abstract,Species,patients,9606,9606,ncbi_taxonomy,True
30747154,abstract,Disease,podocyturia,,,,False
30747154,abstract,Disease,proteinuria,Proteinuria,D011507,ncbi_mesh,True
30747154,abstract,Disease,Fabry,Fabry Disease,D000795,ncbi_mesh,True
30747154,abstract,Species,patients,9606,9606,ncbi_taxonomy,True
30747154,abstract,Disease,podocyturia,,,,False
30747154,abstract,Gene,podocalyxin,PODXL,5420,ncbi_gene,True
30747154,abstract,Species,patients,9606,9606,ncbi_taxonomy,True
30747154,abstract,Disease,proteinuria,Proteinuria,D011507,ncbi_mesh,True
30747154,abstract,Gene,podocalyxin,PODXL,5420,ncbi_gene,True
30747154,abstract,Disease,proteinuria,Proteinuria,D011507,ncbi_mesh,True
30747154,abstract,Disease,Podocyturia,,,,False
30747154,abstract,Gene,podocalyxin,PODXL,5420,ncbi_gene,True
30826460,title,Chemical,nicotine,Nicotine,D009538,ncbi_mesh,True
30826460,title,Species,zebrafish,7955,7955,ncbi_taxonomy,True
30826460,abstract,Disease,drugs of abuse,Substance-Related Disorders,D019966,ncbi_mesh,True
30826460,abstract,Species,zebrafish,7955,7955,ncbi_taxonomy,True
30826460,abstract,Species,zebrafish,7955,7955,ncbi_taxonomy,True
30826460,abstract,Chemical,nicotine,Nicotine,D009538,ncbi_mesh,True
30826460,abstract,Chemical,cocaine,Cocaine,D003042,ncbi_mesh,True
30826460,abstract,Species,zebrafish,7955,7955,ncbi_taxonomy,True
30826460,abstract,Chemical,nicotine,Nicotine,D009538,ncbi_mesh,True
30826460,abstract,Chemical,cocaine,Cocaine,D003042,ncbi_mesh,True
30826460,abstract,Species,zebrafish,7955,7955,ncbi_taxonomy,True
30826460,abstract,Chemical,nicotine,Nicotine,D009538,ncbi_mesh,True
30826460,abstract,Chemical,cocaine,Cocaine,D003042,ncbi_mesh,True
30826460,abstract,Chemical,nicotine,Nicotine,D009538,ncbi_mesh,True
30826460,abstract,Chemical,nicotine,Nicotine,D009538,ncbi_mesh,True
30826460,abstract,Species,zebrafish,7955,7955,ncbi_taxonomy,True
30826460,abstract,Species,zebrafish,7955,7955,ncbi_taxonomy,True
30826460,abstract,Chemical,nicotine,Nicotine,D009538,ncbi_mesh,True
30826460,abstract,Chemical,cocaine,Cocaine,D003042,ncbi_mesh,True
30826460,abstract,Gene,Pitx3,pitx3,402974,ncbi_gene,True
30826460,abstract,Chemical,nicotine,Nicotine,D009538,ncbi_mesh,True
30826460,abstract,Chemical,cocaine,Cocaine,D003042,ncbi_mesh,True
30826460,abstract,Species,zebrafish,7955,7955,ncbi_taxonomy,True
30826460,abstract,Chemical,Nicotine,Nicotine,D009538,ncbi_mesh,True
30826460,abstract,Species,zebrafish,7955,7955,ncbi_taxonomy,True
30826460,abstract,Gene,Pitx3,pitx3,402974,ncbi_gene,True
30826460,abstract,Disease,drugs of abuse,Substance-Related Disorders,D019966,ncbi_mesh,True
30826460,abstract,Disease,addict,Substance-Related Disorders,D019966,ncbi_mesh,True
30842725,abstract,Disease,LTM,,,,False
30842725,abstract,Disease,LTM,,,,False
30842725,abstract,Disease,LTM,,,,False
30842725,abstract,Disease,LTM,,,,False
30879772,title,Chemical,Estradiol,Estradiol,D004958,ncbi_mesh,True
30879772,title,Gene,estrogen receptor-alpha,ESR1,2099,ncbi_gene,True
30879772,title,Gene,G protein-coupled estrogen receptor-1,GPER1,2852,ncbi_gene,True
30879772,title,Species,human,9606,9606,ncbi_taxonomy,True
30879772,abstract,Chemical,17beta-estradiol,Estradiol,D004958,ncbi_mesh,True
30879772,abstract,Chemical,17betaE,Estradiol,D004958,ncbi_mesh,True
30879772,abstract,Species,human,9606,9606,ncbi_taxonomy,True
30879772,abstract,CellLine,HRTEC,WN15,WN15,cvcl,True
30879772,abstract,Chemical,17betaE,Estradiol,D004958,ncbi_mesh,True
30879772,abstract,Chemical,17betaE,Estradiol,D004958,ncbi_mesh,True
30879772,abstract,Chemical,5-bromo-2-deoxyuridine,Bromodeoxyuridine,D001973,ncbi_mesh,True
30879772,abstract,Chemical,BrdU,Bromodeoxyuridine,D001973,ncbi_mesh,True
30879772,abstract,CellLine,HRTEC,WN15,WN15,cvcl,True
30879772,abstract,CellLine,HRTEC,WN15,WN15,cvcl,True
30879772,abstract,CellLine,HRTEC,WN15,WN15,cvcl,True
30879772,abstract,Gene,G protein-coupled estrogen receptor 1,GPER1,2852,ncbi_gene,True
30879772,abstract,Gene,GPER-1,GPER1,2852,ncbi_gene,True
30879772,abstract,Chemical,BrdU,Bromodeoxyuridine,D001973,ncbi_mesh,True
30879772,abstract,CellLine,HRTEC,WN15,WN15,cvcl,True
30879772,abstract,Chemical,17betaE,Estradiol,D004958,ncbi_mesh,True
30879772,abstract,Gene,estrogen receptor alpha,ESR1,2099,ncbi_gene,True
30879772,abstract,Gene,ERalpha,ESR1,2099,ncbi_gene,True
30879772,abstract,Gene,ERbeta,ESR2,2100,ncbi_gene,True
30879772,abstract,CellLine,HRTEC,WN15,WN15,cvcl,True
30879772,abstract,Gene,GPER-1,GPER1,2852,ncbi_gene,True
30879772,abstract,Chemical,G-15,,,,False
30879772,abstract,Gene,ER,EREG,2069,ncbi_gene,True
30879772,abstract,Chemical,"ICI182,780",Fulvestrant,D000077267,ncbi_mesh,True
30879772,abstract,Gene,beta-catenin,CTNNB1,1499,ncbi_gene,True
30879772,abstract,Chemical,iCRT14,iCRT14,C000709763,ncbi_mesh,True
30879772,abstract,Chemical,BrdU,Bromodeoxyuridine,D001973,ncbi_mesh,True
30879772,abstract,Chemical,17betaE.,Estradiol,D004958,ncbi_mesh,True
30879772,abstract,Chemical,17betaE,Estradiol,D004958,ncbi_mesh,True
30879772,abstract,Gene,beta-catenin,CTNNB1,1499,ncbi_gene,True
30879772,abstract,CellLine,HRTEC,WN15,WN15,cvcl,True
30879772,abstract,Chemical,G-15,,,,False
30879772,abstract,Chemical,"ICI 182,780",Fulvestrant,D000077267,ncbi_mesh,True
30879772,abstract,Chemical,estradiol,Estradiol,D004958,ncbi_mesh,True
30879772,abstract,CellLine,HRTEC,WN15,WN15,cvcl,True
30879772,abstract,Gene,ERalpha,ESR1,2099,ncbi_gene,True
30879772,abstract,Gene,GPER-1,GPER1,2852,ncbi_gene,True
30879772,abstract,Gene,beta-catenin,CTNNB1,1499,ncbi_gene,True
30895594,title,Disease,dyskinesia,Dyskinesia Drug-Induced,D004409,ncbi_mesh,True
30895594,title,Chemical,L-DOPA,Levodopa,D007980,ncbi_mesh,True
30895594,title,Species,mouse,10090,10090,ncbi_taxonomy,True
30895594,title,Disease,Parkinson's disease,Parkinson Disease,D010300,ncbi_mesh,True
30895594,abstract,Chemical,L-DOPA,Levodopa,D007980,ncbi_mesh,True
30895594,abstract,Disease,dyskinesia,Dyskinesia Drug-Induced,D004409,ncbi_mesh,True
30895594,abstract,Disease,LID,Dyskinesia Drug-Induced,D004409,ncbi_mesh,True
30895594,abstract,Chemical,L-DOPA,Levodopa,D007980,ncbi_mesh,True
30895594,abstract,Disease,Parkinson's disease,Parkinson Disease,D010300,ncbi_mesh,True
30895594,abstract,Disease,LID,Dyskinesia Drug-Induced,D004409,ncbi_mesh,True
30895594,abstract,Disease,nigrostriatal degeneration,Nerve Degeneration,D009410,ncbi_mesh,True
30895594,abstract,Disease,dyskinetic,Cerebral Palsy,D002547,ncbi_mesh,True
30895594,abstract,Chemical,L-DOPA,Levodopa,D007980,ncbi_mesh,True
30895594,abstract,Species,mice,10090,10090,ncbi_taxonomy,True
30895594,abstract,Chemical,6-hydroxydopamine,Oxidopamine,D016627,ncbi_mesh,True
30895594,abstract,Gene,rhodopsin,Rho,212541,ncbi_gene,True
30895594,abstract,Chemical,adeno-associated viral,,,,False
30895594,abstract,Gene,CaMKII,Camk2d,108058,ncbi_gene,True
30895594,abstract,Chemical,L-DOPA,Levodopa,D007980,ncbi_mesh,True
30895594,abstract,Disease,dyskinetic,Cerebral Palsy,D002547,ncbi_mesh,True
30895594,abstract,Chemical,L-DOPA,Levodopa,D007980,ncbi_mesh,True
30895594,abstract,Disease,dyskinesia,Dyskinesia Drug-Induced,D004409,ncbi_mesh,True
30895594,abstract,Disease,dyskinesia,Dyskinesia Drug-Induced,D004409,ncbi_mesh,True
30895594,abstract,Disease,OID,,,,False
30895594,abstract,Chemical,6-hydroxydopamine,Oxidopamine,D016627,ncbi_mesh,True
30895594,abstract,Chemical,L-DOPA,Levodopa,D007980,ncbi_mesh,True
30895594,abstract,Disease,dyskinetic,Cerebral Palsy,D002547,ncbi_mesh,True
30895594,abstract,Disease,OIDs,,,,False
30895594,abstract,Chemical,L-DOPA,Levodopa,D007980,ncbi_mesh,True
30895594,abstract,Chemical,L-DOPA,Levodopa,D007980,ncbi_mesh,True
30895594,abstract,Disease,dyskinesia,Dyskinesia Drug-Induced,D004409,ncbi_mesh,True
30895594,abstract,Disease,OID,,,,False
30895594,abstract,Disease,LID,Dyskinesia Drug-Induced,D004409,ncbi_mesh,True
30895594,abstract,Disease,LID,Dyskinesia Drug-Induced,D004409,ncbi_mesh,True
30895594,abstract,Disease,LID,Dyskinesia Drug-Induced,D004409,ncbi_mesh,True
31018904,title,Gene,TRPV-1,TRPV1,7442,ncbi_gene,True
31018904,abstract,Gene,transient receptor potential vanilloid 1,TRPV1,7442,ncbi_gene,True
31018904,abstract,Gene,TRPV-1,TRPV1,7442,ncbi_gene,True
31018904,abstract,Species,human,9606,9606,ncbi_taxonomy,True
31018904,abstract,Gene,TRPV-1,TRPV1,7442,ncbi_gene,True
31018904,abstract,Gene,TRPV-1,TRPV1,7442,ncbi_gene,True
31018904,abstract,CellLine,Swan 71,D855,D855,cvcl,True
31018904,abstract,Gene,TRPV-1,TRPV1,7442,ncbi_gene,True
31057366,title,Gene,ERK1/2,Mapk3,26417,ncbi_gene,True
31057366,abstract,Gene,extracellular signal-regulated kinase,Mapk1,26413,ncbi_gene,True
31057366,abstract,Gene,ERK,Mapk1,26413,ncbi_gene,True
31057366,abstract,Species,mice,10090,10090,ncbi_taxonomy,True
31068973,title,Gene,TDP-43,Tardbp,230908,ncbi_gene,True
31068973,title,Gene,TDP-43,Tardbp,230908,ncbi_gene,True
31068973,title,Species,Mice,10090,10090,ncbi_taxonomy,True
31068973,abstract,Gene,TAR DNA-binding protein 43,Tardbp,230908,ncbi_gene,True
31068973,abstract,Gene,TDP-43,Tardbp,230908,ncbi_gene,True
31068973,abstract,Disease,frontotemporal dementia,Frontotemporal Dementia,D057180,ncbi_mesh,True
31068973,abstract,Disease,FTD,Frontotemporal Dementia,D057180,ncbi_mesh,True
31068973,abstract,Disease,amyotrophic lateral sclerosis,Amyotrophic Lateral Sclerosis,D000690,ncbi_mesh,True
31068973,abstract,Disease,ALS,Amyotrophic Lateral Sclerosis,D000690,ncbi_mesh,True
31068973,abstract,Disease,neurodegenerative diseases,Neurodegenerative Diseases,D019636,ncbi_mesh,True
31068973,abstract,Gene,TDP-43,Tardbp,230908,ncbi_gene,True
31068973,abstract,Species,mice,10090,10090,ncbi_taxonomy,True
31068973,abstract,Species,human,9606,9606,ncbi_taxonomy,True
31068973,abstract,Gene,TDP-43,Tardbp,230908,ncbi_gene,True
31068973,abstract,Disease,FTD,Frontotemporal Dementia,D057180,ncbi_mesh,True
31068973,abstract,Species,mice,10090,10090,ncbi_taxonomy,True
31068973,abstract,Disease,impaired cognitive and social function,Cognition Disorders,D003072,ncbi_mesh,True
31068973,abstract,Disease,motor abnormalities,Abnormalities Drug-Induced,D000014,ncbi_mesh,True
31068973,abstract,Species,mice,10090,10090,ncbi_taxonomy,True
31068973,abstract,Species,mice,10090,10090,ncbi_taxonomy,True
31068973,abstract,Disease,cognitive abnormalities,Cognitive Dysfunction,D060825,ncbi_mesh,True
31068973,abstract,Chemical,doxycycline,Doxycycline,D004318,ncbi_mesh,True
31068973,abstract,Chemical,Dox,Doxycycline,D004318,ncbi_mesh,True
31068973,abstract,Disease,cognitive deficits,Cognition Disorders,D003072,ncbi_mesh,True
31068973,abstract,Disease,sociability deficits,Neurologic Manifestations,D009461,ncbi_mesh,True
31068973,abstract,Chemical,Dox,Doxycycline,D004318,ncbi_mesh,True
31068973,abstract,Gene,TDP-43,Tardbp,230908,ncbi_gene,True
31068973,abstract,Species,mice,10090,10090,ncbi_taxonomy,True
31068973,abstract,Disease,FTD,Frontotemporal Dementia,D057180,ncbi_mesh,True
31068973,abstract,Disease,TDP-43 proteinopathies,TDP-43 Proteinopathies,D057177,ncbi_mesh,True
31396108,title,Disease,Vascular Dysfunction,Cerebrovascular Disorders,D002561,ncbi_mesh,True
31521898,abstract,Disease,endoleak formation,Endoleak,D057867,ncbi_mesh,True
31521898,abstract,Disease,thoracic aneurysms,Aortic Aneurysm Thoracic,D017545,ncbi_mesh,True
31521941,abstract,Species,patients,9606,9606,ncbi_taxonomy,True
31535145,abstract,Disease,postoperative complications,Postoperative Complications,D011183,ncbi_mesh,True
31535145,abstract,Disease,low cardiac output syndrome,Cardiac Output Low,D002303,ncbi_mesh,True
31535145,abstract,Disease,myocardial oedema and dysfunction,Tang Hsi Ryu syndrome,C536897,ncbi_mesh,True
31535145,abstract,Species,patients,9606,9606,ncbi_taxonomy,True
31535145,abstract,Disease,aortic stenosis,Aortic Valve Stenosis,D001024,ncbi_mesh,True
31535145,abstract,Gene,Aquaporin 1,AQP1,358,ncbi_gene,True
31535145,abstract,Gene,Aquaporin 4,AQP4,361,ncbi_gene,True
31535145,abstract,Gene,Aquaporin 1,AQP1,358,ncbi_gene,True
31535145,abstract,Gene,Aquaporin 4,AQP4,361,ncbi_gene,True
31535145,abstract,Gene,Aquaporin 1,AQP1,358,ncbi_gene,True
31535145,abstract,Gene,Aquaporin 4,AQP4,361,ncbi_gene,True
31535145,abstract,Disease,Myocardial interstitial oedema,Tang Hsi Ryu syndrome,C536897,ncbi_mesh,True
31535145,abstract,Species,Patients,9606,9606,ncbi_taxonomy,True
31535145,abstract,Disease,low cardiac output syndrome,Cardiac Output Low,D002303,ncbi_mesh,True
31535145,abstract,Disease,myocardial oedema and dysfunction,Tang Hsi Ryu syndrome,C536897,ncbi_mesh,True
31541456,abstract,Gene,Caveolin-1,CAV1,857,ncbi_gene,True
31541456,abstract,Gene,Cav-1,CAV1,857,ncbi_gene,True
31541456,abstract,Gene,aquaporin-3,AQP3,360,ncbi_gene,True
31541456,abstract,Gene,AQP3,AQP3,360,ncbi_gene,True
31541456,abstract,CellLine,EVT,WU77,WU77,cvcl,True
31541456,abstract,Species,human,9606,9606,ncbi_taxonomy,True
31541456,abstract,CellLine,EVT,WU77,WU77,cvcl,True
31541456,abstract,Gene,AQP3,AQP3,360,ncbi_gene,True
31541456,abstract,CellLine,EVT,WU77,WU77,cvcl,True
31541456,abstract,CellLine,Swan 71,D855,D855,cvcl,True
31541456,abstract,Chemical,Dulbecco's modified Eagle's medium,,,,False
31541456,abstract,Chemical,methyl-beta-cyclodextrin,methyl-beta-cyclodextrin,C108732,ncbi_mesh,True
31541456,abstract,Chemical,MbetaCD,methyl-beta-cyclodextrin,C108732,ncbi_mesh,True
31541456,abstract,Chemical,MbetaCD,methyl-beta-cyclodextrin,C108732,ncbi_mesh,True
31541456,abstract,Gene,Cav-1,CAV1,857,ncbi_gene,True
31541456,abstract,Chemical,MbetaCD,methyl-beta-cyclodextrin,C108732,ncbi_mesh,True
31541456,abstract,CellLine,EVT,WU77,WU77,cvcl,True
31541456,abstract,Gene,AQP3,AQP3,360,ncbi_gene,True
31541456,abstract,Gene,AQP3,AQP3,360,ncbi_gene,True
31541456,abstract,Gene,Cav-1,CAV1,857,ncbi_gene,True
31541456,abstract,Gene,AQP3,AQP3,360,ncbi_gene,True
31541456,abstract,Gene,Cav-1,CAV1,857,ncbi_gene,True
31541456,abstract,CellLine,EVT,WU77,WU77,cvcl,True
31541456,abstract,Gene,AQP3,AQP3,360,ncbi_gene,True
31541456,abstract,Gene,Cav-1,CAV1,857,ncbi_gene,True
31541456,abstract,Disease,pregnancy disorders,Pregnancy in Diabetics,D011254,ncbi_mesh,True
31628683,title,Gene,Aquaporin-2,AQP2,359,ncbi_gene,True
31628683,title,Gene,Na+ /H+ exchanger isoform 1,SLC9A1,6548,ncbi_gene,True
31628683,abstract,Gene,Aquaporin-2,AQP2,359,ncbi_gene,True
31628683,abstract,Gene,AQP2,AQP2,359,ncbi_gene,True
31628683,abstract,Gene,integrin beta1,ITGB1,3688,ncbi_gene,True
31628683,abstract,Gene,AQP2,AQP2,359,ncbi_gene,True
31628683,abstract,Gene,Na+ /H+ exchanger isoform 1,SLC9A1,6548,ncbi_gene,True
31628683,abstract,Gene,NHE1,SLC9A1,6548,ncbi_gene,True
31628683,abstract,Gene,AQP2,AQP2,359,ncbi_gene,True
31628683,abstract,Gene,NHE1,SLC9A1,6548,ncbi_gene,True
31628683,abstract,Gene,AQP2,AQP2,359,ncbi_gene,True
31628683,abstract,Gene,AQP2,AQP2,359,ncbi_gene,True
31628683,abstract,Chemical,calcium,Calcium,D002118,ncbi_mesh,True
31628683,abstract,Gene,TRPV4,TRPV4,59341,ncbi_gene,True
31628683,abstract,Gene,NHE1,SLC9A1,6548,ncbi_gene,True
31628683,abstract,Gene,NHE1,SLC9A1,6548,ncbi_gene,True
31628683,abstract,Gene,AQP2,AQP2,359,ncbi_gene,True
31628683,abstract,Gene,AQP2,AQP2,359,ncbi_gene,True
31628683,abstract,Gene,NHE1,SLC9A1,6548,ncbi_gene,True
31628683,abstract,Chemical,calcium,Calcium,D002118,ncbi_mesh,True
31628683,abstract,Gene,TRPV4,TRPV4,59341,ncbi_gene,True
31630412,abstract,Disease,neurodegeneration,Neurodegenerative Diseases,D019636,ncbi_mesh,True
31690927,title,Species,Human,9606,9606,ncbi_taxonomy,True
31690927,abstract,Species,humans,9606,9606,ncbi_taxonomy,True
31690927,abstract,Species,human,9606,9606,ncbi_taxonomy,True
31703347,title,Species,Human,9606,9606,ncbi_taxonomy,True
31703347,title,Disease,Inflammatory,Inflammation,D007249,ncbi_mesh,True
31703347,title,Chemical,Shiga Toxin Type 2,,,,False
31703347,abstract,Disease,Hemolytic uremic syndrome,Hemolytic-Uremic Syndrome,D006463,ncbi_mesh,True
31703347,abstract,Disease,HUS,Hemolytic-Uremic Syndrome,D006463,ncbi_mesh,True
31703347,abstract,Species,Escherichia coli (,562,562,ncbi_taxonomy,True
31703347,abstract,Species,STEC),,,,False
31703347,abstract,Disease,infection,Infections,D007239,ncbi_mesh,True
31703347,abstract,Disease,acute renal failure,Acute Kidney Injury,D058186,ncbi_mesh,True
31703347,abstract,Disease,ARF,Acute Kidney Injury,D058186,ncbi_mesh,True
31703347,abstract,Disease,HUS,Hemolytic-Uremic Syndrome,D006463,ncbi_mesh,True
31703347,abstract,Gene,Stx2,STX2,2054,ncbi_gene,True
31703347,abstract,Species,human,9606,9606,ncbi_taxonomy,True
31703347,abstract,Species,HGEC,,,,False
31703347,abstract,Species,human,9606,9606,ncbi_taxonomy,True
31703347,abstract,CellLine,HK-2,,,,False
31703347,abstract,CellLine,HGEC,WL99,WL99,cvcl,True
31703347,abstract,CellLine,HK-2,,,,False
31703347,abstract,Disease,inflammatory,Inflammation,D007249,ncbi_mesh,True
31703347,abstract,Gene,Stx2,STX2,2054,ncbi_gene,True
31703347,abstract,Gene,Stx2,STX2,2054,ncbi_gene,True
31703347,abstract,Gene,IL-6,IL6,3569,ncbi_gene,True
31703347,abstract,Gene,IL-8,CXCL8,3576,ncbi_gene,True
31703347,abstract,Gene,TNF-alpha,TNF,7124,ncbi_gene,True
31703347,abstract,Gene,Stx2,STX2,2054,ncbi_gene,True
31703347,abstract,Species,HGEC,,,,False
31703347,abstract,CellLine,HK-2,,,,False
31703347,abstract,CellLine,HK-2,,,,False
31703347,abstract,CellLine,HK-2,,,,False
31703347,abstract,Gene,IL-8,CXCL8,3576,ncbi_gene,True
31703347,abstract,Species,HGEC,,,,False
31703347,abstract,Gene,Stx2,STX2,2054,ncbi_gene,True
31703347,abstract,Species,HGEC,,,,False
31703347,abstract,CellLine,HK-2,,,,False
31703347,abstract,Disease,inflammatory,Inflammation,D007249,ncbi_mesh,True
31703347,abstract,Gene,Stx2,STX2,2054,ncbi_gene,True
31780897,title,Disease,Nervous System Diseases,Nervous System Diseases,D009422,ncbi_mesh,True
31780897,abstract,Gene,Connexins,Gjd2,14617,ncbi_gene,True
31780897,abstract,Gene,connexins,Gjd2,14617,ncbi_gene,True
31780897,abstract,Disease,ischemia,Ischemia,D007511,ncbi_mesh,True
31780897,abstract,Disease,neurodegeneration,Neurodegenerative Diseases,D019636,ncbi_mesh,True
31780897,abstract,Disease,infection,Infections,D007239,ncbi_mesh,True
31780897,abstract,Disease,trauma,Wounds and Injuries,D014947,ncbi_mesh,True
31780897,abstract,Disease,tumors,Neoplasms,D009369,ncbi_mesh,True
31780897,abstract,Species,mouse,10090,10090,ncbi_taxonomy,True
31780897,abstract,Disease,inflammatory,Inflammation,D007249,ncbi_mesh,True
31811544,title,Gene,Na+/H+ exchanger isoform 1,Slc9a1,24782,ncbi_gene,True
31811544,title,Gene,AQP2,Aqp2,25386,ncbi_gene,True
31811544,abstract,Chemical,water,Water,D014867,ncbi_mesh,True
31811544,abstract,Gene,Aquaporin-2,Aqp2,25386,ncbi_gene,True
31811544,abstract,Gene,Aquaporin-2,Aqp2,11827,ncbi_gene,True
31811544,abstract,Gene,AQP2,Aqp2,11827,ncbi_gene,True
31811544,abstract,Gene,Na+/H+ exchanger isoform 1,Slc9a1,20544,ncbi_gene,True
31811544,abstract,Gene,AQP2,Aqp2,25386,ncbi_gene,True
31811544,abstract,Gene,AQP2,Aqp2,25386,ncbi_gene,True
31811544,abstract,CellLine,RCCD1,E043,E043,cvcl,True
31811544,abstract,CellLine,mpkCCDc14,F596,F596,cvcl,True
31811544,abstract,Gene,Aquaporin-2,Aqp2,25386,ncbi_gene,True
31811544,abstract,Gene,Na+/H+ exchanger isoform 1,Slc9a1,24782,ncbi_gene,True
31811544,abstract,Gene,NHE1,Slc9a1,24782,ncbi_gene,True
31811544,abstract,Gene,Aquaporin-2,Aqp2,25386,ncbi_gene,True
31811544,abstract,Gene,Na+/H+ exchanger isoform 1,Slc9a1,24782,ncbi_gene,True
31811544,abstract,Gene,Na+/H+ exchanger isoform 1,Slc9a1,20544,ncbi_gene,True
31811544,abstract,Gene,AQP2,Aqp2,11827,ncbi_gene,True
31811544,abstract,Gene,AQP2,Aqp2,11827,ncbi_gene,True
31811544,abstract,Gene,NHE1,Slc9a1,20544,ncbi_gene,True
31811544,abstract,Gene,Na+/H+ exchanger isoform 1,Slc9a1,24782,ncbi_gene,True
31811544,abstract,Disease,acidosis,Acidosis,D000138,ncbi_mesh,True
31811544,abstract,Gene,NHE1,Slc9a1,20544,ncbi_gene,True
31811544,abstract,Gene,Aquaporin-2,Aqp2,25386,ncbi_gene,True
31811544,abstract,Chemical,water,Water,D014867,ncbi_mesh,True
31811544,abstract,Gene,Aquaporin-2,Aqp2,25386,ncbi_gene,True
31811544,abstract,Gene,NHE1,Slc9a1,20544,ncbi_gene,True
31811544,abstract,Gene,AQP2,Aqp2,25386,ncbi_gene,True
31811544,abstract,Gene,Na+/H+ exchanger isoform 1,Slc9a1,24782,ncbi_gene,True
31811544,abstract,Gene,Na+/H+ exchanger isoform 1,Slc9a1,20544,ncbi_gene,True
31811544,abstract,Gene,Na+/H+ exchanger isoform 1,Slc9a1,20544,ncbi_gene,True
31824869,title,Disease,Cytotoxicity,Drug-Related Side Effects and Adverse Reactions,D064420,ncbi_mesh,True
31824869,title,Disease,Infection,Infections,D007239,ncbi_mesh,True
31824869,title,Species,Human,9606,9606,ncbi_taxonomy,True
31824869,title,CellLine,HCT-8,2478,2478,cvcl,True
31824869,title,Species,E. coli O157:H7,83334,83334,ncbi_taxonomy,True
31824869,title,Gene,stx2,STX2,2054,ncbi_gene,True
31824869,abstract,Species,Escherichia coli,562,562,ncbi_taxonomy,True
31824869,abstract,Species,STEC,,,,False
31824869,abstract,Disease,hemolytic uremic syndrome,Hemolytic-Uremic Syndrome,D006463,ncbi_mesh,True
31824869,abstract,Disease,HUS,Hemolytic-Uremic Syndrome,D006463,ncbi_mesh,True
31824869,abstract,Species,E. coli O157:H7,83334,83334,ncbi_taxonomy,True
31824869,abstract,Disease,HUS,Hemolytic-Uremic Syndrome,D006463,ncbi_mesh,True
31824869,abstract,Gene,Stx2,STX2,2054,ncbi_gene,True
31824869,abstract,Disease,HUS,Hemolytic-Uremic Syndrome,D006463,ncbi_mesh,True
31824869,abstract,Species,STEC,,,,False
31824869,abstract,Gene,Stx2,STX2,2054,ncbi_gene,True
31824869,abstract,Gene,Stx2,STX2,2054,ncbi_gene,True
31824869,abstract,Species,STEC,,,,False
31824869,abstract,Species,human,9606,9606,ncbi_taxonomy,True
31824869,abstract,Gene,Stx2,STX2,2054,ncbi_gene,True
31824869,abstract,Disease,infection,Infections,D007239,ncbi_mesh,True
31824869,abstract,Species,O157:H7Deltastx2,,,,False
31824869,abstract,Gene,Stx2,STX2,2054,ncbi_gene,True
31824869,abstract,Gene,Stx2,STX2,2054,ncbi_gene,True
31824869,abstract,Disease,cytotoxicity,Drug-Related Side Effects and Adverse Reactions,D064420,ncbi_mesh,True
31824869,abstract,CellLine,HCT-8,2478,2478,cvcl,True
31824869,abstract,CellLine,HCT-8,2478,2478,cvcl,True
31824869,abstract,Gene,Stx2,STX2,2054,ncbi_gene,True
31824869,abstract,Species,O157:H7Deltastx2,,,,False
31824869,abstract,Species,O157:H7Deltastx2,,,,False
31824869,abstract,Disease,infection,Infections,D007239,ncbi_mesh,True
31824869,abstract,Species,STEC infection,,,,False
31824869,abstract,Gene,Stx2,STX2,2054,ncbi_gene,True
31833146,title,Disease,Behavioral sensitization,Mental Disorders,D001523,ncbi_mesh,True
31833146,title,Gene,D2R,Drd2,13489,ncbi_gene,True
31833146,title,Species,mice,10090,10090,ncbi_taxonomy,True
31833146,abstract,Chemical,cocaine,Cocaine,D003042,ncbi_mesh,True
31833146,abstract,Chemical,dopamine,Dopamine,D004298,ncbi_mesh,True
31833146,abstract,Gene,dopamine D1 receptor,Drd1,13488,ncbi_gene,True
31833146,abstract,Gene,dopamine D2 receptor,Drd2,13489,ncbi_gene,True
31833146,abstract,Species,mice,10090,10090,ncbi_taxonomy,True
31833146,abstract,Gene,D2 receptor,Drd2,13489,ncbi_gene,True
31833146,abstract,Gene,D2R,Drd2,13489,ncbi_gene,True
31833146,abstract,Disease,behavioral sensitization,Mental Disorders,D001523,ncbi_mesh,True
31833146,abstract,Chemical,cocaine,Cocaine,D003042,ncbi_mesh,True
31833146,abstract,Chemical,amphetamine,Amphetamine,D000661,ncbi_mesh,True
31833146,abstract,Gene,D2R,Drd2,13489,ncbi_gene,True
31833146,abstract,Chemical,cocaine,Cocaine,D003042,ncbi_mesh,True
31833146,abstract,Chemical,amphetamine,Amphetamine,D000661,ncbi_mesh,True
31833146,abstract,Disease,behavioral sensitization,Mental Disorders,D001523,ncbi_mesh,True
31833146,abstract,Species,mice,10090,10090,ncbi_taxonomy,True
31833146,abstract,Chemical,cocaine,Cocaine,D003042,ncbi_mesh,True
31833146,abstract,Chemical,amphetamine,Amphetamine,D000661,ncbi_mesh,True
31833146,abstract,Species,mice,10090,10090,ncbi_taxonomy,True
31833146,abstract,Gene,c-Fos,Fos,14281,ncbi_gene,True
31833146,abstract,Species,mice,10090,10090,ncbi_taxonomy,True
31833146,abstract,Gene,D2R,Drd2,13489,ncbi_gene,True
31833146,abstract,Gene,c-Fos,Fos,14281,ncbi_gene,True
31833146,abstract,Gene,D2R,Drd2,13489,ncbi_gene,True
31833146,abstract,Gene,c-Fos,Fos,14281,ncbi_gene,True
31833146,abstract,Chemical,SKF81297,SK&F 81297,C067113,ncbi_mesh,True
31833146,abstract,Gene,D2R,Drd2,13489,ncbi_gene,True
31833146,abstract,Disease,behavioral sensitization,Mental Disorders,D001523,ncbi_mesh,True
31833146,abstract,Chemical,cocaine,Cocaine,D003042,ncbi_mesh,True
31848934,title,Chemical,Nicotine,Nicotine,D009538,ncbi_mesh,True
31848934,title,Chemical,Nicotine,Nicotine,D009538,ncbi_mesh,True
31848934,abstract,Disease,drugs of abuse,Substance-Related Disorders,D019966,ncbi_mesh,True
31848934,abstract,Disease,addiction,Substance-Related Disorders,D019966,ncbi_mesh,True
31848934,abstract,Chemical,nicotine,Nicotine,D009538,ncbi_mesh,True
31848934,abstract,Chemical,nicotine,Nicotine,D009538,ncbi_mesh,True
31848934,abstract,Species,zebrafish,7955,7955,ncbi_taxonomy,True
31848934,abstract,Chemical,nicotine,Nicotine,D009538,ncbi_mesh,True
31848934,abstract,Species,zebrafish,7955,7955,ncbi_taxonomy,True
31848934,abstract,Chemical,nicotine,Nicotine,D009538,ncbi_mesh,True
31848934,abstract,Chemical,nicotine,Nicotine,D009538,ncbi_mesh,True
31848934,abstract,Species,zebrafish,7955,7955,ncbi_taxonomy,True
31848934,abstract,Chemical,D/N-nicotine,,,,False
31848934,abstract,Species,zebrafish,7955,7955,ncbi_taxonomy,True
31848934,abstract,Species,zebrafish,7955,7955,ncbi_taxonomy,True
31848934,abstract,Chemical,nicotine,Nicotine,D009538,ncbi_mesh,True
31848934,abstract,Chemical,nicotine,Nicotine,D009538,ncbi_mesh,True
31848934,abstract,Disease,anxiety,Anxiety,D001007,ncbi_mesh,True
31848934,abstract,Gene,Nicotinic receptor,chrna1,30725,ncbi_gene,True
31848934,abstract,Species,zebrafish,7955,7955,ncbi_taxonomy,True
31848934,abstract,Chemical,nicotine,Nicotine,D009538,ncbi_mesh,True
31848934,abstract,Species,Zebrafish,7955,7955,ncbi_taxonomy,True
31848934,abstract,Chemical,D/N-nicotine,,,,False
31848934,abstract,Gene,histone,zgc:113984,573997,ncbi_gene,True
31848934,abstract,Chemical,phenylbutyrate,Phenylbutyrates,D010654,ncbi_mesh,True
31848934,abstract,Chemical,nicotine,Nicotine,D009538,ncbi_mesh,True
31848934,abstract,Gene,histone,zgc:113984,573997,ncbi_gene,True
31848934,abstract,Species,zebrafish,7955,7955,ncbi_taxonomy,True
31848934,abstract,Chemical,D/N-nicotine,,,,False
31848934,abstract,Species,Zebrafish,7955,7955,ncbi_taxonomy,True
31848934,abstract,Chemical,D/N-nicotine,,,,False
31848934,abstract,Species,zebrafish,7955,7955,ncbi_taxonomy,True
31848934,abstract,Disease,drug abuse,Substance-Related Disorders,D019966,ncbi_mesh,True
31848934,abstract,Chemical,nicotine,Nicotine,D009538,ncbi_mesh,True
31848934,abstract,Chemical,nicotine,Nicotine,D009538,ncbi_mesh,True
31956716,title,Gene,AQP1,Aqp1,25240,ncbi_gene,True
31956716,title,Disease,diabetic,Diabetes Mellitus,D003920,ncbi_mesh,True
31956716,title,Species,rat,10116,10116,ncbi_taxonomy,True
31956716,abstract,Disease,Polyuria,Polyuria,D011141,ncbi_mesh,True
31956716,abstract,Disease,diabetes mellitus,Diabetes Mellitus,D003920,ncbi_mesh,True
31956716,abstract,Disease,DM,Diabetes Mellitus,D003920,ncbi_mesh,True
31956716,abstract,Chemical,glucose,Glucose,D005947,ncbi_mesh,True
31956716,abstract,Disease,polyuria,Polyuria,D011141,ncbi_mesh,True
31956716,abstract,Gene,aquaporin-1,Aqp1,25240,ncbi_gene,True
31956716,abstract,Gene,AQP1,Aqp1,25240,ncbi_gene,True
31956716,abstract,Gene,AQP1,Aqp1,25240,ncbi_gene,True
31956716,abstract,Disease,polyuria,Polyuria,D011141,ncbi_mesh,True
31956716,abstract,Gene,AQP1,Aqp1,25240,ncbi_gene,True
31956716,abstract,Species,rat,10116,10116,ncbi_taxonomy,True
31956716,abstract,Disease,Type-1 DM,Diabetes Mellitus Type 1,D003922,ncbi_mesh,True
31956716,abstract,Gene,AQP1,Aqp1,25240,ncbi_gene,True
31956716,abstract,Gene,AQP1,Aqp1,25240,ncbi_gene,True
31956716,abstract,Gene,AQP1,Aqp1,25240,ncbi_gene,True
31956716,abstract,Disease,polyuria,Polyuria,D011141,ncbi_mesh,True
31997350,title,Variant,A2A,c.2A>A,#5027#c.2A>A,litvar,True
31997350,title,Disease,neuronal death,Nerve Degeneration,D009410,ncbi_mesh,True
31997350,title,Chemical,CoCl2,cobaltous chloride,C018021,ncbi_mesh,True
31997350,title,Disease,photoreceptor toxicity,Drug-Related Side Effects and Adverse Reactions,D064420,ncbi_mesh,True
31997350,title,Species,zebrafish,7955,7955,ncbi_taxonomy,True
31997350,abstract,Species,zebrafish,7955,7955,ncbi_taxonomy,True
31997350,abstract,Disease,proliferative retinopathies,603933,603933,omim,True
31997350,abstract,Chemical,ATP,Adenosine Triphosphate,D000255,ncbi_mesh,True
31997350,abstract,Gene,P2RX7,p2rx7,387298,ncbi_gene,True
31997350,abstract,Disease,retinopathies,Hypertensive Retinopathy,D058437,ncbi_mesh,True
31997350,abstract,Disease,blindness,Blindness,D001766,ncbi_mesh,True
31997350,abstract,Gene,P2RX7,p2rx7,387298,ncbi_gene,True
31997350,abstract,Disease,photoreceptor damage,Lead Poisoning Nervous System,D020263,ncbi_mesh,True
31997350,abstract,Chemical,CoCl2,cobaltous chloride,C018021,ncbi_mesh,True
31997350,abstract,Gene,P2RX7,p2rx7,387298,ncbi_gene,True
31997350,abstract,Chemical,BzATP,3'-O-(4-benzoyl)benzoyladenosine 5'-triphosphate,C033901,ncbi_mesh,True
31997350,abstract,Disease,photoreceptor damage,Lead Poisoning Nervous System,D020263,ncbi_mesh,True
31997350,abstract,Chemical,CoCl2,cobaltous chloride,C018021,ncbi_mesh,True
31997350,abstract,Chemical,ATP,Adenosine Triphosphate,D000255,ncbi_mesh,True
31997350,abstract,Gene,P2RX7,p2rx7,387298,ncbi_gene,True
31997350,abstract,Disease,neurodegeneration,Neurodegenerative Diseases,D019636,ncbi_mesh,True
31997350,abstract,Disease,gliosis,Gliosis,D005911,ncbi_mesh,True
31997350,abstract,Gene,P2RX7,p2rx7,387298,ncbi_gene,True
31997350,abstract,Gene,lin28a,lin28a,394066,ncbi_gene,True
31997350,abstract,Gene,tnfalpha,tnfa,405785,ncbi_gene,True
31997350,abstract,Gene,hif1alpha,hif1aa,797150,ncbi_gene,True
31997350,abstract,Gene,vegfaa,vegfaa,30682,ncbi_gene,True
31997350,abstract,Gene,P2RX7,p2rx7,387298,ncbi_gene,True
31997350,abstract,Disease,hypoxic,Hypoxia Brain,D002534,ncbi_mesh,True
31997350,abstract,Chemical,CoCl2,cobaltous chloride,C018021,ncbi_mesh,True
31997350,abstract,Variant,A2A,c.2A>A,#5027#c.2A>A,litvar,True
31997350,abstract,Variant,A2A,c.2A>A,#5027#c.2A>A,litvar,True
31997350,abstract,Disease,photoreceptor damage,Lead Poisoning Nervous System,D020263,ncbi_mesh,True
31997350,abstract,Chemical,ATP,Adenosine Triphosphate,D000255,ncbi_mesh,True
31997350,abstract,Gene,P2RX7,p2rx7,387298,ncbi_gene,True
31997350,abstract,Chemical,adenosine,Adenosine,D000241,ncbi_mesh,True
31997350,abstract,Variant,A2A,c.2A>A,#5027#c.2A>A,litvar,True
31997350,abstract,Species,zebrafish,7955,7955,ncbi_taxonomy,True
31998083,abstract,Disease,FP,,,,False
31998083,abstract,Disease,FP,,,,False
31998083,abstract,Species,rats,10116,10116,ncbi_taxonomy,True
31998083,abstract,Disease,FP,,,,False
31998083,abstract,Disease,FP,,,,False
31998083,abstract,Disease,FP,,,,False
32061348,abstract,Chemical,water,Water,D014867,ncbi_mesh,True
32061348,abstract,Chemical,water,Water,D014867,ncbi_mesh,True
32061348,abstract,Chemical,water,Water,D014867,ncbi_mesh,True
32061348,abstract,Chemical,water,Water,D014867,ncbi_mesh,True
32061348,abstract,Chemical,urea,Urea,D014508,ncbi_mesh,True
32061348,abstract,Chemical,oxygen,Oxygen,D010100,ncbi_mesh,True
32077828,title,Species,Escherichia coli,562,562,ncbi_taxonomy,True
32077828,abstract,Disease,Infection,Infections,D007239,ncbi_mesh,True
32077828,abstract,Species,Escherichia coli,562,562,ncbi_taxonomy,True
32077828,abstract,Species,STEC,,,,False
32077828,abstract,Disease,hemorrhagic colitis,Colitis,D003092,ncbi_mesh,True
32077828,abstract,Disease,hemolytic uremic syndrome,Hemolytic-Uremic Syndrome,D006463,ncbi_mesh,True
32077828,abstract,Disease,HUS,Hemolytic-Uremic Syndrome,D006463,ncbi_mesh,True
32077828,abstract,Disease,encephalopathy,Brain Diseases,D001927,ncbi_mesh,True
32077828,abstract,Disease,HUS,Hemolytic-Uremic Syndrome,D006463,ncbi_mesh,True
32077828,abstract,Species,STEC,,,,False
32077828,abstract,Chemical,lipopolysaccharides,Lipopolysaccharides,D008070,ncbi_mesh,True
32077828,abstract,Chemical,LPS,Lipopolysaccharides,D008070,ncbi_mesh,True
32077828,abstract,Disease,inflammatory,Inflammation,D007249,ncbi_mesh,True
32077828,abstract,Disease,CNS injury,Central Nervous System Diseases,D002493,ncbi_mesh,True
32077828,abstract,Disease,CNS injury,Central Nervous System Diseases,D002493,ncbi_mesh,True
32077828,abstract,Species,STEC,,,,False
32077828,abstract,Species,STEC,,,,False
32077828,abstract,Disease,inflammation,Inflammation,D007249,ncbi_mesh,True
32077828,abstract,Disease,STEC infection,Escherichia coli Infections,D004927,ncbi_mesh,True
32129110,abstract,Species,human,9606,9606,ncbi_taxonomy,True
32205341,title,Species,Mouse,10090,10090,ncbi_taxonomy,True
32205341,title,Disease,Schizophrenia,Schizophrenia,D012559,ncbi_mesh,True
32205341,abstract,Disease,schizophrenia,Schizophrenia,D012559,ncbi_mesh,True
32205341,abstract,Disease,neurodevelopmental disorder,Developmental Disabilities,D002658,ncbi_mesh,True
32205341,abstract,Disease,schizophrenia,Schizophrenia,D012559,ncbi_mesh,True
32205341,abstract,Gene,parvalbumin,Pvalb,19293,ncbi_gene,True
32205341,abstract,Disease,schizophrenia,Schizophrenia,D012559,ncbi_mesh,True
32205341,abstract,Gene,NMDAR,Grin1,14810,ncbi_gene,True
32205341,abstract,Disease,schizophrenia,Schizophrenia,D012559,ncbi_mesh,True
32205341,abstract,Disease,behavioral abnormalities,Mental Disorders,D001523,ncbi_mesh,True
32205341,abstract,Gene,NMDAR,Grin1,14810,ncbi_gene,True
32205341,abstract,Gene,NMDAR,Grin1,14810,ncbi_gene,True
32205341,abstract,Species,mice,10090,10090,ncbi_taxonomy,True
32205341,abstract,Gene,NMDAR,Grin1,14810,ncbi_gene,True
32205341,abstract,Species,mice,10090,10090,ncbi_taxonomy,True
32205341,abstract,Species,mice,10090,10090,ncbi_taxonomy,True
32205341,abstract,Disease,genetic abnormalities,Genetic Diseases Inborn,D030342,ncbi_mesh,True
32205341,abstract,Disease,schizophrenia,Schizophrenia,D012559,ncbi_mesh,True
32205341,abstract,Gene,NMDAR,Grin1,14810,ncbi_gene,True
32205341,abstract,Disease,schizophrenia,Schizophrenia,D012559,ncbi_mesh,True
32205341,abstract,Gene,NMDAR,Grin1,14810,ncbi_gene,True
32259636,title,Gene,growth hormone,Gh,14599,ncbi_gene,True
32259636,title,Gene,cPLA2alpha,Pla2g4a,18783,ncbi_gene,True
32259636,title,Gene,COX,Cox4i1,12857,ncbi_gene,True
32259636,abstract,Gene,growth hormone,Gh,14599,ncbi_gene,True
32259636,abstract,Gene,GH,Gh,14599,ncbi_gene,True
32259636,abstract,Species,mice,10090,10090,ncbi_taxonomy,True
32259636,abstract,Disease,hepatomegaly,Hepatomegaly,D006529,ncbi_mesh,True
32259636,abstract,Disease,hepatocytes hypertrophy and hyperplasia,Hypertrophy,D006984,ncbi_mesh,True
32259636,abstract,Disease,chronic liver inflammation,Inflammation,D007249,ncbi_mesh,True
32259636,abstract,Chemical,arachidonic acid,Arachidonic Acid,D016718,ncbi_mesh,True
32259636,abstract,Disease,liver tumors,Liver Neoplasms,D008113,ncbi_mesh,True
32259636,abstract,Gene,cPLA2alpha,Pla2g4a,18783,ncbi_gene,True
32259636,abstract,Gene,COX1,COX1,17708,ncbi_gene,True
32259636,abstract,Gene,COX2,COX2,17709,ncbi_gene,True
32259636,abstract,Gene,GH,Gh,14599,ncbi_gene,True
32259636,abstract,Species,mice,10090,10090,ncbi_taxonomy,True
32259636,abstract,Species,Mice,10090,10090,ncbi_taxonomy,True
32259636,abstract,Gene,GH,Gh,14599,ncbi_gene,True
32259636,abstract,Gene,cPLA2alpha,Pla2g4a,18783,ncbi_gene,True
32259636,abstract,Gene,COX1,COX1,17708,ncbi_gene,True
32259636,abstract,Gene,COX2,COX2,17709,ncbi_gene,True
32259636,abstract,Species,mice,10090,10090,ncbi_taxonomy,True
32259636,abstract,Gene,COX2,COX2,17709,ncbi_gene,True
32259636,abstract,Disease,tumors,Neoplasms,D009369,ncbi_mesh,True
32259636,abstract,Gene,COX1,COX1,17708,ncbi_gene,True
32259636,abstract,Disease,inflammation,Inflammation,D007249,ncbi_mesh,True
32259636,abstract,Disease,liver tumorigenesis,Carcinogenesis,D063646,ncbi_mesh,True
32259636,abstract,Gene,GH,Gh,14599,ncbi_gene,True
32259636,abstract,Disease,liver tumorigenesis,Carcinogenesis,D063646,ncbi_mesh,True
32282322,title,Chemical,Salt,Salts,D012492,ncbi_mesh,True
32282322,abstract,Disease,hypertension,Hypertension,D006973,ncbi_mesh,True
32282322,abstract,Disease,deaths,Death,D003643,ncbi_mesh,True
32282322,abstract,Disease,stroke,Stroke,D020521,ncbi_mesh,True
32282322,abstract,Disease,coronary heart disease,Coronary Disease,D003327,ncbi_mesh,True
32282322,abstract,Chemical,Salt,Salts,D012492,ncbi_mesh,True
32282322,abstract,Chemical,salt sensitive hypertension,,,,False
32282322,abstract,Species,rats,10116,10116,ncbi_taxonomy,True
32282322,abstract,Species,rats,10116,10116,ncbi_taxonomy,True
32282322,abstract,Chemical,salt,Salts,D012492,ncbi_mesh,True
32282322,abstract,Chemical,NaCl,Sodium Chloride,D012965,ncbi_mesh,True
32282322,abstract,Chemical,salt,Salts,D012492,ncbi_mesh,True
32282322,abstract,Chemical,HS,,,,False
32282322,abstract,Chemical,NaCl,Sodium Chloride,D012965,ncbi_mesh,True
32282322,abstract,Species,rats,10116,10116,ncbi_taxonomy,True
32282322,abstract,Chemical,salt,Salts,D012492,ncbi_mesh,True
32282322,abstract,Disease,hypertension,Hypertension,D006973,ncbi_mesh,True
32282322,abstract,Chemical,sodium,Sodium,D012964,ncbi_mesh,True
32282322,abstract,Chemical,sodium,Sodium,D012964,ncbi_mesh,True
32282322,abstract,Species,rats,10116,10116,ncbi_taxonomy,True
32282322,abstract,Chemical,HS,,,,False
32282322,abstract,Chemical,sodium,Sodium,D012964,ncbi_mesh,True
32282322,abstract,Chemical,sodium,Sodium,D012964,ncbi_mesh,True
32282322,abstract,Chemical,estradiol,Estradiol,D004958,ncbi_mesh,True
32282322,abstract,Species,human,9606,9606,ncbi_taxonomy,True
32282322,abstract,Chemical,salt,Salts,D012492,ncbi_mesh,True
32302030,title,Disease,Parkinson's disease,Parkinson Disease,D010300,ncbi_mesh,True
32302030,abstract,Disease,Parkinson's disease,Parkinson Disease,D010300,ncbi_mesh,True
32302030,abstract,Disease,PD,Parkinson Disease,D010300,ncbi_mesh,True
32302030,abstract,Disease,PD,Parkinson Disease,D010300,ncbi_mesh,True
32302030,abstract,Chemical,acetylcholine,Acetylcholine,D000109,ncbi_mesh,True
32302030,abstract,Disease,parkinsonian symptoms,Parkinson Disease Secondary,D010302,ncbi_mesh,True
32302030,abstract,Chemical,L-dopa,Levodopa,D007980,ncbi_mesh,True
32302030,abstract,Disease,dyskinesia,Dyskinesia Drug-Induced,D004409,ncbi_mesh,True
32302030,abstract,Disease,PD,Parkinson Disease,D010300,ncbi_mesh,True
32302030,abstract,Disease,PD,Parkinson Disease,D010300,ncbi_mesh,True
32302030,abstract,Disease,ChIs dysfunction,Acute cholinergic dysautonomia,C535672,ncbi_mesh,True
32302030,abstract,Disease,PD,Parkinson Disease,D010300,ncbi_mesh,True
32302030,abstract,Disease,parkinsonian symptoms,Parkinson Disease Secondary,D010302,ncbi_mesh,True
32302030,abstract,Disease,PD,Parkinson Disease,D010300,ncbi_mesh,True
32302030,abstract,Species,patients,9606,9606,ncbi_taxonomy,True
26842625,title,Disease,Podocyturia,,,,False
26842625,title,Disease,Fabry,Fabry Disease,D000795,ncbi_mesh,True
26842625,title,Species,patients,9606,9606,ncbi_taxonomy,True
26842625,abstract,Disease,Proteinuria,Proteinuria,D011507,ncbi_mesh,True
26842625,abstract,Disease,Fabry disease,Fabry Disease,D000795,ncbi_mesh,True
26842625,abstract,Disease,podocyturia,,,,False
26842625,abstract,Species,patients,9606,9606,ncbi_taxonomy,True
26842625,abstract,Disease,podocyturia,,,,False
26842625,abstract,Disease,proteinuria,Proteinuria,D011507,ncbi_mesh,True
26842625,abstract,Disease,Fabry disease,Fabry Disease,D000795,ncbi_mesh,True
26842625,abstract,Chemical,creatinine,Creatinine,D003404,ncbi_mesh,True
26842625,abstract,Disease,CKD-EPI,Chronic Kidney Disease-Mineral and Bone Disorder,D012080,ncbi_mesh,True
26842625,abstract,Disease,proteinuria,Proteinuria,D011507,ncbi_mesh,True
26842625,abstract,Disease,creatininuria,,,,False
26842625,abstract,Disease,CKD-EPI,Chronic Kidney Disease-Mineral and Bone Disorder,D012080,ncbi_mesh,True
26842625,abstract,Disease,proteinuria,Proteinuria,D011507,ncbi_mesh,True
26842625,abstract,Disease,podocyturia,,,,False
26842625,abstract,Disease,Proteinuria,Proteinuria,D011507,ncbi_mesh,True
26842625,abstract,Disease,Fabry,Fabry Disease,D000795,ncbi_mesh,True
26842625,abstract,Species,patients,9606,9606,ncbi_taxonomy,True
26842625,abstract,Disease,CKD-EPI,Chronic Kidney Disease-Mineral and Bone Disorder,D012080,ncbi_mesh,True
26842625,abstract,Disease,podocyturia,,,,False
26842625,abstract,Disease,proteinuria,Proteinuria,D011507,ncbi_mesh,True
26842625,abstract,Disease,CKD-EPI,Chronic Kidney Disease-Mineral and Bone Disorder,D012080,ncbi_mesh,True
26842625,abstract,Disease,podocyturia,,,,False
26842625,abstract,Disease,podocyturia,,,,False
26842625,abstract,Disease,creatininuria,,,,False
26842625,abstract,Chemical,creatinine,Creatinine,D003404,ncbi_mesh,True
26842625,abstract,Disease,proteinuria,Proteinuria,D011507,ncbi_mesh,True
26842625,abstract,Disease,CKD-EPI,Chronic Kidney Disease-Mineral and Bone Disorder,D012080,ncbi_mesh,True
26842625,abstract,Disease,podocyturia,,,,False
26842625,abstract,Disease,podocyturia,,,,False
26842625,abstract,Disease,creatininuria,,,,False
26842625,abstract,Disease,creatininuria,,,,False
26842625,abstract,Disease,CKD-EPI,Chronic Kidney Disease-Mineral and Bone Disorder,D012080,ncbi_mesh,True
26842625,abstract,Disease,proteinuria,Proteinuria,D011507,ncbi_mesh,True
26842625,abstract,Species,Patients,9606,9606,ncbi_taxonomy,True
26842625,abstract,Disease,Fabry disease,Fabry Disease,D000795,ncbi_mesh,True
26842625,abstract,Disease,podocyturia,,,,False
26842625,abstract,Disease,podocyturia,,,,False
26842625,abstract,Disease,proteinuria,Proteinuria,D011507,ncbi_mesh,True
26842625,abstract,Disease,Podocyturia,,,,False
26842625,abstract,Disease,proteinuria,Proteinuria,D011507,ncbi_mesh,True
27568555,title,Gene,Kv1.3,Kcna3,16491,ncbi_gene,True
27568555,title,Disease,Parkinsonism,Parkinson Disease Secondary,D010302,ncbi_mesh,True
27568555,abstract,Disease,Parkinson's disease,Parkinson Disease,D010300,ncbi_mesh,True
27568555,abstract,Disease,PD,Parkinson Disease,D010300,ncbi_mesh,True
27568555,abstract,Species,mouse,10090,10090,ncbi_taxonomy,True
27568555,abstract,Disease,PD,Parkinson Disease,D010300,ncbi_mesh,True
27568555,abstract,Gene,Kv1.3,Kcna3,16491,ncbi_gene,True
27568555,abstract,Gene,Kv1.3,Kcna3,16491,ncbi_gene,True
27568555,abstract,Disease,parkinsonian,Parkinson Disease,D010300,ncbi_mesh,True
27568555,abstract,Gene,Kv1.3,Kcna3,16491,ncbi_gene,True
27568555,abstract,Disease,PD,Parkinson Disease,D010300,ncbi_mesh,True
27695468,title,Chemical,Water,Water,D014867,ncbi_mesh,True
27695468,abstract,Chemical,water,Water,D014867,ncbi_mesh,True
27695468,abstract,Chemical,water,Water,D014867,ncbi_mesh,True
27695468,abstract,Chemical,water,Water,D014867,ncbi_mesh,True
27695468,abstract,Chemical,water,Water,D014867,ncbi_mesh,True
27695468,abstract,Chemical,water,Water,D014867,ncbi_mesh,True
27695468,abstract,Species,Beta vulgaris,161934,161934,ncbi_taxonomy,True
27695468,abstract,Chemical,water,Water,D014867,ncbi_mesh,True
27695468,abstract,Chemical,water,Water,D014867,ncbi_mesh,True
27733175,title,Gene,CD80,CD80,941,ncbi_gene,True
27733175,title,Disease,podocyturia,,,,False
27733175,title,Disease,Fabry disease,Fabry Disease,D000795,ncbi_mesh,True
27733175,abstract,Disease,glomerulopathies,Kidney Diseases,D007674,ncbi_mesh,True
27733175,abstract,Gene,CD80,CD80,941,ncbi_gene,True
27733175,abstract,Gene,B7-1,CD80,941,ncbi_gene,True
27733175,abstract,Gene,CD80,CD80,941,ncbi_gene,True
27733175,abstract,Disease,podocyturia,,,,False
27733175,abstract,Disease,proteinuria,Proteinuria,D011507,ncbi_mesh,True
27733175,abstract,Disease,Fabry disease,Fabry Disease,D000795,ncbi_mesh,True
27733175,abstract,Disease,Fabry,Fabry Disease,D000795,ncbi_mesh,True
27733175,abstract,Species,patients,9606,9606,ncbi_taxonomy,True
27733175,abstract,Chemical,creatinine,Creatinine,D003404,ncbi_mesh,True
27733175,abstract,Chemical,creatinine,Creatinine,D003404,ncbi_mesh,True
27733175,abstract,Disease,podocyturia,,,,False
27733175,abstract,Gene,CD80,CD80,941,ncbi_gene,True
27733175,abstract,Chemical,glycolipid,Glycolipids,D006017,ncbi_mesh,True
27733175,abstract,Disease,Fabry disease,Fabry Disease,D000795,ncbi_mesh,True
27733175,abstract,Species,human,9606,9606,ncbi_taxonomy,True
27733175,abstract,Disease,Fabry,Fabry Disease,D000795,ncbi_mesh,True
27733175,abstract,Species,patients,9606,9606,ncbi_taxonomy,True
27733175,abstract,Disease,podocyturia,,,,False
27733175,abstract,Disease,Fabry,Fabry Disease,D000795,ncbi_mesh,True
27733175,abstract,Species,patients,9606,9606,ncbi_taxonomy,True
27733175,abstract,Disease,Fabry,Fabry Disease,D000795,ncbi_mesh,True
27733175,abstract,Species,patients,9606,9606,ncbi_taxonomy,True
27733175,abstract,Disease,Fabry,Fabry Disease,D000795,ncbi_mesh,True
27733175,abstract,Species,patients,9606,9606,ncbi_taxonomy,True
27733175,abstract,Disease,kidney disease,Kidney Diseases,D007674,ncbi_mesh,True
27733175,abstract,Disease,Fabry,Fabry Disease,D000795,ncbi_mesh,True
27733175,abstract,Species,patients,9606,9606,ncbi_taxonomy,True
27733175,abstract,Disease,podocyturia,,,,False
27733175,abstract,Disease,Fabry,Fabry Disease,D000795,ncbi_mesh,True
27733175,abstract,Species,patients,9606,9606,ncbi_taxonomy,True
27733175,abstract,Disease,Fabry,Fabry Disease,D000795,ncbi_mesh,True
27733175,abstract,Species,patients,9606,9606,ncbi_taxonomy,True
27733175,abstract,Disease,Fabry,Fabry Disease,D000795,ncbi_mesh,True
27733175,abstract,Species,patients,9606,9606,ncbi_taxonomy,True
27733175,abstract,Disease,Fabry disease,Fabry Disease,D000795,ncbi_mesh,True
27733175,abstract,Chemical,glycolipid,Glycolipids,D006017,ncbi_mesh,True
27733175,abstract,Disease,renal Fabry involvement,Hypomagnesemia 5 Renal with Ocular Involvement,C565423,ncbi_mesh,True
28042026,title,Chemical,Dexamethasone,Dexamethasone,D003907,ncbi_mesh,True
28042026,title,Disease,motor deficits,Neurologic Manifestations,D009461,ncbi_mesh,True
28042026,title,Disease,neurovascular damage,Thoracic Outlet Syndrome,D013901,ncbi_mesh,True
28042026,title,Chemical,lipopolysaccharide,Lipopolysaccharides,D008070,ncbi_mesh,True
28042026,title,Species,mouse,10090,10090,ncbi_taxonomy,True
28042026,abstract,Species,Escherichia coli,562,562,ncbi_taxonomy,True
28042026,abstract,Species,EHEC,,,,False
28042026,abstract,Disease,bloody diarrhea,Diarrhea,D003967,ncbi_mesh,True
28042026,abstract,Disease,Hemolytic Uremic Syndrome,Hemolytic-Uremic Syndrome,D006463,ncbi_mesh,True
28042026,abstract,Disease,HUS,Hemolytic-Uremic Syndrome,D006463,ncbi_mesh,True
28042026,abstract,Disease,Neurological abnormalities,Neurologic Manifestations,D009461,ncbi_mesh,True
28042026,abstract,Species,patients,9606,9606,ncbi_taxonomy,True
28042026,abstract,Disease,motor disorders,Motor Disorders,D000068079,ncbi_mesh,True
28042026,abstract,Species,murine,10090,10090,ncbi_taxonomy,True
28042026,abstract,Disease,encephalopathy,Brain Diseases,D001927,ncbi_mesh,True
28042026,abstract,Disease,neuronal degeneration,Nerve Degeneration,D009410,ncbi_mesh,True
28042026,abstract,Chemical,lipopolysaccharide,Lipopolysaccharides,D008070,ncbi_mesh,True
28042026,abstract,Chemical,LPS,Lipopolysaccharides,D008070,ncbi_mesh,True
28042026,abstract,Disease,inflammatory,Inflammation,D007249,ncbi_mesh,True
28042026,abstract,Chemical,Dexamethasone,Dexamethasone,D003907,ncbi_mesh,True
28042026,abstract,Chemical,LPS,Lipopolysaccharides,D008070,ncbi_mesh,True
28042026,abstract,Species,EHEC,,,,False
28042026,abstract,Disease,neurological alterations,Neurologic Manifestations,D009461,ncbi_mesh,True
28042026,abstract,Disease,inflammatory,Inflammation,D007249,ncbi_mesh,True
28057514,title,Species,Escherichia coli O113:H21,1078021,1078021,ncbi_taxonomy,True
28057514,abstract,Species,Escherichia coli,562,562,ncbi_taxonomy,True
28057514,abstract,Species,mice,10090,10090,ncbi_taxonomy,True
28057514,abstract,Disease,Uremic Hemolytic Syndrome,Hemolytic-Uremic Syndrome,D006463,ncbi_mesh,True
28057514,abstract,Disease,HUS,Hemolytic-Uremic Syndrome,D006463,ncbi_mesh,True
28057514,abstract,Species,rats,10116,10116,ncbi_taxonomy,True
28057514,abstract,Disease,heart hypertrophy,Cardiomegaly,D006332,ncbi_mesh,True
28057514,abstract,Disease,"damage to the liver, colon and kidney",Colonic Diseases,D003108,ncbi_mesh,True
28057514,abstract,Chemical,SubAB,,,,False
28057514,abstract,Species,rats,10116,10116,ncbi_taxonomy,True
28057514,abstract,Disease,microalbuminuria,,,,False
28057514,abstract,Disease,cytotoxic,Drug-Related Side Effects and Adverse Reactions,D064420,ncbi_mesh,True
28057514,abstract,Disease,HUS,Hemolytic-Uremic Syndrome,D006463,ncbi_mesh,True
28057514,abstract,Disease,Uremic Hemolytic Syndrome,Hemolytic-Uremic Syndrome,D006463,ncbi_mesh,True
28057514,abstract,Species,patients,9606,9606,ncbi_taxonomy,True
28057514,abstract,Disease,HUS,Hemolytic-Uremic Syndrome,D006463,ncbi_mesh,True
28066234,title,Disease,Cognitive/Social Deficits,Cognition Disorders,D003072,ncbi_mesh,True
28066234,title,Gene,TDP-43,TARDBP,23435,ncbi_gene,True
28066234,title,Species,Mice,10090,10090,ncbi_taxonomy,True
28066234,abstract,Disease,Frontotemporal Dementia,Frontotemporal Dementia,D057180,ncbi_mesh,True
28066234,abstract,Disease,FTD,Frontotemporal Dementia,D057180,ncbi_mesh,True
28066234,abstract,Disease,amyotrophic lateral sclerosis,Amyotrophic Lateral Sclerosis,D000690,ncbi_mesh,True
28066234,abstract,Disease,ALS,Amyotrophic Lateral Sclerosis,D000690,ncbi_mesh,True
28066234,abstract,Disease,neurodegenerative diseases,Neurodegenerative Diseases,D019636,ncbi_mesh,True
28066234,abstract,Gene,TAR DNA-binding protein 43,Tardbp,230908,ncbi_gene,True
28066234,abstract,Gene,TDP-43,Tardbp,230908,ncbi_gene,True
28066234,abstract,Disease,proteinopathy,Proteostasis Deficiencies,D057165,ncbi_mesh,True
28066234,abstract,Species,mice,10090,10090,ncbi_taxonomy,True
28066234,abstract,Species,human,9606,9606,ncbi_taxonomy,True
28066234,abstract,Gene,TDP 43,TARDBP,23435,ncbi_gene,True
28066234,abstract,Species,mice,10090,10090,ncbi_taxonomy,True
28066234,abstract,Disease,neurodegeneration,Neurodegenerative Diseases,D019636,ncbi_mesh,True
28066234,abstract,Species,human,9606,9606,ncbi_taxonomy,True
28066234,abstract,Disease,TDP-43 proteinopathies,TDP-43 Proteinopathies,D057177,ncbi_mesh,True
28066234,abstract,Disease,FTD,Frontotemporal Dementia,D057180,ncbi_mesh,True
28066234,abstract,Disease,ALS,Amyotrophic Lateral Sclerosis,D000690,ncbi_mesh,True
28066234,abstract,Species,mice,10090,10090,ncbi_taxonomy,True
28066234,abstract,Species,mice,10090,10090,ncbi_taxonomy,True
28066234,abstract,Disease,spasticity,Muscle Spasticity,D009128,ncbi_mesh,True
28066234,abstract,Disease,motor abnormalities,Abnormalities Drug-Induced,D000014,ncbi_mesh,True
28066234,abstract,Species,mice,10090,10090,ncbi_taxonomy,True
28066234,abstract,Species,mice,10090,10090,ncbi_taxonomy,True
28066234,abstract,Disease,hyperlocomotion,,,,False
28066234,abstract,Species,mice,10090,10090,ncbi_taxonomy,True
28066234,abstract,Disease,FTD,Frontotemporal Dementia,D057180,ncbi_mesh,True
28066234,abstract,Species,human,9606,9606,ncbi_taxonomy,True
28066234,abstract,Species,patients,9606,9606,ncbi_taxonomy,True
28066234,abstract,Disease,TDP-43 proteinopathies,TDP-43 Proteinopathies,D057177,ncbi_mesh,True
28069463,title,Disease,memory impaired,Memory Disorders,D008569,ncbi_mesh,True
28069463,title,Chemical,scopolamine,Scopolamine,D012601,ncbi_mesh,True
28069463,abstract,Chemical,scopolamine,Scopolamine,D012601,ncbi_mesh,True
28069463,abstract,Chemical,SCP,Scopolamine,D012601,ncbi_mesh,True
28069463,abstract,Disease,cholinergic dysfunction,Acute cholinergic dysautonomia,C535672,ncbi_mesh,True
28069463,abstract,Disease,memory impairment,Memory Disorders,D008569,ncbi_mesh,True
28069463,abstract,Species,mice,10090,10090,ncbi_taxonomy,True
28069463,abstract,Chemical,SCP,Scopolamine,D012601,ncbi_mesh,True
28069463,abstract,Disease,cholinergic dysfunction,Acute cholinergic dysautonomia,C535672,ncbi_mesh,True
28098409,title,Gene,TRPV4,TRPV4,59341,ncbi_gene,True
28098409,abstract,Disease,swelling,Edema,D004487,ncbi_mesh,True
28098409,abstract,Disease,swelling,Edema,D004487,ncbi_mesh,True
28098409,abstract,Chemical,KCl,Potassium Chloride,D011189,ncbi_mesh,True
28098409,abstract,Chemical,water,Water,D014867,ncbi_mesh,True
28098409,abstract,Gene,TRPV4,TRPV4,59341,ncbi_gene,True
28098409,abstract,Chemical,Ca2+,,,,False
28098409,abstract,Disease,swelling,Edema,D004487,ncbi_mesh,True
28098409,abstract,Species,human,9606,9606,ncbi_taxonomy,True
28098409,abstract,CellLine,MIO-M1,0433,0433,cvcl,True
28098409,abstract,Chemical,Ca2+,,,,False
28098409,abstract,Gene,TRPV4,TRPV4,59341,ncbi_gene,True
28098409,abstract,Chemical,Ca2+,,,,False
28098409,abstract,CellLine,MIO-M1,0433,0433,cvcl,True
28098409,abstract,Chemical,Ca2+,,,,False
28098409,abstract,CellLine,MIO-M1,0433,0433,cvcl,True
28098409,abstract,Gene,TRPV4,TRPV4,59341,ncbi_gene,True
28098409,abstract,Disease,Swelling,Edema,D004487,ncbi_mesh,True
28098409,abstract,Chemical,Ca2+,,,,False
28098409,abstract,Chemical,Ca2+,,,,False
28098409,abstract,Chemical,Ca2+,,,,False
28098409,abstract,Gene,TRPV4,TRPV4,59341,ncbi_gene,True
28098409,abstract,Gene,TRPV4,TRPV4,59341,ncbi_gene,True
28098409,abstract,Disease,swelling,Edema,D004487,ncbi_mesh,True
28098409,abstract,Chemical,Ca2+,,,,False
28098409,abstract,Gene,TRPV4,TRPV4,59341,ncbi_gene,True
28098409,abstract,Gene,TRPV4,TRPV4,59341,ncbi_gene,True
28098409,abstract,Chemical,Ca2+,,,,False
28098409,abstract,Gene,TRPV4,TRPV4,59341,ncbi_gene,True
28098409,abstract,Chemical,Ca2+,,,,False
28118493,title,Chemical,sodium cyclamate,Cyclamates,D003494,ncbi_mesh,True
28118493,title,Chemical,propylparaben,propylparaben,C006068,ncbi_mesh,True
28118493,title,Chemical,pentylenetetrazol,Pentylenetetrazole,D010433,ncbi_mesh,True
28118493,title,Disease,seizures,Seizures,D012640,ncbi_mesh,True
28118493,title,Species,zebrafish,7955,7955,ncbi_taxonomy,True
28118493,abstract,Disease,seizure,Seizures,D012640,ncbi_mesh,True
28118493,abstract,Species,Zebrafish,7955,7955,ncbi_taxonomy,True
28118493,abstract,Chemical,sodium cyclamate,Cyclamates,D003494,ncbi_mesh,True
28118493,abstract,Chemical,sodium propylparaben,,,,False
28118493,abstract,Chemical,pentylenetetrazole,Pentylenetetrazole,D010433,ncbi_mesh,True
28118493,abstract,Chemical,PTZ,Pentylenetetrazole,D010433,ncbi_mesh,True
28118493,abstract,Disease,seizures,Seizures,D012640,ncbi_mesh,True
28118493,abstract,Species,zebrafish,7955,7955,ncbi_taxonomy,True
28118493,abstract,Chemical,Sodium cyclamate,Cyclamates,D003494,ncbi_mesh,True
28118493,abstract,Disease,hyperactivity,Hyperkinesis,D006948,ncbi_mesh,True
28118493,abstract,Disease,spasms,Spasm,D013035,ncbi_mesh,True
28118493,abstract,Disease,spasms,Spasm,D013035,ncbi_mesh,True
28118493,abstract,Disease,seizure,Seizures,D012640,ncbi_mesh,True
28118493,abstract,Chemical,propylparaben,propylparaben,C006068,ncbi_mesh,True
28118493,abstract,Disease,spasms,Spasm,D013035,ncbi_mesh,True
28118493,abstract,Species,zebrafish,7955,7955,ncbi_taxonomy,True
28118493,abstract,Disease,seizure,Seizures,D012640,ncbi_mesh,True
28130648,title,Chemical,nicotine,Nicotine,D009538,ncbi_mesh,True
28130648,title,Chemical,phenylbutyrate,Phenylbutyrates,D010654,ncbi_mesh,True
28130648,title,Species,zebrafish,7955,7955,ncbi_taxonomy,True
28130648,abstract,Species,Zebrafish,7955,7955,ncbi_taxonomy,True
28130648,abstract,Species,zebrafish,7955,7955,ncbi_taxonomy,True
28130648,abstract,Disease,attention and memory,Attention Deficit Disorder with Hyperactivity,D001289,ncbi_mesh,True
28130648,abstract,Chemical,nicotine,Nicotine,D009538,ncbi_mesh,True
28130648,abstract,Chemical,phenylbutyrate,Phenylbutyrates,D010654,ncbi_mesh,True
28130648,abstract,Chemical,PhB,Phenylbutyrates,D010654,ncbi_mesh,True
28130648,abstract,Chemical,nicotine,Nicotine,D009538,ncbi_mesh,True
28130648,abstract,Chemical,PhB,Phenylbutyrates,D010654,ncbi_mesh,True
28130648,abstract,Species,zebrafish,7955,7955,ncbi_taxonomy,True
28130648,abstract,Species,zebrafish,7955,7955,ncbi_taxonomy,True
28130648,abstract,Species,Zebrafish,7955,7955,ncbi_taxonomy,True
28130648,abstract,Species,Zebrafish,7955,7955,ncbi_taxonomy,True
28130648,abstract,Chemical,Nicotine,Nicotine,D009538,ncbi_mesh,True
28130648,abstract,Chemical,PhB,Phenylbutyrates,D010654,ncbi_mesh,True
28130648,abstract,Species,zebrafish,7955,7955,ncbi_taxonomy,True
28130648,abstract,Species,Zebrafish,7955,7955,ncbi_taxonomy,True
28130648,abstract,Species,Zebrafish,7955,7955,ncbi_taxonomy,True
28130648,abstract,Chemical,nicotine,Nicotine,D009538,ncbi_mesh,True
28130648,abstract,Chemical,PhB,Phenylbutyrates,D010654,ncbi_mesh,True
28193688,title,Disease,Compulsive,Food Addiction,D000073932,ncbi_mesh,True
28193688,abstract,Disease,social dysfunction,Social Communication Disorder,D000067404,ncbi_mesh,True
28193688,abstract,Disease,neuropsychiatric conditions,Mental Disorders,D001523,ncbi_mesh,True
28193688,abstract,Disease,obsessive-compulsive disorder,Obsessive-Compulsive Disorder,D009771,ncbi_mesh,True
28193688,abstract,Disease,Tourette syndrome,Tourette Syndrome,D005879,ncbi_mesh,True
28193688,abstract,Disease,ganglia,Basal Ganglia Diseases,D001480,ncbi_mesh,True
28193688,abstract,Disease,SCIN,Acute cholinergic dysautonomia,C535672,ncbi_mesh,True
28193688,abstract,Disease,SCIN,Acute cholinergic dysautonomia,C535672,ncbi_mesh,True
28193688,abstract,Species,mouse,10090,10090,ncbi_taxonomy,True
28193688,abstract,Disease,SCIN,Acute cholinergic dysautonomia,C535672,ncbi_mesh,True
28193688,abstract,Species,Mice,10090,10090,ncbi_taxonomy,True
28193688,abstract,Disease,SCIN,Acute cholinergic dysautonomia,C535672,ncbi_mesh,True
28193688,abstract,Species,mice,10090,10090,ncbi_taxonomy,True
28193688,abstract,Species,mice,10090,10090,ncbi_taxonomy,True
28193688,abstract,Species,mice,10090,10090,ncbi_taxonomy,True
28193688,abstract,Disease,SCIN,Acute cholinergic dysautonomia,C535672,ncbi_mesh,True
28193688,abstract,Disease,SCIN,Acute cholinergic dysautonomia,C535672,ncbi_mesh,True
28193688,abstract,Disease,SCIN,Acute cholinergic dysautonomia,C535672,ncbi_mesh,True
28193688,abstract,Disease,SCIN,Acute cholinergic dysautonomia,C535672,ncbi_mesh,True
28193688,abstract,Species,mice,10090,10090,ncbi_taxonomy,True
28193688,abstract,Disease,SCIN dysfunction,Acute cholinergic dysautonomia,C535672,ncbi_mesh,True
28193688,abstract,Disease,social impairments,300082,300082,omim,True
28193688,abstract,Disease,psychiatric disorders,Mental Disorders,D001523,ncbi_mesh,True
28193688,abstract,Disease,cholinergic interneuron,Acute cholinergic dysautonomia,C535672,ncbi_mesh,True
28193688,abstract,Disease,SCIN,Acute cholinergic dysautonomia,C535672,ncbi_mesh,True
28193688,abstract,Disease,obsessive-compulsive disorder,Obsessive-Compulsive Disorder,D009771,ncbi_mesh,True
28193688,abstract,Disease,OCD,Obsessive-Compulsive Disorder,D009771,ncbi_mesh,True
28193688,abstract,Disease,Tourette syndrome,Tourette Syndrome,D005879,ncbi_mesh,True
28193688,abstract,Disease,TS,Tourette Syndrome,D005879,ncbi_mesh,True
28193688,abstract,Disease,SCIN,Acute cholinergic dysautonomia,C535672,ncbi_mesh,True
28193688,abstract,Disease,SCIN,Acute cholinergic dysautonomia,C535672,ncbi_mesh,True
28193688,abstract,Disease,SCIN,Acute cholinergic dysautonomia,C535672,ncbi_mesh,True
28193688,abstract,Disease,neuropsychiatric conditions,Mental Disorders,D001523,ncbi_mesh,True
28193688,abstract,Disease,OCD,Obsessive-Compulsive Disorder,D009771,ncbi_mesh,True
28193688,abstract,Disease,TS,Tourette Syndrome,D005879,ncbi_mesh,True
28432141,abstract,Species,Drosophila,7227,7227,ncbi_taxonomy,True
28432141,abstract,Gene,mitogen-activated protein kinase,rl,3354888,ncbi_gene,True
28432141,abstract,Disease,intellectual disability,Intellectual Disability,D008607,ncbi_mesh,True
28432141,abstract,Disease,intellectual disability,Intellectual Disability,D008607,ncbi_mesh,True
28432141,abstract,Disease,Noonan syndrome,Noonan Syndrome,D009634,ncbi_mesh,True
28432141,abstract,Gene,mitogen-activated protein kinase,rl,3354888,ncbi_gene,True
28439227,title,Gene,NF-kappa B,Nfkb1,18033,ncbi_gene,True
28439227,title,Species,Mice,10090,10090,ncbi_taxonomy,True
28439227,abstract,Gene,NF-kappa B,Nfkb1,18033,ncbi_gene,True
28439227,abstract,Gene,NF-kappa B,Nfkb1,18033,ncbi_gene,True
28439227,abstract,Species,Mice,10090,10090,ncbi_taxonomy,True
28439227,abstract,Gene,NF-kappa B,Nfkb1,18033,ncbi_gene,True
28439227,abstract,Gene,NF-kappa B,Nfkb1,18033,ncbi_gene,True
28439227,abstract,Chemical,Sulfasalazine,Sulfasalazine,D012460,ncbi_mesh,True
28439227,abstract,Gene,NF-kappa B,Nfkb1,18033,ncbi_gene,True
28473934,title,Disease,IgA Nephropathy,Glomerulonephritis IGA,D005922,ncbi_mesh,True
28473934,title,Disease,Proteinuria,Proteinuria,D011507,ncbi_mesh,True
28473934,title,Chemical,Creatinine,Creatinine,D003404,ncbi_mesh,True
28473934,title,Disease,Podocyturia,,,,False
28473934,title,Chemical,Amiloride,Amiloride,D000584,ncbi_mesh,True
28473934,abstract,Disease,IgA nephropathy,Glomerulonephritis IGA,D005922,ncbi_mesh,True
28473934,abstract,Disease,glomerulonephritis,Glomerulonephritis,D005921,ncbi_mesh,True
28473934,abstract,Disease,end-stage renal disease,Kidney Failure Chronic,D007676,ncbi_mesh,True
28473934,abstract,Disease,proteinuria,Proteinuria,D011507,ncbi_mesh,True
28473934,abstract,Chemical,creatinine,Creatinine,D003404,ncbi_mesh,True
28473934,abstract,Disease,acute renal injury,Acute Kidney Injury,D058186,ncbi_mesh,True
28473934,abstract,Disease,proteinuria,Proteinuria,D011507,ncbi_mesh,True
28473934,abstract,Disease,hematuria,Hematuria,D006417,ncbi_mesh,True
28473934,abstract,Disease,IgA nephropathy,Glomerulonephritis IGA,D005922,ncbi_mesh,True
28473934,abstract,Disease,Podocyturia,,,,False
28473934,abstract,Disease,Proteinuria,Proteinuria,D011507,ncbi_mesh,True
28473934,abstract,Disease,podocyturia,,,,False
28473934,abstract,Chemical,steroids,Steroids,D013256,ncbi_mesh,True
28473934,abstract,Chemical,steroids,Steroids,D013256,ncbi_mesh,True
28473934,abstract,Species,patient,9606,9606,ncbi_taxonomy,True
28473934,abstract,Chemical,valsartan,Valsartan,D000068756,ncbi_mesh,True
28473934,abstract,Chemical,amiloride,Amiloride,D000584,ncbi_mesh,True
28473934,abstract,Disease,podocyturia,,,,False
28473934,abstract,Disease,IgA nephropathy,Glomerulonephritis IGA,D005922,ncbi_mesh,True
28473934,abstract,Disease,podocyturia,,,,False
28473934,abstract,Disease,IgA nephropathy,Glomerulonephritis IGA,D005922,ncbi_mesh,True
28473934,abstract,Disease,IgA nephropathy,Glomerulonephritis IGA,D005922,ncbi_mesh,True
28476642,title,Disease,long term depression,Persistent Infection,D000088562,ncbi_mesh,True
28476642,abstract,Species,patients,9606,9606,ncbi_taxonomy,True
28476642,abstract,Disease,neuropsychiatric disorders,Mental Disorders,D001523,ncbi_mesh,True
28476642,abstract,Disease,long term depression,Persistent Infection,D000088562,ncbi_mesh,True
28476642,abstract,Disease,LTD,Persistent Infection,D000088562,ncbi_mesh,True
28476642,abstract,Disease,LTD,Persistent Infection,D000088562,ncbi_mesh,True
28476642,abstract,Disease,LTD,Persistent Infection,D000088562,ncbi_mesh,True
28476642,abstract,Disease,LTD,Persistent Infection,D000088562,ncbi_mesh,True
28476642,abstract,Chemical,dopamine,Dopamine,D004298,ncbi_mesh,True
28476642,abstract,Disease,LTD,Persistent Infection,D000088562,ncbi_mesh,True
28476642,abstract,Disease,LTD,Persistent Infection,D000088562,ncbi_mesh,True
28486763,abstract,Chemical,water,Water,D014867,ncbi_mesh,True
28486763,abstract,Species,red beet,,,,False
28486763,abstract,Species,Beta vulgaris,161934,161934,ncbi_taxonomy,True
28486763,abstract,Chemical,water,Water,D014867,ncbi_mesh,True
28523190,title,Gene,uPAR,PLAUR,5329,ncbi_gene,True
28523190,title,Species,Patients,9606,9606,ncbi_taxonomy,True
28523190,title,Disease,Fabry Disease,Fabry Disease,D000795,ncbi_mesh,True
28523190,abstract,Disease,Fabry nephropathy,Fabry Disease,D000795,ncbi_mesh,True
28523190,abstract,Disease,Podocyturia,,,,False
28523190,abstract,Disease,proteinuria,Proteinuria,D011507,ncbi_mesh,True
28523190,abstract,Disease,chronic renal failure,Kidney Failure Chronic,D007676,ncbi_mesh,True
28523190,abstract,Gene,urokinase-type Plasminogen Activator Receptor,PLAUR,5329,ncbi_gene,True
28523190,abstract,Gene,uPAR,PLAUR,5329,ncbi_gene,True
28523190,abstract,Disease,Fabry,Fabry Disease,D000795,ncbi_mesh,True
28523190,abstract,Species,patients,9606,9606,ncbi_taxonomy,True
28523190,abstract,Disease,Fabry,Fabry Disease,D000795,ncbi_mesh,True
28523190,abstract,Species,patients,9606,9606,ncbi_taxonomy,True
28523190,abstract,Chemical,creatinine,Creatinine,D003404,ncbi_mesh,True
28523190,abstract,Gene,uPAR,PLAUR,5329,ncbi_gene,True
28523190,abstract,Chemical,creatinine,Creatinine,D003404,ncbi_mesh,True
28523190,abstract,Gene,uPAR,PLAUR,5329,ncbi_gene,True
28523190,abstract,Chemical,lyso-Gb3,globotriaosyl lysosphingolipid,C063288,ncbi_mesh,True
28523190,abstract,Chemical,glycolipid,Glycolipids,D006017,ncbi_mesh,True
28523190,abstract,Disease,Fabry disease,Fabry Disease,D000795,ncbi_mesh,True
28523190,abstract,Species,human,9606,9606,ncbi_taxonomy,True
28523190,abstract,Disease,Fabry,Fabry Disease,D000795,ncbi_mesh,True
28523190,abstract,Species,patients,9606,9606,ncbi_taxonomy,True
28523190,abstract,Gene,uPAR,PLAUR,5329,ncbi_gene,True
28523190,abstract,Species,patients,9606,9606,ncbi_taxonomy,True
28523190,abstract,Species,patients,9606,9606,ncbi_taxonomy,True
28523190,abstract,Chemical,creatinine,Creatinine,D003404,ncbi_mesh,True
28523190,abstract,Gene,uPAR,PLAUR,5329,ncbi_gene,True
28523190,abstract,Species,patients,9606,9606,ncbi_taxonomy,True
28523190,abstract,Gene,uPAR,PLAUR,5329,ncbi_gene,True
28523190,abstract,Chemical,creatinine,Creatinine,D003404,ncbi_mesh,True
28523190,abstract,Disease,Fabry,Fabry Disease,D000795,ncbi_mesh,True
28523190,abstract,Species,patients,9606,9606,ncbi_taxonomy,True
28523190,abstract,Gene,uPAR,PLAUR,5329,ncbi_gene,True
28523190,abstract,Gene,uPAR,PLAUR,5329,ncbi_gene,True
28523190,abstract,Disease,Fabry,Fabry Disease,D000795,ncbi_mesh,True
28523190,abstract,Species,patients,9606,9606,ncbi_taxonomy,True
28523190,abstract,Species,patients,9606,9606,ncbi_taxonomy,True
28523190,abstract,Gene,uPAR,PLAUR,5329,ncbi_gene,True
28643674,title,Species,Escherichia coli O157: H7,83334,83334,ncbi_taxonomy,True
28643674,abstract,Species,Escherichia coli (,562,562,ncbi_taxonomy,True
28643674,abstract,Species,STEC,,,,False
28643674,abstract,Disease,infections,Infections,D007239,ncbi_mesh,True
28643674,abstract,Disease,hemolytic-uremic syndrome,Hemolytic-Uremic Syndrome,D006463,ncbi_mesh,True
28643674,abstract,Disease,HUS,Hemolytic-Uremic Syndrome,D006463,ncbi_mesh,True
28643674,abstract,Disease,HUS,Hemolytic-Uremic Syndrome,D006463,ncbi_mesh,True
28643674,abstract,Species,human,9606,9606,ncbi_taxonomy,True
28643674,abstract,Species,STEC infections,,,,False
28643674,abstract,Disease,HUS,Hemolytic-Uremic Syndrome,D006463,ncbi_mesh,True
28643674,abstract,Disease,HUS,Hemolytic-Uremic Syndrome,D006463,ncbi_mesh,True
28643674,abstract,Disease,HUS,Hemolytic-Uremic Syndrome,D006463,ncbi_mesh,True
28643674,abstract,Chemical,water,Water,D014867,ncbi_mesh,True
28643674,abstract,Chemical,water,Water,D014867,ncbi_mesh,True
28643674,abstract,Species,STEC,,,,False
28643674,abstract,Chemical,lipopolysaccharide,Lipopolysaccharides,D008070,ncbi_mesh,True
28643674,abstract,Chemical,LPS,Lipopolysaccharides,D008070,ncbi_mesh,True
28643674,abstract,Chemical,LPS,Lipopolysaccharides,D008070,ncbi_mesh,True
28643674,abstract,Species,STEC,,,,False
28643674,abstract,Chemical,water,Water,D014867,ncbi_mesh,True
28710541,title,Chemical,purinergic,,,,False
28710541,title,Species,zebrafish,7955,7955,ncbi_taxonomy,True
28710541,abstract,Chemical,purinergic,,,,False
28710541,abstract,Chemical,purinergic,,,,False
28710541,abstract,Species,zebrafish,7955,7955,ncbi_taxonomy,True
28710541,abstract,Chemical,ouabain,Ouabain,D010042,ncbi_mesh,True
28710541,abstract,Gene,P2RY1,p2ry1,100003922,ncbi_gene,True
28710541,abstract,Chemical,ADP,Adenosine Diphosphate,D000244,ncbi_mesh,True
28710541,abstract,Gene,P2RY1,p2ry1,100003922,ncbi_gene,True
28710541,abstract,Gene,P2RY1,p2ry1,100003922,ncbi_gene,True
28710541,abstract,Gene,P2RY1,p2ry1,100003922,ncbi_gene,True
28710541,abstract,Chemical,ADPbetaS,adenosine 5'-O-(2-thiodiphosphate),C030812,ncbi_mesh,True
28710541,abstract,Gene,lin28a,lin28a,394066,ncbi_gene,True
28710541,abstract,Gene,ascl1a,ascl1a,30466,ncbi_gene,True
28710541,abstract,Gene,P2RY1,p2ry1,100003922,ncbi_gene,True
28710541,abstract,Gene,glial fibrillary acidic protein,gfap,30646,ncbi_gene,True
28710541,abstract,Gene,P2RY1,p2ry1,100003922,ncbi_gene,True
28710541,abstract,Gene,P2RY1,p2ry1,100003922,ncbi_gene,True
28710541,abstract,Chemical,ouabain,Ouabain,D010042,ncbi_mesh,True
28710541,abstract,Chemical,purinergic,,,,False
28718802,title,Chemical,Ouabain,Ouabain,D010042,ncbi_mesh,True
28718802,title,Species,Human,9606,9606,ncbi_taxonomy,True
28718802,title,Disease,Cytotoxic,Drug-Related Side Effects and Adverse Reactions,D064420,ncbi_mesh,True
28718802,title,Chemical,Shiga Toxin Type 2,,,,False
28718802,abstract,Disease,Hemolytic uremic syndrome,Hemolytic-Uremic Syndrome,D006463,ncbi_mesh,True
28718802,abstract,Disease,HUS,Hemolytic-Uremic Syndrome,D006463,ncbi_mesh,True
28718802,abstract,Disease,acute renal failure,Acute Kidney Injury,D058186,ncbi_mesh,True
28718802,abstract,Species,Escherichia coli,562,562,ncbi_taxonomy,True
28718802,abstract,Species,STEC,,,,False
28718802,abstract,Disease,HUS,Hemolytic-Uremic Syndrome,D006463,ncbi_mesh,True
28718802,abstract,Species,STEC,,,,False
28718802,abstract,Gene,Stx2,STX2,2054,ncbi_gene,True
28718802,abstract,Species,STEC,,,,False
28718802,abstract,Disease,HUS,Hemolytic-Uremic Syndrome,D006463,ncbi_mesh,True
28718802,abstract,Disease,HUS,Hemolytic-Uremic Syndrome,D006463,ncbi_mesh,True
28718802,abstract,Species,humans,9606,9606,ncbi_taxonomy,True
28718802,abstract,Chemical,Ouabain,Ouabain,D010042,ncbi_mesh,True
28718802,abstract,Chemical,OUA,Ouabain,D010042,ncbi_mesh,True
28718802,abstract,Chemical,OUA,Ouabain,D010042,ncbi_mesh,True
28718802,abstract,Gene,Stx2,STX2,2054,ncbi_gene,True
28718802,abstract,Species,human,9606,9606,ncbi_taxonomy,True
28718802,abstract,CellLine,HGEC,2175,2175,cvcl,True
28718802,abstract,Species,human,9606,9606,ncbi_taxonomy,True
28718802,abstract,CellLine,HK-2,,,,False
28718802,abstract,CellLine,HGEC,2175,2175,cvcl,True
28718802,abstract,CellLine,HK-2,,,,False
28718802,abstract,Chemical,OUA,Ouabain,D010042,ncbi_mesh,True
28718802,abstract,Chemical,OUA,Ouabain,D010042,ncbi_mesh,True
28718802,abstract,CellLine,HGEC,2175,2175,cvcl,True
28718802,abstract,Gene,Stx2,STX2,2054,ncbi_gene,True
28718802,abstract,Disease,cytotoxic,Drug-Related Side Effects and Adverse Reactions,D064420,ncbi_mesh,True
28718802,abstract,CellLine,HK-2,,,,False
28718802,abstract,Gene,Stx2,STX2,2054,ncbi_gene,True
28718802,abstract,Chemical,OUA,Ouabain,D010042,ncbi_mesh,True
28718802,abstract,CellLine,HGEC,2175,2175,cvcl,True
28718802,abstract,CellLine,HK-2,,,,False
28718802,abstract,Chemical,OUA,Ouabain,D010042,ncbi_mesh,True
28718802,abstract,Disease,renal damage,Kidney Diseases,D007674,ncbi_mesh,True
28718802,abstract,Disease,HUS,Hemolytic-Uremic Syndrome,D006463,ncbi_mesh,True
28888654,title,Species,Escherichia coli,562,562,ncbi_taxonomy,True
28888654,title,Species,STEC) O22:H8,,,,False
28888654,title,Species,cattle,9913,9913,ncbi_taxonomy,True
28888654,title,Species,E. coli O157:H7,83334,83334,ncbi_taxonomy,True
28888654,abstract,Species,Escherichia coli,562,562,ncbi_taxonomy,True
28888654,abstract,Species,STEC,,,,False
28888654,abstract,Disease,food-associated diseases,Foodborne Diseases,D005517,ncbi_mesh,True
28888654,abstract,Disease,diarrhea,Diarrhea,D003967,ncbi_mesh,True
28888654,abstract,Disease,hemorrhagic colitis,Colitis,D003092,ncbi_mesh,True
28888654,abstract,Disease,hemolytic uremic syndrome,Hemolytic-Uremic Syndrome,D006463,ncbi_mesh,True
28888654,abstract,Disease,HUS,Hemolytic-Uremic Syndrome,D006463,ncbi_mesh,True
28888654,abstract,Species,STEC,,,,False
28888654,abstract,Species,E. coli O157:H7,83334,83334,ncbi_taxonomy,True
28888654,abstract,Disease,infection,Infections,D007239,ncbi_mesh,True
28888654,abstract,Species,STEC,,,,False
28888654,abstract,Species,STEC,,,,False
28888654,abstract,Species,cattle,9913,9913,ncbi_taxonomy,True
28888654,abstract,Species,E. coli O22:H8,2491679,2491679,ncbi_taxonomy,True
28888654,abstract,Species,E. coli O22:H8,2491679,2491679,ncbi_taxonomy,True
28888654,abstract,Species,E. coli O157:H7,83334,83334,ncbi_taxonomy,True
28888654,abstract,Gene,stx2,STX2,519148,ncbi_gene,True
28888654,abstract,CellLine,HeLa,0030,0030,cvcl,True
28888654,abstract,Species,O22:H8,2491679,2491679,ncbi_taxonomy,True
28888654,abstract,Species,O157:H7,83334,83334,ncbi_taxonomy,True
28888654,abstract,Species,calves,9913,9913,ncbi_taxonomy,True
28888654,abstract,Species,STEC,,,,False
28888654,abstract,Species,E. coli O157:H7 438/99,,,,False
28888654,abstract,Species,E. coli O22:H8,2491679,2491679,ncbi_taxonomy,True
28888654,abstract,Species,human,9606,9606,ncbi_taxonomy,True
28888654,abstract,Species,O157:H7,83334,83334,ncbi_taxonomy,True
28888654,abstract,Species,bovine,9913,9913,ncbi_taxonomy,True
28888654,abstract,Species,calves,9913,9913,ncbi_taxonomy,True
28888654,abstract,Species,O157:H7,83334,83334,ncbi_taxonomy,True
28947572,abstract,Species,rats,10116,10116,ncbi_taxonomy,True
28986756,title,Disease,Vascular Dysfunction,Cerebrovascular Disorders,D002561,ncbi_mesh,True
28986756,title,Disease,Preeclampsia,Pre-Eclampsia,D011225,ncbi_mesh,True
28986756,abstract,Disease,pregnancy complications,Pregnancy Complications,D011248,ncbi_mesh,True
28986756,abstract,Disease,preeclampsia,Pre-Eclampsia,D011225,ncbi_mesh,True
28986756,abstract,Disease,chronic disease,Chronic Disease,D002908,ncbi_mesh,True
28986756,abstract,Disease,pregnancy complications,Pregnancy Complications,D011248,ncbi_mesh,True
28986756,abstract,Disease,preeclampsia,Pre-Eclampsia,D011225,ncbi_mesh,True
28986756,abstract,Disease,cardiovascular diseases,Cardiovascular Diseases,D002318,ncbi_mesh,True
28986756,abstract,Disease,vascular disorders,Cerebrovascular Disorders,D002561,ncbi_mesh,True
28986756,abstract,Disease,preeclampsia,Pre-Eclampsia,D011225,ncbi_mesh,True
28986756,abstract,Disease,endothelial dysfunction,Vascular Diseases,D014652,ncbi_mesh,True
29068360,title,Gene,CD40 Ligand,CD40LG,959,ncbi_gene,True
29068360,title,Disease,Hemolytic Uremic Syndrome,Hemolytic-Uremic Syndrome,D006463,ncbi_mesh,True
29068360,abstract,Species,Escherichia coli,562,562,ncbi_taxonomy,True
29068360,abstract,Disease,diarrhea,Diarrhea,D003967,ncbi_mesh,True
29068360,abstract,Disease,hemolytic uremic syndrome,Hemolytic-Uremic Syndrome,D006463,ncbi_mesh,True
29068360,abstract,Disease,HUS,Hemolytic-Uremic Syndrome,D006463,ncbi_mesh,True
29068360,abstract,Disease,microvasculature,Microvascular Rarefaction,D000073436,ncbi_mesh,True
29068360,abstract,Disease,fibrin thrombi,,,,False
29068360,abstract,Disease,thrombus,Thrombosis,D013927,ncbi_mesh,True
29068360,abstract,Gene,CD40 ligand,CD40LG,959,ncbi_gene,True
29068360,abstract,Chemical,reactive oxidative species,,,,False
29068360,abstract,Chemical,ROS,,,,False
29068360,abstract,Disease,HUS,Hemolytic-Uremic Syndrome,D006463,ncbi_mesh,True
29068360,abstract,Species,human,9606,9606,ncbi_taxonomy,True
29068360,abstract,Gene,Stx2,STX2,2054,ncbi_gene,True
29068360,abstract,Disease,HUS,Hemolytic-Uremic Syndrome,D006463,ncbi_mesh,True
29068360,abstract,Species,patients,9606,9606,ncbi_taxonomy,True
29068360,abstract,Gene,Stx2,STX2,2054,ncbi_gene,True
29068360,abstract,Disease,HUS,Hemolytic-Uremic Syndrome,D006463,ncbi_mesh,True
29068360,abstract,Disease,glomerular occlusion,Arterial Occlusive Diseases,D001157,ncbi_mesh,True
29068360,abstract,Disease,microangiopathic lesions,Anemia Hemolytic,D000743,ncbi_mesh,True
29085903,abstract,Species,rats,10116,10116,ncbi_taxonomy,True
29085903,abstract,Gene,brain-derived neurotrophic factor,Bdnf,24225,ncbi_gene,True
29085903,abstract,Gene,BDNF,Bdnf,24225,ncbi_gene,True
29085903,abstract,Gene,activity-regulated cytoskeletal-associated protein,Arc,54323,ncbi_gene,True
29085903,abstract,Gene,Arc,Arc,54323,ncbi_gene,True
29085903,abstract,Chemical,oligonucleotides,Oligonucleotides,D009841,ncbi_mesh,True
29085903,abstract,Gene,Arc,Arc,54323,ncbi_gene,True
29085903,abstract,Gene,BDNF,Bdnf,24225,ncbi_gene,True
29085903,abstract,Gene,Arc,Arc,54323,ncbi_gene,True
29085903,abstract,Gene,BDNF,Bdnf,24225,ncbi_gene,True
29085903,abstract,Gene,Arc,Arc,54323,ncbi_gene,True
29108637,title,Gene,aquaporin-3,AQP3,360,ncbi_gene,True
29108637,title,Gene,AQP3,AQP3,360,ncbi_gene,True
29108637,title,Disease,preeclampsia,Pre-Eclampsia,D011225,ncbi_mesh,True
29108637,abstract,Gene,AQP3,AQP3,360,ncbi_gene,True
29108637,abstract,Disease,preeclampsia,Pre-Eclampsia,D011225,ncbi_mesh,True
29108637,abstract,Gene,AQP3,AQP3,360,ncbi_gene,True
29108637,abstract,Gene,AQP3,AQP3,360,ncbi_gene,True
29108637,abstract,Disease,preeclampsia,Pre-Eclampsia,D011225,ncbi_mesh,True
29108637,abstract,Gene,AQP3,AQP3,360,ncbi_gene,True
29108637,abstract,Gene,AQP3,AQP3,360,ncbi_gene,True
29108637,abstract,Disease,preeclampsia,Pre-Eclampsia,D011225,ncbi_mesh,True
29197004,abstract,Disease,Preeclampsia,Pre-Eclampsia,D011225,ncbi_mesh,True
29197004,abstract,Disease,preeclampsia,Pre-Eclampsia,D011225,ncbi_mesh,True
29197004,abstract,Species,human,9606,9606,ncbi_taxonomy,True
29197004,abstract,Disease,preeclampsia,Pre-Eclampsia,D011225,ncbi_mesh,True
29243846,title,Gene,AQP2,Aqp2,25386,ncbi_gene,True
29243846,title,Chemical,Ca2+,,,,False
29243846,title,Chemical,Ca2+,,,,False
29243846,title,Gene,TRPV4,Trpv4,66026,ncbi_gene,True
29243846,abstract,Gene,TRPV4,Trpv4,66026,ncbi_gene,True
29243846,abstract,Chemical,Ca2+,,,,False
29243846,abstract,Chemical,Ca2+,,,,False
29243846,abstract,Gene,TRPV4,Trpv4,66026,ncbi_gene,True
29243846,abstract,Chemical,Ca2+,,,,False
29243846,abstract,Chemical,Ca2+,,,,False
29243846,abstract,Chemical,Ca2+,,,,False
29243846,abstract,Gene,TRPV4,Trpv4,66026,ncbi_gene,True
29243846,abstract,Gene,AQP2,Aqp2,25386,ncbi_gene,True
29243846,abstract,Gene,TRPV4,Trpv4,66026,ncbi_gene,True
29243846,abstract,Chemical,Ca2+,,,,False
29243846,abstract,Gene,TRPV4,Trpv4,66026,ncbi_gene,True
29243846,abstract,Species,rat,10116,10116,ncbi_taxonomy,True
29243846,abstract,Gene,RCCD1,Rccd1,308760,ncbi_gene,True
29243846,abstract,Gene,RCCD1,Rccd1,308760,ncbi_gene,True
29243846,abstract,Gene,AQP2,Aqp2,25386,ncbi_gene,True
29243846,abstract,Gene,AQP2,Aqp2,25386,ncbi_gene,True
29243846,abstract,Gene,RCCD1,Rccd1,308760,ncbi_gene,True
29243846,abstract,Gene,AQP2,Aqp2,25386,ncbi_gene,True
29243846,abstract,Gene,TRPV4,Trpv4,66026,ncbi_gene,True
29243846,abstract,Gene,SK3,Kcnn3,54263,ncbi_gene,True
29243846,abstract,Gene,AQP2,Aqp2,25386,ncbi_gene,True
29243846,abstract,Gene,SK3,Kcnn3,54263,ncbi_gene,True
29243846,abstract,Gene,TRPV4,Trpv4,66026,ncbi_gene,True
29243846,abstract,Gene,TRPV4,Trpv4,66026,ncbi_gene,True
29243846,abstract,Gene,AQP2,Aqp2,25386,ncbi_gene,True
29243846,abstract,Gene,TRPV4,Trpv4,66026,ncbi_gene,True
29355695,title,Chemical,alcohol,Alcohols,D000438,ncbi_mesh,True
29355695,title,Chemical,alcohol hangover,,,,False
29355695,title,Species,mice,10090,10090,ncbi_taxonomy,True
29355695,abstract,Chemical,alcohol,Alcohols,D000438,ncbi_mesh,True
29355695,abstract,Disease,alcohol hangover,610251,610251,omim,True
29355695,abstract,Species,mice,10090,10090,ncbi_taxonomy,True
29355695,abstract,Chemical,sucrose,Sucrose,D013395,ncbi_mesh,True
29355695,abstract,Chemical,ethanol,Ethanol,D000431,ncbi_mesh,True
29355695,abstract,Chemical,sucrose,Sucrose,D013395,ncbi_mesh,True
29355695,abstract,Chemical,ethanol,Ethanol,D000431,ncbi_mesh,True
29355695,abstract,Chemical,Ethanol,Ethanol,D000431,ncbi_mesh,True
29355695,abstract,Disease,anxiety,Anxiety,D001007,ncbi_mesh,True
29355695,abstract,Disease,Hangover,610251,610251,omim,True
29355695,abstract,Chemical,alcohol,Alcohols,D000438,ncbi_mesh,True
29355695,abstract,Chemical,alcohol,Alcohols,D000438,ncbi_mesh,True
29355695,abstract,Chemical,alcohol,Alcohols,D000438,ncbi_mesh,True
29355695,abstract,Disease,anxiety,Anxiety,D001007,ncbi_mesh,True
29355695,abstract,Chemical,alcohol hangover,,,,False
29355695,abstract,Chemical,alcohol,Alcohols,D000438,ncbi_mesh,True
29355695,abstract,Disease,motor disabilities,Movement Disorders,D009069,ncbi_mesh,True
29355695,abstract,Chemical,alcohol hangover,,,,False
29355695,abstract,Chemical,alcohol,Alcohols,D000438,ncbi_mesh,True
29394409,title,Disease,Schizophrenia,Schizophrenia,D012559,ncbi_mesh,True
29394409,title,Chemical,Dopamine,Dopamine,D004298,ncbi_mesh,True
29394409,title,Species,Mouse,10090,10090,ncbi_taxonomy,True
29394409,abstract,Chemical,Amphetamine,Amphetamine,D000661,ncbi_mesh,True
29394409,abstract,Chemical,dopamine,Dopamine,D004298,ncbi_mesh,True
29394409,abstract,Disease,schizophrenia,Schizophrenia,D012559,ncbi_mesh,True
29394409,abstract,Gene,N-methyl-D-aspartate receptor,Grin1,14810,ncbi_gene,True
29394409,abstract,Gene,NMDAR,Grin1,14810,ncbi_gene,True
29394409,abstract,Disease,schizophrenia,Schizophrenia,D012559,ncbi_mesh,True
29394409,abstract,Chemical,dopamine,Dopamine,D004298,ncbi_mesh,True
29394409,abstract,Disease,schizophrenia,Schizophrenia,D012559,ncbi_mesh,True
29394409,abstract,Gene,NMDAR,Grin1,14810,ncbi_gene,True
29394409,abstract,Species,mice,10090,10090,ncbi_taxonomy,True
29394409,abstract,Gene,Ppp1r2,Ppp1r2,66849,ncbi_gene,True
29394409,abstract,Gene,NMDAR,Grin1,14810,ncbi_gene,True
29394409,abstract,Gene,Grin1,Grin1,14810,ncbi_gene,True
29394409,abstract,Gene,parvalbumin,Pvalb,19293,ncbi_gene,True
29394409,abstract,Gene,PV,Pvalb,19293,ncbi_gene,True
29394409,abstract,Chemical,dopaminomimetic,,,,False
29394409,abstract,Chemical,amphetamine,Amphetamine,D000661,ncbi_mesh,True
29394409,abstract,Chemical,dopamine,Dopamine,D004298,ncbi_mesh,True
29394409,abstract,Chemical,dopamine,Dopamine,D004298,ncbi_mesh,True
29394409,abstract,Chemical,amphetamine,Amphetamine,D000661,ncbi_mesh,True
29394409,abstract,Gene,Ppp1r2,Ppp1r2,66849,ncbi_gene,True
29394409,abstract,Gene,Grin1,Grin1,14810,ncbi_gene,True
29394409,abstract,Species,mice,10090,10090,ncbi_taxonomy,True
29394409,abstract,Chemical,dopamine,Dopamine,D004298,ncbi_mesh,True
29394409,abstract,Chemical,dopamine,Dopamine,D004298,ncbi_mesh,True
29394409,abstract,Chemical,amphetamine,Amphetamine,D000661,ncbi_mesh,True
29394409,abstract,Gene,c-Fos,Fos,14281,ncbi_gene,True
29394409,abstract,Chemical,dopamine,Dopamine,D004298,ncbi_mesh,True
29394409,abstract,Gene,PV,Pvalb,19293,ncbi_gene,True
29394409,abstract,Gene,Grin1,Grin1,14810,ncbi_gene,True
29394409,abstract,Species,mice,10090,10090,ncbi_taxonomy,True
29394409,abstract,Gene,Ppp1r2,Ppp1r2,66849,ncbi_gene,True
29394409,abstract,Gene,Grin1,Grin1,14810,ncbi_gene,True
29394409,abstract,Species,mice,10090,10090,ncbi_taxonomy,True
29394409,abstract,Gene,somatostatin,Sst,20604,ncbi_gene,True
29394409,abstract,Gene,Grin1,Grin1,14810,ncbi_gene,True
29394409,abstract,Species,mice,10090,10090,ncbi_taxonomy,True
29394409,abstract,Gene,Ppp1r2,Ppp1r2,66849,ncbi_gene,True
29394409,abstract,Gene,Grin1,Grin1,14810,ncbi_gene,True
29394409,abstract,Species,mice,10090,10090,ncbi_taxonomy,True
29394409,abstract,Gene,PV,Pvalb,19293,ncbi_gene,True
29394409,abstract,Chemical,amphetamine,Amphetamine,D000661,ncbi_mesh,True
29394409,abstract,Chemical,dopamine,Dopamine,D004298,ncbi_mesh,True
29394409,abstract,Disease,schizophrenia,Schizophrenia,D012559,ncbi_mesh,True
29405971,title,Chemical,uric acid,Uric Acid,D014527,ncbi_mesh,True
29405971,title,Disease,preeclampsia,Pre-Eclampsia,D011225,ncbi_mesh,True
29481898,title,Chemical,nicotine,Nicotine,D009538,ncbi_mesh,True
29481898,title,Chemical,caffeine,Caffeine,D002110,ncbi_mesh,True
29481898,title,Species,zebrafish,7955,7955,ncbi_taxonomy,True
29481898,abstract,Species,zebrafish,7955,7955,ncbi_taxonomy,True
29481898,abstract,Chemical,nicotine,Nicotine,D009538,ncbi_mesh,True
29481898,abstract,Chemical,caffeine,Caffeine,D002110,ncbi_mesh,True
29481898,abstract,Species,Zebrafish,7955,7955,ncbi_taxonomy,True
29481898,abstract,Chemical,nicotine,Nicotine,D009538,ncbi_mesh,True
29481898,abstract,Chemical,caffeine,Caffeine,D002110,ncbi_mesh,True
29481898,abstract,Species,zebrafish,7955,7955,ncbi_taxonomy,True
29481898,abstract,Chemical,nicotine,Nicotine,D009538,ncbi_mesh,True
29481898,abstract,Chemical,caffeine,Caffeine,D002110,ncbi_mesh,True
29481898,abstract,Species,zebrafish,7955,7955,ncbi_taxonomy,True
29481898,abstract,Chemical,nicotine,Nicotine,D009538,ncbi_mesh,True
29481898,abstract,Chemical,caffeine-CPP,,,,False
29481898,abstract,Chemical,Nicotine,Nicotine,D009538,ncbi_mesh,True
29481898,abstract,Chemical,phenylbutyrate,Phenylbutyrates,D010654,ncbi_mesh,True
29481898,abstract,Chemical,caffeine-CPP,,,,False
29481898,abstract,Chemical,nicotine,Nicotine,D009538,ncbi_mesh,True
29481898,abstract,Species,zebrafish,7955,7955,ncbi_taxonomy,True
29481898,abstract,Disease,drugs of abuse,Substance-Related Disorders,D019966,ncbi_mesh,True
29483033,title,Species,cows,9913,9913,ncbi_taxonomy,True
29483033,title,Gene,lactoferrin,LTF,280846,ncbi_gene,True
29483033,title,Species,E. coli O157:H7,83334,83334,ncbi_taxonomy,True
29483033,abstract,Species,E. coli O157:H7,83334,83334,ncbi_taxonomy,True
29483033,abstract,Disease,bloody diarrhea,Diarrhea,D003967,ncbi_mesh,True
29483033,abstract,Disease,hemorrhagic colitis,Colitis,D003092,ncbi_mesh,True
29483033,abstract,Disease,hemolytic uremic syndrome,Hemolytic-Uremic Syndrome,D006463,ncbi_mesh,True
29483033,abstract,Disease,HUS,Hemolytic-Uremic Syndrome,D006463,ncbi_mesh,True
29483033,abstract,Gene,Stx2,STX2,519148,ncbi_gene,True
29483033,abstract,Species,cows,9913,9913,ncbi_taxonomy,True
29483033,abstract,Species,E. coli O157:H7 infection,,,,False
29483033,abstract,Gene,Stx2,STX2,519148,ncbi_gene,True
29483033,abstract,Disease,cytotoxicity,Drug-Related Side Effects and Adverse Reactions,D064420,ncbi_mesh,True
29483033,abstract,Disease,Hyperimmune,,,,False
29483033,abstract,Species,cows,9913,9913,ncbi_taxonomy,True
29483033,abstract,Gene,Stx2,STX2,519148,ncbi_gene,True
29483033,abstract,Gene,Stx2,STX2,519148,ncbi_gene,True
29483033,abstract,Species,bovine,9913,9913,ncbi_taxonomy,True
29483033,abstract,Gene,lactoferrin,LTF,280846,ncbi_gene,True
29483033,abstract,Gene,Stx2,STX2,519148,ncbi_gene,True
29483033,abstract,Disease,cytotoxicity,Drug-Related Side Effects and Adverse Reactions,D064420,ncbi_mesh,True
29483033,abstract,Species,E. coli O157:H7,83334,83334,ncbi_taxonomy,True
29483033,abstract,Gene,Stx2,STX2,519148,ncbi_gene,True
29483033,abstract,CellLine,HCT-8,2478,2478,cvcl,True
29483033,abstract,Species,E. coli O157:H7,83334,83334,ncbi_taxonomy,True
29483033,abstract,Species,human,9606,9606,ncbi_taxonomy,True
29483033,abstract,Species,rat,10116,10116,ncbi_taxonomy,True
29483033,abstract,Species,E. coli O157:H7,83334,83334,ncbi_taxonomy,True
29483033,abstract,Species,mice,10090,10090,ncbi_taxonomy,True
29483033,abstract,Gene,Stx2,STX2,519148,ncbi_gene,True
29483033,abstract,Disease,cytotoxic,Drug-Related Side Effects and Adverse Reactions,D064420,ncbi_mesh,True
29483033,abstract,Gene,Stx2,STX2,519148,ncbi_gene,True
29483033,abstract,Species,E. coli O157:H7,83334,83334,ncbi_taxonomy,True
29483033,abstract,Species,human,9606,9606,ncbi_taxonomy,True
29483033,abstract,Species,E. coli O157:H7,83334,83334,ncbi_taxonomy,True
29483033,abstract,Species,E. coli O157:H7Deltastx2,,,,False
29483033,abstract,Species,rat,10116,10116,ncbi_taxonomy,True
29483033,abstract,Species,E. coli O157:H7,83334,83334,ncbi_taxonomy,True
29483033,abstract,Species,mice,10090,10090,ncbi_taxonomy,True
29483033,abstract,Species,E. coli O157:H7 infection,,,,False
29483033,abstract,Gene,Stx2,STX2,519148,ncbi_gene,True
29483033,abstract,Disease,HUS,Hemolytic-Uremic Syndrome,D006463,ncbi_mesh,True
29494356,title,Chemical,penicillin,Penicillins,D010406,ncbi_mesh,True
29494356,title,Disease,melanoma,Melanoma,D008545,ncbi_mesh,True
29494356,abstract,Chemical,triazolylpeptidyl penicillin derivative,,,,False
29494356,abstract,Chemical,TAP7f,,,,False
29494356,abstract,CellLine,B16-F0,0604,0604,cvcl,True
29494356,abstract,Species,murine,10090,10090,ncbi_taxonomy,True
29494356,abstract,Disease,melanoma,Melanoma,D008545,ncbi_mesh,True
29494356,abstract,Chemical,TAP7f,,,,False
29494356,abstract,CellLine,B16-F0,0604,0604,cvcl,True
29494356,abstract,Chemical,phosphatidylserine,Phosphatidylserines,D010718,ncbi_mesh,True
29494356,abstract,Gene,caspase-8,Casp8,12370,ncbi_gene,True
29494356,abstract,Gene,caspase-9,Casp9,12371,ncbi_gene,True
29494356,abstract,Gene,caspase-3,Casp3,12367,ncbi_gene,True
29494356,abstract,Gene,Bcl-2,Bcl2,12043,ncbi_gene,True
29494356,abstract,Gene,poly(ADP-ribose) polymerase,Parp1,11545,ncbi_gene,True
29494356,abstract,Gene,caspase-3,Casp3,12367,ncbi_gene,True
29494356,abstract,CellLine,C57BL/6J,C0MW,C0MW,cvcl,False
29494356,abstract,Species,mouse,10090,10090,ncbi_taxonomy,True
29494356,abstract,Disease,melanoma,Melanoma,D008545,ncbi_mesh,True
29494356,abstract,Disease,melanoma,Melanoma,D008545,ncbi_mesh,True
29494356,abstract,Gene,proliferating cell nuclear antigen,Pcna,18538,ncbi_gene,True
29494356,abstract,Disease,tumor,Neoplasms,D009369,ncbi_mesh,True
29494356,abstract,Gene,caspase-3,Casp3,12367,ncbi_gene,True
29494356,abstract,Disease,tumor,Neoplasms,D009369,ncbi_mesh,True
29494356,abstract,Species,mice,10090,10090,ncbi_taxonomy,True
29494356,abstract,Gene,TRAIL,Tnfsf10,22035,ncbi_gene,True
29494356,abstract,Gene,Bcl-2,Bcl2,12043,ncbi_gene,True
29494356,abstract,Disease,tumor,Neoplasms,D009369,ncbi_mesh,True
29494356,abstract,Chemical,TAP7f,,,,False
29494356,abstract,Disease,tumor,Neoplasms,D009369,ncbi_mesh,True
29494356,abstract,Species,mice,10090,10090,ncbi_taxonomy,True
29494356,abstract,Disease,cancer,Neoplasms,D009369,ncbi_mesh,True
29567477,title,Gene,aquaporin-3,AQP3,360,ncbi_gene,True
29567477,title,Gene,AQP3,AQP3,360,ncbi_gene,True
29567477,abstract,Disease,EVT,,,,False
29567477,abstract,Gene,AQP3,AQP3,360,ncbi_gene,True
29567477,abstract,Gene,AQP1,AQP1,358,ncbi_gene,True
29567477,abstract,Gene,AQP9,AQP9,366,ncbi_gene,True
29567477,abstract,Gene,AQP3,AQP3,360,ncbi_gene,True
29567477,abstract,Disease,preeclamptic,Preeclamptic toxemia,C538543,ncbi_mesh,True
29567477,abstract,Gene,AQP3,AQP3,360,ncbi_gene,True
29567477,abstract,Species,human,9606,9606,ncbi_taxonomy,True
29567477,abstract,Gene,AQP3,AQP3,360,ncbi_gene,True
29567477,abstract,CellLine,EVT,,,,False
29567477,abstract,CellLine,Swan 71,D855,D855,cvcl,True
29567477,abstract,Gene,AQP1,AQP1,358,ncbi_gene,True
29567477,abstract,Gene,AQP3,AQP3,360,ncbi_gene,True
29567477,abstract,Gene,AQP9,AQP9,366,ncbi_gene,True
29567477,abstract,Gene,AQP3,AQP3,360,ncbi_gene,True
29567477,abstract,Chemical,CuSO4,Copper Sulfate,D019327,ncbi_mesh,True
29567477,abstract,Disease,EVT,,,,False
29567477,abstract,Gene,AQP3,AQP3,360,ncbi_gene,True
29567477,abstract,Disease,EVT,,,,False
29567477,abstract,Gene,AQP3,AQP3,360,ncbi_gene,True
29567477,abstract,Disease,preeclampsia,Pre-Eclampsia,D011225,ncbi_mesh,True
29605667,title,Disease,epilepsy,Epilepsy,D004827,ncbi_mesh,True
29605667,abstract,Disease,epilepsy,Epilepsy,D004827,ncbi_mesh,True
29605667,abstract,Species,patient,9606,9606,ncbi_taxonomy,True
29605667,abstract,Species,patient,9606,9606,ncbi_taxonomy,True
29605667,abstract,Species,patient,9606,9606,ncbi_taxonomy,True
29605667,abstract,Species,patients,9606,9606,ncbi_taxonomy,True
29605667,abstract,Species,patient,9606,9606,ncbi_taxonomy,True
29605667,abstract,Species,patient,9606,9606,ncbi_taxonomy,True
29669277,title,Gene,Tau,MAPT,4137,ncbi_gene,True
29669277,title,Gene,Tau,MAPT,4137,ncbi_gene,True
29669277,title,Species,Mouse,10090,10090,ncbi_taxonomy,True
29669277,title,Disease,Tauopathy,Tauopathies,D024801,ncbi_mesh,True
29669277,abstract,Gene,microtubule-associated protein tau,MAPT,4137,ncbi_gene,True
29669277,abstract,Disease,Tauopathies,Tauopathies,D024801,ncbi_mesh,True
29669277,abstract,Disease,neurodegenerative disorders,Neurodegenerative Diseases,D019636,ncbi_mesh,True
29669277,abstract,Gene,tau,MAPT,4137,ncbi_gene,True
29669277,abstract,Species,human,9606,9606,ncbi_taxonomy,True
29669277,abstract,Gene,tau,MAPT,4137,ncbi_gene,True
29669277,abstract,Gene,tau,MAPT,4137,ncbi_gene,True
29669277,abstract,Disease,tauopathies,Tauopathies,D024801,ncbi_mesh,True
29669277,abstract,Gene,tau,MAPT,4137,ncbi_gene,True
29669277,abstract,Species,mouse,10090,10090,ncbi_taxonomy,True
29669277,abstract,Disease,tauopathy,Tauopathies,D024801,ncbi_mesh,True
29669277,abstract,Gene,tau,MAPT,4137,ncbi_gene,True
29669277,abstract,Gene,tau,MAPT,4137,ncbi_gene,True
29669277,abstract,Disease,cognitive impairments,Cognition Disorders,D003072,ncbi_mesh,True
29669277,abstract,Species,human,9606,9606,ncbi_taxonomy,True
29669277,abstract,Disease,neurodegenerative diseases,Neurodegenerative Diseases,D019636,ncbi_mesh,True
29717980,abstract,Species,rats,10116,10116,ncbi_taxonomy,True
29755331,title,Disease,Psychiatric Disorders,Mental Disorders,D001523,ncbi_mesh,True
29755331,title,Gene,c-Fos,FOS,2353,ncbi_gene,True
29755331,title,Gene,Egr1,EGR1,1958,ncbi_gene,True
29755331,title,Gene,Arc,ARC,23237,ncbi_gene,True
29755331,abstract,Disease,psychiatric disorders,Mental Disorders,D001523,ncbi_mesh,True
29755331,abstract,Disease,memory deficits,Memory Disorders,D008569,ncbi_mesh,True
29755331,abstract,Gene,c-fos,FOS,2353,ncbi_gene,True
29755331,abstract,Gene,Egr1,EGR1,1958,ncbi_gene,True
29755331,abstract,Gene,arc,ARC,23237,ncbi_gene,True
29755331,abstract,Disease,psychiatric conditions,Mental Disorders,D001523,ncbi_mesh,True
29755331,abstract,Disease,mental illnesses,Mental Disorders,D001523,ncbi_mesh,True
29755331,abstract,Disease,psychiatric conditions,Mental Disorders,D001523,ncbi_mesh,True
29758221,title,Chemical,retigabine,ezogabine,C101866,ncbi_mesh,True
29758221,title,Chemical,diclofenac,Diclofenac,D004008,ncbi_mesh,True
29758221,abstract,Disease,hyperactivity,Hyperkinesis,D006948,ncbi_mesh,True
29758221,abstract,Disease,motor deficits,Neurologic Manifestations,D009461,ncbi_mesh,True
29758221,abstract,Disease,Parkinson's disease,Parkinson Disease,D010300,ncbi_mesh,True
29758221,abstract,Chemical,l-DOPA,Levodopa,D007980,ncbi_mesh,True
29758221,abstract,Disease,dyskinesia,Dyskinesia Drug-Induced,D004409,ncbi_mesh,True
29758221,abstract,Chemical,diclofenac,Diclofenac,D004008,ncbi_mesh,True
29758221,abstract,Chemical,meclofenamic acid,Meclofenamic Acid,D008469,ncbi_mesh,True
29758221,abstract,Disease,Parkinson's disease,Parkinson Disease,D010300,ncbi_mesh,True
29774754,title,Chemical,di(2-ethylhexyl) phthalate,Diethylhexyl Phthalate,D004051,ncbi_mesh,True
29774754,title,Species,rats,10116,10116,ncbi_taxonomy,True
29774754,title,Disease,anxiogenic behavior,Mental Disorders,D001523,ncbi_mesh,True
29774754,abstract,Disease,endocrine disruptor,Endocrine System Diseases,D004700,ncbi_mesh,True
29774754,abstract,Chemical,di-(2-ethylhexyl) phthalate,Diethylhexyl Phthalate,D004051,ncbi_mesh,True
29774754,abstract,Chemical,DEHP,Diethylhexyl Phthalate,D004051,ncbi_mesh,True
29774754,abstract,Chemical,polyvinyl chloride,Polyvinyl Chloride,D011143,ncbi_mesh,True
29774754,abstract,Chemical,DEHP,Diethylhexyl Phthalate,D004051,ncbi_mesh,True
29774754,abstract,Chemical,DEHP,Diethylhexyl Phthalate,D004051,ncbi_mesh,True
29774754,abstract,Disease,anxiety,Anxiety,D001007,ncbi_mesh,True
29774754,abstract,Species,rats,10116,10116,ncbi_taxonomy,True
29774754,abstract,Chemical,DEHP,Diethylhexyl Phthalate,D004051,ncbi_mesh,True
29774754,abstract,Chemical,testosterone,Testosterone,D013739,ncbi_mesh,True
29774754,abstract,Chemical,gamma-aminobutyric acid,gamma-Aminobutyric Acid,D005680,ncbi_mesh,True
29774754,abstract,Chemical,GABA,gamma-Aminobutyric Acid,D005680,ncbi_mesh,True
29774754,abstract,Chemical,DEHP,Diethylhexyl Phthalate,D004051,ncbi_mesh,True
29774754,abstract,Disease,anxiety,Anxiety,D001007,ncbi_mesh,True
29774754,abstract,Chemical,GABA,gamma-Aminobutyric Acid,D005680,ncbi_mesh,True
29774754,abstract,Chemical,muscimol,Muscimol,D009118,ncbi_mesh,True
29774754,abstract,Chemical,baclofen,Baclofen,D001418,ncbi_mesh,True
29774754,abstract,Chemical,DEHP,Diethylhexyl Phthalate,D004051,ncbi_mesh,True
29774754,abstract,Species,rats,10116,10116,ncbi_taxonomy,True
29774754,abstract,Disease,anxiety,Anxiety,D001007,ncbi_mesh,True
29774754,abstract,Chemical,GABA,gamma-Aminobutyric Acid,D005680,ncbi_mesh,True
29774754,abstract,Chemical,GABA,gamma-Aminobutyric Acid,D005680,ncbi_mesh,True
29774754,abstract,Chemical,DEHP,Diethylhexyl Phthalate,D004051,ncbi_mesh,True
29790838,title,Chemical,taurine,Taurine,D013654,ncbi_mesh,True
29790838,title,Chemical,glutamate,Glutamic Acid,D018698,ncbi_mesh,True
29790838,title,Species,human,9606,9606,ncbi_taxonomy,True
29790838,title,Chemical,calcium,Calcium,D002118,ncbi_mesh,True
29790838,abstract,Chemical,KCl,Potassium Chloride,D011189,ncbi_mesh,True
29790838,abstract,Chemical,water,Water,D014867,ncbi_mesh,True
29790838,abstract,Species,human,9606,9606,ncbi_taxonomy,True
29790838,abstract,CellLine,MIO-M1,0433,0433,cvcl,True
29790838,abstract,Chemical,Ca2+,,,,False
29790838,abstract,Chemical,taurine,Taurine,D013654,ncbi_mesh,True
29790838,abstract,Chemical,Tau,Taurine,D013654,ncbi_mesh,True
29790838,abstract,Chemical,glutamate,Glutamic Acid,D018698,ncbi_mesh,True
29790838,abstract,Chemical,Glu,Glutamic Acid,D018698,ncbi_mesh,True
29790838,abstract,Chemical,Ca2+,,,,False
29790838,abstract,CellLine,MIO-M1,0433,0433,cvcl,True
29790838,abstract,Chemical,[3H]Tau,,,,False
29790838,abstract,Chemical,[3H]Glu,,,,False
29790838,abstract,Chemical,[3H]Tau,,,,False
29790838,abstract,Chemical,[3H]Glu,,,,False
29790838,abstract,Chemical,Tau,Taurine,D013654,ncbi_mesh,True
29790838,abstract,Chemical,Glu,Glutamic Acid,D018698,ncbi_mesh,True
29790838,abstract,Chemical,"4-(2-butyl-6,7-dichloro-2-cyclopentylindan-1-on-5-yl)-oxybutyric acid",,,,False
29790838,abstract,Chemical,carbenoxolone,Carbenoxolone,D002229,ncbi_mesh,True
29790838,abstract,Chemical,[3H]Tau,,,,False
29790838,abstract,Chemical,Ca2+,,,,False
29790838,abstract,Chemical,Ca2+,,,,False
29790838,abstract,Chemical,Ca2+,,,,False
29790838,abstract,Chemical,Tau,Taurine,D013654,ncbi_mesh,True
29790838,abstract,Chemical,Glu,Glutamic Acid,D018698,ncbi_mesh,True
29790838,abstract,Chemical,Ca2+,,,,False
29790838,abstract,Gene,phosphatidylinositol-3-kinase,PIK3R1,5295,ncbi_gene,True
29790838,abstract,Chemical,[3H]Glu,,,,False
29790838,abstract,Chemical,Ca2+,,,,False
29790838,abstract,Chemical,[3H]Tau,,,,False
29790838,abstract,Chemical,Ca2+,,,,False
29790838,abstract,Chemical,Tau,Taurine,D013654,ncbi_mesh,True
29790838,abstract,Chemical,Glu,Glutamic Acid,D018698,ncbi_mesh,True
29790838,abstract,Chemical,Ca2+,,,,False
29790838,abstract,Chemical,taurine,Taurine,D013654,ncbi_mesh,True
29790838,abstract,Chemical,glutamate,Glutamic Acid,D018698,ncbi_mesh,True
29790838,abstract,Species,human,9606,9606,ncbi_taxonomy,True
29790838,abstract,Chemical,Ca2+,,,,False
29790838,abstract,Gene,leucine-rich repeat containing 8,LRRC8A,56262,ncbi_gene,True
29790838,abstract,Gene,LRRC8,LRRC8A,56262,ncbi_gene,True
29807709,title,Chemical,Shiga toxin 2B,,,,False
29807709,title,Species,calves,9913,9913,ncbi_taxonomy,True
29807709,title,Species,Escherichia coli O157:H7,83334,83334,ncbi_taxonomy,True
29807709,abstract,Species,Escherichia coli O157:H7,83334,83334,ncbi_taxonomy,True
29807709,abstract,Species,E.coli,562,562,ncbi_taxonomy,True
29807709,abstract,Species,STEC,,,,False
29807709,abstract,Disease,Hemolytic Uremic Syndrome,Hemolytic-Uremic Syndrome,D006463,ncbi_mesh,True
29807709,abstract,Disease,HUS,Hemolytic-Uremic Syndrome,D006463,ncbi_mesh,True
29807709,abstract,Species,humans,9606,9606,ncbi_taxonomy,True
29807709,abstract,Species,STEC,,,,False
29807709,abstract,Species,cattle,9913,9913,ncbi_taxonomy,True
29807709,abstract,Species,calves,9913,9913,ncbi_taxonomy,True
29807709,abstract,Chemical,IntC280,,,,False
29807709,abstract,Species,E.coli O157:H7,83334,83334,ncbi_taxonomy,True
29807709,abstract,Species,bovine,9913,9913,ncbi_taxonomy,True
29807709,abstract,Species,Brucella,234,234,ncbi_taxonomy,True
29807709,abstract,Gene,Stx2,STX2,519148,ncbi_gene,True
29807709,abstract,Species,calves,9913,9913,ncbi_taxonomy,True
29807709,abstract,Chemical,IntC280,,,,False
29807709,abstract,Chemical,IntC280,,,,False
29807709,abstract,Species,calves,9913,9913,ncbi_taxonomy,True
29807709,abstract,Species,E.coli O157:H7,83334,83334,ncbi_taxonomy,True
29807709,abstract,Species,E.coli O157:H7,83334,83334,ncbi_taxonomy,True
29807709,abstract,Species,Calves,9913,9913,ncbi_taxonomy,True
29807709,abstract,Gene,Stx2,STX2,519148,ncbi_gene,True
29807709,abstract,Disease,verocytotoxicity,,,,False
29807709,abstract,Species,E.coli O157:H7,83334,83334,ncbi_taxonomy,True
29807709,abstract,Chemical,IntC280,,,,False
29807709,abstract,Species,E.coli O157:H7,83334,83334,ncbi_taxonomy,True
29807709,abstract,Species,cattle,9913,9913,ncbi_taxonomy,True
30102439,title,Chemical,CoCl2,cobaltous chloride,C018021,ncbi_mesh,True
30102439,title,Species,zebrafish,7955,7955,ncbi_taxonomy,True
30102439,abstract,Species,zebrafish,7955,7955,ncbi_taxonomy,True
30102439,abstract,Disease,cytotoxic damage to the retina,Retinal Neoplasms,D019572,ncbi_mesh,True
30102439,abstract,Species,zebrafish,7955,7955,ncbi_taxonomy,True
30102439,abstract,Chemical,cobalt chloride,cobaltous chloride,C018021,ncbi_mesh,True
30102439,abstract,Chemical,CoCl2,cobaltous chloride,C018021,ncbi_mesh,True
30102439,abstract,Chemical,CoCl2,cobaltous chloride,C018021,ncbi_mesh,True
30102439,abstract,Chemical,CoCl2,cobaltous chloride,C018021,ncbi_mesh,True
30102439,abstract,Gene,hpl,hp,566096,ncbi_gene,True
30102439,abstract,Chemical,CoCl2,cobaltous chloride,C018021,ncbi_mesh,True
30102439,abstract,Chemical,CoCl2,cobaltous chloride,C018021,ncbi_mesh,True
30102439,abstract,Chemical,CoCl2,cobaltous chloride,C018021,ncbi_mesh,True
30102439,abstract,Disease,vascular damage,Vascular System Injuries,D057772,ncbi_mesh,True
30102439,abstract,Chemical,CoCl2,cobaltous chloride,C018021,ncbi_mesh,True
30102439,abstract,Chemical,CoCl2,cobaltous chloride,C018021,ncbi_mesh,True
30102439,abstract,Chemical,CoCl2,cobaltous chloride,C018021,ncbi_mesh,True
30102439,abstract,Gene,hpl,hp,566096,ncbi_gene,True
30102439,abstract,Gene,vascular endothelial growth factor,vegfaa,30682,ncbi_gene,True
30102439,abstract,Gene,VEGF,vegfaa,30682,ncbi_gene,True
30102439,abstract,Gene,hpl,hp,566096,ncbi_gene,True
30139698,title,Disease,Podocyturia,,,,False
30139698,title,Species,patients,9606,9606,ncbi_taxonomy,True
30139698,title,Disease,Fabry disease,Fabry Disease,D000795,ncbi_mesh,True
30139698,abstract,Disease,Fabry disease,Fabry Disease,D000795,ncbi_mesh,True
30139698,abstract,Disease,FD,Fabry Disease,D000795,ncbi_mesh,True
30139698,abstract,Disease,hereditary disorder,Neoplastic Syndromes Hereditary,D009386,ncbi_mesh,True
30139698,abstract,Gene,alpha-galactosidase A,GLA,2717,ncbi_gene,True
30139698,abstract,Species,patients,9606,9606,ncbi_taxonomy,True
30139698,abstract,Disease,FD,Fabry Disease,D000795,ncbi_mesh,True
30139698,abstract,Disease,podocyturia,,,,False
30139698,abstract,Disease,podocyturia,,,,False
30139698,abstract,Disease,albuminuria,Albuminuria,D000419,ncbi_mesh,True
30139698,abstract,Species,patients,9606,9606,ncbi_taxonomy,True
30139698,abstract,Disease,FD,Fabry Disease,D000795,ncbi_mesh,True
30139698,abstract,Disease,albuminuria,Albuminuria,D000419,ncbi_mesh,True
30139698,abstract,Disease,Fabry,Fabry Disease,D000795,ncbi_mesh,True
30139698,abstract,Disease,Fabry,Fabry Disease,D000795,ncbi_mesh,True
30139698,abstract,Species,patients,9606,9606,ncbi_taxonomy,True
30139698,abstract,Disease,FD,Fabry Disease,D000795,ncbi_mesh,True
30139698,abstract,Disease,FD,Fabry Disease,D000795,ncbi_mesh,True
30139698,abstract,Disease,podocyturia,,,,False
30139698,abstract,Disease,albuminuria,Albuminuria,D000419,ncbi_mesh,True
30139698,abstract,Gene,synaptopodin,SYNPO,11346,ncbi_gene,True
30139698,abstract,Disease,Albuminuria,Albuminuria,D000419,ncbi_mesh,True
30139698,abstract,Species,patients,9606,9606,ncbi_taxonomy,True
30139698,abstract,Disease,FD,Fabry Disease,D000795,ncbi_mesh,True
30139698,abstract,Disease,albuminuria,Albuminuria,D000419,ncbi_mesh,True
30139698,abstract,Disease,podocyturia,,,,False
30139698,abstract,Disease,Fabry,Fabry Disease,D000795,ncbi_mesh,True
30139698,abstract,Disease,podocyturia,,,,False
30139698,abstract,Disease,albuminuria,Albuminuria,D000419,ncbi_mesh,True
30139698,abstract,Disease,Fabry,Fabry Disease,D000795,ncbi_mesh,True
30139698,abstract,Disease,albuminuria,Albuminuria,D000419,ncbi_mesh,True
30139698,abstract,Disease,podocyturia,,,,False
30139698,abstract,Disease,podocyturia,,,,False
30139698,abstract,Species,patients,9606,9606,ncbi_taxonomy,True
30139698,abstract,Disease,FD,Fabry Disease,D000795,ncbi_mesh,True
30139698,abstract,Disease,renal damage,Kidney Diseases,D007674,ncbi_mesh,True
30139698,abstract,Disease,albuminuria,Albuminuria,D000419,ncbi_mesh,True
30204500,title,Gene,VIP,Vip,22353,ncbi_gene,True
30204500,title,Disease,loss,Tooth Loss,D016388,ncbi_mesh,True
30204500,title,Species,mice,10090,10090,ncbi_taxonomy,True
30204500,abstract,Disease,loss,Tooth Loss,D016388,ncbi_mesh,True
30204500,abstract,Disease,pregnancy complications,Pregnancy Complications,D011248,ncbi_mesh,True
30204500,abstract,Disease,preeclampsia,Pre-Eclampsia,D011225,ncbi_mesh,True
30204500,abstract,Disease,intrauterine growth restriction,Fetal Growth Retardation,D005317,ncbi_mesh,True
30204500,abstract,Gene,Vasoactive intestinal peptide,Vip,22353,ncbi_gene,True
30204500,abstract,Gene,VIP,Vip,22353,ncbi_gene,True
30204500,abstract,Species,murine,10090,10090,ncbi_taxonomy,True
30204500,abstract,Gene,VIP,Vip,22353,ncbi_gene,True
30204500,abstract,Gene,VIP,Vip,22353,ncbi_gene,True
30204500,abstract,Gene,VIP,Vip,22353,ncbi_gene,True
30204500,abstract,Gene,matrix metalloproteinase 9,Mmp9,17395,ncbi_gene,True
30204500,abstract,Gene,VIP,Vip,22353,ncbi_gene,True
30204500,abstract,Species,mice,10090,10090,ncbi_taxonomy,True
30204500,abstract,Gene,VIP,Vip,22353,ncbi_gene,True
30204500,abstract,Species,mouse,10090,10090,ncbi_taxonomy,True
30204500,abstract,Gene,VIP,Vip,22353,ncbi_gene,True
30204500,abstract,Disease,loss,Tooth Loss,D016388,ncbi_mesh,True
30204500,abstract,Species,mice,10090,10090,ncbi_taxonomy,True
24466317,title,Species,Escherichia coli,562,562,ncbi_taxonomy,True
24466317,title,Species,human,9606,9606,ncbi_taxonomy,True
24466317,abstract,Species,Escherichia coli,562,562,ncbi_taxonomy,True
24466317,abstract,Species,STEC,,,,False
24466317,abstract,Disease,post-diarrhea Hemolytic Uremic Syndrome,Diarrhea prodrome + Hemolytic-Uremic Syndrome,C531700,ncbi_mesh,True
24466317,abstract,Disease,HUS,Hemolytic-Uremic Syndrome,D006463,ncbi_mesh,True
24466317,abstract,Disease,acute renal failure,Acute Kidney Injury,D058186,ncbi_mesh,True
24466317,abstract,Species,STEC,,,,False
24466317,abstract,Disease,HUS,Hemolytic-Uremic Syndrome,D006463,ncbi_mesh,True
24466317,abstract,Disease,cytotoxic,Drug-Related Side Effects and Adverse Reactions,D064420,ncbi_mesh,True
24466317,abstract,Species,human,9606,9606,ncbi_taxonomy,True
24466317,abstract,CellLine,HRTEC,WN15,WN15,cvcl,True
24466317,abstract,Chemical,Shiga toxin type 2,,,,False
24466317,abstract,Chemical,Stx2,,,,False
24466317,abstract,Disease,renal injury,Kidney Diseases,D007674,ncbi_mesh,True
24466317,abstract,Disease,HUS,Hemolytic-Uremic Syndrome,D006463,ncbi_mesh,True
24466317,abstract,CellLine,HRTEC,WN15,WN15,cvcl,True
24466317,abstract,Chemical,Stx2,,,,False
24466317,abstract,CellLine,HRTEC,WN15,WN15,cvcl,True
24466317,abstract,CellLine,HRTEC,WN15,WN15,cvcl,True
24466317,abstract,Disease,cytotoxic,Drug-Related Side Effects and Adverse Reactions,D064420,ncbi_mesh,True
24466317,abstract,Chemical,Stx2,,,,False
24466317,abstract,CellLine,HRTEC,WN15,WN15,cvcl,True
24466317,abstract,Chemical,Stx2,,,,False
24466317,abstract,CellLine,HRTEC,WN15,WN15,cvcl,True
24466317,abstract,Chemical,SubAA272B toxin,,,,False
24466317,abstract,CellLine,Vero,0059,0059,cvcl,True
24466317,abstract,Chemical,Stx2,,,,False
24466317,abstract,CellLine,HRTEC,WN15,WN15,cvcl,True
24466317,abstract,CellLine,HRTEC,WN15,WN15,cvcl,True
24466317,abstract,Disease,cytotoxic,Drug-Related Side Effects and Adverse Reactions,D064420,ncbi_mesh,True
24466317,abstract,Chemical,Stx2,,,,False
24859216,title,Disease,intellectual disability,Intellectual Disability,D008607,ncbi_mesh,True
24859216,title,Disease,RASopathies,,,,False
24859216,abstract,Disease,Intellectual disability,Intellectual Disability,D008607,ncbi_mesh,True
24859216,abstract,Disease,mental retardation,Intellectual Disability,D008607,ncbi_mesh,True
24859216,abstract,Disease,intellectual and adaptive cognitive disability,Intellectual Disability,D008607,ncbi_mesh,True
24859216,abstract,Disease,intellectual disability,Intellectual Disability,D008607,ncbi_mesh,True
24859216,abstract,Disease,learning and learning disability,Learning Disabilities,D007859,ncbi_mesh,True
24859216,abstract,Disease,learning disability,Learning Disabilities,D007859,ncbi_mesh,True
24859216,abstract,Disease,intellectual disability,Intellectual Disability,D008607,ncbi_mesh,True
24859216,abstract,Disease,RASopathies,,,,False
24859216,abstract,Disease,genetic disorders,Genetic Diseases Inborn,D030342,ncbi_mesh,True
24859216,abstract,Disease,intellectual disability,Intellectual Disability,D008607,ncbi_mesh,True
24859216,abstract,Disease,intellectual disability,Intellectual Disability,D008607,ncbi_mesh,True
25157355,title,Chemical,Shiga toxin type 2,,,,False
25157355,title,Disease,maternal,Obesity Maternal,D000079262,ncbi_mesh,True
25157355,title,Species,rats,10116,10116,ncbi_taxonomy,True
25157355,abstract,Species,Escherichia coli,562,562,ncbi_taxonomy,True
25157355,abstract,Species,STEC,,,,False
25157355,abstract,Disease,maternal,Obesity Maternal,D000079262,ncbi_mesh,True
25157355,abstract,Species,rats,10116,10116,ncbi_taxonomy,True
25157355,abstract,Species,rats,10116,10116,ncbi_taxonomy,True
25157355,abstract,Disease,Maternal,Obesity Maternal,D000079262,ncbi_mesh,True
25157355,abstract,Disease,weight loss,Weight Loss,D015431,ncbi_mesh,True
25157355,abstract,Species,rats,10116,10116,ncbi_taxonomy,True
25157355,abstract,Disease,maternal,Obesity Maternal,D000079262,ncbi_mesh,True
25157355,abstract,Chemical,globotriaosylceramide,globotriaosylceramide,C018549,ncbi_mesh,True
25157355,abstract,Gene,Gb3,A4galt,63888,ncbi_gene,True
25157355,abstract,Species,rats,10116,10116,ncbi_taxonomy,True
25157355,abstract,Disease,maternal,Obesity Maternal,D000079262,ncbi_mesh,True
25157355,abstract,Disease,weight loss,Weight Loss,D015431,ncbi_mesh,True
25157355,abstract,Disease,pregnancy loss,Abortion Spontaneous,D000022,ncbi_mesh,True
25157355,abstract,Disease,pregnancy loss,Abortion Spontaneous,D000022,ncbi_mesh,True
25157355,abstract,Disease,maternal,Obesity Maternal,D000079262,ncbi_mesh,True
25157355,abstract,Species,rats,10116,10116,ncbi_taxonomy,True
25157355,abstract,Species,human,9606,9606,ncbi_taxonomy,True
25157355,abstract,Disease,pregnancy loss,Abortion Spontaneous,D000022,ncbi_mesh,True
25157355,abstract,Disease,maternal,Obesity Maternal,D000079262,ncbi_mesh,True
25392493,title,Species,mouse,10090,10090,ncbi_taxonomy,True
25392493,title,Disease,TDP-43 proteinopathies,TDP-43 Proteinopathies,D057177,ncbi_mesh,True
25392493,abstract,Gene,TDP-43,Tardbp,230908,ncbi_gene,True
25392493,abstract,Disease,amyotrophic lateral sclerosis,Amyotrophic Lateral Sclerosis,D000690,ncbi_mesh,True
25392493,abstract,Disease,frontotemporal dementia,Frontotemporal Dementia,D057180,ncbi_mesh,True
25392493,abstract,Disease,FTD,Frontotemporal Dementia,D057180,ncbi_mesh,True
25392493,abstract,Species,mice,10090,10090,ncbi_taxonomy,True
25392493,abstract,Gene,TDP-43,Tardbp,230908,ncbi_gene,True
25392493,abstract,Gene,TDP-43,Tardbp,230908,ncbi_gene,True
25392493,abstract,Disease,TDP-43 proteinopathies,TDP-43 Proteinopathies,D057177,ncbi_mesh,True
25392493,abstract,Disease,FTD,Frontotemporal Dementia,D057180,ncbi_mesh,True
25392493,abstract,Chemical,doxycycline,Doxycycline,D004318,ncbi_mesh,True
25392493,abstract,Disease,motor abnormalities,Abnormalities Drug-Induced,D000014,ncbi_mesh,True
25392493,abstract,Disease,hyperlocomotion,,,,False
25392493,abstract,Disease,impaired coordination and balance,Ataxia,D001259,ncbi_mesh,True
25392493,abstract,Disease,spasticity,Muscle Spasticity,D009128,ncbi_mesh,True
25392493,abstract,Disease,impaired recognition and spatial memory,Memory Disorders,D008569,ncbi_mesh,True
25392493,abstract,Gene,TDP-43,Tardbp,230908,ncbi_gene,True
25392493,abstract,Species,mice,10090,10090,ncbi_taxonomy,True
25392493,abstract,Disease,FTD,Frontotemporal Dementia,D057180,ncbi_mesh,True
25392493,abstract,Species,mice,10090,10090,ncbi_taxonomy,True
25392493,abstract,Disease,neurodegeneration,Neurodegenerative Diseases,D019636,ncbi_mesh,True
25392493,abstract,Disease,motor and cognitive deficits,Cognition Disorders,D003072,ncbi_mesh,True
25392493,abstract,Species,mice,10090,10090,ncbi_taxonomy,True
25392493,abstract,Disease,neurodegeneration,Neurodegenerative Diseases,D019636,ncbi_mesh,True
25392493,abstract,Disease,motor deficits,Neurologic Manifestations,D009461,ncbi_mesh,True
25392493,abstract,Gene,TDP-43,Tardbp,230908,ncbi_gene,True
25392493,abstract,Species,mice,10090,10090,ncbi_taxonomy,True
25392493,abstract,Disease,FTD,Frontotemporal Dementia,D057180,ncbi_mesh,True
25392493,abstract,Disease,motor neuron disease,Motor Neuron Disease,D016472,ncbi_mesh,True
25392493,abstract,Disease,TDP-43 proteinopathies,TDP-43 Proteinopathies,D057177,ncbi_mesh,True
25506318,title,Chemical,dopamine,Dopamine,D004298,ncbi_mesh,True
25506318,abstract,Gene,dopamine D1/D5 receptors,DRD1,1812,ncbi_gene,True
25794836,title,Chemical,water,Water,D014867,ncbi_mesh,True
25794836,title,Species,human,9606,9606,ncbi_taxonomy,True
25794836,title,Species,Escherichia coli O157:H7 infection,,,,False
25794836,abstract,Species,Escherichia coli,562,562,ncbi_taxonomy,True
25794836,abstract,Species,STEC,,,,False
25794836,abstract,Disease,bloody and non-bloody diarrhea,Diarrhea,D003967,ncbi_mesh,True
25794836,abstract,Disease,hemorrhagic colitis,Colitis,D003092,ncbi_mesh,True
25794836,abstract,Disease,hemolytic uremic syndrome,Hemolytic-Uremic Syndrome,D006463,ncbi_mesh,True
25794836,abstract,Disease,HUS,Hemolytic-Uremic Syndrome,D006463,ncbi_mesh,True
25794836,abstract,Species,STEC,,,,False
25794836,abstract,Disease,hemorrhagic colitis,Colitis,D003092,ncbi_mesh,True
25794836,abstract,Species,E. coli O157:H7,83334,83334,ncbi_taxonomy,True
25794836,abstract,Disease,HUS,Hemolytic-Uremic Syndrome,D006463,ncbi_mesh,True
25794836,abstract,Species,E. coli O157:H7,83334,83334,ncbi_taxonomy,True
25794836,abstract,Disease,infection,Infections,D007239,ncbi_mesh,True
25794836,abstract,Disease,diarrhea,Diarrhea,D003967,ncbi_mesh,True
25794836,abstract,Gene,Stx2,STX2,2054,ncbi_gene,True
25794836,abstract,Species,E. coli O157:H7 strain 125/99,,,,False
25794836,abstract,Species,human,9606,9606,ncbi_taxonomy,True
25794836,abstract,Chemical,water,Water,D014867,ncbi_mesh,True
25794836,abstract,Species,human,9606,9606,ncbi_taxonomy,True
25794836,abstract,Disease,necrosis,Necrosis,D009336,ncbi_mesh,True
25794836,abstract,Disease,inflammatory,Inflammation,D007249,ncbi_mesh,True
25794836,abstract,Gene,stx2,STX2,2054,ncbi_gene,True
25794836,abstract,Species,human,9606,9606,ncbi_taxonomy,True
25794836,abstract,Gene,Stx2,STX2,2054,ncbi_gene,True
25794836,abstract,Gene,Stx2,STX2,2054,ncbi_gene,True
25794836,abstract,Gene,Stx2,STX2,2054,ncbi_gene,True
25794836,abstract,Disease,STEC infections,Escherichia coli Infections,D004927,ncbi_mesh,True
25819809,title,Disease,hypoxia,Hypoxia,D000860,ncbi_mesh,True
25819809,title,Disease,inflammation,Inflammation,D007249,ncbi_mesh,True
25819809,title,Disease,pregnancy loss,Abortion Spontaneous,D000022,ncbi_mesh,True
25819809,title,Chemical,Shiga toxin type 2,,,,False
25819809,abstract,Species,Escherichia coli (,562,562,ncbi_taxonomy,True
25819809,abstract,Species,STEC) infections,,,,False
25819809,abstract,Disease,pregnancy loss,Abortion Spontaneous,D000022,ncbi_mesh,True
25819809,abstract,Species,rats,10116,10116,ncbi_taxonomy,True
25819809,abstract,Species,rats,10116,10116,ncbi_taxonomy,True
25819809,abstract,Species,rats,10116,10116,ncbi_taxonomy,True
25819809,abstract,Chemical,PBS,Lead,D007854,ncbi_mesh,True
25819809,abstract,Gene,Gb3,A4galt,63888,ncbi_gene,True
25819809,abstract,Disease,hypoxia,Hypoxia,D000860,ncbi_mesh,True
25819809,abstract,Chemical,pimonidazole,pimonidazole,C033815,ncbi_mesh,True
25819809,abstract,Gene,vascular endothelial growth factor,Vegfa,83785,ncbi_gene,True
25819809,abstract,Gene,VEGF,Vegfa,83785,ncbi_gene,True
25819809,abstract,Gene,Tumor necrosis factor-alpha,Tnf,24835,ncbi_gene,True
25819809,abstract,Gene,TNF-alpha,Tnf,24835,ncbi_gene,True
25819809,abstract,Chemical,progesterone,Progesterone,D011374,ncbi_mesh,True
25819809,abstract,Species,rats,10116,10116,ncbi_taxonomy,True
25819809,abstract,Disease,growth restriction,Fetal Growth Retardation,D005317,ncbi_mesh,True
25819809,abstract,Species,rats,10116,10116,ncbi_taxonomy,True
25819809,abstract,Disease,hypoxia,Hypoxia,D000860,ncbi_mesh,True
25819809,abstract,Gene,TNF-alpha,Tnf,24835,ncbi_gene,True
25819809,abstract,Chemical,progesterone,Progesterone,D011374,ncbi_mesh,True
25819809,abstract,Gene,VEGF,Vegfa,83785,ncbi_gene,True
25819809,abstract,Gene,Gb3,A4galt,63888,ncbi_gene,True
25819809,abstract,Chemical,oxygen,Oxygen,D010100,ncbi_mesh,True
25819809,abstract,Disease,inflammation,Inflammation,D007249,ncbi_mesh,True
25819809,abstract,Disease,pregnancy loss,Abortion Spontaneous,D000022,ncbi_mesh,True
25819809,abstract,Chemical,progesterone,Progesterone,D011374,ncbi_mesh,True
25819809,abstract,Gene,VEGF,Vegfa,83785,ncbi_gene,True
25819809,abstract,Disease,pregnancy loss,Abortion Spontaneous,D000022,ncbi_mesh,True
25856239,abstract,Chemical,potassium,Potassium,D011188,ncbi_mesh,True
25856239,abstract,Gene,Kir,KIR2DL4,3805,ncbi_gene,True
25856239,abstract,Gene,KDR,KDR,3791,ncbi_gene,True
25872916,title,Disease,Neonatal Dopamine Dysfunction,Infant Newborn Diseases,D007232,ncbi_mesh,True
25872916,abstract,Disease,dopaminergic,Nervous System Diseases,D009422,ncbi_mesh,True
25872916,abstract,Disease,locomotor hyperactivity,Movement Disorders,D009069,ncbi_mesh,True
25872916,abstract,Disease,learning deficits,Learning Disabilities,D007859,ncbi_mesh,True
25872916,abstract,Disease,attention deficit hyperactivity disorder,Attention Deficit Disorder with Hyperactivity,D001289,ncbi_mesh,True
25872916,abstract,Disease,dopaminergic,Nervous System Diseases,D009422,ncbi_mesh,True
25872916,abstract,Disease,behavioral deficits,Attention Deficit and Disruptive Behavior Disorders,D019958,ncbi_mesh,True
25872916,abstract,Disease,dopaminergic,Nervous System Diseases,D009422,ncbi_mesh,True
25872916,abstract,Disease,neuropsychiatric conditions,Mental Disorders,D001523,ncbi_mesh,True
25872916,abstract,Disease,dopaminergic,Nervous System Diseases,D009422,ncbi_mesh,True
25963416,title,Chemical,levodopa,Levodopa,D007980,ncbi_mesh,True
25963416,title,Chemical,pramipexole,Pramipexole,D000077487,ncbi_mesh,True
25963416,title,Species,rat,10116,10116,ncbi_taxonomy,True
25963416,title,Disease,Parkinson's disease,Parkinson Disease,D010300,ncbi_mesh,True
25963416,abstract,Disease,Parkinson's disease,Parkinson Disease,D010300,ncbi_mesh,True
25963416,abstract,Chemical,levodopa,Levodopa,D007980,ncbi_mesh,True
25963416,abstract,Chemical,D2 agonist,,,,False
25963416,abstract,Chemical,pramipexole,Pramipexole,D000077487,ncbi_mesh,True
25963416,abstract,Chemical,Levodopa,Levodopa,D007980,ncbi_mesh,True
25963416,abstract,Chemical,levodopa,Levodopa,D007980,ncbi_mesh,True
25963416,abstract,Chemical,D2,dextrin 2-sulfate,C091377,ncbi_mesh,True
25963416,abstract,Disease,Parkinson's disease,Parkinson Disease,D010300,ncbi_mesh,True
25963416,abstract,Chemical,levodopa,Levodopa,D007980,ncbi_mesh,True
25963416,abstract,Chemical,pramipexole,Pramipexole,D000077487,ncbi_mesh,True
25963416,abstract,Chemical,levodopa,Levodopa,D007980,ncbi_mesh,True
25963416,abstract,Chemical,pramipexole,Pramipexole,D000077487,ncbi_mesh,True
25963416,abstract,Disease,Parkinson's disease,Parkinson Disease,D010300,ncbi_mesh,True
25963416,abstract,Chemical,levodopa,Levodopa,D007980,ncbi_mesh,True
25981209,title,Chemical,nicotine,Nicotine,D009538,ncbi_mesh,True
25981209,title,Chemical,fluoxetine,Fluoxetine,D005473,ncbi_mesh,True
25981209,abstract,Chemical,nicotine,Nicotine,D009538,ncbi_mesh,True
25981209,abstract,Chemical,fluoxetine,Fluoxetine,D005473,ncbi_mesh,True
25981209,abstract,Chemical,nicotine,Nicotine,D009538,ncbi_mesh,True
25981209,abstract,Species,rats,10116,10116,ncbi_taxonomy,True
25981209,abstract,Chemical,fluoxetine,Fluoxetine,D005473,ncbi_mesh,True
25981209,abstract,Chemical,nicotine,Nicotine,D009538,ncbi_mesh,True
25981209,abstract,Chemical,Fluoxetine,Fluoxetine,D005473,ncbi_mesh,True
25981209,abstract,Chemical,nicotine,Nicotine,D009538,ncbi_mesh,True
25981209,abstract,Chemical,fluoxetine,Fluoxetine,D005473,ncbi_mesh,True
25981209,abstract,Chemical,nicotine,Nicotine,D009538,ncbi_mesh,True
25981209,abstract,Chemical,nicotine,Nicotine,D009538,ncbi_mesh,True
25981209,abstract,Chemical,fluoxetine,Fluoxetine,D005473,ncbi_mesh,True
25981209,abstract,Chemical,nicotine,Nicotine,D009538,ncbi_mesh,True
25981209,abstract,Gene,CREB,Creb1,81646,ncbi_gene,True
25981209,abstract,Gene,HDAC2,Hdac2,84577,ncbi_gene,True
25981209,abstract,Gene,histone deacetylase 2,Hdac2,84577,ncbi_gene,True
25981209,abstract,Chemical,fluoxetine,Fluoxetine,D005473,ncbi_mesh,True
25981209,abstract,Chemical,nicotine,Nicotine,D009538,ncbi_mesh,True
25981209,abstract,Chemical,fluoxetine,Fluoxetine,D005473,ncbi_mesh,True
25981209,abstract,Chemical,nicotine,Nicotine,D009538,ncbi_mesh,True
25981209,abstract,Disease,nicotine addiction,Tobacco Use Disorder,D014029,ncbi_mesh,True
26030198,title,Species,Escherichia coli O157:H7,83334,83334,ncbi_taxonomy,True
26030198,title,Species,Cattle,9913,9913,ncbi_taxonomy,True
26030198,abstract,Disease,hemolytic uremic syndrome,Hemolytic-Uremic Syndrome,D006463,ncbi_mesh,True
26030198,abstract,Disease,HUS,Hemolytic-Uremic Syndrome,D006463,ncbi_mesh,True
26030198,abstract,Species,Escherichia coli (EHEC) O157:H7,,,,False
26030198,abstract,Disease,HUS,Hemolytic-Uremic Syndrome,D006463,ncbi_mesh,True
26030198,abstract,Species,Cattle,9913,9913,ncbi_taxonomy,True
26030198,abstract,Disease,infection,Infections,D007239,ncbi_mesh,True
26030198,abstract,Species,E. coli O157:H7,83334,83334,ncbi_taxonomy,True
26030198,abstract,Species,E. coli O157:H7,83334,83334,ncbi_taxonomy,True
26030198,abstract,Species,EHEC O157:H7,,,,False
26030198,abstract,Species,cattle,9913,9913,ncbi_taxonomy,True
26030198,abstract,Species,human,9606,9606,ncbi_taxonomy,True
26030198,abstract,Species,human,9606,9606,ncbi_taxonomy,True
26030198,abstract,Species,E. coli O157:H7,83334,83334,ncbi_taxonomy,True
26030198,abstract,CellLine,EDL933,4J15,4J15,cvcl,True
26030198,abstract,Species,human,9606,9606,ncbi_taxonomy,True
26030198,abstract,Gene,Stx2,Stx2,13852,ncbi_gene,True
26030198,abstract,Disease,uremia,Uremia,D014511,ncbi_mesh,True
26030198,abstract,Species,mouse,10090,10090,ncbi_taxonomy,True
26030198,abstract,Species,cattle,9913,9913,ncbi_taxonomy,True
26030198,abstract,Disease,HUS,Hemolytic-Uremic Syndrome,D006463,ncbi_mesh,True
26064721,title,Disease,Podocyturia,,,,False
26064721,title,Disease,Proteinuria,Proteinuria,D011507,ncbi_mesh,True
26064721,title,Disease,Fabry Disease,Fabry Disease,D000795,ncbi_mesh,True
26064721,abstract,Species,patient,9606,9606,ncbi_taxonomy,True
26064721,abstract,Disease,Fabry disease,Fabry Disease,D000795,ncbi_mesh,True
26064721,abstract,Disease,Fabry nephropathy,Fabry Disease,D000795,ncbi_mesh,True
26064721,abstract,Disease,renal disease,Kidney Diseases,D007674,ncbi_mesh,True
26064721,abstract,Disease,proteinuria,Proteinuria,D011507,ncbi_mesh,True
26064721,abstract,Chemical,creatinine,Creatinine,D003404,ncbi_mesh,True
26064721,abstract,Disease,renal damage,Kidney Diseases,D007674,ncbi_mesh,True
26064721,abstract,Disease,proteinuria,Proteinuria,D011507,ncbi_mesh,True
26064721,abstract,Disease,kidney disease,Kidney Diseases,D007674,ncbi_mesh,True
26064721,abstract,Disease,podocyturia,,,,False
26064721,abstract,Disease,proteinuria,Proteinuria,D011507,ncbi_mesh,True
26064721,abstract,Disease,kidney damage,Kidney Diseases,D007674,ncbi_mesh,True
26064721,abstract,Disease,Podocyturia,,,,False
26064721,abstract,Disease,Fabry disease,Fabry Disease,D000795,ncbi_mesh,True
26192095,title,Disease,Alcohol hangover,610251,610251,omim,True
26192095,title,Disease,mitochondrial dysfunction,Mitochondrial Diseases,D028361,ncbi_mesh,True
26192095,title,Chemical,free,,,,False
26192095,title,Species,mouse,10090,10090,ncbi_taxonomy,True
26192095,abstract,Disease,Alcohol hangover,610251,610251,omim,True
26192095,abstract,Disease,AH,610251,610251,omim,True
26192095,abstract,Chemical,alcohol,Alcohols,D000438,ncbi_mesh,True
26192095,abstract,Chemical,ethanol,Ethanol,D000431,ncbi_mesh,True
26192095,abstract,Chemical,EtOH,Ethanol,D000431,ncbi_mesh,True
26192095,abstract,Disease,AH,610251,610251,omim,True
26192095,abstract,Disease,mitochondrial dysfunction,Mitochondrial Diseases,D028361,ncbi_mesh,True
26192095,abstract,Chemical,free,,,,False
26192095,abstract,Species,mouse,10090,10090,ncbi_taxonomy,True
26192095,abstract,Chemical,reactive oxygen species,Reactive Oxygen Species,D017382,ncbi_mesh,True
26192095,abstract,Species,mouse,10090,10090,ncbi_taxonomy,True
26192095,abstract,Disease,AH,610251,610251,omim,True
26192095,abstract,Species,mice,10090,10090,ncbi_taxonomy,True
26192095,abstract,Chemical,EtOH,Ethanol,D000431,ncbi_mesh,True
26192095,abstract,Disease,AH,610251,610251,omim,True
26192095,abstract,Disease,AH,610251,610251,omim,True
26192095,abstract,Chemical,malate,malic acid,C030298,ncbi_mesh,True
26192095,abstract,Chemical,glutamate,Glutamic Acid,D018698,ncbi_mesh,True
26192095,abstract,Chemical,succinate,Succinic Acid,D019802,ncbi_mesh,True
26192095,abstract,Chemical,oxygen,Oxygen,D010100,ncbi_mesh,True
26192095,abstract,Disease,I-III and IV,Glycogen Storage Disease Type IV,D006011,ncbi_mesh,True
26192095,abstract,Disease,AH,610251,610251,omim,True
26192095,abstract,Disease,AH,610251,610251,omim,True
26192095,abstract,Disease,AH,610251,610251,omim,True
26192095,abstract,Chemical,superoxide anion,Superoxides,D013481,ncbi_mesh,True
26192095,abstract,Chemical,hydrogen peroxide,Hydrogen Peroxide,D006861,ncbi_mesh,True
26192095,abstract,Chemical,nitric oxide,Nitric Oxide,D009569,ncbi_mesh,True
26192095,abstract,Gene,neuronal nitric oxide synthase,Nos1,18125,ncbi_gene,True
26192095,abstract,Gene,nNOS,Nos1,18125,ncbi_gene,True
26192095,abstract,Species,mice,10090,10090,ncbi_taxonomy,True
26192095,abstract,Disease,AH,610251,610251,omim,True
26192095,abstract,Disease,mitochondrial dysfunction,Mitochondrial Diseases,D028361,ncbi_mesh,True
26192095,abstract,Species,mouse,10090,10090,ncbi_taxonomy,True
26192095,abstract,Chemical,EtOH,Ethanol,D000431,ncbi_mesh,True
26335361,title,Disease,renal damage,Kidney Diseases,D007674,ncbi_mesh,True
26335361,title,Chemical,Shiga toxin type 2,,,,False
26335361,title,Chemical,Miglustat,miglustat,C059896,ncbi_mesh,True
26335361,title,Species,human,9606,9606,ncbi_taxonomy,True
26335361,abstract,Disease,hemolytic uremic syndrome,Hemolytic-Uremic Syndrome,D006463,ncbi_mesh,True
26335361,abstract,Disease,HUS,Hemolytic-Uremic Syndrome,D006463,ncbi_mesh,True
26335361,abstract,Disease,acute and chronic renal failure,Acute Kidney Injury,D058186,ncbi_mesh,True
26335361,abstract,Disease,Renal damages,Kidney Diseases,D007674,ncbi_mesh,True
26335361,abstract,Gene,Stx1,STX1A,6804,ncbi_gene,True
26335361,abstract,Gene,Stx2,STX2,2054,ncbi_gene,True
26335361,abstract,Species,Escherichia coli O157:H7,83334,83334,ncbi_taxonomy,True
26335361,abstract,Gene,Stx2,STX2,2054,ncbi_gene,True
26335361,abstract,Species,Human,9606,9606,ncbi_taxonomy,True
26335361,abstract,Chemical,Stx,Saxitoxin,D012530,ncbi_mesh,True
26335361,abstract,Gene,Gb3,A4GALT,53947,ncbi_gene,True
26335361,abstract,Species,patients,9606,9606,ncbi_taxonomy,True
26335361,abstract,Gene,Gb3,A4GALT,53947,ncbi_gene,True
26335361,abstract,Chemical,Miglustat,miglustat,C059896,ncbi_mesh,True
26335361,abstract,Chemical,MG,Magnesium,D008274,ncbi_mesh,True
26335361,abstract,Disease,renal damage,Kidney Diseases,D007674,ncbi_mesh,True
26335361,abstract,Gene,Stx2,STX2,2054,ncbi_gene,True
26335361,abstract,CellLine,HK-2,,,,False
26335361,abstract,Chemical,MG,Magnesium,D008274,ncbi_mesh,True
26335361,abstract,Gene,Stx2,STX2,2054,ncbi_gene,True
26335361,abstract,CellLine,HK- 2,,,,False
26335361,abstract,Gene,Gb3,A4GALT,53947,ncbi_gene,True
26335361,abstract,Chemical,MG,Magnesium,D008274,ncbi_mesh,True
26335361,abstract,Gene,Stx2,STX2,2054,ncbi_gene,True
26335361,abstract,Disease,cytotoxicity,Drug-Related Side Effects and Adverse Reactions,D064420,ncbi_mesh,True
26335361,abstract,Chemical,MG,Magnesium,D008274,ncbi_mesh,True
26335361,abstract,Gene,Stx2,STX2,2054,ncbi_gene,True
26335361,abstract,Species,human,9606,9606,ncbi_taxonomy,True
26335361,abstract,Disease,cytotoxic,Drug-Related Side Effects and Adverse Reactions,D064420,ncbi_mesh,True
26335361,abstract,Gene,Stx2,STX2,2054,ncbi_gene,True
26470817,title,Chemical,water,Water,D014867,ncbi_mesh,True
26470817,title,Species,human,9606,9606,ncbi_taxonomy,True
26470817,abstract,Gene,Na(+)/H(+) exchanger (NHE)-1,SLC9A1,6548,ncbi_gene,True
26470817,abstract,Gene,NHE-2,SLC9A2,6549,ncbi_gene,True
26470817,abstract,Gene,NHE-3,SLC9A3,6550,ncbi_gene,True
26470817,abstract,Chemical,water,Water,D014867,ncbi_mesh,True
26470817,abstract,Chemical,water,Water,D014867,ncbi_mesh,True
26470817,abstract,Chemical,water,Water,D014867,ncbi_mesh,True
26470817,abstract,Chemical,water,Water,D014867,ncbi_mesh,True
26470817,abstract,Disease,acidosis,Acidosis,D000138,ncbi_mesh,True
26470817,abstract,Chemical,water,Water,D014867,ncbi_mesh,True
26484945,title,Chemical,GABA,gamma-Aminobutyric Acid,D005680,ncbi_mesh,True
26484945,title,Chemical,cocaine,Cocaine,D003042,ncbi_mesh,True
26484945,title,Chemical,caffeine,Caffeine,D002110,ncbi_mesh,True
26484945,abstract,Disease,neuropsychiatric and neurodegenerative disorders,Neurodegenerative Diseases,D019636,ncbi_mesh,True
26484945,abstract,Chemical,Cocaine,Cocaine,D003042,ncbi_mesh,True
26484945,abstract,Chemical,serotonin,Serotonin,D012701,ncbi_mesh,True
26484945,abstract,Chemical,5-HT,Serotonin,D012701,ncbi_mesh,True
26484945,abstract,Chemical,dopamine,Dopamine,D004298,ncbi_mesh,True
26484945,abstract,Chemical,noradrenaline,Norepinephrine,D009638,ncbi_mesh,True
26484945,abstract,Chemical,caffeine,Caffeine,D002110,ncbi_mesh,True
26484945,abstract,Chemical,5-HT,Serotonin,D012701,ncbi_mesh,True
26484945,abstract,Chemical,adenosine,Adenosine,D000241,ncbi_mesh,True
26484945,abstract,Chemical,5-HT,Serotonin,D012701,ncbi_mesh,True
26484945,abstract,Species,mice,10090,10090,ncbi_taxonomy,True
26484945,abstract,Gene,5-HT2A receptors,Htr2a,15558,ncbi_gene,True
26484945,abstract,Gene,5-HT2A -/-,Htr2a,15558,ncbi_gene,True
26484945,abstract,Chemical,5-HT,Serotonin,D012701,ncbi_mesh,True
26484945,abstract,Gene,5-HT2A -/-,Htr2a,15558,ncbi_gene,True
26484945,abstract,Species,mice,10090,10090,ncbi_taxonomy,True
26484945,abstract,Species,mice,10090,10090,ncbi_taxonomy,True
26484945,abstract,Chemical,5-HT,Serotonin,D012701,ncbi_mesh,True
26484945,abstract,Gene,5-HT2A -/-,Htr2a,15558,ncbi_gene,True
26484945,abstract,Species,mice,10090,10090,ncbi_taxonomy,True
26484945,abstract,Chemical,NAN-190,1-(2-methoxyphenyl)-4-(4-(2-phthalimido)butyl)piperazine,C058895,ncbi_mesh,True
26484945,abstract,Gene,5-HT1A,Htr1a,15550,ncbi_gene,True
26484945,abstract,Chemical,5-HT,Serotonin,D012701,ncbi_mesh,True
26484945,abstract,Chemical,5-HT,Serotonin,D012701,ncbi_mesh,True
26484945,abstract,Chemical,cocaine,Cocaine,D003042,ncbi_mesh,True
26484945,abstract,Gene,5-HT2A -/-,Htr2a,15558,ncbi_gene,True
26484945,abstract,Species,mice,10090,10090,ncbi_taxonomy,True
26484945,abstract,Chemical,Caffeine,Caffeine,D002110,ncbi_mesh,True
26484945,abstract,Chemical,5-HT,Serotonin,D012701,ncbi_mesh,True
26484945,abstract,Gene,5-HT1A,Htr1a,15550,ncbi_gene,True
26484945,abstract,Gene,5-HT2A receptors,Htr2a,15558,ncbi_gene,True
26484945,abstract,Chemical,GABA,gamma-Aminobutyric Acid,D005680,ncbi_mesh,True
26484945,abstract,Chemical,cocaine,Cocaine,D003042,ncbi_mesh,True
26484945,abstract,Gene,5-HT1A,Htr1a,15550,ncbi_gene,True
26484945,abstract,Gene,5-HT2A,Htr2a,15558,ncbi_gene,True
26484945,abstract,Gene,5-HT1A,Htr1a,15550,ncbi_gene,True
26484945,abstract,Gene,5-HT1A,Htr1a,15550,ncbi_gene,True
26484945,abstract,Chemical,GABA,gamma-Aminobutyric Acid,D005680,ncbi_mesh,True
26484945,abstract,Gene,5-HT2A,Htr2a,15558,ncbi_gene,True
26484945,abstract,Gene,PLC,Hspg2,15530,ncbi_gene,True
26484945,abstract,Chemical,IP3,Inositol 1 4 5-Trisphosphate,D015544,ncbi_mesh,True
26484945,abstract,Chemical,Ca(2+),,,,False
26484945,abstract,Chemical,GABA,gamma-Aminobutyric Acid,D005680,ncbi_mesh,True
26493441,title,Disease,aversion,Sexual Dysfunctions Psychological,D020018,ncbi_mesh,True
26493441,abstract,Disease,aversion,Sexual Dysfunctions Psychological,D020018,ncbi_mesh,True
26493441,abstract,Gene,CaMKII,CAMK2G,818,ncbi_gene,True
26568619,abstract,Species,human,9606,9606,ncbi_taxonomy,True
26568619,abstract,Chemical,HgCl2,Mercuric Chloride,D008627,ncbi_mesh,True
26568619,abstract,Gene,AQP3,AQP3,360,ncbi_gene,True
26568619,abstract,Chemical,CuSO4,Copper Sulfate,D019327,ncbi_mesh,True
26568619,abstract,Species,human,9606,9606,ncbi_taxonomy,True
26568619,abstract,Disease,pre-eclampsia,Pre-Eclampsia,D011225,ncbi_mesh,True
26568619,abstract,Chemical,O2,Oxygen,D010100,ncbi_mesh,True
26568619,abstract,Disease,hypoxia,Hypoxia,D000860,ncbi_mesh,True
26568619,abstract,Disease,H,Anodontia,D000848,ncbi_mesh,True
26568619,abstract,Disease,R,Ring Chromosome 20 Syndrome,C580424,ncbi_mesh,True
26568619,abstract,Disease,hypoxia,Hypoxia,D000860,ncbi_mesh,True
26568619,abstract,Chemical,H/R.,,,,False
26568619,abstract,Chemical,"3-(4,5-dimethylthiazol-2-yl)-2,5-diphenyl tetrazolium bromide",thiazolyl blue,C022616,ncbi_mesh,True
26568619,abstract,Chemical,HgCl2,Mercuric Chloride,D008627,ncbi_mesh,True
26568619,abstract,Chemical,CuSO4,Copper Sulfate,D019327,ncbi_mesh,True
26568619,abstract,Chemical,tetraethylammonium chloride,Tetraethylammonium,D019789,ncbi_mesh,True
26568619,abstract,Chemical,TEA,Tetraethylammonium,D019789,ncbi_mesh,True
26568619,abstract,Chemical,phloretin,Phloretin,D010693,ncbi_mesh,True
26568619,abstract,Gene,AQP3,AQP3,360,ncbi_gene,True
26568619,abstract,Disease,Hypoxia,Hypoxia,D000860,ncbi_mesh,True
26568619,abstract,Disease,hypoxia,Hypoxia,D000860,ncbi_mesh,True
26568619,abstract,Chemical,thiobarbituric acid reactive substance,Thiobarbituric Acid Reactive Substances,D017392,ncbi_mesh,True
26568619,abstract,Disease,hypoxia,Hypoxia,D000860,ncbi_mesh,True
26568619,abstract,Disease,hypoxia,Hypoxia,D000860,ncbi_mesh,True
26568619,abstract,Gene,Bax,BAX,581,ncbi_gene,True
26568619,abstract,Disease,H,Anodontia,D000848,ncbi_mesh,True
26568619,abstract,Disease,R,Ring Chromosome 20 Syndrome,C580424,ncbi_mesh,True
26568619,abstract,Disease,hypoxia,Hypoxia,D000860,ncbi_mesh,True
26568619,abstract,Disease,hypoxia,Hypoxia,D000860,ncbi_mesh,True
26568619,abstract,Gene,caspase-3,CASP3,836,ncbi_gene,True
26568619,abstract,Chemical,R,Arginine,D001120,ncbi_mesh,True
26568619,abstract,Chemical,HgCl2,Mercuric Chloride,D008627,ncbi_mesh,True
26568619,abstract,Gene,Bax,BAX,581,ncbi_gene,True
26568619,abstract,Gene,caspase-3,CASP3,836,ncbi_gene,True
26568619,abstract,Disease,H,Anodontia,D000848,ncbi_mesh,True
26568619,abstract,Disease,R,Ring Chromosome 20 Syndrome,C580424,ncbi_mesh,True
26568619,abstract,Chemical,HgCl2,Mercuric Chloride,D008627,ncbi_mesh,True
26568619,abstract,Gene,AQP3,AQP3,360,ncbi_gene,True
26568619,abstract,Chemical,CuSO4,Copper Sulfate,D019327,ncbi_mesh,True
26568619,abstract,Gene,caspase-3,CASP3,836,ncbi_gene,True
26568619,abstract,Chemical,CuSO4,Copper Sulfate,D019327,ncbi_mesh,True
26568619,abstract,Chemical,TEA,Tetraethylammonium,D019789,ncbi_mesh,True
26568619,abstract,Chemical,phloretin,Phloretin,D010693,ncbi_mesh,True
26568619,abstract,Gene,AQP1/4,AQP1,358,ncbi_gene,True
26568619,abstract,Gene,AQP9,AQP9,366,ncbi_gene,True
26568619,abstract,Gene,AQP3,AQP3,360,ncbi_gene,True
26568619,abstract,Chemical,H/R.,,,,False
26568619,abstract,Chemical,oxygen,Oxygen,D010100,ncbi_mesh,True
26568619,abstract,Chemical,oxygen,Oxygen,D010100,ncbi_mesh,True
26568619,abstract,Disease,gestational disorders,Diabetes Gestational,D016640,ncbi_mesh,True
26568619,abstract,Disease,pre-eclampsia,Pre-Eclampsia,D011225,ncbi_mesh,True
26568619,abstract,Disease,pre-eclampsia,Pre-Eclampsia,D011225,ncbi_mesh,True
26568619,abstract,Disease,SCALE,Acquired ichthyosis,C538175,ncbi_mesh,True
26779016,title,Species,Mice,10090,10090,ncbi_taxonomy,True
26779016,abstract,Chemical,5-HT,Serotonin,D012701,ncbi_mesh,True
26779016,abstract,Disease,neuropsychiatric and neurological disorders,Nervous System Diseases,D009422,ncbi_mesh,True
26779016,abstract,Disease,memory deficits,Memory Disorders,D008569,ncbi_mesh,True
26779016,abstract,Species,human,9606,9606,ncbi_taxonomy,True
26779016,abstract,Gene,5-HT2A,Htr2a,15558,ncbi_gene,True
26779016,abstract,Species,mice,10090,10090,ncbi_taxonomy,True
26779016,abstract,Gene,htr2a,Htr2a,15558,ncbi_gene,True
26779016,abstract,Gene,htr2a,Htr2a,15558,ncbi_gene,True
26779016,abstract,Chemical,serotonin,Serotonin,D012701,ncbi_mesh,True
26942026,title,Disease,Podocyturia,,,,False
26942026,title,Chemical,Amiloride,Amiloride,D000584,ncbi_mesh,True
26942026,title,Disease,Alport Renal Disease,Kidney Diseases,D007674,ncbi_mesh,True
26942026,abstract,Disease,Alport syndrome,Nephritis Hereditary,D009394,ncbi_mesh,True
26942026,abstract,Disease,X-linked hereditary disease,Genetic Diseases Inborn,D030342,ncbi_mesh,True
26942026,abstract,Disease,Kidney failure,Renal Insufficiency,D051437,ncbi_mesh,True
26942026,abstract,Species,patients,9606,9606,ncbi_taxonomy,True
26942026,abstract,Disease,Microhematuria,,,,False
26942026,abstract,Disease,proteinuria,Proteinuria,D011507,ncbi_mesh,True
26942026,abstract,Disease,kidney involvement,Kidney Diseases,D007674,ncbi_mesh,True
26942026,abstract,Disease,thrombosis,Thrombosis,D013927,ncbi_mesh,True
26942026,abstract,Disease,proteinuria,Proteinuria,D011507,ncbi_mesh,True
26942026,abstract,Disease,kidney disease,Kidney Diseases,D007674,ncbi_mesh,True
26942026,abstract,Disease,hereditary disease,Genetic Diseases Inborn,D030342,ncbi_mesh,True
26942026,abstract,Disease,proteinuria,Proteinuria,D011507,ncbi_mesh,True
26942026,abstract,Chemical,amiloride,Amiloride,D000584,ncbi_mesh,True
26942026,abstract,Disease,Alport renal disease,Kidney Diseases,D007674,ncbi_mesh,True
26942026,abstract,Disease,podocyturia,,,,False
26942026,abstract,Disease,proteinuria,Proteinuria,D011507,ncbi_mesh,True
26942026,abstract,Disease,kidney involvement,Kidney Diseases,D007674,ncbi_mesh,True
26942026,abstract,Disease,Alport disease,Nephritis Hereditary,D009394,ncbi_mesh,True
27015899,title,Disease,Podocyturia,,,,False
27015899,title,Disease,Fabry,Fabry Disease,D000795,ncbi_mesh,True
27015899,title,Species,patients,9606,9606,ncbi_taxonomy,True
27016670,title,Disease,dicrotic notch,,,,False
27016670,abstract,Disease,dicrotic notch,,,,False
27016670,abstract,Disease,dicrotic notch,,,,False
27016670,abstract,Disease,dicrotic notch,,,,False
27016670,abstract,Species,patients,9606,9606,ncbi_taxonomy,True
27016670,abstract,Chemical,phenylephrine,Phenylephrine,D010656,ncbi_mesh,True
27016670,abstract,Disease,dicrotic notch,,,,False
27016670,abstract,Disease,dicrotic notch,,,,False
27016779,title,Species,human,9606,9606,ncbi_taxonomy,True
27016779,title,Disease,preeclamptic placenta,Preeclamptic toxemia,C538543,ncbi_mesh,True
27016779,abstract,Disease,Preeclampsia,Pre-Eclampsia,D011225,ncbi_mesh,True
27016779,abstract,Species,human,9606,9606,ncbi_taxonomy,True
27016779,abstract,Disease,placentation,Placenta Diseases,D010922,ncbi_mesh,True
27016779,abstract,Gene,Transient receptor potential vanilloid 1,TRPV1,7442,ncbi_gene,True
27016779,abstract,Gene,TRPV-1,TRPV1,7442,ncbi_gene,True
27016779,abstract,Species,human,9606,9606,ncbi_taxonomy,True
27016779,abstract,Gene,TRPV-1,TRPV1,7442,ncbi_gene,True
27016779,abstract,Disease,preeclamptic,Preeclamptic toxemia,C538543,ncbi_mesh,True
27016779,abstract,Gene,TRPV-1,TRPV1,7442,ncbi_gene,True
27016779,abstract,Chemical,Ca(2+),,,,False
27016779,abstract,Disease,preeclampsia,Pre-Eclampsia,D011225,ncbi_mesh,True
27130259,abstract,Species,rats,10116,10116,ncbi_taxonomy,True
27191152,title,Gene,AQP2,AQP2,359,ncbi_gene,True
27191152,title,Gene,NHE2,SLC9A2,6549,ncbi_gene,True
27191152,abstract,Gene,Aquaporin 2,AQP2,359,ncbi_gene,True
27191152,abstract,Gene,AQP2,AQP2,359,ncbi_gene,True
27191152,abstract,Gene,NHE2,SLC9A2,6549,ncbi_gene,True
27191152,abstract,Gene,AQP2,AQP2,359,ncbi_gene,True
27191152,abstract,Gene,RCCD1,RCCD1,91433,ncbi_gene,True
27191152,abstract,Gene,AQP2,AQP2,359,ncbi_gene,True
27191152,abstract,Gene,RCCD1,RCCD1,91433,ncbi_gene,True
27191152,abstract,Gene,AQP2,AQP2,359,ncbi_gene,True
27191152,abstract,CellLine,mpkCCDc14,F596,F596,cvcl,True
27191152,abstract,Gene,AQP2,AQP2,359,ncbi_gene,True
27191152,abstract,Gene,NHE2,SLC9A2,6549,ncbi_gene,True
27191152,abstract,Gene,AQP2,AQP2,359,ncbi_gene,True
27191152,abstract,Gene,NHE2,SLC9A2,6549,ncbi_gene,True
27191152,abstract,Gene,AQP2,AQP2,359,ncbi_gene,True
27191152,abstract,Gene,AQP2,AQP2,359,ncbi_gene,True
27191152,abstract,Gene,NHE2,SLC9A2,6549,ncbi_gene,True
27191152,abstract,Gene,AQP2,AQP2,359,ncbi_gene,True
27191152,abstract,Gene,NHE2,SLC9A2,6549,ncbi_gene,True
27191152,abstract,Gene,AQP2,AQP2,359,ncbi_gene,True
27225760,title,Species,Mouse,10090,10090,ncbi_taxonomy,True
27225760,title,Disease,Parkinson's Disease,Parkinson Disease,D010300,ncbi_mesh,True
27225760,abstract,Disease,Parkinson's disease,Parkinson Disease,D010300,ncbi_mesh,True
27225760,abstract,Species,mice,10090,10090,ncbi_taxonomy,True
27225760,abstract,Disease,MSN,,,,False
27225760,abstract,Chemical,dopamine,Dopamine,D004298,ncbi_mesh,True
27225760,abstract,Species,mice,10090,10090,ncbi_taxonomy,True
27225760,abstract,Disease,neuron,Nerve Degeneration,D009410,ncbi_mesh,True
27225760,abstract,Species,mice,10090,10090,ncbi_taxonomy,True
27225760,abstract,Disease,parkinsonism,Parkinson Disease Secondary,D010302,ncbi_mesh,True
27225760,abstract,Disease,behavioral impairment,Mental Disorders,D001523,ncbi_mesh,True
27225760,abstract,Disease,parkinsonism,Parkinson Disease Secondary,D010302,ncbi_mesh,True
27225760,abstract,Disease,Parkinson's disease,Parkinson Disease,D010300,ncbi_mesh,True
27225760,abstract,Species,mouse,10090,10090,ncbi_taxonomy,True
27225760,abstract,Disease,Parkinson's disease,Parkinson Disease,D010300,ncbi_mesh,True
27225760,abstract,Disease,dopaminergic lesion,Disease,D004194,ncbi_mesh,True
27225760,abstract,Disease,parkinsonian syndrome,Parkinsonian Disorders,D020734,ncbi_mesh,True
27225760,abstract,Disease,dopaminergic lesion,Disease,D004194,ncbi_mesh,True
27321160,title,Gene,ERK,MAPK1,5594,ncbi_gene,True
27321160,abstract,Gene,ERK,MAPK1,5594,ncbi_gene,True
27321160,abstract,Gene,ERK,MAPK1,5594,ncbi_gene,True
27321160,abstract,Chemical,PD098059,2-(2-amino-3-methoxyphenyl)-4H-1-benzopyran-4-one,C093973,ncbi_mesh,True
27321160,abstract,Chemical,PD,Palladium,D010165,ncbi_mesh,True
27321160,abstract,Gene,ERK,MAPK1,5594,ncbi_gene,True
27342375,title,Chemical,lipid,Lipids,D008055,ncbi_mesh,True
27342375,title,Gene,caveolin-1,CAV1,857,ncbi_gene,True
27342375,title,Species,human,9606,9606,ncbi_taxonomy,True
27342375,title,Disease,preeclamptic,Preeclamptic toxemia,C538543,ncbi_mesh,True
27419661,title,Chemical,pregabalin,Pregabalin,D000069583,ncbi_mesh,True
27419661,abstract,Chemical,Pregabalin,Pregabalin,D000069583,ncbi_mesh,True
27419661,abstract,Chemical,PGB,Pregabalin,D000069583,ncbi_mesh,True
27419661,abstract,Disease,neurological and neuropsychiatrical conditions,Neurodegenerative Diseases,D019636,ncbi_mesh,True
27419661,abstract,Disease,neuropathic pain,Neuralgia,D009437,ncbi_mesh,True
27419661,abstract,Disease,anxiety disorders,Anxiety Disorders,D001008,ncbi_mesh,True
27419661,abstract,Disease,epilepsy,Epilepsy,D004827,ncbi_mesh,True
27419661,abstract,Chemical,PGB,Pregabalin,D000069583,ncbi_mesh,True
27419661,abstract,Chemical,PGB,Pregabalin,D000069583,ncbi_mesh,True
27419661,abstract,Species,mice,10090,10090,ncbi_taxonomy,True
27419661,abstract,Chemical,PGB,Pregabalin,D000069583,ncbi_mesh,True
27419661,abstract,Chemical,PGB,Pregabalin,D000069583,ncbi_mesh,True
27419661,abstract,Chemical,PGB,Pregabalin,D000069583,ncbi_mesh,True
27431292,title,Species,mice,10090,10090,ncbi_taxonomy,True
27431292,title,Disease,parkinsonism,Parkinson Disease Secondary,D010302,ncbi_mesh,True
27431292,abstract,Gene,dopamine D1 and D2 receptors,Drd1,13488,ncbi_gene,True
27431292,abstract,Gene,D2 receptor,Drd2,13489,ncbi_gene,True
27431292,abstract,Gene,D2R,Drd2,13489,ncbi_gene,True
27431292,abstract,Gene,D2R,Drd2,13489,ncbi_gene,True
27431292,abstract,Gene,D2R,Drd2,13489,ncbi_gene,True
27431292,abstract,Gene,Drd2,Drd2,13489,ncbi_gene,True
27431292,abstract,Species,mouse,10090,10090,ncbi_taxonomy,True
27431292,abstract,Gene,Drd2,Drd2,13489,ncbi_gene,True
27431292,abstract,Species,mice,10090,10090,ncbi_taxonomy,True
27431292,abstract,Gene,D2R,Drd2,13489,ncbi_gene,True
27431292,abstract,Gene,D2R,Drd2,13489,ncbi_gene,True
27431292,abstract,Disease,motor impairments,Motor Disorders,D000068079,ncbi_mesh,True
27431292,abstract,Disease,hypolocomotion,,,,False
27431292,abstract,Disease,deficits in motor coordination,Ataxia,D001259,ncbi_mesh,True
27431292,abstract,Disease,impaired learning of,Learning Disabilities,D007859,ncbi_mesh,True
27431292,abstract,Disease,catatonia,Catatonia,D002389,ncbi_mesh,True
27431292,abstract,Disease,motor impairment,Motor Disorders,D000068079,ncbi_mesh,True
27431292,abstract,Disease,resting tremor,Tremor,D014202,ncbi_mesh,True
27431292,abstract,Disease,abnormal gait and posture,Gait Disorders Neurologic,D020233,ncbi_mesh,True
27431292,abstract,Disease,Parkinson's disease,Parkinson Disease,D010300,ncbi_mesh,True
27431292,abstract,Species,mice,10090,10090,ncbi_taxonomy,True
27431292,abstract,Gene,Drd2,Drd2,13489,ncbi_gene,True
27431292,abstract,Gene,D2R,Drd2,13489,ncbi_gene,True
27431292,abstract,Disease,psychiatric,Mental Disorders,D001523,ncbi_mesh,True
27431292,abstract,Disease,schizophrenia,Schizophrenia,D012559,ncbi_mesh,True
27431292,abstract,Disease,bipolar disorder,Bipolar Disorder,D001714,ncbi_mesh,True
27431292,abstract,Disease,Tourette's syndrome,Tourette Syndrome,D005879,ncbi_mesh,True
27431292,abstract,Disease,dementia,Dementia,D003704,ncbi_mesh,True
27431292,abstract,Chemical,alcohol,Alcohols,D000438,ncbi_mesh,True
27431292,abstract,Disease,delusions,Delusional Parasitosis,D063726,ncbi_mesh,True
27431292,abstract,Disease,obsessive-compulsive disorder,Obsessive-Compulsive Disorder,D009771,ncbi_mesh,True
27488203,title,Chemical,Endocannabinoids,Endocannabinoids,D063388,ncbi_mesh,True
27488203,abstract,Chemical,endocannabinoids,Endocannabinoids,D063388,ncbi_mesh,True
27488203,abstract,Chemical,ECs,Endocannabinoids,D063388,ncbi_mesh,True
27488203,abstract,Disease,hypoxia,Hypoxia,D000860,ncbi_mesh,True
27488203,abstract,Chemical,ECs,Endocannabinoids,D063388,ncbi_mesh,True
27488203,abstract,Chemical,cobalt chloride,cobaltous chloride,C018021,ncbi_mesh,True
27488203,abstract,Chemical,CoCl2,cobaltous chloride,C018021,ncbi_mesh,True
27488203,abstract,Disease,hypoxia,Hypoxia,D000860,ncbi_mesh,True
27488203,abstract,Gene,hypoxia inducible factor-1 alpha,HIF1A,3091,ncbi_gene,True
27488203,abstract,Gene,HIF-1alpha,HIF1A,3091,ncbi_gene,True
27488203,abstract,Gene,HIF-1alpha,HIF1A,3091,ncbi_gene,True
27488203,abstract,Gene,FAAH,FAAH,2166,ncbi_gene,True
27488203,abstract,Chemical,ECs,Endocannabinoids,D063388,ncbi_mesh,True
27488203,abstract,Chemical,CoCl2,cobaltous chloride,C018021,ncbi_mesh,True
27488203,abstract,Chemical,Met-AEA,,,,False
27488203,abstract,Gene,Bax,BAX,581,ncbi_gene,True
27488203,abstract,Gene,Bcl-2,BCL2,596,ncbi_gene,True
27488203,abstract,Gene,HIF-1alpha,HIF1A,3091,ncbi_gene,True
27488203,abstract,Gene,Bax,BAX,581,ncbi_gene,True
27488203,abstract,Gene,Bcl-2,BCL2,596,ncbi_gene,True
27488203,abstract,Gene,caspase 3,CASP3,836,ncbi_gene,True
27488203,abstract,Gene,PARP,COL11A2,1302,ncbi_gene,True
27488203,abstract,Chemical,AM251,AM 251,C103505,ncbi_mesh,True
27488203,abstract,Gene,CB1,CNR1,1268,ncbi_gene,True
27488203,abstract,Gene,HIF-1alpha,HIF1A,3091,ncbi_gene,True
27488203,abstract,Species,human,9606,9606,ncbi_taxonomy,True
27488203,abstract,Chemical,ECs,Endocannabinoids,D063388,ncbi_mesh,True
27521227,title,Species,human,9606,9606,ncbi_taxonomy,True
27521227,abstract,Species,Escherichia coli,562,562,ncbi_taxonomy,True
27521227,abstract,Species,STEC,,,,False
27521227,abstract,Disease,post-diarrheal Hemolytic Uremic Syndrome,Hemolytic-Uremic Syndrome,D006463,ncbi_mesh,True
27521227,abstract,Disease,HUS,Hemolytic-Uremic Syndrome,D006463,ncbi_mesh,True
27521227,abstract,Disease,acute renal failure,Acute Kidney Injury,D058186,ncbi_mesh,True
27521227,abstract,Chemical,Shiga toxin type 2,,,,False
27521227,abstract,Chemical,Stx2,,,,False
27521227,abstract,Species,human,9606,9606,ncbi_taxonomy,True
27521227,abstract,Chemical,Stx2,,,,False
27521227,abstract,Chemical,Stx2,,,,False
27521227,abstract,Gene,vimentin,VIM,7431,ncbi_gene,True
27521227,abstract,Chemical,Stx2,,,,False
27521227,abstract,Chemical,holotoxin,stichoposide,C001883,ncbi_mesh,True
27521227,abstract,Gene,CD133,PROM1,8842,ncbi_gene,True
27521227,abstract,Chemical,Stx2,,,,False
27521227,abstract,Gene,CD133,PROM1,8842,ncbi_gene,True
27521227,abstract,Chemical,globotriaosylceramide,globotriaosylceramide,C018549,ncbi_mesh,True
27521227,abstract,Chemical,Stx2,,,,False
27521227,abstract,Chemical,Stx2,,,,False
27521227,abstract,Species,human,9606,9606,ncbi_taxonomy,True
27521227,abstract,Species,human,9606,9606,ncbi_taxonomy,True
27527816,title,Species,BLS,,,,False
27527816,title,Disease,pregnancy loss,Abortion Spontaneous,D000022,ncbi_mesh,True
27527816,title,Chemical,Shiga toxin type 2,,,,False
27527816,abstract,Species,Escherichia coli,562,562,ncbi_taxonomy,True
27527816,abstract,Species,STEC,,,,False
27527816,abstract,Disease,food-borne diseases,Foodborne Diseases,D005517,ncbi_mesh,True
27527816,abstract,Species,STEC,,,,False
27527816,abstract,Disease,Hemolytic Uremic Syndrome,Hemolytic-Uremic Syndrome,D006463,ncbi_mesh,True
27527816,abstract,Disease,HUS,Hemolytic-Uremic Syndrome,D006463,ncbi_mesh,True
27527816,abstract,Disease,pregnancy loss,Abortion Spontaneous,D000022,ncbi_mesh,True
27527816,abstract,Species,rats,10116,10116,ncbi_taxonomy,True
27527816,abstract,Disease,pregnancy loss,Abortion Spontaneous,D000022,ncbi_mesh,True
27527816,abstract,Species,rats,10116,10116,ncbi_taxonomy,True
27527816,abstract,Species,Brucella spp.,,,,False
27527816,abstract,Species,BLS,,,,False
27527816,abstract,Species,BLS,,,,False
27527816,abstract,Disease,pregnancy loss,Abortion Spontaneous,D000022,ncbi_mesh,True
27527816,abstract,Species,rats,10116,10116,ncbi_taxonomy,True
27527816,abstract,Species,BLS,,,,False
27527816,abstract,Disease,pregnancy loss,Abortion Spontaneous,D000022,ncbi_mesh,True
