PMID,Author,Affiliation
42675027,Deaner N,"Alzheimer's Association, Chicago, Illinois, USA."
42675027,Daven M,"Alzheimer's Association, Chicago, Illinois, USA."
42675027,Naik A,"University of Texas Health Science Center at Houston, Houston, Texas, USA."
42675027,Sabbagh M,"Common Spirit, Phoenix, Arizona, USA."
42675027,Breithaupt A,"Emory University School of Medicine, Emory Goizueta Brain Health Institute, Atlanta, Georgia, USA."
42675027,Possin K,"UCSF. University of California, San Francisco, Fein Memory and Aging Center, San Francisco, California, USA."
42675027,Alford S,"Novo Nordisk, Plainsboro, NewJersey, USA."
42675027,Alexander A,"Kelsey Research Foundation, MHSA, Houston, Texas, USA."
42675027,Daniels A,"Alzheimer's Association, Early-Stage Advisory Group, Arlington, Virginia, USA."
42675027,Dezzutti L,"Care Partner of Aaron Daniels, Arlington, Virginia, USA."
42675027,Bumaschny V,"Universidad de Buenos Aires, Consejo Nacional de Investigaciones Científicas y Técnicas, Grupo de Neurociencia de Sistemas, Instituto de Fisiología y Biofísica ""Bernardo Houssay"" (IFIBIO HOUSSAY), Facultad de Medicina, Ciudad Autónoma de Buenos Aires, Argentina."
42675027,Alzheimer's Association Innovation Roundtable,"Alzheimer's Association, Innovation Roundtable, Chicago, Illinois, USA."
42611393,Garzon V,"Universidad de Buenos Aires, Facultad de Farmacia y Bioquímica, Departamento de Microbiología, Inmunología, Biotecnología y Genética/Cátedra de Genética, Buenos Aires, Argentina."
42611393,Marti J,"Departamento de Patología, Hospital de Pediatría S.A.M.I.C Prof. Dr. Juan P. Garrahan, Buenos Aires, Argentina."
42611393,Gomes Pio M,"Universidad de Buenos Aires, Facultad de Farmacia y Bioquímica, Departamento de Microbiología, Inmunología, Biotecnología y Genética/Cátedra de Genética, Buenos Aires, Argentina."
42611393,Gomes Pio M,"CONICET-Universidad de Buenos Aires, Instituto de Inmunología, Genética y Metabolismo (INIGEM), Buenos Aires, Argentina."
42611393,Lazzati J,"Laboratorio de Endocrinología, Hospital de Pediatría S.A.M.I.C. Prof. Dr. Juan P. Garrahan, Buenos Aires, Argentina."
42611393,Zappa J,"Servicio de Endocrinología, Hospital Pediátrico Avelino Castelan, Resistencia, Chaco, Argentina."
42611393,Marques da Silva W,"Universidad de Buenos Aires, Facultad de Farmacia y Bioquímica, Departamento de Microbiología, Inmunología, Biotecnología y Genética/Cátedra de Genética, Buenos Aires, Argentina."
42611393,Marques da Silva W,"CONICET-Universidad de Buenos Aires, Instituto de Fisiología y Biofísica Bernardo Houssay (IFIBIO HOUSSAY), Buenos Aires, Argentina."
42611393,Dujovne N,"Departamento de Endocrinología, Hospital de Pediatría S.A.M.I.C. Prof. Dr. Juan P. Garrahan, Buenos Aires, Argentina."
42611393,Rivolta C,"Universidad de Buenos Aires, Facultad de Farmacia y Bioquímica, Departamento de Microbiología, Inmunología, Biotecnología y Genética/Cátedra de Genética, Buenos Aires, Argentina."
42611393,Rivolta C,"CONICET-Universidad de Buenos Aires, Instituto de Inmunología, Genética y Metabolismo (INIGEM), Buenos Aires, Argentina."
42611393,Targovnik H,"Universidad de Buenos Aires, Facultad de Farmacia y Bioquímica, Departamento de Microbiología, Inmunología, Biotecnología y Genética/Cátedra de Genética, Buenos Aires, Argentina. htargovn@ffyb.uba.ar."
42601945,Valenzuela-Torres P,"National Polytechnic Institute (IPN), CIIDIR-Durango, Academia de Genómica, Durango, Mexico."
42601945,Sosa-Macias M,"National Polytechnic Institute (IPN), CIIDIR-Durango, Academia de Genómica, Durango, Mexico."
42601945,Burgos C,"Universidad de Concepcion Departamento de Fisiologia, Concepción, Chile."
42601945,Damiano A,"Departamento de Ciencias Biológicas, facultad de Farmacia y Bioquímica, Universidad de Buenos Aires, Buenos Aires, Argentina."
42601945,Damiano A,"IFIBIO Houssay-CONICET Universidad de Buenos Aires, Buenos Aires, Argentina."
42601945,Reynoso M,"Departamento de Ciencias Biológicas, facultad de Farmacia y Bioquímica, Universidad de Buenos Aires, Buenos Aires, Argentina."
42601945,Reynoso M,"IFIBIO Houssay-CONICET Universidad de Buenos Aires, Buenos Aires, Argentina."
42601945,Simental-Mendia L,"Instituto Mexicano del Seguro Social, Unidad de Investigación Durango, Durango, Mexico."
42601945,Acurio J,"Vascular Physiology Laboratory, Department of Basic Science, Universidad del Bio Bio, Chillán, Chile."
42601945,Acurio J,"Consortium for Research and Innovation Neurovascular, (NEUROVAS), Chillán, Chile."
42601945,Marchat L,"Instituto Politecnico Nacional Escuela Nacional de Medicina y Homeopatia, Mexico City, Mexico."
42601945,Escudero C,"Vascular Physiology Laboratory, Department of Basic Science, Universidad del Bio Bio, Chillán, Chile."
42601945,Escudero C,"Consortium for Research and Innovation Neurovascular, (NEUROVAS), Chillán, Chile."
42601945,Galaviz-Hernandez C,"National Polytechnic Institute (IPN), CIIDIR-Durango, Academia de Genómica, Durango, Mexico."
42576265,Politi M,"Facultad de Ciencias Médicas, Departamento de Ciencias Fisiológicas, Laboratorio de Biomembranas, Universidad de Buenos Aires, Buenos Aires, Argentina."
42576265,Politi M,"Instituto de Fisiología y Biofísica Bernardo Houssay (IFIBIO Houssay), CONICET - Universidad de Buenos Aires, Buenos Aires, Argentina."
42576265,Blanco M,"Department of Cardiology, Sanatorio de la Trinidad Mitre, Buenos Aires, Argentina."
42576265,Fonseca S,"Department of Cardiology, Sanatorio de la Trinidad Mitre, Buenos Aires, Argentina."
42576265,Ferreyra R,"Department of Cardiology, Sanatorio de la Trinidad Mitre, Buenos Aires, Argentina."
42576265,Bortman G,"Department of Cardiology, Sanatorio de la Trinidad Mitre, Buenos Aires, Argentina."
42576265,Piazza A,"Department of Cardiology, Sanatorio de la Trinidad Mitre, Buenos Aires, Argentina."
42576265,Di Giusto G,"Facultad de Ciencias Médicas, Departamento de Ciencias Fisiológicas, Laboratorio de Biomembranas, Universidad de Buenos Aires, Buenos Aires, Argentina."
42576265,Di Giusto G,"Instituto de Fisiología y Biofísica Bernardo Houssay (IFIBIO Houssay), CONICET - Universidad de Buenos Aires, Buenos Aires, Argentina."
42576265,Capurro C,"Facultad de Ciencias Médicas, Departamento de Ciencias Fisiológicas, Laboratorio de Biomembranas, Universidad de Buenos Aires, Buenos Aires, Argentina."
42576265,Capurro C,"Instituto de Fisiología y Biofísica Bernardo Houssay (IFIBIO Houssay), CONICET - Universidad de Buenos Aires, Buenos Aires, Argentina."
42570776,Alberquilla S,"Cajal Neuroscience Center, Consejo Superior de Investigaciones Científicas (CSIC), Alcalá de Henares, Madrid, Spain; Centro de Investigación Biomédica en Red sobre Enfermedades Neurodegenerativas (CIBERNED), Instituto de Salud Carlos III, Madrid, Spain."
42570776,Salas-Prieto C,"Cajal Neuroscience Center, Consejo Superior de Investigaciones Científicas (CSIC), Alcalá de Henares, Madrid, Spain; Centro de Investigación Biomédica en Red sobre Enfermedades Neurodegenerativas (CIBERNED), Instituto de Salud Carlos III, Madrid, Spain."
42570776,Merino-Serrais P,"Cajal Neuroscience Center, Consejo Superior de Investigaciones Científicas (CSIC), Alcalá de Henares, Madrid, Spain; Laboratorio de Circuitos Neuronales, Centro de Tecnología Biomédica, Universidad Politécnica de Madrid, Spain."
42570776,Murer M,"Universidad de Buenos Aires and CONICET, Instituto de Fisiología y Biofísica (IFIBIO) Houssay, Buenos Aires, Argentina."
42570776,Moratalla R,"Cajal Neuroscience Center, Consejo Superior de Investigaciones Científicas (CSIC), Alcalá de Henares, Madrid, Spain; Centro de Investigación Biomédica en Red sobre Enfermedades Neurodegenerativas (CIBERNED), Instituto de Salud Carlos III, Madrid, Spain. Electronic address: moratalla@cajal.csic.es."
42404802,Nieva G,"Universidad de Buenos Aires, Facultad de Ciencias Médicas, Departamento de Ciencias Fisiológicas, Grupo de Neurociencia de Sistemas, Buenos Aires, Argentina."
42404802,Nieva G,"CONICET - Universidad de Buenos Aires, Instituto de Fisiología y Biofísica Bernardo Houssay (IFIBIO Houssay), Buenos Aires, Argentina."
42404802,Vassallu F,"Universidad de Buenos Aires, Facultad de Ciencias Médicas, Departamento de Ciencias Fisiológicas, Grupo de Neurociencia de Sistemas, Buenos Aires, Argentina."
42404802,Vassallu F,"CONICET - Universidad de Buenos Aires, Instituto de Fisiología y Biofísica Bernardo Houssay (IFIBIO Houssay), Buenos Aires, Argentina."
42404802,Depino A,"CONICET - Universidad de Buenos Aires, Instituto de Fisiología, Biología Molecular y Neurociencias (IFIBYNE), Buenos Aires, Argentina."
42404802,Depino A,"Facultad de Ciencias Exactas y Naturales, Departamento de Biodiversidad y Biología Experimental, Universidad de Buenos Aires, Buenos Aires, Argentina."
42404802,Netti V,"CONICET - Universidad de Buenos Aires, Instituto de Fisiología y Biofísica Bernardo Houssay (IFIBIO Houssay), Buenos Aires, Argentina."
42404802,Netti V,"Facultad de Ciencias Médicas, Departamento de Ciencias Fisiológicas, Laboratorio de Biomembranas, Universidad de Buenos Aires, Buenos Aires, Argentina."
42404802,Igaz L,"Universidad de Buenos Aires, Facultad de Ciencias Médicas, Departamento de Ciencias Fisiológicas, Grupo de Neurociencia de Sistemas, Buenos Aires, Argentina."
42404802,Igaz L,"CONICET - Universidad de Buenos Aires, Instituto de Fisiología y Biofísica Bernardo Houssay (IFIBIO Houssay), Buenos Aires, Argentina."
42347511,Gomez F,"Universidad de Buenos Aires, Facultad de Ciencias Médicas, Departamento de Ciencias Fisiológicas, Laboratorio de Fisiopatogenia, Buenos Aires C1121 ABG, Argentina."
42347511,Gomez F,"CONICET-Universidad de Buenos Aires, Instituto de Fisiología y Biofísica Bernardo Houssay (IFIBIO Houssay), Buenos Aires C1121 ABG, Argentina."
42347511,Luz D,"Laboratório de Bacteriologia, Instituto Butantan, São Paulo, SP 05503-900, Brazil."
42347511,Luz D,"Centro de Desenvolvimento de Anticorpos, Instituto Butantan, São Paulo, SP 05503-900, Brazil."
42347511,Chinen I,"Infectious Hazard Management Unit, Public Health Department, Pan American Health Organization, Washington DC 20037, USA."
42347511,Giron D,"Universidad de Buenos Aires, Facultad de Ciencias Médicas, Departamento de Ciencias Fisiológicas, Laboratorio de Fisiopatogenia, Buenos Aires C1121 ABG, Argentina."
42347511,Giron D,"CONICET-Universidad de Buenos Aires, Instituto de Fisiología y Biofísica Bernardo Houssay (IFIBIO Houssay), Buenos Aires C1121 ABG, Argentina."
42347511,Ferreira R,"Laboratório de Bacteriologia, Instituto Butantan, São Paulo, SP 05503-900, Brazil."
42347511,Henrique C,"Laboratório de Bacteriologia, Instituto Butantan, São Paulo, SP 05503-900, Brazil."
42347511,Bom A,"Laboratório de Bacteriologia, Instituto Butantan, São Paulo, SP 05503-900, Brazil."
42347511,Bom A,"Centro de Desenvolvimento de Anticorpos, Instituto Butantan, São Paulo, SP 05503-900, Brazil."
42347511,Henrique I,"Laboratório de Bacteriologia, Instituto Butantan, São Paulo, SP 05503-900, Brazil."
42347511,Marques da Silva W,"Universidad de Buenos Aires, Facultad de Ciencias Médicas, Departamento de Ciencias Fisiológicas, Laboratorio de Fisiopatogenia, Buenos Aires C1121 ABG, Argentina."
42347511,Marques da Silva W,"CONICET-Universidad de Buenos Aires, Instituto de Fisiología y Biofísica Bernardo Houssay (IFIBIO Houssay), Buenos Aires C1121 ABG, Argentina."
42347511,Sacerdoti F,"Universidad de Buenos Aires, Facultad de Ciencias Médicas, Departamento de Ciencias Fisiológicas, Laboratorio de Fisiopatogenia, Buenos Aires C1121 ABG, Argentina."
42347511,Sacerdoti F,"CONICET-Universidad de Buenos Aires, Instituto de Fisiología y Biofísica Bernardo Houssay (IFIBIO Houssay), Buenos Aires C1121 ABG, Argentina."
42347511,Miliwebsky E,"Servicio Fisiopatogenia, Departamento Bacteriología, Instituto Nacional de Enfermedades Infecciosas ANLIS ""Dr. Carlos G. Malbrán"", Buenos Aires C1282 AFF, Argentina."
42347511,Chen G,"Terrence Donnelly Centre for Cellular and Biomolecular Research, University of Toronto, Toronto, ON M5S 2Z9, Canada."
42347511,Carbonari C,"Servicio Fisiopatogenia, Departamento Bacteriología, Instituto Nacional de Enfermedades Infecciosas ANLIS ""Dr. Carlos G. Malbrán"", Buenos Aires C1282 AFF, Argentina."
42347511,Sidhu S,"Terrence Donnelly Centre for Cellular and Biomolecular Research, University of Toronto, Toronto, ON M5S 2Z9, Canada."
42347511,Piazza R,"Laboratório de Bacteriologia, Instituto Butantan, São Paulo, SP 05503-900, Brazil."
42347511,Piazza R,"Centro de Desenvolvimento de Anticorpos, Instituto Butantan, São Paulo, SP 05503-900, Brazil."
42347511,Amaral M,"Universidad de Buenos Aires, Facultad de Ciencias Médicas, Departamento de Ciencias Fisiológicas, Laboratorio de Fisiopatogenia, Buenos Aires C1121 ABG, Argentina."
42347511,Amaral M,"CONICET-Universidad de Buenos Aires, Instituto de Fisiología y Biofísica Bernardo Houssay (IFIBIO Houssay), Buenos Aires C1121 ABG, Argentina."
42327001,Reynoso M,"Departamento de Ciencias Biológicas, Cátedra de Biología Celular y Molecular, Facultad de Farmacia y Bioquímica, Universidad de Buenos Aires, Buenos Aires, Argentina."
42327001,Reynoso M,"Departamento de Fisicomatemática, Cátedra de Matemática, Facultad de Farmacia y Bioquímica, Universidad de Buenos Aires, Buenos Aires, Argentina."
42327001,Corominas A,"Hospital Nacional Prof. A Posadas, El Palomar, Buenos Aires, Argentina."
42327001,Solimine F,"Departamento de Ciencias Biológicas, Cátedra de Biología Celular y Molecular, Facultad de Farmacia y Bioquímica, Universidad de Buenos Aires, Buenos Aires, Argentina."
42327001,Ferreiros A,"Hospital Nacional Prof. A Posadas, El Palomar, Buenos Aires, Argentina."
42327001,Casale R,"Hospital Nacional Prof. A Posadas, El Palomar, Buenos Aires, Argentina."
42327001,Damiano A,"Departamento de Ciencias Biológicas, Cátedra de Biología Celular y Molecular, Facultad de Farmacia y Bioquímica, Universidad de Buenos Aires, Buenos Aires, Argentina."
42327001,Damiano A,"Laboratorio de Biología de la Reproducción, Facultad de Medicina, Instituto de Fisiología y Biofísica Bernardo Houssay (IFIBIO Houssay), Consejo Nacional de Investigaciones Científicas y Técnicas (CONICET)-Universidad de Buenos Aires, Buenos Aires, Argentina."
42313886,Griffa G,"IFIBIO Houssay, School of Medicine, Department of Physiology, University of Buenos Aires, Buenos Aires, Argentina."
42313886,Palombo M,"Cardiff University Brain Research Imaging Centre (CUBRIC), School of Psychology and School of Computer Science and Informatics, Cardiff University, Cardiff, United Kingdom."
42313886,Yeffal A,"IFIBIO Houssay, School of Medicine, Department of Physiology, University of Buenos Aires, Buenos Aires, Argentina."
42313886,Yeffal A,"ICIFI School of Science and Technology (ECyT), University of San Martín, Buenos Aires, Argentina."
42313886,Lee H,"Athinoula A. Martinos Center for Biomedical Imaging, Department of Radiology, Massachusetts General Hospital, Harvard Medical School, Boston, Massachusetts, United States of America."
42313886,Solano A,"IFIBIO Houssay, School of Medicine, Department of Physiology, University of Buenos Aires, Buenos Aires, Argentina."
42313886,Solano A,"ICIFI School of Science and Technology (ECyT), University of San Martín, Buenos Aires, Argentina."
42313886,Huang S,"Athinoula A. Martinos Center for Biomedical Imaging, Department of Radiology, Massachusetts General Hospital, Harvard Medical School, Boston, Massachusetts, United States of America."
42313886,Della-Maggiore V,"IFIBIO Houssay, School of Medicine, Department of Physiology, University of Buenos Aires, Buenos Aires, Argentina."
42313886,Della-Maggiore V,"ICIFI School of Science and Technology (ECyT), University of San Martín, Buenos Aires, Argentina."
42313886,Della-Maggiore V,"Department of Neurology and Neurosurgery, McGill University, Montreal, Quebec, Canada."
42134656,Vassallu F,"Universidad de Buenos Aires, Facultad de Ciencias Médicas, Departamento de Ciencias Fisiológicas. Grupo de Neurociencias de Sistemas, Buenos Aires, Argentina; CONICET - Universidad de Buenos Aires. Instituto de Fisiología y Biofísica Bernardo Houssay (IFIBIO Houssay), Buenos Aires, Argentina."
42134656,Lopez M,"Universidad de Buenos Aires, Facultad de Ciencias Médicas, Departamento de Ciencias Fisiológicas. Grupo de Neurociencias de Sistemas, Buenos Aires, Argentina; CONICET - Universidad de Buenos Aires. Instituto de Fisiología y Biofísica Bernardo Houssay (IFIBIO Houssay), Buenos Aires, Argentina."
42134656,Lopez Ambrosioni F,"Universidad de Buenos Aires, Facultad de Ciencias Médicas, Departamento de Ciencias Fisiológicas. Grupo de Neurociencias de Sistemas, Buenos Aires, Argentina; CONICET - Universidad de Buenos Aires. Instituto de Fisiología y Biofísica Bernardo Houssay (IFIBIO Houssay), Buenos Aires, Argentina."
42134656,Casal J,"CONICET - Universidad de Buenos Aires. Instituto de Fisiología y Biofísica Bernardo Houssay (IFIBIO Houssay), Buenos Aires, Argentina; Pontificia Universidad Católica Argentina, Buenos Aires, Argentina."
42134656,Caltana L,"IBCN (CONICET), University of Buenos Aires School of Medicine, Buenos Aires, Argentina."
42134656,Igaz L,"Universidad de Buenos Aires, Facultad de Ciencias Médicas, Departamento de Ciencias Fisiológicas. Grupo de Neurociencias de Sistemas, Buenos Aires, Argentina; CONICET - Universidad de Buenos Aires. Instituto de Fisiología y Biofísica Bernardo Houssay (IFIBIO Houssay), Buenos Aires, Argentina. Electronic address: lmuller@fmed.uba.ar."
42123443,Enriquez-Mendiola D,"Genomics Academy, CIIDIR-Durango, Instituto Politécnico Nacional, Durango 34220, Mexico."
42123443,Sifuentes-Garcia J,"Genomics Academy, CIIDIR-Durango, Instituto Politécnico Nacional, Durango 34220, Mexico."
42123443,Barragan-Zuniga L,"Centro Estatal de Cancerología, Secretaria de Salud de Durango, Durango 34000, Mexico."
42123443,Vertiz-Hernandez A,"Unidad Académica Regional Altiplano, Universidad Autónoma de San Luis Potosí, San Luis Potosí 78600, Mexico."
42123443,Lazalde-Ramos B,"Maestría en Ciencia y Tecnología Química, Unidad Académica de Ciencias Químicas, Universidad Autónoma de Zacatecas, Zacatecas 98160, Mexico."
42123443,Damiano A,"Departamento de Ciencias Biológicas, Facultad de Farmacia y Bioquímica, Universidad de Buenos Aires, Buenos Aires C1113AAD, Argentina."
42123443,Damiano A,"Instituto de Fisiología y Biofísica Bernardo Houssay, Universidad de Buenos Aires-CONICET, Buenos Aires C1121ABG, Argentina."
42123443,Galaviz-Hernandez C,"Genomics Academy, CIIDIR-Durango, Instituto Politécnico Nacional, Durango 34220, Mexico."
42123443,Sosa-Macias M,"Genomics Academy, CIIDIR-Durango, Instituto Politécnico Nacional, Durango 34220, Mexico."
42097396,Aguilar L,"Facultad de Ciencias de la Salud, Universidad Continental, Av. Alfredo Mendiola 5210, Lima, Peru. Electronic address: laguilar@continental.edu.pe."
42097396,Belforte J,"Grupo de Neurociencia de Sistemas, Departamento de Ciencias Fisiológicas, Facultad de Ciencias Médicas, Universidad de Buenos Aires, 2155 Paraguay st, 7 floor, Ciudad Autónoma de Buenos Aires 1121, Argentina; Instituto de Fisiología y Biofísica Bernardo Houssay (IFIBIO-Houssay), UBA-CONICET. 2155 Paraguay st, 7 Floor, Ciudad Autónoma de Buenos Aires 1121, Argentina. Electronic address: jbelforte@fmed.uba.ar."
42097396,Canteras N,"Departamento de Anatomía, Instituto de Ciências Biomédicas, Universidade de São Paulo, SP, Brazil. Electronic address: newton@icb.usp.br."
42097396,Cardenas F,"Laboratorio de Neurociencia y Comportamiento, Universidad de los Andes. Cra 1 #18A-12, Aguas 111711, Bogotá, Colombia. Electronic address: lucarden@uniandes.edu.co."
42097396,Carreira M,"Institute of Scientific Research and High Technology Services of Panama, Republic of Panama. Electronic address: mariabcarreirafranceschi@gmail.com."
42097396,Duenas Z,"Grupo de Neurobiología, Fisiología y Comportamiento, Departamento de Ciencias Fisiológicas, Facultad de Medicina, Universidad Nacional de Colombia. Carrera 30 No. 45-03, Edificio 471, Bogotá, DC, Colombia. Electronic address: zjduenasg@unal.edu.co."
42097396,Montiel J,"Laboratorio de Neurociencias Integradas, Centro de Investigación Biomédica, Facultad de Medicina, Universidad Diego Portales. Ejército Libertador 141, CP 8370007 Santiago, Chile. Electronic address: juan.montiel@udp.cl."
42097396,Pertusa M,"Departamento de Biología, Facultad de Química y Biología, Universidad de Santiago de Chile, Santiago, Chile. Electronic address: maria.pertusa@usach.cl."
42097396,Ramos A,"IBCN UBA-CONICET, Facultad de Medicina, Universidad de Buenos Aires, Calle Paraguay 2155 3er piso (1121), Ciudad de Buenos Aires, Argentina. Electronic address: jramos@fmed.uba.ar."
42097396,Sanchez-Vincitore L,"Instituto de Neurociencia Aplicada, Universidad Iberoamericana (UNIBE), Calle Majoma N. 13, Los Ríos, Santo Domingo, the Dominican Republic. Electronic address: l.sanchez1@prof.unibe.edu.do."
42097396,Rodriguez-Labrada R,"Centro de Neurociencias de Cuba, Cuba. Electronic address: robertrl1981@gmail.com."
42097396,Olazabal D,"Unidad Académica Fisiología, Facultad de Medicina, Universidad de la República Urugua, Gral. Flores 2125, Montevideo 11800, Uruguay. Electronic address: dolazabal@fmed.edu.uy."
42097396,Rocha L,"Pharmacobiology Department, Center for Research and Advanced Studies of the National Polytechnic Institute, Calz. Tenorios 235. Col. Granjas Coapa, Mexico City 14330, Mexico. Electronic address: lrocha@cinvestav.mx."
42086667,Riboldi J,"Departamento de Fisiología, Biología Molecular y Celular ""Dr. Héctor Maldonado"" (FBMC), Universidad de Buenos Aires, Facultad de Ciencias Exactas y Naturales, Buenos Aires, Argentina."
42086667,Riboldi J,"CONICET - Universidad de Buenos Aires, Instituto de Biología Celular y Neurociencias ""Profesor Eduardo De Robertis"" (IBCN), Buenos Aires, Argentina."
42086667,Riboldi J,"Instituto Tecnológico de Buenos Aires (ITBA), Buenos Aires, Argentina."
42086667,Iribarne J,"Departamento de Fisiología, Biología Molecular y Celular ""Dr. Héctor Maldonado"" (FBMC), Universidad de Buenos Aires, Facultad de Ciencias Exactas y Naturales, Buenos Aires, Argentina."
42086667,Iribarne J,"CONICET - Universidad de Buenos Aires, Instituto de Biología Celular y Neurociencias ""Profesor Eduardo De Robertis"" (IBCN), Buenos Aires, Argentina."
42086667,Iribarne J,"Instituto Tecnológico de Buenos Aires (ITBA), Buenos Aires, Argentina."
42086667,Renfijes M,"CONICET - Universidad de Buenos Aires, Instituto de Biología Celular y Neurociencias ""Profesor Eduardo De Robertis"" (IBCN), Buenos Aires, Argentina."
42086667,Renfijes M,"Facultad de Medicina, Universidad de Buenos Aires, Buenos Aires, Argentina."
42086667,Igaz L,"Departamento de Ciencias Fisiológicas. Grupo de Neurociencias de Sistemas, Universidad de Buenos Aires, Facultad de Ciencias Médicas, Buenos Aires, Argentina."
42086667,Igaz L,"CONICET - Universidad de Buenos Aires. Instituto de Fisiología y Biofísica Bernardo Houssay (IFIBIO Houssay), Buenos Aires, Argentina."
42086667,Moncada D,"Laboratorio de Neurofisiología de la Memoria, Instituto de Biología Celular y Neurociencia, Facultad de Medicina (UBA/CONICET) - Instituto Tecnológico de Buenos Aires (ITBA), Buenos Aires, Argentina."
42086667,Moncada D,"Centro Integrativo de Biología y Química Aplicada, Universidad Bernardo O'Higgins, Santiago, Chile."
42086667,Viola H,"Departamento de Fisiología, Biología Molecular y Celular ""Dr. Héctor Maldonado"" (FBMC), Universidad de Buenos Aires, Facultad de Ciencias Exactas y Naturales, Buenos Aires, Argentina. hviola@fmed.uba.ar."
42086667,Viola H,"CONICET - Universidad de Buenos Aires, Instituto de Biología Celular y Neurociencias ""Profesor Eduardo De Robertis"" (IBCN), Buenos Aires, Argentina. hviola@fmed.uba.ar."
42086667,Viola H,"Instituto Tecnológico de Buenos Aires (ITBA), Buenos Aires, Argentina. hviola@fmed.uba.ar."
41950695,Reppetti J,"Universidad de Buenos Aires (UBA-CONICET), Instituto de Fisiología y Biofísica Bernardo Houssay (IFIBIO-Houssay), Laboratorio de Biología de la Reproducción, Facultad de Medicina, Buenos Aires, Argentina."
41950695,Gornalusse G,"Department of Obstetrics and Gynecology, University of Washington, Seattle, WA, USA."
41950695,Etcheverry T,"Universidad de Buenos Aires (UBA-CONICET), Centro de Estudios Farmacológicos y Botánicos (CEFYBO), Laboratorio de Fisiopatología Placentaria, Facultad de Medicina, Buenos Aires, Argentina."
41950695,Farina M,"Universidad de Buenos Aires (UBA-CONICET), Centro de Estudios Farmacológicos y Botánicos (CEFYBO), Laboratorio de Fisiopatología Placentaria, Facultad de Medicina, Buenos Aires, Argentina."
41950695,Damiano A,"Universidad de Buenos Aires (UBA-CONICET), Instituto de Fisiología y Biofísica Bernardo Houssay (IFIBIO-Houssay), Laboratorio de Biología de la Reproducción, Facultad de Medicina, Buenos Aires, Argentina; Universidad de Buenos Aires, Facultad de Farmacia y Bioquímica, Departamento de Ciencias Biológicas, Cátedra de Biología Celular y Molecular, Buenos Aires, Argentina."
41950695,Martinez N,"Universidad de Buenos Aires (UBA-CONICET), Instituto de Fisiología y Biofísica Bernardo Houssay (IFIBIO-Houssay), Laboratorio de Biología de la Reproducción, Facultad de Medicina, Buenos Aires, Argentina. Electronic address: noraalicia.martinez@gmail.com."
41933672,Cutrera N,"Universidad de Buenos Aires, Facultad de Ciencias Médicas, Departamento de Ciencias Fisiológicas, Laboratorio de Biomembranas, Buenos Aires, Argentina; Consejo Nacional de Investigaciones Científicas y Técnicas (CONICET), Instituto de Fisiología y Biofísica Bernardo Houssay (IFIBIO Houssay), Buenos Aires, Argentina."
41933672,Cocca M,"Universidad de Buenos Aires, Facultad de Ciencias Médicas, Departamento de Ciencias Fisiológicas, Laboratorio de Biomembranas, Buenos Aires, Argentina; Consejo Nacional de Investigaciones Científicas y Técnicas (CONICET), Instituto de Fisiología y Biofísica Bernardo Houssay (IFIBIO Houssay), Buenos Aires, Argentina."
41933672,Ford P,"Universidad de Buenos Aires, Facultad de Ciencias Médicas, Departamento de Ciencias Fisiológicas, Laboratorio de Biomembranas, Buenos Aires, Argentina; Consejo Nacional de Investigaciones Científicas y Técnicas (CONICET), Instituto de Fisiología y Biofísica Bernardo Houssay (IFIBIO Houssay), Buenos Aires, Argentina."
41933672,Echevarria M,"Instituto de Biomedicina de Sevilla (IBiS), Hospital Universitario Virgen del Rocío/CSIC/Universidad de Sevilla, 41013, Seville, Spain."
41933672,Capurro C,"Universidad de Buenos Aires, Facultad de Ciencias Médicas, Departamento de Ciencias Fisiológicas, Laboratorio de Biomembranas, Buenos Aires, Argentina; Consejo Nacional de Investigaciones Científicas y Técnicas (CONICET), Instituto de Fisiología y Biofísica Bernardo Houssay (IFIBIO Houssay), Buenos Aires, Argentina."
41933672,Di Giusto G,"Universidad de Buenos Aires, Facultad de Ciencias Médicas, Departamento de Ciencias Fisiológicas, Laboratorio de Biomembranas, Buenos Aires, Argentina; Consejo Nacional de Investigaciones Científicas y Técnicas (CONICET), Instituto de Fisiología y Biofísica Bernardo Houssay (IFIBIO Houssay), Buenos Aires, Argentina."
41933672,Netti V,"Universidad de Buenos Aires, Facultad de Ciencias Médicas, Departamento de Ciencias Fisiológicas, Laboratorio de Biomembranas, Buenos Aires, Argentina; Consejo Nacional de Investigaciones Científicas y Técnicas (CONICET), Instituto de Fisiología y Biofísica Bernardo Houssay (IFIBIO Houssay), Buenos Aires, Argentina. Electronic address: vnetti@conicet.gov.ar."
41824201,Celi A,"Laboratorio de Biomembranas, Departamento de Ciencias Fisiológicas, Facultad de Ciencias Médicas, Universidad de Buenos Aires, Buenos Aires, Argentina."
41824201,Celi A,"CONICET - Universidad de Buenos Aires, Instituto de Fisiología y Biofísica Bernardo Houssay (IFIBIO Houssay), Buenos Aires, Argentina."
41824201,Mechali A,"Laboratorio de Biomembranas, Departamento de Ciencias Fisiológicas, Facultad de Ciencias Médicas, Universidad de Buenos Aires, Buenos Aires, Argentina."
41824201,Mechali A,"CONICET - Universidad de Buenos Aires, Instituto de Fisiología y Biofísica Bernardo Houssay (IFIBIO Houssay), Buenos Aires, Argentina."
41824201,Beltramone N,"Laboratorio de Biomembranas, Departamento de Ciencias Fisiológicas, Facultad de Ciencias Médicas, Universidad de Buenos Aires, Buenos Aires, Argentina."
41824201,Beltramone N,"CONICET - Universidad de Buenos Aires, Instituto de Fisiología y Biofísica Bernardo Houssay (IFIBIO Houssay), Buenos Aires, Argentina."
41824201,Casal J,"Laboratorio de Biomembranas, Departamento de Ciencias Fisiológicas, Facultad de Ciencias Médicas, Universidad de Buenos Aires, Buenos Aires, Argentina."
41824201,Casal J,"CONICET - Universidad de Buenos Aires, Instituto de Fisiología y Biofísica Bernardo Houssay (IFIBIO Houssay), Buenos Aires, Argentina."
41824201,Grippo A,"Laboratorio de Biomembranas, Departamento de Ciencias Fisiológicas, Facultad de Ciencias Médicas, Universidad de Buenos Aires, Buenos Aires, Argentina."
41824201,Grippo A,"CONICET - Universidad de Buenos Aires, Instituto de Fisiología y Biofísica Bernardo Houssay (IFIBIO Houssay), Buenos Aires, Argentina."
41824201,Capurro C,"Laboratorio de Biomembranas, Departamento de Ciencias Fisiológicas, Facultad de Ciencias Médicas, Universidad de Buenos Aires, Buenos Aires, Argentina."
41824201,Capurro C,"CONICET - Universidad de Buenos Aires, Instituto de Fisiología y Biofísica Bernardo Houssay (IFIBIO Houssay), Buenos Aires, Argentina."
41824201,Di Giusto G,"Laboratorio de Biomembranas, Departamento de Ciencias Fisiológicas, Facultad de Ciencias Médicas, Universidad de Buenos Aires, Buenos Aires, Argentina."
41824201,Di Giusto G,"CONICET - Universidad de Buenos Aires, Instituto de Fisiología y Biofísica Bernardo Houssay (IFIBIO Houssay), Buenos Aires, Argentina."
41824201,Ford P,"Laboratorio de Biomembranas, Departamento de Ciencias Fisiológicas, Facultad de Ciencias Médicas, Universidad de Buenos Aires, Buenos Aires, Argentina."
41824201,Ford P,"CONICET - Universidad de Buenos Aires, Instituto de Fisiología y Biofísica Bernardo Houssay (IFIBIO Houssay), Buenos Aires, Argentina."
41824201,Rivarola V,"Laboratorio de Biomembranas, Departamento de Ciencias Fisiológicas, Facultad de Ciencias Médicas, Universidad de Buenos Aires, Buenos Aires, Argentina. mariv@fmed.uba.ar."
41824201,Rivarola V,"CONICET - Universidad de Buenos Aires, Instituto de Fisiología y Biofísica Bernardo Houssay (IFIBIO Houssay), Buenos Aires, Argentina. mariv@fmed.uba.ar."
41817828,Stahl A,"Universidad de Buenos Aires, Instituto de Fisiología y Biofísica Bernardo Houssay, Grupo de Neurociencia de Sistemas, CONICET, 2155 Paraguay St, Buenos Aires, 1121, Argentina. agostinastahl@yahoo.com."
41817828,Stahl A,"Universidad de Buenos Aires, Facultad de Medicina, Departamento de Ciencias Fisiológicas, 2155 Paraguay St, Buenos Aires, 1121, Argentina. agostinastahl@yahoo.com."
41817828,Paz R,"Universidad de Buenos Aires, Instituto de Fisiología y Biofísica Bernardo Houssay, Grupo de Neurociencia de Sistemas, CONICET, 2155 Paraguay St, Buenos Aires, 1121, Argentina."
41817828,Paz R,"Universidad de Buenos Aires, Facultad de Medicina, Departamento de Ciencias Fisiológicas, 2155 Paraguay St, Buenos Aires, 1121, Argentina."
41817828,Paz R,"Department of Neurology, UCSF, San Francisco, CA, USA."
41817828,Tubert C,"Universidad de Buenos Aires, Instituto de Fisiología y Biofísica Bernardo Houssay, Grupo de Neurociencia de Sistemas, CONICET, 2155 Paraguay St, Buenos Aires, 1121, Argentina."
41817828,Tubert C,"Universidad de Buenos Aires, Facultad de Medicina, Departamento de Ciencias Fisiológicas, 2155 Paraguay St, Buenos Aires, 1121, Argentina."
41817828,Gomez G,"Department of Psychiatry, University of California San Diego, 9500 Gilman Dr, La Jolla, San Diego, CA, 92093, USA."
41817828,Belforte J,"Universidad de Buenos Aires, Instituto de Fisiología y Biofísica Bernardo Houssay, Grupo de Neurociencia de Sistemas, CONICET, 2155 Paraguay St, Buenos Aires, 1121, Argentina."
41817828,Belforte J,"Universidad de Buenos Aires, Facultad de Medicina, Departamento de Ciencias Fisiológicas, 2155 Paraguay St, Buenos Aires, 1121, Argentina."
41817828,Taravini I,"Instituto de Ciencia y Tecnología de los Alimentos de Entre Ríos (ICTAER-UNER-CONICET), Laboratorio de Neurobiología Experimental, Universidad Nacional de Entre Ríos, 1154 Peron St, Gualeguaychú, Entre Ríos, Argentina."
41817828,Rela L,"Universidad de Buenos Aires, Instituto de Fisiología y Biofísica Bernardo Houssay, Grupo de Neurociencia de Sistemas, CONICET, 2155 Paraguay St, Buenos Aires, 1121, Argentina."
41817828,Rela L,"Universidad de Buenos Aires, Facultad de Medicina, Departamento de Ciencias Fisiológicas, 2155 Paraguay St, Buenos Aires, 1121, Argentina."
41817828,Murer M,"Universidad de Buenos Aires, Instituto de Fisiología y Biofísica Bernardo Houssay, Grupo de Neurociencia de Sistemas, CONICET, 2155 Paraguay St, Buenos Aires, 1121, Argentina. gmurer@fmed.uba.ar."
41817828,Murer M,"Universidad de Buenos Aires, Facultad de Medicina, Departamento de Ciencias Fisiológicas, 2155 Paraguay St, Buenos Aires, 1121, Argentina. gmurer@fmed.uba.ar."
41800087,Sanchez D,"Universidad de Buenos Aires (UBA), Facultad de Ciencias Médicas, Departamento de Ciencias Fisiológicas, Laboratorio de Fisiología Renal, Buenos Aires, Argentina."
41800087,Sanchez D,"Universidad de Buenos Aires - Consejo Nacional de Investigaciones Científicas y Tecnológicas (CONICET), Instituto de Fisiología y Biofísica Bernardo Houssay (IFIBIO Houssay), Buenos Aires, Argentina."
41800087,Fischer Sigel L,"Universidad de Buenos Aires (UBA), Facultad de Ciencias Médicas, Departamento de Ciencias Fisiológicas, Laboratorio de Fisiología Renal, Buenos Aires, Argentina."
41800087,Fischer Sigel L,"Universidad de Buenos Aires - Consejo Nacional de Investigaciones Científicas y Tecnológicas (CONICET), Instituto de Fisiología y Biofísica Bernardo Houssay (IFIBIO Houssay), Buenos Aires, Argentina."
41800087,Zotta E,"Universidad de Buenos Aires, Facultad de Farmacia y Bioquímica, Departamento de Ciencias Biológicas, Cátedra de Fisiopatología, Buenos Aires, Argentina."
41800087,Zotta E,"Universidad de Buenos Aires, Facultad de Ciencias Médicas, Departamento de Ciencias Fisiológicas. Laboratorio de Patología y Nefrología Experimental, Buenos Aires, Argentina."
41800087,Silberstein C,"Universidad de Buenos Aires (UBA), Facultad de Ciencias Médicas, Departamento de Ciencias Fisiológicas, Laboratorio de Fisiología Renal, Buenos Aires, Argentina."
41800087,Silberstein C,"Universidad de Buenos Aires - Consejo Nacional de Investigaciones Científicas y Tecnológicas (CONICET), Instituto de Fisiología y Biofísica Bernardo Houssay (IFIBIO Houssay), Buenos Aires, Argentina."
41743514,Marini M,"Departamento de Fisiología, Biología Molecular y Celular ""Dr. Héctor Maldonado"", Facultad de Ciencias Exactas y Naturales, Universidad de Buenos Aires, Buenos Aires, Argentina."
41743514,Marini M,"Laboratorio de Fisiología de Circuitos Neuronales, Grupo de Neurociencia de Sistemas, Instituto de Fisiología y Biofísica ""Dr. Bernardo Houssay"" (IFIBIO-Houssay), Universidad de Buenos Aires - CONICET, Buenos Aires, Argentina."
41743514,Belluscio M,"Laboratorio de Fisiología de Circuitos Neuronales, Grupo de Neurociencia de Sistemas, Instituto de Fisiología y Biofísica ""Dr. Bernardo Houssay"" (IFIBIO-Houssay), Universidad de Buenos Aires - CONICET, Buenos Aires, Argentina."
41743514,Belluscio M,"Departamento de Fisiología, Facultad de Ciencias Médicas, Universidad de Buenos Aires, Buenos Aires, Argentina."
41743514,Murer M,"Laboratorio de Fisiología de Circuitos Neuronales, Grupo de Neurociencia de Sistemas, Instituto de Fisiología y Biofísica ""Dr. Bernardo Houssay"" (IFIBIO-Houssay), Universidad de Buenos Aires - CONICET, Buenos Aires, Argentina."
41743514,Murer M,"Departamento de Fisiología, Facultad de Ciencias Médicas, Universidad de Buenos Aires, Buenos Aires, Argentina."
41743514,Martinez M,"Departamento de Fisiología, Biología Molecular y Celular ""Dr. Héctor Maldonado"", Facultad de Ciencias Exactas y Naturales, Universidad de Buenos Aires, Buenos Aires, Argentina."
41743514,Martinez M,"Laboratorio de Fisiología de Circuitos Neuronales, Grupo de Neurociencia de Sistemas, Instituto de Fisiología y Biofísica ""Dr. Bernardo Houssay"" (IFIBIO-Houssay), Universidad de Buenos Aires - CONICET, Buenos Aires, Argentina."
41709136,Ferrary Americo M,"Departamento de Genética, Ecologia e Evolução, Instituto de Ciências Biológicas, Universidade Federal de Minas Gerais, Belo Horizonte, Brazil."
41709136,Ferrary Americo M,"Université Paris-Saclay, INRAE, AgroParisTech, MICALIS, Jouy-en-Josas, France."
41709136,Vilela Rodrigues T,"Departamento de Genética, Ecologia e Evolução, Instituto de Ciências Biológicas, Universidade Federal de Minas Gerais, Belo Horizonte, Brazil."
41709136,Vilela Rodrigues T,"Université Paris-Saclay, INRAE, AgroParisTech, MICALIS, Jouy-en-Josas, France."
41709136,Henry C,"Université Paris-Saclay, INRAE, AgroParisTech, MICALIS, Jouy-en-Josas, France."
41709136,Marques da Silva W,"Instituto de Fisiología y Biofísica Bernardo Houssay (IFIBIO-HOUSSAY), CONICET-Universidad de Buenos Aires, Ciudad Autónoma de Buenos Aires, Argentina."
41709136,Marques da Silva W,"Departamento de Microbiología, Facultad de Farmacia y Bioquímica, Biotecnología y Genética/Cátedra de Genética, Universidad de Buenos Aires, Inmunología, Ciudad Autónoma de Buenos Aires, Argentina."
41709136,Verano-Braga T,"Departamento de Fisiologia e Biofísica, Instituto de Ciências Biológicas, Universidade Federal de Minas Gerais, Belo Horizonte, Brazil."
41709136,Azevedo V,"Departamento de Genética, Ecologia e Evolução, Instituto de Ciências Biológicas, Universidade Federal de Minas Gerais, Belo Horizonte, Brazil."
41709136,Chatel J,"Université Paris-Saclay, INRAE, AgroParisTech, MICALIS, Jouy-en-Josas, France. jean-marc.chatel@inrae.fr."
41605341,Valdivia S,"Universidad de Buenos Aires, Facultad de Ciencias Médicas, Departamento de Ciencias Fisiológicas, Grupo de Neurociencias de Sistemas, Buenos Aires, Argentina; Consejo Nacional de Investigaciones Científicas y Técnicas (CONICET) - Universidad de Buenos Aires. Instituto de Fisiología y Biofísica Bernardo Houssay (IFIBIO Houssay), Buenos Aires, Argentina; Grupo de Neurofisiología, Instituto Multidisciplinario de Biología Celular (IMBICE), Universidad Nacional La Plata (UNLP), Consejo Nacional de Investigaciones Científicas y Técnicas (CONICET), Comisión de Investigaciones Científicas de la Provincia de Buenos Aires (CICPBA)), La Plata, Buenos Aires, Argentina. Electronic address: springvaldivia@gmail.com."
41605341,Agostino P,"Laboratorio de Cronobiología, Departamento de Ciencia y Tecnología, Universidad Nacional de Quilmes/ Consejo Nacional de Investigaciones Científicas y Técnicas (CONICET), Buenos Aires, Argentina."
41605341,Reynaldo M,"Grupo de Neurofisiología, Instituto Multidisciplinario de Biología Celular (IMBICE), Universidad Nacional La Plata (UNLP), Consejo Nacional de Investigaciones Científicas y Técnicas (CONICET), Comisión de Investigaciones Científicas de la Provincia de Buenos Aires (CICPBA)), La Plata, Buenos Aires, Argentina."
41605341,Singh S,"Division of Intramural Research National Center for Complementary and Integrative Health, 35 Convent Drive, Building 35A / Room 1E-410, Bethesda, MD 20892, USA."
41605341,Carrasquillo Y,"Division of Intramural Research National Center for Complementary and Integrative Health, 35 Convent Drive, Building 35A / Room 1E-410, Bethesda, MD 20892, USA; National Institute on Drug Abuse, National Institutes of Health, 35 Convent Drive, Building 35A / Room 1E-410, Bethesda, MD 20892, USA."
41605341,Perello M,"Grupo de Neurofisiología, Instituto Multidisciplinario de Biología Celular (IMBICE), Universidad Nacional La Plata (UNLP), Consejo Nacional de Investigaciones Científicas y Técnicas (CONICET), Comisión de Investigaciones Científicas de la Provincia de Buenos Aires (CICPBA)), La Plata, Buenos Aires, Argentina; Department of Surgical Sciences, Functional Pharmacology and Neuroscience, University of Uppsala, Uppsala, Sweden."
41605341,Kasanetz F,"Universidad de Buenos Aires, Facultad de Ciencias Médicas, Departamento de Ciencias Fisiológicas, Grupo de Neurociencias de Sistemas, Buenos Aires, Argentina; Consejo Nacional de Investigaciones Científicas y Técnicas (CONICET) - Universidad de Buenos Aires. Instituto de Fisiología y Biofísica Bernardo Houssay (IFIBIO Houssay), Buenos Aires, Argentina."
41571758,Lacour A,"Instituto de Investigaciones Bioquímicas de Bahía Blanca (INIBIBB) CCT CONICET - Universidad Nacional del Sur (UNS), Bahía Blanca, Argentina."
41571758,Lacour A,"Departamento de Biología, Bioquímica y Farmacia, Universidad Nacional Del Sur (UNS), Bahía Blanca, Argentina."
41571758,Vassallu F,"Universidad de Buenos Aires, Facultad de Ciencias Médicas, Departamento de Ciencias Fisiológicas, Buenos Aires, Argentina."
41571758,Vassallu F,"CONICET - Universidad de Buenos Aires, Instituto de Fisiología y Biofísica Bernardo Houssay (IFIBIO Houssay), Grupo de Neurociencias de Sistemas, Buenos Aires, Argentina."
41571758,Romussi S,"Instituto de Investigaciones Bioquímicas de Bahía Blanca (INIBIBB) CCT CONICET - Universidad Nacional del Sur (UNS), Bahía Blanca, Argentina."
41571758,Romussi S,"Departamento de Biología, Bioquímica y Farmacia, Universidad Nacional Del Sur (UNS), Bahía Blanca, Argentina."
41571758,Rayes D,"Instituto de Investigaciones Bioquímicas de Bahía Blanca (INIBIBB) CCT CONICET - Universidad Nacional del Sur (UNS), Bahía Blanca, Argentina. drayes@criba.edu.ar."
41571758,Rayes D,"Departamento de Biología, Bioquímica y Farmacia, Universidad Nacional Del Sur (UNS), Bahía Blanca, Argentina. drayes@criba.edu.ar."
41571758,Igaz L,"Universidad de Buenos Aires, Facultad de Ciencias Médicas, Departamento de Ciencias Fisiológicas, Buenos Aires, Argentina. lmuller@fmed.uba.ar."
41571758,Igaz L,"CONICET - Universidad de Buenos Aires, Instituto de Fisiología y Biofísica Bernardo Houssay (IFIBIO Houssay), Grupo de Neurociencias de Sistemas, Buenos Aires, Argentina. lmuller@fmed.uba.ar."
41489386,Ramos-Aloi A,"Consejo Nacional de Investigaciones Científicas y Técnicas (CONICET), Laboratorio de Neurofisiopatología, Facultad de Medicina, Universidad de Buenos Aires, Instituto de Fisiología y Biofísica ""Houssay"" (IFIBIO), Ciudad de Buenos Aires, Argentina."
41489386,Arias L,"Laboratorio de Bacteriología General, Instituto de Patobiología Veterinaria, Instituto Nacional de Tecnología Agropecuaria-Consejo Nacional de Investigaciones Científicas y Tecnológicas (IPVet), INTA-CONICET, William C. Morris, Argentina."
41489386,Pinto A,"Consejo Nacional de Investigaciones Científicas y Técnicas (CONICET), Laboratorio de Neurofisiopatología, Facultad de Medicina, Universidad de Buenos Aires, Instituto de Fisiología y Biofísica ""Houssay"" (IFIBIO), Ciudad de Buenos Aires, Argentina."
41489386,Goldstein J,"Consejo Nacional de Investigaciones Científicas y Técnicas (CONICET), Laboratorio de Neurofisiopatología, Facultad de Medicina, Universidad de Buenos Aires, Instituto de Fisiología y Biofísica ""Houssay"" (IFIBIO), Ciudad de Buenos Aires, Argentina."
41457365,Sterba J,"Departamento de Ciencias Fisiológicas. Laboratorio de Biomembranas, Universidad de Buenos Aires, Facultad de Ciencias Médicas, Buenos Aires, Argentina."
41457365,Sterba J,"CONICET-Universidad de Buenos Aires. Instituto de Fisiología y Biofísica Bernardo Houssay (IFIBIO Houssay), Buenos Aires, Argentina."
41457365,Beltramone N,"Departamento de Ciencias Fisiológicas. Laboratorio de Biomembranas, Universidad de Buenos Aires, Facultad de Ciencias Médicas, Buenos Aires, Argentina."
41457365,Beltramone N,"CONICET-Universidad de Buenos Aires. Instituto de Fisiología y Biofísica Bernardo Houssay (IFIBIO Houssay), Buenos Aires, Argentina."
41457365,Celi A,"Departamento de Ciencias Fisiológicas. Laboratorio de Biomembranas, Universidad de Buenos Aires, Facultad de Ciencias Médicas, Buenos Aires, Argentina."
41457365,Celi A,"CONICET-Universidad de Buenos Aires. Instituto de Fisiología y Biofísica Bernardo Houssay (IFIBIO Houssay), Buenos Aires, Argentina."
41457365,Casal J,"Departamento de Ciencias Fisiológicas. Laboratorio de Biomembranas, Universidad de Buenos Aires, Facultad de Ciencias Médicas, Buenos Aires, Argentina."
41457365,Casal J,"CONICET-Universidad de Buenos Aires. Instituto de Fisiología y Biofísica Bernardo Houssay (IFIBIO Houssay), Buenos Aires, Argentina."
41457365,Fanelli M,"Laboratorio de Oncología, Instituto de Medicina y Biología Experimental de Cuyo (IMBECU, CCT Mendoza), Consejo Nacional de Investigaciones Científicas y Técnicas (CONICET), Universidad Nacional de Cuyo (UNCuyo), Mendoza, Argentina."
41457365,Capurro C,"Departamento de Ciencias Fisiológicas. Laboratorio de Biomembranas, Universidad de Buenos Aires, Facultad de Ciencias Médicas, Buenos Aires, Argentina."
41457365,Capurro C,"CONICET-Universidad de Buenos Aires. Instituto de Fisiología y Biofísica Bernardo Houssay (IFIBIO Houssay), Buenos Aires, Argentina."
41457365,Rivarola V,"Departamento de Ciencias Fisiológicas. Laboratorio de Biomembranas, Universidad de Buenos Aires, Facultad de Ciencias Médicas, Buenos Aires, Argentina."
41457365,Rivarola V,"CONICET-Universidad de Buenos Aires. Instituto de Fisiología y Biofísica Bernardo Houssay (IFIBIO Houssay), Buenos Aires, Argentina."
41457365,Di Giusto G,"Departamento de Ciencias Fisiológicas. Laboratorio de Biomembranas, Universidad de Buenos Aires, Facultad de Ciencias Médicas, Buenos Aires, Argentina."
41457365,Di Giusto G,"CONICET-Universidad de Buenos Aires. Instituto de Fisiología y Biofísica Bernardo Houssay (IFIBIO Houssay), Buenos Aires, Argentina."
41457365,Ford P,"Departamento de Ciencias Fisiológicas. Laboratorio de Biomembranas, Universidad de Buenos Aires, Facultad de Ciencias Médicas, Buenos Aires, Argentina."
41457365,Ford P,"CONICET-Universidad de Buenos Aires. Instituto de Fisiología y Biofísica Bernardo Houssay (IFIBIO Houssay), Buenos Aires, Argentina."
41423699,Luan W,"Clem Jones Centre for Ageing Dementia Research, Queensland Brain Institute, The University of Queensland, St Lucia, QLD, 4072, Australia."
41423699,San Gil R,"Clem Jones Centre for Ageing Dementia Research, Queensland Brain Institute, The University of Queensland, St Lucia, QLD, 4072, Australia. rebecca.sangil@sydney.edu.au."
41423699,San Gil R,"School of Medical Sciences, Faculty of Medicine and Health, The University of Sydney, Camperdown, NSW, 2050, Australia. rebecca.sangil@sydney.edu.au."
41423699,San Gil R,"Charles Perkins Centre, The University of Sydney, Camperdown, NSW, 2050, Australia. rebecca.sangil@sydney.edu.au."
41423699,Madrid San Martin L,"Clem Jones Centre for Ageing Dementia Research, Queensland Brain Institute, The University of Queensland, St Lucia, QLD, 4072, Australia."
41423699,Cao M,"School of Biological Sciences and Centre for Brain Research, University of Auckland, Auckland, 1010, New Zealand."
41423699,Vassallu F,"Grupo de Neurociencia de Sistemas, Departamento de Ciencias Fisiológicas, Facultad de Ciencias Médicas, Universidad de Buenos Aires, Buenos Aires, Argentina."
41423699,Vassallu F,"Instituto de Fisiología y Biofísica Bernardo Houssay (IFIBIO Houssay), CONICET - Universidad de Buenos Aires, Buenos Aires, Argentina."
41423699,Venturato J,"Clem Jones Centre for Ageing Dementia Research, Queensland Brain Institute, The University of Queensland, St Lucia, QLD, 4072, Australia."
41423699,Venturato J,"Charles Perkins Centre, The University of Sydney, Camperdown, NSW, 2050, Australia."
41423699,Venturato J,"Sydney Pharmacy School, Faculty of Medicine and Health, The University of Sydney, Camperdown, NSW, 2006, Australia."
41423699,West P,"School of Medical Sciences, Faculty of Medicine and Health, The University of Sydney, Camperdown, NSW, 2050, Australia."
41423699,West P,"Charles Perkins Centre, The University of Sydney, Camperdown, NSW, 2050, Australia."
41423699,Brown-Wright H,"Clem Jones Centre for Ageing Dementia Research, Queensland Brain Institute, The University of Queensland, St Lucia, QLD, 4072, Australia."
41423699,Bademosi A,"Clem Jones Centre for Ageing Dementia Research, Queensland Brain Institute, The University of Queensland, St Lucia, QLD, 4072, Australia."
41423699,Chye Y,"Clem Jones Centre for Ageing Dementia Research, Queensland Brain Institute, The University of Queensland, St Lucia, QLD, 4072, Australia."
41423699,Chye Y,"School of Medical Sciences, Faculty of Medicine and Health, The University of Sydney, Camperdown, NSW, 2050, Australia."
41423699,Chye Y,"Charles Perkins Centre, The University of Sydney, Camperdown, NSW, 2050, Australia."
41423699,Wu H,"Clem Jones Centre for Ageing Dementia Research, Queensland Brain Institute, The University of Queensland, St Lucia, QLD, 4072, Australia."
41423699,Harutyunyan A,"Charles Perkins Centre, The University of Sydney, Camperdown, NSW, 2050, Australia."
41423699,Harutyunyan A,"Sydney Pharmacy School, Faculty of Medicine and Health, The University of Sydney, Camperdown, NSW, 2006, Australia."
41423699,Robinson K,"Charles Perkins Centre, The University of Sydney, Camperdown, NSW, 2050, Australia."
41423699,Robinson K,"Sydney Pharmacy School, Faculty of Medicine and Health, The University of Sydney, Camperdown, NSW, 2006, Australia."
41423699,Chang M,"Clem Jones Centre for Ageing Dementia Research, Queensland Brain Institute, The University of Queensland, St Lucia, QLD, 4072, Australia."
41423699,Chang M,"Charles Perkins Centre, The University of Sydney, Camperdown, NSW, 2050, Australia."
41423699,Chang M,"Sydney Pharmacy School, Faculty of Medicine and Health, The University of Sydney, Camperdown, NSW, 2006, Australia."
41423699,Blizzard C,"Tasmanian School of Medicine, University of Tasmania, Hobart, TAS, 7000, Australia."
41423699,Blizzard C,"Menzies Institute for Medical Research, University of Tasmania, Hobart, TAS, 7000, Australia."
41423699,Scotter E,"School of Biological Sciences and Centre for Brain Research, University of Auckland, Auckland, 1010, New Zealand."
41423699,Igaz L,"Grupo de Neurociencia de Sistemas, Departamento de Ciencias Fisiológicas, Facultad de Ciencias Médicas, Universidad de Buenos Aires, Buenos Aires, Argentina."
41423699,Igaz L,"Instituto de Fisiología y Biofísica Bernardo Houssay (IFIBIO Houssay), CONICET - Universidad de Buenos Aires, Buenos Aires, Argentina."
41423699,Walker A,"Clem Jones Centre for Ageing Dementia Research, Queensland Brain Institute, The University of Queensland, St Lucia, QLD, 4072, Australia. adam.walker@sydney.edu.au."
41423699,Walker A,"Charles Perkins Centre, The University of Sydney, Camperdown, NSW, 2050, Australia. adam.walker@sydney.edu.au."
41423699,Walker A,"Sydney Pharmacy School, Faculty of Medicine and Health, The University of Sydney, Camperdown, NSW, 2006, Australia. adam.walker@sydney.edu.au."
41242030,Cardona P,"Instituto de Genética Humana, Facultad de Medicina, Pontificia Universidad Javeriana, Bogotá, Colombia."
41242030,Palacios D,"Instituto de Genética Humana, Facultad de Medicina, Pontificia Universidad Javeriana, Bogotá, Colombia."
41242030,Alvarez A,"Instituto de Genética Humana, Facultad de Medicina, Pontificia Universidad Javeriana, Bogotá, Colombia."
41242030,Damiano A,"Universidad de Buenos Aires, Facultad de Farmacia y Bioquímica, Departamento de Ciencias Biológicas, Cátedra de Biología Celular y Molecular, Buenos Aires, Argentina; Universidad de Buenos Aires-CONICET, Instituto de Fisiología y Biofísica Bernardo Houssay, Buenos Aires, Argentina; Red Iberoamericana de Alteraciones Vasculares en Trastornos del Embarazo, Chillán, Chile."
41242030,Garcia-Robles R,"Red Iberoamericana de Alteraciones Vasculares en Trastornos del Embarazo, Chillán, Chile; Facultad de Medicina, Pontificia Universidad Javeriana, Bogotá, Colombia."
41242030,Ayala-Ramirez P,"Instituto de Genética Humana, Facultad de Medicina, Pontificia Universidad Javeriana, Bogotá, Colombia; Red Iberoamericana de Alteraciones Vasculares en Trastornos del Embarazo, Chillán, Chile. Electronic address: payala@javeriana.edu.co."
41208638,Marcora M,"Departamento de Química Biológica and Instituto de Química y Fisicoquímica Biológica (IQUIFIB), Facultad de Farmacia y Bioquímica, UBA-CONICET, Buenos, Aires, Argentina."
41208638,Katz M,"Departamento de Ciencias Fisiológicas, Facultad de Medicina, Universidad de Buenos Aires, Buenos Aires, Argentina."
41208638,Katz M,"Instituto de Fisiología y Biofísica Bernardo Houssay (IFIBIO Houssay-CONICET), Buenos Aires, Argentina."
41208638,Galo A,"Departamento de Ciencias Fisiológicas, Facultad de Medicina, Universidad de Buenos Aires, Buenos Aires, Argentina."
41208638,Galo A,"Instituto de Fisiología y Biofísica Bernardo Houssay (IFIBIO Houssay-CONICET), Buenos Aires, Argentina."
41208638,Bochicchio P,"Facultad de Ciencias Exactas y Naturales, Departamento de Biodiversidad y Biología Experimental, Laboratorio de Neuroetología de Insectos, Universidad de Buenos Aires (UBA), Buenos Aires, Argentina."
41208638,Bongiovanni V,"Departamento de Ciencias Fisiológicas, Facultad de Medicina, Universidad de Buenos Aires, Buenos Aires, Argentina."
41208638,Bongiovanni V,"Instituto de Fisiología y Biofísica Bernardo Houssay (IFIBIO Houssay-CONICET), Buenos Aires, Argentina."
41208638,Bodin D,"Facultad de Ciencias Exactas y Naturales, Departamento de Biodiversidad y Biología Experimental, Laboratorio de Neuroetología de Insectos, Universidad de Buenos Aires (UBA), Buenos Aires, Argentina."
41208638,Pagani M,"Departamento de Ciencias Fisiológicas, Facultad de Medicina, Universidad de Buenos Aires, Buenos Aires, Argentina."
41208638,Pagani M,"Instituto de Fisiología y Biofísica Bernardo Houssay (IFIBIO Houssay-CONICET), Buenos Aires, Argentina."
41208638,Correale J,"Departamento de Química Biológica and Instituto de Química y Fisicoquímica Biológica (IQUIFIB), Facultad de Farmacia y Bioquímica, UBA-CONICET, Buenos, Aires, Argentina."
41208638,Correale J,"Instituto de Investigaciones Neurológicas Dr. Raúl Carrea, FLENI, Buenos Aires, Argentina."
41208638,Pasquini J,"Departamento de Química Biológica and Instituto de Química y Fisicoquímica Biológica (IQUIFIB), Facultad de Farmacia y Bioquímica, UBA-CONICET, Buenos, Aires, Argentina."
41183746,Garcia-Verdugo M,"Instituto Cajal, Consejo Superior de Investigaciones Científicas (CSIC), Madrid, Spain; Centro de Investigación Biomédica en Red sobre Enfermedades Neurodegenerativas (CIBERNED), Instituto de Salud Carlos III, Madrid, Spain."
41183746,Rodriguez-Martin P,"Instituto Cajal, Consejo Superior de Investigaciones Científicas (CSIC), Madrid, Spain."
41183746,Gustincich S,"Non-coding RNAs and RNA-based Therapeutics, Istituto Italiano di Tecnologia (IIT), Genova, Italy."
41183746,Lanciego J,"Centro de Investigación Biomédica en Red sobre Enfermedades Neurodegenerativas (CIBERNED), Instituto de Salud Carlos III, Madrid, Spain; CNS Gene Therapy Program, Center for Applied Medical Research (CIMA), University of Navarra, Pamplona, Spain."
41183746,Murer M,"Universidad de Buenos Aires, Facultad de Medicina, and CONICET, Instituto de Fisiología y Biofísica (IFIBIO), Buenos Aires, Argentina."
41183746,Jercog P,"Instituto Cajal, Consejo Superior de Investigaciones Científicas (CSIC), Madrid, Spain; Centro de Investigación Biomédica en Red sobre Enfermedades Neurodegenerativas (CIBERNED), Instituto de Salud Carlos III, Madrid, Spain."
41183746,Moratalla R,"Instituto Cajal, Consejo Superior de Investigaciones Científicas (CSIC), Madrid, Spain; Centro de Investigación Biomédica en Red sobre Enfermedades Neurodegenerativas (CIBERNED), Instituto de Salud Carlos III, Madrid, Spain. Electronic address: moratalla@cajal.csic.es."
41040166,Griffa G,"IFIBIO Houssay, School of Medicine, Department of Physiology, University of Buenos Aires, Argentina."
41040166,Palombo M,"Cardiff University Brain Research Imaging Centre (CUBRIC), School of Psychology and School of Computer Science and Informatics, Cardiff University, Cardiff, UK."
41040166,Yeffal A,"IFIBIO Houssay, School of Medicine, Department of Physiology, University of Buenos Aires, Argentina."
41040166,Lee H,"Athinoula A. Martinos Center for Biomedical Imaging, Department of Radiology, Massachusetts General Hospital, Harvard Medical School, Boston, MA, USA."
41040166,Huang S,"Athinoula A. Martinos Center for Biomedical Imaging, Department of Radiology, Massachusetts General Hospital, Harvard Medical School, Boston, MA, USA."
41040166,Della-Maggiore V,"IFIBIO Houssay, School of Medicine, Department of Physiology, University of Buenos Aires, Argentina."
41040166,Della-Maggiore V,"ICIFI School of Science and Technology (ECyT), University of San Martin, Buenos Aires, Argentina."
41040166,Della-Maggiore V,"Department of Neurology and Neurosurgery, McGill University, Montreal, QC, H3A 2B4, Canada."
41014673,Di Paola M,"Universidad de Buenos Aires, Facultad de Farmacia y Bioquímica, Departamento de Ciencias Biológicas, Cátedra de Biología Celular y Molecular, Buenos Aires, Argentina."
41014673,Sierra M,"Universidad de Buenos Aires, Facultad de Farmacia y Bioquímica, Departamento de Ciencias Biológicas, Cátedra de Biología Celular y Molecular, Buenos Aires, Argentina; Universidad de Buenos Aires, CONICET, Instituto de Fisiología y Biofísica Bernardo Houssay (IFIBIO Houssay), Laboratorio de Biología de la Reproducción, Buenos Aires, Argentina."
41014673,Fernandez N,"Universidad de Buenos Aires, Facultad de Farmacia y Bioquímica, Departamento de Ciencias Biológicas, Cátedra de Biología Celular y Molecular, Buenos Aires, Argentina; Universidad de Buenos Aires, CONICET, Instituto de Fisiología y Biofísica Bernardo Houssay (IFIBIO Houssay), Laboratorio de Biología de la Reproducción, Buenos Aires, Argentina."
41014673,Reynoso M,"Universidad de Buenos Aires, Facultad de Farmacia y Bioquímica, Departamento de Ciencias Biológicas, Cátedra de Biología Celular y Molecular, Buenos Aires, Argentina."
41014673,Castro Parodi M,"Universidad de Buenos Aires, CONICET, Instituto de Fisiología y Biofísica Bernardo Houssay (IFIBIO Houssay), Laboratorio de Biología de la Reproducción, Buenos Aires, Argentina."
41014673,Damiano A,"Universidad de Buenos Aires, Facultad de Farmacia y Bioquímica, Departamento de Ciencias Biológicas, Cátedra de Biología Celular y Molecular, Buenos Aires, Argentina; Universidad de Buenos Aires, CONICET, Instituto de Fisiología y Biofísica Bernardo Houssay (IFIBIO Houssay), Laboratorio de Biología de la Reproducción, Buenos Aires, Argentina. Electronic address: adamiano@ffyb.uba.ar."
40976751,Giachini F,"Institute of Biological and Health Sciences, Federal University of Mato Grosso, Barra do Garḉa, Brazil."
40976751,Borbely A,"Cell Biology Laboratory, Institute of Biological and Health Sciences, Federal University of Alagoas, Maceio, Brazil."
40976751,Damiano A,"Universidad de Buenos Aires, Facultad de Farmacia y Bioquímica, Departamento de Ciencias Biológicas, Cátedra de Biología Celular y Molecular, Buenos Aires, Argentina; Universidad de Buenos Aires, CONICET, Instituto de Fisiología y Biofísica Bernardo Houssay (IFIBIO Houssay), Laboratorio de Biología de la Reproducción, Buenos Aires, Argentina. Electronic address: adamiano@ffyb.uba.ar."
40882494,Reppetti J,"Universidad de Buenos Aires (UBA-CONICET), Instituto de Fisiología y Biofísica Bernardo Houssay (IFIBIO-Houssay), Laboratorio de Biología de la Reproducción, Facultad de Medicina, Buenos Aires, Argentina."
40882494,Gornalusse G,"Department of Obstetrics and Gynecology, University of Washington, Seattle, WA, USA."
40882494,Etcheverry T,"Universidad de Buenos Aires (UBA-CONICET), Centro de Estudios Farmacológicos y Botánicos (CEFYBO), Laboratorio de Fisiopatología Placentaria, Facultad de Medicina, Buenos Aires, Argentina."
40882494,Farina M,"Universidad de Buenos Aires (UBA-CONICET), Centro de Estudios Farmacológicos y Botánicos (CEFYBO), Laboratorio de Fisiopatología Placentaria, Facultad de Medicina, Buenos Aires, Argentina."
40882494,Damiano A,"Universidad de Buenos Aires (UBA-CONICET), Instituto de Fisiología y Biofísica Bernardo Houssay (IFIBIO-Houssay), Laboratorio de Biología de la Reproducción, Facultad de Medicina, Buenos Aires, Argentina; Universidad de Buenos Aires, Facultad de Farmacia y Bioquímica, Departamento de Ciencias Biológicas, Cátedra de Biología Celular y Molecular, Buenos Aires, Argentina."
40882494,Martinez N,"Universidad de Buenos Aires (UBA-CONICET), Instituto de Fisiología y Biofísica Bernardo Houssay (IFIBIO-Houssay), Laboratorio de Biología de la Reproducción, Facultad de Medicina, Buenos Aires, Argentina. Electronic address: noraalicia.martinez@gmail.com."
40766632,Lacour A,"Instituto de Investigaciones Bioquímicas de Bahía Blanca (INIBIBB) CCT CONICET - Universidad Nacional del Sur (UNS), Bahía Blanca, Argentina. Departamento de Biología, Bioquímica y Farmacia, Universidad Nacional Del Sur (UNS), Bahía Blanca, Argentina."
40766632,Vassallu F,"Universidad de Buenos Aires, Facultad de Ciencias Médicas, Departamento de Ciencias Fisiológicas. Buenos Aires, Argentina."
40766632,Vassallu F,"CONICET - Universidad de Buenos Aires. Instituto de Fisiología y Biofísica Bernardo Houssay (IFIBIO Houssay). Buenos Aires, Argentina."
40766632,Rayes D,"Instituto de Investigaciones Bioquímicas de Bahía Blanca (INIBIBB) CCT CONICET - Universidad Nacional del Sur (UNS), Bahía Blanca, Argentina. Departamento de Biología, Bioquímica y Farmacia, Universidad Nacional Del Sur (UNS), Bahía Blanca, Argentina."
40766632,Igaz L,"Universidad de Buenos Aires, Facultad de Ciencias Médicas, Departamento de Ciencias Fisiológicas. Buenos Aires, Argentina."
40766632,Igaz L,"CONICET - Universidad de Buenos Aires. Instituto de Fisiología y Biofísica Bernardo Houssay (IFIBIO Houssay). Buenos Aires, Argentina."
40744730,Griffa G,"Departamento de Ciencias Fisiológicas, Facultad de Medicina, Instituto de Fisiología y Biofísica Bernardo Houssay (IFIBIO Houssay), Universidad de Buenos Aires-CONICET, Buenos Aires C1121ABG, Argentina."
40744730,Solano A,"Departamento de Ciencias Fisiológicas, Facultad de Medicina, Instituto de Fisiología y Biofísica Bernardo Houssay (IFIBIO Houssay), Universidad de Buenos Aires-CONICET, Buenos Aires C1121ABG, Argentina."
40744730,Deleglise A,"Departamento de Ciencias Fisiológicas, Facultad de Medicina, Instituto de Fisiología y Biofísica Bernardo Houssay (IFIBIO Houssay), Universidad de Buenos Aires-CONICET, Buenos Aires C1121ABG, Argentina."
40744730,De Pino G,"Instituto de Ciencias Fisicas (ICIFI), Escuela de Ciencia y Tecnología (ECyT), Universidad Nacional de San Martin (UNSAM), Buenos Aires CP 1650, Argentina."
40744730,Jacobacci F,"Departamento de Ciencias Fisiológicas, Facultad de Medicina, Instituto de Fisiología y Biofísica Bernardo Houssay (IFIBIO Houssay), Universidad de Buenos Aires-CONICET, Buenos Aires C1121ABG, Argentina."
40744730,Della-Maggiore V,"Departamento de Ciencias Fisiológicas, Facultad de Medicina, Instituto de Fisiología y Biofísica Bernardo Houssay (IFIBIO Houssay), Universidad de Buenos Aires-CONICET, Buenos Aires C1121ABG, Argentina vdellamaggiore@fmed.uba.ar."
40744730,Della-Maggiore V,"Instituto de Ciencias Fisicas (ICIFI), Escuela de Ciencia y Tecnología (ECyT), Universidad Nacional de San Martin (UNSAM), Buenos Aires CP 1650, Argentina."
40744730,Della-Maggiore V,"Department of Neurology and Neurosurgery, McGill University Montreal, Montreal, Quebec H3A2B4, Canada."
40642510,Abad C,"Department of Pharmacology and Toxicology, Faculty of Pharmacy in Hradec Kralove, Charles University, Hradec Kralove, Czechia."
40642510,Farina M,"University of Buenos Aires, Faculty of Medicine, Center of Pharmacological and Botanical Studies [Centro de Estudios Farmacológicos y Botánicos (CEFYBO)-Consejo Nacional de Investigaciones Científicas y Técnicas (CONICET)], Buenos Aires, Argentina."
40642510,Damiano A,"University of Buenos Aires, Faculty of Pharmacy and Biochemistry, Department of Biological Science, Buenos Aires, Argentina."
40642510,Damiano A,"Consejo Nacional de Investigaciones Científicas y Técnicas (CONICET), University of Buenos Aires, Institute of Physiology and Biophysics Bernardo Houssay 018 (Instituto de Fisiología y Biofísica (IFIBIO) Houssay), Buenos Aires, Argentina."
40642510,Marin R,"Center for Biophysics and Biochemistry (CBB), Venezuelan Institute for Scientific Research (IVIC), Caracas, Venezuela."
40617562,Pinto A,"CONICET- Universidad de Buenos Aires, Instituto de Fisiología y Biofísica ""Houssay"" (IFIBIO), Laboratorio de Neurofisiopatología, Buenos Aires, Argentina."
40617562,Miret N,"CONICET-Universidad de Buenos Aires, Instituto de Investigaciones Biomédicas (INBIOMED), Laboratorio de Efectos Biológicos de Contaminantes Ambientales, Buenos Aires, Argentina; Universidad de Buenos Aires, Facultad de Farmacia y Bioquímica, Departamento de Físico-matemática, Buenos Aires, Argentina. Electronic address: noeliamiret@hotmail.com.ar."
40617562,Ramos Aloi A,"CONICET- Universidad de Buenos Aires, Instituto de Fisiología y Biofísica ""Houssay"" (IFIBIO), Laboratorio de Neurofisiopatología, Buenos Aires, Argentina."
40617562,Vassallu F,"CONICET- Universidad de Buenos Aires, Instituto de Fisiología y Biofísica ""Houssay"" (IFIBIO), Grupo de Neurociencia de Sistemas, Buenos Aires, Argentina."
40617562,Igaz L,"CONICET- Universidad de Buenos Aires, Instituto de Fisiología y Biofísica ""Houssay"" (IFIBIO), Grupo de Neurociencia de Sistemas, Buenos Aires, Argentina."
40617562,Randi A,"CONICET-Universidad de Buenos Aires, Instituto de Investigaciones Biomédicas (INBIOMED), Laboratorio de Efectos Biológicos de Contaminantes Ambientales, Buenos Aires, Argentina; Universidad de Buenos Aires, Facultad de Medicina, Departamento de Bioquímica Humana, Buenos Aires, Argentina."
40617562,Goldstein J,"CONICET- Universidad de Buenos Aires, Instituto de Fisiología y Biofísica ""Houssay"" (IFIBIO), Laboratorio de Neurofisiopatología, Buenos Aires, Argentina."
40603573,Sorianello E,"Laboratorio de Regulación Hipofisaria, Instituto de Biología y Medicina Experimental (IBYME CONICET), Vuelta de Obligado 2490, Buenos Aires, 1428, Argentina."
40603573,Katz M,"Departamento de Ciencias Fisiológicas, Facultad de Medicina, Universidad de Buenos Aires, Paraguay, 2155, Buenos Aires, 1121, Argentina."
40603573,Katz M,"Instituto de Fisiología y Biofísica Bernardo Houssay (IFIBIO Houssay CONICET), Paraguay, 2155, Buenos Aires, 1121, Argentina."
40603573,Acevedo J,"Instituto Leloir, Patricias Argentinas 435, Buenos Aires, 1405, Argentina."
40603573,Melani M,"Instituto Leloir, Patricias Argentinas 435, Buenos Aires, 1405, Argentina."
40603573,Melani M,"Departamento de Fisiología y Biología Molecular y Celular, Facultad de Ciencias Exactas y Naturales, Universidad de Buenos Aires, Intendente Güiraldes 2160, Ciudad Universitaria, Buenos Aires, 1428, Argentina."
40603573,Melani M,"Instituto de Investigaciones Bioquímicas de Buenos Aires, CONICET, Patricias Argentinas 435, Buenos Aires, 1405, Argentina."
40603573,Perez-Perri J,"Gulbenkian Institute for Molecular Medicine (GIMM), Edifício Egas Moniz, Avenida Professor Egas Moniz, Lisbon, 1649-028, Portugal. joelpperri@medicina.ulisboa.pt."
40603573,Wappner P,"Instituto Leloir, Patricias Argentinas 435, Buenos Aires, 1405, Argentina. PWAPPNER@LELOIR.ORG.AR."
40603573,Wappner P,"Departamento de Fisiología y Biología Molecular y Celular, Facultad de Ciencias Exactas y Naturales, Universidad de Buenos Aires, Intendente Güiraldes 2160, Ciudad Universitaria, Buenos Aires, 1428, Argentina. PWAPPNER@LELOIR.ORG.AR."
40603573,Wappner P,"Instituto de Investigaciones Bioquímicas de Buenos Aires, CONICET, Patricias Argentinas 435, Buenos Aires, 1405, Argentina. PWAPPNER@LELOIR.ORG.AR."
40595449,Katz M,"Departamento de Ciencias Fisiológicas, Facultad de Medicina, Universidad de Buenos Aires. Paraguay 2155, Buenos Aires, Argentina."
40595449,Katz M,"Instituto de Fisiología y Biofísica ""Bernardo Houssay"" (IFIBIO-Houssay CONICET), Grupo de Neurociencia de Sistemas, Paraguay 2155, Buenos Aires, Argentina."
40595449,Rodriguez F,"Instituto Leloir, Patricias Argentinas 435, Buenos Aires, Argentina."
40595449,Rodriguez F,"Instituto de Investigaciones Bioquímicas de Buenos Aires, CONICET, Patricias Argentinas 435, Buenos Aires, Argentina."
40595449,Evangelisti F,"Instituto Leloir, Patricias Argentinas 435, Buenos Aires, Argentina."
40595449,Evangelisti F,"Instituto de Investigaciones Bioquímicas de Buenos Aires, CONICET, Patricias Argentinas 435, Buenos Aires, Argentina."
40595449,Borrat A,"Instituto Leloir, Patricias Argentinas 435, Buenos Aires, Argentina."
40595449,Borrat A,"Instituto de Investigaciones Bioquímicas de Buenos Aires, CONICET, Patricias Argentinas 435, Buenos Aires, Argentina."
40595449,Perez-Pandolfo S,"Instituto Leloir, Patricias Argentinas 435, Buenos Aires, Argentina."
40595449,Perez-Pandolfo S,"Instituto de Investigaciones Bioquímicas de Buenos Aires, CONICET, Patricias Argentinas 435, Buenos Aires, Argentina."
40595449,Peters T,"Instituto Leloir, Patricias Argentinas 435, Buenos Aires, Argentina."
40595449,Peters T,"Instituto de Investigaciones Bioquímicas de Buenos Aires, CONICET, Patricias Argentinas 435, Buenos Aires, Argentina."
40595449,Sommario N,"Instituto Leloir, Patricias Argentinas 435, Buenos Aires, Argentina."
40595449,Sommario N,"Instituto de Investigaciones Bioquímicas de Buenos Aires, CONICET, Patricias Argentinas 435, Buenos Aires, Argentina."
40595449,Boccaccio G,"Instituto Leloir, Patricias Argentinas 435, Buenos Aires, Argentina."
40595449,Boccaccio G,"Instituto de Investigaciones Bioquímicas de Buenos Aires, CONICET, Patricias Argentinas 435, Buenos Aires, Argentina."
40595449,Boccaccio G,"Departamento de Fisiología y Biología Molecular y Celular, Facultad de Ciencias Exactas y Naturales, Universidad de Buenos Aires; Intendente Güiraldes 2160, Ciudad Universitaria, Buenos Aires, Argentina."
40595449,Melani M,"Instituto Leloir, Patricias Argentinas 435, Buenos Aires, Argentina."
40595449,Melani M,"Instituto de Investigaciones Bioquímicas de Buenos Aires, CONICET, Patricias Argentinas 435, Buenos Aires, Argentina."
40595449,Melani M,"Departamento de Fisiología y Biología Molecular y Celular, Facultad de Ciencias Exactas y Naturales, Universidad de Buenos Aires; Intendente Güiraldes 2160, Ciudad Universitaria, Buenos Aires, Argentina."
40595449,Wappner P,"Instituto Leloir, Patricias Argentinas 435, Buenos Aires, Argentina. pwappner@leloir.org.ar."
40595449,Wappner P,"Instituto de Investigaciones Bioquímicas de Buenos Aires, CONICET, Patricias Argentinas 435, Buenos Aires, Argentina. pwappner@leloir.org.ar."
40595449,Wappner P,"Departamento de Fisiología y Biología Molecular y Celular, Facultad de Ciencias Exactas y Naturales, Universidad de Buenos Aires; Intendente Güiraldes 2160, Ciudad Universitaria, Buenos Aires, Argentina. pwappner@leloir.org.ar."
40587395,Fischer Sigel L,"Laboratorio de Fisiología Renal, Departamento de Ciencias Fisiológicas, Facultad de Ciencias Médicas, Universidad de Buenos Aires (UBA); Instituto de Fisiología y Biofísica Bernardo Houssay (IFIBIO Houssay), Universidad de Buenos Aires - Consejo Nacional de Investigaciones Científicas y Tecnológicas (CONICET)."
40587395,Sanchez D,"Laboratorio de Fisiología Renal, Departamento de Ciencias Fisiológicas, Facultad de Ciencias Médicas, Universidad de Buenos Aires (UBA); Instituto de Fisiología y Biofísica Bernardo Houssay (IFIBIO Houssay), Universidad de Buenos Aires - Consejo Nacional de Investigaciones Científicas y Tecnológicas (CONICET)."
40587395,Balestracci A,"Servicio de Nefrología, Hospital General de Niños Pedro de Elizalde."
40587395,Ibarra C,"Instituto de Fisiología y Biofísica Bernardo Houssay (IFIBIO Houssay), Universidad de Buenos Aires - Consejo Nacional de Investigaciones Científicas y Tecnológicas (CONICET); Laboratorio de Fisiopatogenia, Departamento de Ciencias Fisiológicas, Facultad de Medicina, Universidad de Buenos Aires."
40587395,Silberstein C,"Laboratorio de Fisiología Renal, Departamento de Ciencias Fisiológicas, Facultad de Ciencias Médicas, Universidad de Buenos Aires (UBA); Instituto de Fisiología y Biofísica Bernardo Houssay (IFIBIO Houssay), Universidad de Buenos Aires - Consejo Nacional de Investigaciones Científicas y Tecnológicas (CONICET); csilber@fmed.uba.ar."
40577142,Vlachovsky S,"Universidad de Buenos Aires, Facultad de Ciencias Médicas, Instituto de Investigaciones Médicas Alfredo Lanari, Servicio de Nefrología Experimental y Bioquímica Molecular IDIM UBA-CONICET, Buenos Aires, Argentina. E-mail: sandragvla@gmail.com."
40577142,Vlachovsky S,"Universidad de Buenos Aires, Facultad de Ciencias Exactas y Naturales, Departamento de Química Biológica, Laboratorio de Biosensores y Bioanálisis, IQUIBICEN UBA-CONICET, Buenos Aires, Argentina."
40577142,Ibarra F,"Universidad de Buenos Aires, Facultad de Ciencias Médicas, Instituto de Investigaciones Médicas Alfredo Lanari, Servicio de Nefrología Experimental y Bioquímica Molecular IDIM UBA-CONICET, Buenos Aires, Argentina."
40577142,Ibarra F,"Universidad de Buenos Aires, Facultad de Ciencias Médicas, Departamento de Ciencias Fisiológicas, Instituto de Fisiología y Biofísica B. Houssay IFIBIO-Houssay-CONICET, Laboratorio de Fisiología Renal, Buenos Aires, Argentina."
40577142,Di Ciano L,"Universidad de Buenos Aires, Facultad de Ciencias Médicas, Instituto de Investigaciones Médicas Alfredo Lanari, Servicio de Nefrología Experimental y Bioquímica Molecular IDIM UBA-CONICET, Buenos Aires, Argentina."
40577142,Di Ciano L,"Universidad de Buenos Aires, Facultad de Ciencias Veterinarias. Cátedra de Fisiología Animal, Buenos Aires, Argentina."
40553107,Tubert C,"Universidad de Buenos Aires, CONICET, Instituto de Fisiología y Biofísica Bernardo Houssay, Grupo de Neurociencia de Sistemas, Buenos Aires, Argentina."
40553107,Paz R,"Universidad de Buenos Aires, CONICET, Instituto de Fisiología y Biofísica Bernardo Houssay, Grupo de Neurociencia de Sistemas, Buenos Aires, Argentina."
40553107,Paz R,"Department of Neurology, UCSF, San Francisco, United States."
40553107,Stahl A,"Universidad de Buenos Aires, CONICET, Instituto de Fisiología y Biofísica Bernardo Houssay, Grupo de Neurociencia de Sistemas, Buenos Aires, Argentina."
40553107,Sanchez Armijos K,"Universidad de Buenos Aires, CONICET, Instituto de Fisiología y Biofísica Bernardo Houssay, Grupo de Neurociencia de Sistemas, Buenos Aires, Argentina."
40553107,Rela L,"Universidad de Buenos Aires, CONICET, Instituto de Fisiología y Biofísica Bernardo Houssay, Grupo de Neurociencia de Sistemas, Buenos Aires, Argentina."
40553107,Rela L,"Universidad de Buenos Aires, Facultad de Medicina, Departamento de Ciencias Fisiológicas, Buenos Aires, Argentina."
40553107,Murer M,"Universidad de Buenos Aires, CONICET, Instituto de Fisiología y Biofísica Bernardo Houssay, Grupo de Neurociencia de Sistemas, Buenos Aires, Argentina."
40553107,Murer M,"Universidad de Buenos Aires, Facultad de Medicina, Departamento de Ciencias Fisiológicas, Buenos Aires, Argentina."
40527250,Reppetti J,"Universidad de Buenos Aires (UBA-CONICET), Instituto de Fisiología y Biofísica Bernardo Houssay (IFIBIO-Houssay), Laboratorio de Biología de la Reproducción, Facultad de Medicina, Buenos Aires, Argentina."
40527250,German G,"Department of Obstetrics and Gynecology, University of Washington, Seattle, Washington, USA."
40527250,Tomas E,"Universidad de Buenos Aires (UBA-CONICET), Centro de Estudios Farmacológicos y Botánicos (CEFYBO), Laboratorio de Fisiopatología Placentaria, Facultad de Medicina, Buenos Aires, Argentina."
40527250,Mariana F,"Universidad de Buenos Aires (UBA-CONICET), Centro de Estudios Farmacológicos y Botánicos (CEFYBO), Laboratorio de Fisiopatología Placentaria, Facultad de Medicina, Buenos Aires, Argentina."
40527250,Alicia D,"Universidad de Buenos Aires (UBA-CONICET), Instituto de Fisiología y Biofísica Bernardo Houssay (IFIBIO-Houssay), Laboratorio de Biología de la Reproducción, Facultad de Medicina, Buenos Aires, Argentina; Universidad de Buenos Aires, Facultad de Farmacia y Bioquímica, Departamento de Ciencias Biológicas, Cátedra de Biología Celular y Molecular, Buenos Aires, Argentina."
40527250,Nora M,"Universidad de Buenos Aires (UBA-CONICET), Instituto de Fisiología y Biofísica Bernardo Houssay (IFIBIO-Houssay), Laboratorio de Biología de la Reproducción, Facultad de Medicina, Buenos Aires, Argentina. Electronic address: noraalicia.martinez@gmail.com."
40451786,Politi M,"Facultad de Ciencias Médicas, Universidad de Buenos Aires (UBA), Consejo Nacional de Investigaciones Científicas y Técnicas (CONICET), Instituto de Fisiología y Biofísica ""Bernardo Houssay"" (IFIBIO-HOUSSAY), Laboratorio de Biomembranas, Buenos Aires, Argentina."
40451786,Izurieta M,"Sanatorio de la Trinidad Mitre, Buenos Aires, Argentina."
40451786,Barba V,"Sanatorio de la Trinidad Mitre, Buenos Aires, Argentina."
40451786,Di Benedetto S,"School of Medicine, University of California San Diego (UCSD), San Diego, California, USA."
40451786,Ferreyra R,"Sanatorio de la Trinidad Mitre, Buenos Aires, Argentina."
40451786,Bortman G,"Sanatorio de la Trinidad Mitre, Buenos Aires, Argentina."
40451786,Piazza A,"Sanatorio de la Trinidad Mitre, Buenos Aires, Argentina."
40451786,Capurro C,"Facultad de Ciencias Médicas, Universidad de Buenos Aires (UBA), Consejo Nacional de Investigaciones Científicas y Técnicas (CONICET), Instituto de Fisiología y Biofísica ""Bernardo Houssay"" (IFIBIO-HOUSSAY), Laboratorio de Biomembranas, Buenos Aires, Argentina."
40012853,Alipio P,"Laboratorio de Neurofisiopatología, Facultad de Medicina, Instituto de Fisiología y Biofísica ""Houssay"" (IFIBIO), Universidad de Buenos Aires, Consejo Nacional de Investigaciones Científicas y Técnicas (CONICET), Buenos Aires, Argentina."
40012853,Fabian L,"Laboratorio de Neuropatología Experimental, Facultad de Medicina, Instituto de Biología Celular y Neurociencia ""Prof. E. De Robertis"" (IBCN), CONICET Universidad de Buenos Aires, Buenos Aires, Argentina."
40012853,Jorge G,"Laboratorio de Neurofisiopatología, Facultad de Medicina, Instituto de Fisiología y Biofísica ""Houssay"" (IFIBIO), Universidad de Buenos Aires, Consejo Nacional de Investigaciones Científicas y Técnicas (CONICET), Buenos Aires, Argentina."
39955250,Medina Y,"Universidad de Buenos Aires, CONICET, Instituto de Fisiología y Biofísica Bernardo Houssay (IFIBIO Houssay), Laboratorio de Biología de la Reproducción, Buenos Aires, Argentina."
39955250,Fernandez N,"Universidad de Buenos Aires, CONICET, Instituto de Fisiología y Biofísica Bernardo Houssay (IFIBIO Houssay), Laboratorio de Biología de la Reproducción, Buenos Aires, Argentina; Universidad de Buenos Aires, Facultad de Farmacia y Bioquímica, Departamento de Ciencias Biológicas, Cátedra de Biología Celular y Molecular, Buenos Aires, Argentina."
39955250,Sierra M,"Universidad de Buenos Aires, CONICET, Instituto de Fisiología y Biofísica Bernardo Houssay (IFIBIO Houssay), Laboratorio de Biología de la Reproducción, Buenos Aires, Argentina; Universidad de Buenos Aires, Facultad de Farmacia y Bioquímica, Departamento de Ciencias Biológicas, Cátedra de Biología Celular y Molecular, Buenos Aires, Argentina."
39955250,Castro Parodi M,"Universidad de Buenos Aires, Facultad de Farmacia y Bioquímica, Departamento de Ciencias Biológicas, Cátedra de Biología Celular y Molecular, Buenos Aires, Argentina."
39955250,Damiano A,"Universidad de Buenos Aires, CONICET, Instituto de Fisiología y Biofísica Bernardo Houssay (IFIBIO Houssay), Laboratorio de Biología de la Reproducción, Buenos Aires, Argentina; Universidad de Buenos Aires, Facultad de Farmacia y Bioquímica, Departamento de Ciencias Biológicas, Cátedra de Biología Celular y Molecular, Buenos Aires, Argentina. Electronic address: adamiano@ffyb.uba.ar."
39947439,Granado N,"Instituto Cajal, Consejo Superior de Investigaciones Científicas (CSIC), Madrid, Spain; Centro de Investigación Biomédica en Red sobre Enfermedades Neurodegenerativas (CIBERNED), Instituto de Salud Carlos III, Madrid, Spain."
39947439,Mendieta L,"Instituto Cajal, Consejo Superior de Investigaciones Científicas (CSIC), Madrid, Spain; Centro de Investigación Biomédica en Red sobre Enfermedades Neurodegenerativas (CIBERNED), Instituto de Salud Carlos III, Madrid, Spain."
39947439,Tizabi Y,"Department of Pharmacology, Howard University College of Medicine, Washington, DC, USA."
39947439,Murer M,"Universidad de Buenos Aires, Facultad de Medicina, and CONICET, Instituto de Fisiología y Biofísica (IFIBIO), Buenos Aires, Argentina."
39947439,Moratalla R,"Instituto Cajal, Consejo Superior de Investigaciones Científicas (CSIC), Madrid, Spain; Centro de Investigación Biomédica en Red sobre Enfermedades Neurodegenerativas (CIBERNED), Instituto de Salud Carlos III, Madrid, Spain. Electronic address: moratalla@cajal.csic.es."
39855537,Santander O,"Centro de Neurobiología y Fisiopatología Integrativa (CENFI), Instituto de Fisiología, Universidad de Valparaíso, Valparaíso 2340000, Chile; Programa de Doctorado en Ciencias, Mención Neurociencia, Universidad de Valparaíso, Valparaíso 2340000, Chile."
39855537,Arredondo S,"Institute of Biomedical Sciences, Faculty of Medicine and Faculty of Life Science, Universidad Andres Bello, Santiago, Chile."
39855537,Garcia-Rojas F,"Centro de Neurobiología y Fisiopatología Integrativa (CENFI), Instituto de Fisiología, Universidad de Valparaíso, Valparaíso 2340000, Chile."
39855537,Estay S,"Programa de Doctorado en Ciencias, Mención Neurociencia, Universidad de Valparaíso, Valparaíso 2340000, Chile; Instituto de Neurociencias y Centro Interdisciplinario de Neurociencia de Valparaíso, Facultad de Ciencias, Universidad de Valparaíso, Valparaíso 2340000, Chile."
39855537,Belforte J,"Instituto de Fisiología y Biofísica ""Bernardo Houssay"" (IFIBIO-Houssay), Grupo de Neurociencia de Sistemas, Universidad de Buenos Aires y Consejo Nacional de Investigaciones Científicas y Técnicas (CONICET), Buenos Aires 1121, Argentina."
39855537,Chavez A,"Instituto de Neurociencias y Centro Interdisciplinario de Neurociencia de Valparaíso, Facultad de Ciencias, Universidad de Valparaíso, Valparaíso 2340000, Chile."
39855537,Varela-Nallar L,"Institute of Biomedical Sciences, Faculty of Medicine and Faculty of Life Science, Universidad Andres Bello, Santiago, Chile; Millennium Nucleus of Neuroepigenetics and Plasticity (EpiNeuro), Santiago, Chile."
39855537,Fuenzalida M,"Centro de Neurobiología y Fisiopatología Integrativa (CENFI), Instituto de Fisiología, Universidad de Valparaíso, Valparaíso 2340000, Chile; Millennium Nucleus of Neuroepigenetics and Plasticity (EpiNeuro), Santiago, Chile. Electronic address: marco.fuenzalida@uv.cl."
39853576,Solomons D,"Institute for Biological and Medical Engineering, Schools of Engineering, Medicine and Biological Sciences, Pontificia Universidad Católica de Chile, Santiago, Chile."
39853576,Solomons D,"Department of Physiology, School of Medicine, IFIBIO Houssay, University of Buenos Aires, Buenos Aires, Argentina."
39853576,Schonfeld D,"Centro de Diagnóstico San Jorge, Puerto Madryn, Chubut, Argentina."
39853576,Arias S,"Instituto Nacional de Enfermedades Respiratorias ""Dr. Emilio Coni"", ANLIS e Instituto de Salud Dr. ""Carlos Malbrán"", Santa Fe, Argentina."
39853576,Vigo D,"Chronophysiology Lab, Institute for Biomedical Research, UCA-CONICET), Buenos Aires, Argentina."
39853576,Azpiazu M,"Osakidetza Basque Health Service, Sleep Unit, Araba University Hospital, Vitoria- Gasteiz, Spain."
39853576,Perez-Chada D,"Pulmonary Medicine, Universidad Austral, Hospital Universitario Austral, Pilar, Argentina. dperezchada@gmail.com."
39851628,Valverde E,"Grupo de Sistema Cardiovascular, Instituto de Ingeniería Biomédica (IIBM), Facultad de Ingeniería, Universidad de Buenos Aires, Buenos Aires C1063, Argentina."
39851628,Valverde E,"Grupo de Neurociencia de Sistemas, Instituto de Fisiología y Biofísica ""Bernardo Houssay"" (IFIBIO-Houssay), Departamento de Ciencias Fisiológicas, Facultad de Medicina, CONICET-Universidad de Buenos Aires, Buenos Aires C1121, Argentina."
39851628,Vampa V,"Departamento de Ciencias Básicas, Facultad de Ingeniería, Universidad Nacional de La Plata, La Plata B1900, Argentina."
39851628,Rosso O,"Instituto de Física, Universidade Federal de Alagoas (UFAL), Maceió 57072-970, Brazil."
39851628,Rosso O,"Instituto de Física La Plata (IFLP), CONICET-Universidad Nacional de La Plata, La Plata B1900, Argentina."
39851628,Arini P,"Grupo de Sistema Cardiovascular, Instituto de Ingeniería Biomédica (IIBM), Facultad de Ingeniería, Universidad de Buenos Aires, Buenos Aires C1063, Argentina."
39851628,Arini P,"Grupo de Investigación en Cardioseñales, Instituto Argentino de Matemática ""Alberto P. Calderón"" (IAM), CONICET, Buenos Aires C1425, Argentina."
39833563,Uehara J,"Grupo de Neurociencia de Sistemas, Departamento de Ciencias Fisiológicas, Facultad de Ciencias Médicas, Universidad de Buenos Aires, Buenos Aires, Argentina."
39833563,Uehara J,"Instituto de Fisiología y Biofísica Bernardo Houssay (IFIBIO-Houssay), UBA-CONICET, Buenos Aires, Argentina."
39833563,Gomez Acosta M,"Grupo de Neurociencia de Sistemas, Departamento de Ciencias Fisiológicas, Facultad de Ciencias Médicas, Universidad de Buenos Aires, Buenos Aires, Argentina."
39833563,Gomez Acosta M,"Instituto de Fisiología y Biofísica Bernardo Houssay (IFIBIO-Houssay), UBA-CONICET, Buenos Aires, Argentina."
39833563,Bello E,"Grupo de Neurociencia de Sistemas, Departamento de Ciencias Fisiológicas, Facultad de Ciencias Médicas, Universidad de Buenos Aires, Buenos Aires, Argentina. estefania.bello@gmail.com."
39833563,Bello E,"Instituto de Fisiología y Biofísica Bernardo Houssay (IFIBIO-Houssay), UBA-CONICET, Buenos Aires, Argentina. estefania.bello@gmail.com."
39833563,Belforte J,"Grupo de Neurociencia de Sistemas, Departamento de Ciencias Fisiológicas, Facultad de Ciencias Médicas, Universidad de Buenos Aires, Buenos Aires, Argentina. jbelforte@fmed.uba.ar."
39833563,Belforte J,"Instituto de Fisiología y Biofísica Bernardo Houssay (IFIBIO-Houssay), UBA-CONICET, Buenos Aires, Argentina. jbelforte@fmed.uba.ar."
39553573,Arenas-Mosquera D,"Universidad de Buenos Aires, Consejo Nacional de Investigaciones Científicas y Técnicas (CONICET), Instituto de Fisiología y Biofísica ''Houssay"" (IFIBIO), Laboratorio de Neurofisiopatología, Facultad de Medicina, Paraguay 2155 Piso 7, 1121, Ciudad de Buenos Aires, Argentina."
39553573,Cerny N,"Universidad de Buenos Aires, Facultad de Farmacia y Bioquímica, Cátedra de Inmunología e Instituto de Estudios de La Inmunidad Humoral (IDEHU), UBA-CONICET, Junín 956 Piso 4, 1113, Ciudad de Buenos Aires, Argentina."
39553573,Cerny N,"Universidad de Buenos Aires, Facultad de Medicina, Departamento de Microbiología, Parasitología e Inmunología e Instituto de Microbiología y Parasitología Médica (IMPaM), UBA-CONICET, Paraguay 2155 Piso 12, 1121, Ciudad de Buenos Aires, Argentina."
39553573,Cangelosi A,"Centro Nacional de Control de Calidad de Biológicos (CNCCB), ""ANLIS, Dr. Carlos G. Malbrán"", Avenida Vélez Sarsfield 563, 1282, Ciudad de Buenos Aires, Argentina."
39553573,Geoghegan P,"Centro Nacional de Control de Calidad de Biológicos (CNCCB), ""ANLIS, Dr. Carlos G. Malbrán"", Avenida Vélez Sarsfield 563, 1282, Ciudad de Buenos Aires, Argentina."
39553573,Malchiodi E,"Universidad de Buenos Aires, IDEHU-CONICET, Facultad de Farmacia y Bioquímica, Cátedra de Inmunología, Junín 956, Piso 4°, 1113, Ciudad de Buenos Aires, Argentina."
39553573,De Marzi M,"Universidad Nacional de Luján, Departamento de Ciencias Básicas, Ruta 5 y Avenida Constitución (6700) Luján, Buenos Aires, Argentina, Universidad Nacional de Luján, Instituto de Ecología y Desarrollo Sustentable (INEDES)-CONICET, Laboratorio de Inmunología, Ruta 5 y Avenida Constitución (6700) Luján, Buenos Aires, Argentina."
39553573,Pinto A,"Universidad de Buenos Aires, Consejo Nacional de Investigaciones Científicas y Técnicas (CONICET), Instituto de Fisiología y Biofísica ''Houssay"" (IFIBIO), Laboratorio de Neurofisiopatología, Facultad de Medicina, Paraguay 2155 Piso 7, 1121, Ciudad de Buenos Aires, Argentina."
39553573,Goldstein J,"Universidad de Buenos Aires, Consejo Nacional de Investigaciones Científicas y Técnicas (CONICET), Instituto de Fisiología y Biofísica ''Houssay"" (IFIBIO), Laboratorio de Neurofisiopatología, Facultad de Medicina, Paraguay 2155 Piso 7, 1121, Ciudad de Buenos Aires, Argentina."
39485629,Netti V,"Facultad de Ciencias Médicas, Departamento de Ciencias Fisiológicas, Laboratorio de Biomembranas, Universidad de Buenos Aires, Buenos Aires, Argentina. vnetti@conicet.gov.ar."
39485629,Netti V,"Consejo Nacional de Investigaciones Científicas y Técnicas (CONICET), Instituto de Fisiología y Biofísica Bernardo Houssay (IFIBIO Houssay), Paraguay 2155, 7Th Floor (1121), Ciudad Autónoma de Buenos Aires, Argentina. vnetti@conicet.gov.ar."
39485629,Cocca M,"Facultad de Ciencias Médicas, Departamento de Ciencias Fisiológicas, Laboratorio de Biomembranas, Universidad de Buenos Aires, Buenos Aires, Argentina."
39485629,Cocca M,"Consejo Nacional de Investigaciones Científicas y Técnicas (CONICET), Instituto de Fisiología y Biofísica Bernardo Houssay (IFIBIO Houssay), Paraguay 2155, 7Th Floor (1121), Ciudad Autónoma de Buenos Aires, Argentina."
39485629,Cutrera N,"Facultad de Ciencias Médicas, Departamento de Ciencias Fisiológicas, Laboratorio de Biomembranas, Universidad de Buenos Aires, Buenos Aires, Argentina."
39485629,Cutrera N,"Consejo Nacional de Investigaciones Científicas y Técnicas (CONICET), Instituto de Fisiología y Biofísica Bernardo Houssay (IFIBIO Houssay), Paraguay 2155, 7Th Floor (1121), Ciudad Autónoma de Buenos Aires, Argentina."
39485629,Molina Ponce T,"Facultad de Ciencias Médicas, Departamento de Ciencias Fisiológicas, Laboratorio de Biomembranas, Universidad de Buenos Aires, Buenos Aires, Argentina."
39485629,Molina Ponce T,"Consejo Nacional de Investigaciones Científicas y Técnicas (CONICET), Instituto de Fisiología y Biofísica Bernardo Houssay (IFIBIO Houssay), Paraguay 2155, 7Th Floor (1121), Ciudad Autónoma de Buenos Aires, Argentina."
39485629,Ford P,"Facultad de Ciencias Médicas, Departamento de Ciencias Fisiológicas, Laboratorio de Biomembranas, Universidad de Buenos Aires, Buenos Aires, Argentina."
39485629,Ford P,"Consejo Nacional de Investigaciones Científicas y Técnicas (CONICET), Instituto de Fisiología y Biofísica Bernardo Houssay (IFIBIO Houssay), Paraguay 2155, 7Th Floor (1121), Ciudad Autónoma de Buenos Aires, Argentina."
39485629,Di Giusto G,"Facultad de Ciencias Médicas, Departamento de Ciencias Fisiológicas, Laboratorio de Biomembranas, Universidad de Buenos Aires, Buenos Aires, Argentina."
39485629,Di Giusto G,"Consejo Nacional de Investigaciones Científicas y Técnicas (CONICET), Instituto de Fisiología y Biofísica Bernardo Houssay (IFIBIO Houssay), Paraguay 2155, 7Th Floor (1121), Ciudad Autónoma de Buenos Aires, Argentina."
39485629,Capurro C,"Facultad de Ciencias Médicas, Departamento de Ciencias Fisiológicas, Laboratorio de Biomembranas, Universidad de Buenos Aires, Buenos Aires, Argentina."
39485629,Capurro C,"Consejo Nacional de Investigaciones Científicas y Técnicas (CONICET), Instituto de Fisiología y Biofísica Bernardo Houssay (IFIBIO Houssay), Paraguay 2155, 7Th Floor (1121), Ciudad Autónoma de Buenos Aires, Argentina."
39461007,Barril C,"Universidad de Buenos Aires- CONICET, Instituto de Biodiversidad y Biología Experimental y Aplicada (IBBEA)- DBBE- Facultad de Ciencias Exactas y Naturales, Laboratorio de Reproducción y Fisiología Materno-Embrionaria, Buenos Aires, Argentina."
39461007,Gualdoni G,"Universidad de Buenos Aires- CONICET, Instituto de Biodiversidad y Biología Experimental y Aplicada (IBBEA)- DBBE- Facultad de Ciencias Exactas y Naturales, Laboratorio de Reproducción y Fisiología Materno-Embrionaria, Buenos Aires, Argentina."
39461007,Damiano A,"Universidad de Buenos Aires- CONICET, Instituto de Fisiología y Biofísica Bernardo Houssay (IFIBIO)- Facultad de Medicina, Laboratorio de Biología de la Reproducción. Buenos Aires, Argentina; Universidad de Buenos Aires, Facultad de Farmacia y Bioquímica, Departamento de Ciencias Biológicas, Cátedra de Biología Celular y Molecular, Buenos Aires, Argentina."
39461007,Cebral E,"Universidad de Buenos Aires- CONICET, Instituto de Biodiversidad y Biología Experimental y Aplicada (IBBEA)- DBBE- Facultad de Ciencias Exactas y Naturales, Laboratorio de Reproducción y Fisiología Materno-Embrionaria, Buenos Aires, Argentina. Electronic address: ecebral@hotmail.com."
39442808,Gomez F,"Universidad de Buenos Aires, Facultad de Ciencias Médicas, Departamento de Ciencias Fisiológicas, Laboratorio de Fisiopatogenia, Buenos Aires C1121ABG, Argentina; CONICET - Universidad de Buenos Aires, Instituto de Fisiología y Biofísica Bernardo Houssay (IFIBIO Houssay), Buenos Aires C1121ABG, Argentina."
39442808,Reppetti J,"CONICET - Universidad de Buenos Aires, Instituto de Fisiología y Biofísica Bernardo Houssay (IFIBIO Houssay), Buenos Aires C1121ABG, Argentina; Universidad de Buenos Aires, Facultad de Ciencias Médicas, Laboratorio de Biología de la Reproducción, Buenos Aires C1121ABG, Argentina."
39442808,Alvarez R,"Universidad de Buenos Aires, Facultad de Ciencias Médicas, Departamento de Ciencias Fisiológicas, Laboratorio de Fisiopatogenia, Buenos Aires C1121ABG, Argentina; CONICET - Universidad de Buenos Aires, Instituto de Fisiología y Biofísica Bernardo Houssay (IFIBIO Houssay), Buenos Aires C1121ABG, Argentina."
39442808,Giron Reyes D,"Universidad de Buenos Aires, Facultad de Ciencias Médicas, Departamento de Ciencias Fisiológicas, Laboratorio de Fisiopatogenia, Buenos Aires C1121ABG, Argentina; CONICET - Universidad de Buenos Aires, Instituto de Fisiología y Biofísica Bernardo Houssay (IFIBIO Houssay), Buenos Aires C1121ABG, Argentina."
39442808,Sacerdoti F,"Universidad de Buenos Aires, Facultad de Ciencias Médicas, Departamento de Ciencias Fisiológicas, Laboratorio de Fisiopatogenia, Buenos Aires C1121ABG, Argentina; CONICET - Universidad de Buenos Aires, Instituto de Fisiología y Biofísica Bernardo Houssay (IFIBIO Houssay), Buenos Aires C1121ABG, Argentina."
39442808,Balestracci A,"Unidad de Nefrología, Hospital General de Niños Pedro de Elizalde, Buenos Aires C1270AAN, Argentina."
39442808,Damiano A,"CONICET - Universidad de Buenos Aires, Instituto de Fisiología y Biofísica Bernardo Houssay (IFIBIO Houssay), Buenos Aires C1121ABG, Argentina; Universidad de Buenos Aires, Facultad de Ciencias Médicas, Laboratorio de Biología de la Reproducción, Buenos Aires C1121ABG, Argentina; Universidad de Buenos Aires, Facultad de Farmacia y Bioquímica, Departamento de Ciencias Biológicas, Cátedra de Biología Celular y Molecular, Buenos Aires C1113AAD, Argentina."
39442808,Martinez N,"CONICET - Universidad de Buenos Aires, Instituto de Fisiología y Biofísica Bernardo Houssay (IFIBIO Houssay), Buenos Aires C1121ABG, Argentina; Universidad de Buenos Aires, Facultad de Ciencias Médicas, Laboratorio de Biología de la Reproducción, Buenos Aires C1121ABG, Argentina."
39442808,Di Giusto G,"CONICET - Universidad de Buenos Aires, Instituto de Fisiología y Biofísica Bernardo Houssay (IFIBIO Houssay), Buenos Aires C1121ABG, Argentina; Universidad de Buenos Aires, Facultad de Ciencias Médicas, Departamento de Ciencias Fisiológicas, Laboratorio de Biomembranas, Buenos Aires C1121ABG, Argentina."
39442808,Amaral M,"Universidad de Buenos Aires, Facultad de Ciencias Médicas, Departamento de Ciencias Fisiológicas, Laboratorio de Fisiopatogenia, Buenos Aires C1121ABG, Argentina; CONICET - Universidad de Buenos Aires, Instituto de Fisiología y Biofísica Bernardo Houssay (IFIBIO Houssay), Buenos Aires C1121ABG, Argentina. Electronic address: mamaral@fmed.uba.ar."
39327159,Vassallu F,"IFIBIO Houssay, Grupo de Neurociencia de Sistemas, Facultad de Medicina, Universidad de Buenos Aires - CONICET, Buenos Aires, Argentina."
39327159,Igaz L,"IFIBIO Houssay, Grupo de Neurociencia de Sistemas, Facultad de Medicina, Universidad de Buenos Aires - CONICET, Buenos Aires, Argentina. Electronic address: lmuller@fmed.uba.ar."
39074983,Solano A,"Universidad de Buenos Aires-CONICET. Instituto de Fisiología y Biofísica Bernardo Houssay (IFIBIO Houssay), Facultad de Medicina, Departamento de Ciencias Fisiológicas, Ciudad de Buenos Aires C1121ABG, Argentina."
39074983,Lerner G,"Universidad de Buenos Aires-CONICET. Instituto de Fisiología y Biofísica Bernardo Houssay (IFIBIO Houssay), Facultad de Medicina, Departamento de Ciencias Fisiológicas, Ciudad de Buenos Aires C1121ABG, Argentina."
39074983,Griffa G,"Universidad de Buenos Aires-CONICET. Instituto de Fisiología y Biofísica Bernardo Houssay (IFIBIO Houssay), Facultad de Medicina, Departamento de Ciencias Fisiológicas, Ciudad de Buenos Aires C1121ABG, Argentina."
39074983,Deleglise A,"Universidad de Buenos Aires-CONICET. Instituto de Fisiología y Biofísica Bernardo Houssay (IFIBIO Houssay), Facultad de Medicina, Departamento de Ciencias Fisiológicas, Ciudad de Buenos Aires C1121ABG, Argentina."
39074983,Caffaro P,"Universidad de Buenos Aires-CONICET. Instituto de Fisiología y Biofísica Bernardo Houssay (IFIBIO Houssay), Facultad de Medicina, Departamento de Ciencias Fisiológicas, Ciudad de Buenos Aires C1121ABG, Argentina."
39074983,Riquelme L,"Universidad de Buenos Aires-CONICET. Instituto de Fisiología y Biofísica Bernardo Houssay (IFIBIO Houssay), Facultad de Medicina, Departamento de Ciencias Fisiológicas, Ciudad de Buenos Aires C1121ABG, Argentina."
39074983,Perez-Chada D,"Departamento de Medicina Interna, Servicio de Medicina Pulmonar y Sueño, Hospital Universitario Austral, Pilar, Buenos Aires B1629AHJ, Argentina."
39074983,Della-Maggiore V,"Universidad de Buenos Aires-CONICET. Instituto de Fisiología y Biofísica Bernardo Houssay (IFIBIO Houssay), Facultad de Medicina, Departamento de Ciencias Fisiológicas, Ciudad de Buenos Aires C1121ABG, Argentina vdellamaggiore@fmed.uba.ar."
39074983,Della-Maggiore V,"Department of Neurology and Neurosurgery, McGill University Montreal, Quebec H3A2B4, Canada."
39074983,Della-Maggiore V,"Escuela de Ciencia y Tecnología (ECyT), Universidad Nacional de San Martin, San Martin, Buenos Aires, CP 1650, Argentina."
39055061,Giachini F,"Institute of Biological and Health Sciences, Federal University of Mato Grosso, Barra do Garças, Brazil."
39055061,Hryciw D,"Griffith Institute of Drug Discovery, Griffith University, Brisbane, QLD, Australia."
39055061,Castro-Parodi M,"Universidad de Buenos Aires, Facultad de Farmacia y Bioquímica, Depto. de Ciencias Biológicas, Cátedra de Biología Celular y Molecular, Buenos Aires, Argentina."
39055061,Damiano A,"Universidad de Buenos Aires, Facultad de Farmacia y Bioquímica, Depto. de Ciencias Biológicas, Cátedra de Biología Celular y Molecular, Buenos Aires, Argentina."
39055061,Damiano A,"Universidad de Buenos Aires-Consejo Nacional de Investigaciones Científicas y Técnicas (CONICET), Instituto de Fisiología y Biofísica Bernardo Houssay (IFIBIO Houssay), Buenos Aires, Argentina."
38956598,Mayo F,"Instituto de Biomedicina de Sevilla, IBiS/Hospital Universitario Virgen del Rocío/CSIC/Universidad de Sevilla, Av. Manuel Siurot s/n, 41013, Seville, Spain."
38956598,Mayo F,"Departamento de Fisiología Médica y Biofísica, Facultad de Medicina, Universidad de Sevilla, 41009, Seville, Spain."
38956598,Gonzalez-Vinceiro L,"Instituto de Biomedicina de Sevilla, IBiS/Hospital Universitario Virgen del Rocío/CSIC/Universidad de Sevilla, Av. Manuel Siurot s/n, 41013, Seville, Spain."
38956598,Gonzalez-Vinceiro L,"Departamento de Fisiología Médica y Biofísica, Facultad de Medicina, Universidad de Sevilla, 41009, Seville, Spain."
38956598,Hiraldo-Gonzalez L,"Instituto de Biomedicina de Sevilla, IBiS/Hospital Universitario Virgen del Rocío/CSIC/Universidad de Sevilla, Av. Manuel Siurot s/n, 41013, Seville, Spain."
38956598,Hiraldo-Gonzalez L,"Departamento de Fisiología Médica y Biofísica, Facultad de Medicina, Universidad de Sevilla, 41009, Seville, Spain."
38956598,Rodriguez-Gomez F,"Instituto de Biomedicina de Sevilla, IBiS/Hospital Universitario Virgen del Rocío/CSIC/Universidad de Sevilla, Av. Manuel Siurot s/n, 41013, Seville, Spain."
38956598,Calle-Castillejo C,"Instituto de Biomedicina de Sevilla, IBiS/Hospital Universitario Virgen del Rocío/CSIC/Universidad de Sevilla, Av. Manuel Siurot s/n, 41013, Seville, Spain."
38956598,Mayo M,"Física Teórica, Universidad de Sevilla, Apartado de Correos 1065, 41080, Seville, Spain."
38956598,Netti V,"Facultad de Medicina, Departamento de Ciencias Fisiológicas, Laboratorio de Biomembranas, Universidad de Buenos Aires- CONICET, Instituto de Fisiología y Biofísica ''Bernardo Houssay'' (IFIBIO-HOUSSAY), Buenos Aires, Argentina."
38956598,Ramirez-Lorca R,"Instituto de Biomedicina de Sevilla, IBiS/Hospital Universitario Virgen del Rocío/CSIC/Universidad de Sevilla, Av. Manuel Siurot s/n, 41013, Seville, Spain."
38956598,Ramirez-Lorca R,"Departamento de Fisiología Médica y Biofísica, Facultad de Medicina, Universidad de Sevilla, 41009, Seville, Spain."
38956598,Echevarria M,"Instituto de Biomedicina de Sevilla, IBiS/Hospital Universitario Virgen del Rocío/CSIC/Universidad de Sevilla, Av. Manuel Siurot s/n, 41013, Seville, Spain. irusta@us.es."
38956598,Echevarria M,"Departamento de Fisiología Médica y Biofísica, Facultad de Medicina, Universidad de Sevilla, 41009, Seville, Spain. irusta@us.es."
38950066,Miranda M,"Laboratorio de Memoria y Cognición Molecular, Instituto de Neurociencia Cognitiva y Traslacional, CONICET-Fundación INECO-Universidad Favaloro, Ciudad Autónoma de Buenos Aires, Buenos Aires, Argentina."
38950066,Silva A,"Laboratorio Bases neuronales del comportamiento, Departamento de Ciencias Fisiológicas, Facultad de Ciencias Médicas, Universidad de Buenos Aires, Ciudad Autónoma de Buenos Aires, Buenos Aires, Argentina."
38950066,Silva A,"CONICET-Universidad de Buenos Aires, Instituto de Fisiología y Biofísica Bernardo Houssay (IFIBIO Houssay), Ciudad Autónoma de Buenos Aires, Buenos Aires, Argentina."
38950066,Morici J,"Laboratorio de Memoria y Cognición Molecular, Instituto de Neurociencia Cognitiva y Traslacional, CONICET-Fundación INECO-Universidad Favaloro, Ciudad Autónoma de Buenos Aires, Buenos Aires, Argentina."
38950066,Coletti M,"Laboratorio Bases neuronales del comportamiento, Departamento de Ciencias Fisiológicas, Facultad de Ciencias Médicas, Universidad de Buenos Aires, Ciudad Autónoma de Buenos Aires, Buenos Aires, Argentina."
38950066,Coletti M,"CONICET-Universidad de Buenos Aires, Instituto de Fisiología y Biofísica Bernardo Houssay (IFIBIO Houssay), Ciudad Autónoma de Buenos Aires, Buenos Aires, Argentina."
38950066,Belluscio M,"Laboratorio Bases neuronales del comportamiento, Departamento de Ciencias Fisiológicas, Facultad de Ciencias Médicas, Universidad de Buenos Aires, Ciudad Autónoma de Buenos Aires, Buenos Aires, Argentina."
38950066,Belluscio M,"CONICET-Universidad de Buenos Aires, Instituto de Fisiología y Biofísica Bernardo Houssay (IFIBIO Houssay), Ciudad Autónoma de Buenos Aires, Buenos Aires, Argentina."
38950066,Bekinschtein P,"Laboratorio de Memoria y Cognición Molecular, Instituto de Neurociencia Cognitiva y Traslacional, CONICET-Fundación INECO-Universidad Favaloro, Ciudad Autónoma de Buenos Aires, Buenos Aires, Argentina."
38827994,Capurro C,"Departamento de Ciencias Fisiológicas, Laboratorio de Biomembranas, Facultad de Medicina, Instituto de Fisiología y Biofísica ""Bernardo Houssay"" (IFIBIO-HOUSSAY), Consejo Nacional de Investigaciones Científicas y Técnicas (CONICET), Universidad de Buenos Aires, Buenos Aires, Argentina."
38827994,Sobrevia L,"Cellular and Molecular Physiology Laboratory (CMPL), Division of Obstetrics and Gynaecology, School of Medicine, Faculty of Medicine, Pontificia Universidad Católica de Chile, Santiago, Chile."
38827994,Sobrevia L,"Tecnologico de Monterrey, Institute for Obesity Research, School of Medicine and Health Sciences, Monterrey, Mexico."
38827994,Sobrevia L,"Department of Physiology, Faculty of Pharmacy, Universidad de Sevilla, Seville, Spain."
38827994,Sobrevia L,"Medical School (Faculty of Medicine), São Paulo State University (UNESP), São Paulo, Brazil."
38827994,Sobrevia L,"Faculty of Medicine and Biomedical Sciences, University of Queensland Centre for Clinical Research (UQCCR), University of Queensland, Herston, QLD, Australia."
38827994,Larocca M,"Instituto de Fisiología Experimental (IFISE) - Consejo Nacional de Investigaciones Científicas y Técnicas (CONICET), Facultad de Ciencias Bioquímicas y Farmacéuticas-Universidad Nacional de Rosario, Rosario, Argentina."
38827994,Cremaschi G,"Laboratorio de Neuroinmunomodulación y Oncología Molecular, Instituto de Investigaciones Biomédicas (BIOMED), Pontificia Universidad Católica Argentina (UCA), Consejo Nacional de Investigaciones Científicas y Técnicas (CONICET), Ciudad Autónoma de Buenos Aires, Argentina."
38827994,Vila Petroff M,"Centro de Investigaciones Cardiovasculares Horacio Cingolani, CONICET La Plata, Facultad de Ciencias Médicas, Universidad Nacional de La Plata, La Plata, Argentina."
38788356,Vlachovsky S,"Universidad de Buenos Aires, Instituto de Investigaciones Médicas A. Lanari, Laboratorio de Nefrología Experimental y Bioquímica Molecular, Combatientes de Malvinas 3150, Buenos Aires, 1427, Argentina; Universidad de Buenos Aires, Consejo Nacional de Investigaciones Científicas y Técnicas (CONICET), Instituto de Investigaciones Médicas A. Lanari, Combatientes de Malvinas 3150, Buenos Aires, 1427, Argentina. Electronic address: vlachovsky.sandra@lanari.uba.ar."
38788356,Azurmendi P,"Universidad de Buenos Aires, Instituto de Investigaciones Médicas A. Lanari, Laboratorio de Nefrología Experimental y Bioquímica Molecular, Combatientes de Malvinas 3150, Buenos Aires, 1427, Argentina; Universidad de Buenos Aires, Consejo Nacional de Investigaciones Científicas y Técnicas (CONICET), Instituto de Investigaciones Médicas A. Lanari, Combatientes de Malvinas 3150, Buenos Aires, 1427, Argentina. Electronic address: azurmendi.pablo@lanari.uba.ar."
38788356,Oddo E,"Universidad de Buenos Aires, Instituto de Investigaciones Médicas A. Lanari, Laboratorio de Nefrología Experimental y Bioquímica Molecular, Combatientes de Malvinas 3150, Buenos Aires, 1427, Argentina; Universidad de Buenos Aires, Consejo Nacional de Investigaciones Científicas y Técnicas (CONICET), Instituto de Investigaciones Médicas A. Lanari, Combatientes de Malvinas 3150, Buenos Aires, 1427, Argentina. Electronic address: oddo.elisabet@lanari.uba.ar."
38788356,Rodriguez R,"Universidad de Buenos Aires, Instituto de Investigaciones Médicas A. Lanari, Laboratorio de Nefrología Experimental y Bioquímica Molecular, Combatientes de Malvinas 3150, Buenos Aires, 1427, Argentina; Universidad de Buenos Aires, Consejo Nacional de Investigaciones Científicas y Técnicas (CONICET), Instituto de Investigaciones Médicas A. Lanari, Combatientes de Malvinas 3150, Buenos Aires, 1427, Argentina. Electronic address: rsrodriguez2011@gmail.com."
38788356,Di Ciano L,"Universidad de Buenos Aires, Instituto de Investigaciones Médicas A. Lanari, Laboratorio de Nefrología Experimental y Bioquímica Molecular, Combatientes de Malvinas 3150, Buenos Aires, 1427, Argentina; Universidad de Buenos Aires, Consejo Nacional de Investigaciones Científicas y Técnicas (CONICET), Instituto de Investigaciones Médicas A. Lanari, Combatientes de Malvinas 3150, Buenos Aires, 1427, Argentina. Electronic address: ldiciano@fvet.uba.ar."
38788356,Goette N,"Universidad de Buenos Aires, Instituto de Investigaciones Médicas A. Lanari, Laboratorio Hematología Investigación, Combatientes de Malvinas 3150, Buenos Aires, 1427, Argentina; Universidad de Buenos Aires, Consejo Nacional de Investigaciones Científicas y Técnicas (CONICET), Instituto de Investigaciones Médicas A. Lanari, Combatientes de Malvinas 3150, Buenos Aires, 1427, Argentina. Electronic address: goette.nora@lanari.uba.ar."
38788356,Paz L,"Universidad de Buenos Aires, Instituto de Investigaciones Médicas A. Lanari, Servicio de Anatomía Patológica, Combatientes de Malvinas 3150, Buenos Aires, 1427, Argentina; Universidad de Buenos Aires, Consejo Nacional de Investigaciones Científicas y Técnicas (CONICET), Instituto de Investigaciones Médicas A. Lanari, Combatientes de Malvinas 3150, Buenos Aires, 1427, Argentina. Electronic address: paz.leonardo@lanari.uba.ar."
38788356,Silberstein C,"Universidad de Buenos Aires, Consejo Nacional de Investigaciones Científicas y Técnicas (CONICET), Facultad de Ciencias Médicas, Departamento de Ciencias Fisiológicas. Instituto de Fisiología y Biofísica B. Houssay (IFIBIO-Houssay), Laboratorio de Fisiología Renal, Paraguay 2155, piso 4, Buenos Aires, 1121, Argentina. Electronic address: csilber@fmed.uba.ar."
38788356,Ibarra F,"Universidad de Buenos Aires, Instituto de Investigaciones Médicas A. Lanari, Laboratorio de Nefrología Experimental y Bioquímica Molecular, Combatientes de Malvinas 3150, Buenos Aires, 1427, Argentina; Universidad de Buenos Aires, Consejo Nacional de Investigaciones Científicas y Técnicas (CONICET), Instituto de Investigaciones Médicas A. Lanari, Combatientes de Malvinas 3150, Buenos Aires, 1427, Argentina; Universidad de Buenos Aires, Consejo Nacional de Investigaciones Científicas y Técnicas (CONICET), Facultad de Ciencias Médicas, Departamento de Ciencias Fisiológicas. Instituto de Fisiología y Biofísica B. Houssay (IFIBIO-Houssay), Laboratorio de Fisiología Renal, Paraguay 2155, piso 4, Buenos Aires, 1121, Argentina. Electronic address: fibarra@fmed.uba.ar."
38355584,Merlo S,"Instituto de Fisiología, Biología Molecular y Neurociencias, Consejo Nacional de Investigaciones Científicas y Técnicas and Universidad de Buenos Aires, Buenos Aires, Argentina."
38355584,Merlo S,"Instituto de Fisiología y Biofísica Bernardo Houssay, Consejo Nacional de Investigaciones Científicas y Técnicas and Universidad de Buenos Aires, Buenos Aires, Argentina."
38355584,Merlo S,"Laboratorio Bases Neuronales del Comportamiento, Departamento de Ciencias Fisiológicas, Facultad de Ciencias Médicas, Universidad de Buenos Aires, Buenos Aires, Argentina."
38355584,Belluscio M,"Instituto de Fisiología y Biofísica Bernardo Houssay, Consejo Nacional de Investigaciones Científicas y Técnicas and Universidad de Buenos Aires, Buenos Aires, Argentina."
38355584,Belluscio M,"Laboratorio Bases Neuronales del Comportamiento, Departamento de Ciencias Fisiológicas, Facultad de Ciencias Médicas, Universidad de Buenos Aires, Buenos Aires, Argentina."
38355584,Pedreira M,"Instituto de Fisiología, Biología Molecular y Neurociencias, Consejo Nacional de Investigaciones Científicas y Técnicas and Universidad de Buenos Aires, Buenos Aires, Argentina."
38355584,Merlo E,"School of Psychology, University of Sussex, Falmer, UK. E.Merlo@sussex.ac.uk."
38332013,Della-Maggiore V,"IFIBIO Houssay, CONICET, Department of Physiology, School of Medicine, University of Buenos Aires, Buenos Aires, Argentina. vdellamaggiore@fmed.uba.ar."
38332013,Della-Maggiore V,"School of Science and Technology (ECyT), National University of San Martin (UNSAM), Buenos Aires, Argentina. vdellamaggiore@fmed.uba.ar."
38289455,Faillace M,"Department of Physiology and Institute of Physiology and Biophysics (IFIBIO-Houssay, UBA-CONICET), School of Medicine, University of Buenos Aires, Paraguay 2155 7th floor (C1121ABG), Ciudad Autónoma de Buenos Aires, Argentina. mfaillace@fmed.uba.ar."
38289455,Ortiz J,"Department of Physiology and Institute of Physiology and Biophysics (IFIBIO-Houssay, UBA-CONICET), School of Medicine, University of Buenos Aires, Paraguay 2155 7th floor (C1121ABG), Ciudad Autónoma de Buenos Aires, Argentina."
38289455,Rocco L,"Department of Physiology and Institute of Physiology and Biophysics (IFIBIO-Houssay, UBA-CONICET), School of Medicine, University of Buenos Aires, Paraguay 2155 7th floor (C1121ABG), Ciudad Autónoma de Buenos Aires, Argentina."
38289455,Bernabeu R,"Department of Physiology and Institute of Physiology and Biophysics (IFIBIO-Houssay, UBA-CONICET), School of Medicine, University of Buenos Aires, Paraguay 2155 7th floor (C1121ABG), Ciudad Autónoma de Buenos Aires, Argentina. rbernabeu@fmed.uba.ar."
38089623,Abad C,"Department of Pharmacology and Toxicology, Faculty of Pharmacy in Hradec Kralove, Charles University, Hradec Králové, Czechia."
38089623,Farina M,"Faculty of Medicine, Center of Pharmacological and Botanical Studies (CEFYBO-CONICET), University of Buenos Aires, Buenos Aires, Argentina."
38089623,Damiano A,"Department of Biological Science, Faculty of Pharmacy and Biochemistry, University of Buenos Aires, Buenos Aires, Argentina."
38089623,Damiano A,"Institute of Physiology and Biophysics Bernardo Houssay 018(IFIBIO Houssay), CONICET, University of Buenos Aires, Buenos Aires, Argentina."
38089623,Marin R,"Center for Biophysics and Biochemistry (CBB), Venezuelan Institute for Scientific Research (IVIC), Caracas, Venezuela."
38086442,Fischer Sigel L,"Universidad de Buenos Aires (UBA), Facultad de Ciencias Médicas, Departamento de Ciencias Fisiológicas, Laboratorio de Fisiología Renal, Buenos Aires, Argentina; Universidad de Buenos Aires - Consejo Nacional de Investigaciones Científicas y Tecnológicas (CONICET), Instituto de Fisiología y Biofísica Bernardo Houssay (IFIBIO Houssay), Buenos Aires, Argentina."
38086442,Sanchez D,"Universidad de Buenos Aires (UBA), Facultad de Ciencias Médicas, Departamento de Ciencias Fisiológicas, Laboratorio de Fisiología Renal, Buenos Aires, Argentina; Universidad de Buenos Aires - Consejo Nacional de Investigaciones Científicas y Tecnológicas (CONICET), Instituto de Fisiología y Biofísica Bernardo Houssay (IFIBIO Houssay), Buenos Aires, Argentina."
38086442,Sacerdoti F,"Universidad de Buenos Aires - Consejo Nacional de Investigaciones Científicas y Tecnológicas (CONICET), Instituto de Fisiología y Biofísica Bernardo Houssay (IFIBIO Houssay), Buenos Aires, Argentina; Universidad de Buenos Aires, Facultad de Ciencias Médicas, Departamento de Ciencias Fisiológicas, Laboratorio de Fisiopatogenia, Buenos Aires, Argentina."
38086442,Zotta E,"Universidad de Buenos Aires - Consejo Nacional de Investigaciones Científicas y Tecnológicas (CONICET), Instituto de Fisiología y Biofísica Bernardo Houssay (IFIBIO Houssay), Buenos Aires, Argentina; Universidad de Buenos Aires, Facultad de Ciencias Médicas, Departamento de Ciencias Fisiológicas, Laboratorio de Fisiopatogenia, Buenos Aires, Argentina; Universidad de Buenos Aires, Facultad de Ciencias Médicas, Departamento de Ciencias Fisiológicas. Laboratorio de Patología, and Facultad de Farmacia y Bioquímica, Cátedra de Fisiopatología, Buenos Aires, Argentina."
38086442,Silberstein C,"Universidad de Buenos Aires (UBA), Facultad de Ciencias Médicas, Departamento de Ciencias Fisiológicas, Laboratorio de Fisiología Renal, Buenos Aires, Argentina; Universidad de Buenos Aires - Consejo Nacional de Investigaciones Científicas y Tecnológicas (CONICET), Instituto de Fisiología y Biofísica Bernardo Houssay (IFIBIO Houssay), Buenos Aires, Argentina. Electronic address: csilber@fmed.uba.ar."
38019897,Dwivedi A,"Department of Medicine, Division of HIV, Infectious Diseases & Global Medicine, University of California, San Francisco, California, United States of America."
38019897,Gornalusse G,"Vaccine and Infectious Disease Division, Fred Hutchinson Cancer Center, Seattle, Washington, United States of America."
38019897,Gornalusse G,"Department of Obstetrics and Gynecology, University of Washington, Seattle, Washington, United States of America."
38019897,Siegel D,"Department of Medicine, Division of HIV, Infectious Diseases & Global Medicine, University of California, San Francisco, California, United States of America."
38019897,Barbehenn A,"Department of Medicine, Division of HIV, Infectious Diseases & Global Medicine, University of California, San Francisco, California, United States of America."
38019897,Thanh C,"Department of Medicine, Division of Experimental Medicine, University of California San Francisco, California, United States of America."
38019897,Hoh R,"Department of Medicine, Division of HIV, Infectious Diseases & Global Medicine, University of California, San Francisco, California, United States of America."
38019897,Hobbs K,"Department of Medicine, Division of Experimental Medicine, University of California San Francisco, California, United States of America."
38019897,Pan T,"Department of Medicine, Division of Experimental Medicine, University of California San Francisco, California, United States of America."
38019897,Gibson E,"Department of Medicine, Division of Experimental Medicine, University of California San Francisco, California, United States of America."
38019897,Martin J,"Department of Biostatistics & Epidemiology, University of California San Francisco, California, United States of America."
38019897,Hecht F,"Department of Medicine, Division of HIV, Infectious Diseases & Global Medicine, University of California, San Francisco, California, United States of America."
38019897,Pilcher C,"Department of Medicine, Division of HIV, Infectious Diseases & Global Medicine, University of California, San Francisco, California, United States of America."
38019897,Milush J,"Department of Medicine, Division of Experimental Medicine, University of California San Francisco, California, United States of America."
38019897,Busch M,"Vitalant Blood Bank, San Francisco, California, United States of America."
38019897,Stone M,"Vitalant Blood Bank, San Francisco, California, United States of America."
38019897,Huang M,"Vaccine and Infectious Disease Division, Fred Hutchinson Cancer Center, Seattle, Washington, United States of America."
38019897,Huang M,"Department of Laboratory Medicine and Pathology, University of Washington, Seattle, Washington, United States of America."
38019897,Reppetti J,"Department of Obstetrics and Gynecology, University of Washington, Seattle, Washington, United States of America."
38019897,Reppetti J,"Universidad de Buenos Aires (UBA), Consejo Nacional de Investigaciones Científicas y Técnicas (CONICET), Instituto de Fisiología y Biofísica Bernardo Houssay (IFIBIO- Houssay), Buenos Aires, Argentina."
38019897,Vo P,"Vaccine and Infectious Disease Division, Fred Hutchinson Cancer Center, Seattle, Washington, United States of America."
38019897,Vo P,"Department of Obstetrics and Gynecology, University of Washington, Seattle, Washington, United States of America."
38019897,Levy C,"Vaccine and Infectious Disease Division, Fred Hutchinson Cancer Center, Seattle, Washington, United States of America."
38019897,Levy C,"Department of Obstetrics and Gynecology, University of Washington, Seattle, Washington, United States of America."
38019897,Roychoudhury P,"Vaccine and Infectious Disease Division, Fred Hutchinson Cancer Center, Seattle, Washington, United States of America."
38019897,Roychoudhury P,"Department of Laboratory Medicine and Pathology, University of Washington, Seattle, Washington, United States of America."
38019897,Jerome K,"Vaccine and Infectious Disease Division, Fred Hutchinson Cancer Center, Seattle, Washington, United States of America."
38019897,Jerome K,"Department of Laboratory Medicine and Pathology, University of Washington, Seattle, Washington, United States of America."
38019897,Hladik F,"Vaccine and Infectious Disease Division, Fred Hutchinson Cancer Center, Seattle, Washington, United States of America."
38019897,Hladik F,"Department of Obstetrics and Gynecology, University of Washington, Seattle, Washington, United States of America."
38019897,Hladik F,"Department of Medicine, Division of Allergy and Infectious Diseases, University of Washington, Seattle, Washington, United States of America."
38019897,Henrich T,"Department of Obstetrics and Gynecology, University of Washington, Seattle, Washington, United States of America."
38019897,Deeks S,"Department of Medicine, Division of HIV, Infectious Diseases & Global Medicine, University of California, San Francisco, California, United States of America."
38019897,Lee S,"Department of Medicine, Division of HIV, Infectious Diseases & Global Medicine, University of California, San Francisco, California, United States of America."
37979924,Sacerdoti F,"Universidad de Buenos Aires, Facultad de Ciencias Médicas, Departamento de Ciencias Fisiológicas. Laboratorio de Fisiopatogenia. Buenos Aires, Argentina; CONICET - Universidad de Buenos Aires, Instituto de Fisiología y Biofísica Bernardo Houssay (IFIBIO Houssay). Buenos Aires, Argentina. Electronic address: fsacerdoti@fmed.uba.ar."
37979924,Gomez F,"Universidad de Buenos Aires, Facultad de Ciencias Médicas, Departamento de Ciencias Fisiológicas. Laboratorio de Fisiopatogenia. Buenos Aires, Argentina; CONICET - Universidad de Buenos Aires, Instituto de Fisiología y Biofísica Bernardo Houssay (IFIBIO Houssay). Buenos Aires, Argentina."
37979924,Jancic C,"Instituto de Medicina Experimental - CONICET - Academia Nacional de Medicina, Buenos Aires, Argentina; Departamento de Microbiología, Parasitología e Inmunología, Facultad de Medicina, Universidad de Buenos Aires, Buenos Aires, Argentina."
37979924,Lombardo T,"Universidad de Buenos Aires, Facultad de Farmacia y Bioquímica, Departamento de Microbiología, Inmunología, Biotecnología y Genética, Buenos Aires, Argentina; Instituto de Estudios de la Inmunidad Humoral Dr. R.A. Margni (IDEHU), UBA-CONICET, Argentina."
37979924,Pascuale C,"Fundación Instituto Leloir, Instituto de Investigaciones Bioquímicas de Buenos Aires (IIBBA) - CONICET, Argentina."
37979924,Moretton M,"Cátedra de Tecnología Farmacéutica I, Facultad de Farmacia y Bioquímica, Universidad de Buenos Aires, Argentina; Universidad de Buenos Aires, Instituto de Tecnología Farmacéutica y Biofarmacia (InTecFyB), Argentina; Consejo Nacional de Investigaciones Científicas y Técnicas (CONICET), Argentina."
37979924,Chiappetta D,"Cátedra de Tecnología Farmacéutica I, Facultad de Farmacia y Bioquímica, Universidad de Buenos Aires, Argentina; Universidad de Buenos Aires, Instituto de Tecnología Farmacéutica y Biofarmacia (InTecFyB), Argentina; Consejo Nacional de Investigaciones Científicas y Técnicas (CONICET), Argentina."
37979924,Ibarra C,"Universidad de Buenos Aires, Facultad de Ciencias Médicas, Departamento de Ciencias Fisiológicas. Laboratorio de Fisiopatogenia. Buenos Aires, Argentina; CONICET - Universidad de Buenos Aires, Instituto de Fisiología y Biofísica Bernardo Houssay (IFIBIO Houssay). Buenos Aires, Argentina."
37979924,Amaral M,"Universidad de Buenos Aires, Facultad de Ciencias Médicas, Departamento de Ciencias Fisiológicas. Laboratorio de Fisiopatogenia. Buenos Aires, Argentina; CONICET - Universidad de Buenos Aires, Instituto de Fisiología y Biofísica Bernardo Houssay (IFIBIO Houssay). Buenos Aires, Argentina. Electronic address: mamaral@fmed.uba.ar."
37852390,Tubert C,"Department of Neuroscience, Feinberg School of Medicine, Northwestern University, Chicago, IL 60611, USA; Universidad de Buenos Aires - CONICET. Instituto de Fisiología y Biofísica Bernardo Houssay (IFIBIO Houssay), Facultad de Medicina, Departamento de Ciencias Fisiológicas, Grupo de Neurociencia de Sistemas, Buenos Aires, Argentina."
37852390,Zampese E,"Department of Neuroscience, Feinberg School of Medicine, Northwestern University, Chicago, IL 60611, USA."
37852390,Pancani T,"Department of Neuroscience, Feinberg School of Medicine, Northwestern University, Chicago, IL 60611, USA; Max Planck Florida Institute for Neuroscience, 1 Max Planck Way, Jupiter, FL 33458, USA."
37852390,Tkatch T,"Department of Neuroscience, Feinberg School of Medicine, Northwestern University, Chicago, IL 60611, USA."
37852390,Surmeier D,"Department of Neuroscience, Feinberg School of Medicine, Northwestern University, Chicago, IL 60611, USA; Aligning Science Across Parkinson's (ASAP) Collaborative Research Network, Chevy Chase, MD 20815, USA. Electronic address: j-surmeier@northwestern.edu."
37718031,Belforte J,"Universidad de Buenos Aires - CONICET. Instituto de Fisiología y Biofísica Bernardo Houssay (IFIBIO Houssay), Facultad de Medicina, Departamento de Ciencias Fisiológicas. Grupo de Neurociencia de Sistemas, Buenos Aires, Argentina. Electronic address: jbelforte@fmed.uba.ar."
37704516,Fernandez-Brando R,"Laboratorio de Patogénesis e Inmunología de Procesos Infecciosos, Instituto de Medicina Experimental (IMEX)-CONICET, Academia Nacional de Medicina, J.A. Pacheo de Melo 3081, C1425 CABA, Argentina."
37704516,Sacerdoti F,"Laboratorio de Fisiopatogenia, IFIBIO-Houssay (UBA-CONICET), Facultad de Medicina, Universidad de Buenos Aires, Paraguay 2155, C1121 CABA, Argentina."
37704516,Amaral M,"Laboratorio de Fisiopatogenia, IFIBIO-Houssay (UBA-CONICET), Facultad de Medicina, Universidad de Buenos Aires, Paraguay 2155, C1121 CABA, Argentina."
37704516,Bernal A,"Laboratorio de Patogénesis e Inmunología de Procesos Infecciosos, Instituto de Medicina Experimental (IMEX)-CONICET, Academia Nacional de Medicina, J.A. Pacheo de Melo 3081, C1425 CABA, Argentina."
37704516,Da Rocha M,"Asociación Lucha contra el Síndrome Urémico Hemolítico (LUSUH), Carlos Pellegrini 781 Piso 8, C1009 CABA, Argentina."
37704516,Belardo M,"Instituto de Estudios Sociales en Contexto de Desigualdades (IESCODE-CONICET), Universidad Nacional de José C. Paz, Leandro N. Alem 4731, B1665, José C. Paz, Buenos Aires, Argentina."
37704516,Palermo M,"Laboratorio de Patogénesis e Inmunología de Procesos Infecciosos, Instituto de Medicina Experimental (IMEX)-CONICET, Academia Nacional de Medicina, J.A. Pacheo de Melo 3081, C1425 CABA, Argentina. Electronic address: mspalermo@hematologia.anm.edu.ar."
37704516,Ibarra C,"Laboratorio de Fisiopatogenia, IFIBIO-Houssay (UBA-CONICET), Facultad de Medicina, Universidad de Buenos Aires, Paraguay 2155, C1121 CABA, Argentina. Electronic address: cristinaadrianaibarra@gmail.com."
37683958,Saez M,"Instituto Cajal, Consejo Superior de Investigaciones Científicas, CSIC, Madrid 28002, Spain; Instituto de Neurociencias UMH-CSIC, San Juan de Alicante, Alicante 03550, Spain."
37683958,Keifman E,"Universidad de Buenos Aires, Facultad de Medicina, Departamento de Ciencias Fisiológicas, Argentina; Universidad de Buenos Aires and CONICET, Instituto de Fisiología y Biofísica Bernardo Houssay (IFIBIO Houssay), 2155 Paraguay St, Buenos Aires 1121, Argentina."
37683958,Alberquilla S,"Instituto Cajal, Consejo Superior de Investigaciones Científicas, CSIC, Madrid 28002, Spain; CIBERNED, Instituto de Salud Carlos III, Madrid, Spain."
37683958,Coll C,"Universidad de Buenos Aires and CONICET, Instituto de Fisiología y Biofísica Bernardo Houssay (IFIBIO Houssay), 2155 Paraguay St, Buenos Aires 1121, Argentina."
37683958,Reig R,"Instituto de Neurociencias UMH-CSIC, San Juan de Alicante, Alicante 03550, Spain."
37683958,Murer M,"Universidad de Buenos Aires, Facultad de Medicina, Departamento de Ciencias Fisiológicas, Argentina; Universidad de Buenos Aires and CONICET, Instituto de Fisiología y Biofísica Bernardo Houssay (IFIBIO Houssay), 2155 Paraguay St, Buenos Aires 1121, Argentina. Electronic address: gmurer@fmed.uba.ar."
37683958,Moratalla R,"Instituto Cajal, Consejo Superior de Investigaciones Científicas, CSIC, Madrid 28002, Spain; CIBERNED, Instituto de Salud Carlos III, Madrid, Spain. Electronic address: moratalla@cajal.csic.es."
37676461,Vlachovsky S,"Universidad de Buenos Aires, Instituto de Investigaciones Medicas A. Lanari, Laboratorio de Nefrología Experimental y Bioquímica Molecular, Combatientes de Malvinas 3150, Buenos Aires, 1427, Argentina."
37676461,Vlachovsky S,"Universidad de Buenos Aires, Consejo Nacional de Investigaciones Científicas y Técnicas (CONICET). Instituto de Investigaciones Médicas A. Lanari, Buenos Aires, Argentina."
37676461,Di Ciano L,"Universidad de Buenos Aires, Instituto de Investigaciones Medicas A. Lanari, Laboratorio de Nefrología Experimental y Bioquímica Molecular, Combatientes de Malvinas 3150, Buenos Aires, 1427, Argentina."
37676461,Oddo E,"Universidad de Buenos Aires, Instituto de Investigaciones Medicas A. Lanari, Laboratorio de Nefrología Experimental y Bioquímica Molecular, Combatientes de Malvinas 3150, Buenos Aires, 1427, Argentina."
37676461,Oddo E,"Universidad de Buenos Aires, Consejo Nacional de Investigaciones Científicas y Técnicas (CONICET). Instituto de Investigaciones Médicas A. Lanari, Buenos Aires, Argentina."
37676461,Azurmendi P,"Universidad de Buenos Aires, Instituto de Investigaciones Medicas A. Lanari, Laboratorio de Nefrología Experimental y Bioquímica Molecular, Combatientes de Malvinas 3150, Buenos Aires, 1427, Argentina."
37676461,Azurmendi P,"Universidad de Buenos Aires, Consejo Nacional de Investigaciones Científicas y Técnicas (CONICET). Instituto de Investigaciones Médicas A. Lanari, Buenos Aires, Argentina."
37676461,Silberstein C,"Universidad de Buenos Aires, Consejo Nacional de Investigaciones Científicas y Técnicas (CONICET), Facultad de Ciencias Médicas, Departamento de Ciencias Fisiológicas. Instituto de Fisiología y Biofísica B. Houssay (IFIBIO-Houssay), Laboratorio de Fisiología Renal, Paraguay 2155, piso 4, Buenos Aires, 1121, Argentina. csilber@fmed.uba.ar."
37676461,Ibarra F,"Universidad de Buenos Aires, Instituto de Investigaciones Medicas A. Lanari, Laboratorio de Nefrología Experimental y Bioquímica Molecular, Combatientes de Malvinas 3150, Buenos Aires, 1427, Argentina. ibarraf@hotmail.com."
37676461,Ibarra F,"Universidad de Buenos Aires, Consejo Nacional de Investigaciones Científicas y Técnicas (CONICET). Instituto de Investigaciones Médicas A. Lanari, Buenos Aires, Argentina. ibarraf@hotmail.com."
37676461,Ibarra F,"Universidad de Buenos Aires, Consejo Nacional de Investigaciones Científicas y Técnicas (CONICET), Facultad de Ciencias Médicas, Departamento de Ciencias Fisiológicas. Instituto de Fisiología y Biofísica B. Houssay (IFIBIO-Houssay), Laboratorio de Fisiología Renal, Paraguay 2155, piso 4, Buenos Aires, 1121, Argentina. ibarraf@hotmail.com."
37466779,Carrasco-Wong I,"Cellular Signaling and Differentiation Laboratory (CSDL), School of Medical Technology, Medicine and Science Faculty, Universidad San Sebastián, Santiago, Chile."
37466779,Gonzalez-Ortiz M,"Laboratorio de Investigación Materno-Fetal (LIMaF), Departamento de Obstetricia y Ginecología, Facultad de Medicina, Universidad de Concepción, Concepción, Chile."
37466779,Gonzalez-Ortiz M,"Group of Research and Innovation in Vascular Health (GRIVAS Health), Chillan, Chile."
37466779,Araujo G,"Laboratory of Vascular Biology, Institute of Health Sciences and Health, Universidade Federal de Mato Grosso, Barra do Garcas, Brazil."
37466779,Lima V,"Laboratory of Vascular Biology, Institute of Health Sciences and Health, Universidade Federal de Mato Grosso, Barra do Garcas, Brazil."
37466779,Giachini F,"Laboratory of Vascular Biology, Institute of Health Sciences and Health, Universidade Federal de Mato Grosso, Barra do Garcas, Brazil."
37466779,Stojanova J,"Interdisciplinary Centre for Health Studies (CIESAL), Universidad de Valparaíso, Viña del Mar, Chile."
37466779,Moller A,"Escuela de Tecnología Médica, Facultad de Medicina, Universidad de Valparaíso, Viña del Mar, Chile."
37466779,Martin S,"Group of Research and Innovation in Vascular Health (GRIVAS Health), Chillan, Chile."
37466779,Martin S,"Biomedical Research Centre, School of Medicine, Universidad de Valparaíso, Viña del Mar, Chile."
37466779,Escudero P,"Faculty of Medicine, Universidad San Sebastian, Sede Concepcion, Chile."
37466779,Damiano A,"Laboratorio de Biología de la Reproducción, Instituto de Fisiología y Biofísica Bernardo Houssay (IFIBIO)- CONICET- Facultad de Medicina, Universidad de Buenos Aires, Buenos Aires, Argentina."
37466779,Damiano A,"Cátedra de Biología Celular y Molecular, Departamento de Ciencias Biológicas, Facultad de Farmacia y Bioquímica, Universidad de Buenos Aires, Buenos Aires, Argentina."
37466779,Sosa-Macias M,"Genomics Academia, Instituto Politécnico Nacional-CIIDIR Durango, Durango, Mexico."
37466779,Galaviz-Hernandez C,"Genomics Academia, Instituto Politécnico Nacional-CIIDIR Durango, Durango, Mexico."
37466779,Teran E,"Colegio de Ciencias de la Salud, Universidad San Francisco de Quito, Quito, Ecuador."
37466779,Escudero C,"Group of Research and Innovation in Vascular Health (GRIVAS Health), Chillan, Chile. cescudero@ubiobio.cl."
37466779,Escudero C,"Vascular Physiology Laboratory, Basic Sciences Department, Faculty of Sciences, Universidad del Bio-Bio, Chillan, Chile. cescudero@ubiobio.cl."
37274341,Mennickent D,"Departamento de Bioquímica Clínica e Inmunología, Facultad de Farmacia, Universidad de Concepción, Concepción, Chile."
37274341,Mennickent D,"Departamento de Análisis Instrumental, Facultad de Farmacia, Universidad de Concepción, Concepción, Chile."
37274341,Mennickent D,"Machine Learning Applied in Biomedicine (MLAB), Concepción, Chile."
37274341,Rodriguez A,"Machine Learning Applied in Biomedicine (MLAB), Concepción, Chile."
37274341,Rodriguez A,"Departamento de Ciencias Básicas, Facultad de Ciencias, Universidad del Bío-Bío, Chillán, Chile."
37274341,Opazo M,"Instituto de Ciencias Naturales, Facultad de Medicina Veterinaria y Agronomía, Universidad de Las Américas, Santiago, Chile."
37274341,Opazo M,"Millennium Institute on Immunology and Immunotherapy, Santiago, Chile."
37274341,Riedel C,"Millennium Institute on Immunology and Immunotherapy, Santiago, Chile."
37274341,Riedel C,"Departamento de Ciencias Biológicas, Facultad de Ciencias de la Vida, Universidad Andrés Bello, Santiago, Chile."
37274341,Castro E,"Departamento de Obstetricia y Puericultura, Facultad de Ciencias de la Salud, Universidad de Atacama, Copiapó, Chile."
37274341,Eriz-Salinas A,"Departamento de Obstetricia y Puericultura, Facultad de Medicina, Universidad de Concepción, Concepción, Chile."
37274341,Appel-Rubio J,"Departamento de Bioquímica Clínica e Inmunología, Facultad de Farmacia, Universidad de Concepción, Concepción, Chile."
37274341,Aguayo C,"Departamento de Bioquímica Clínica e Inmunología, Facultad de Farmacia, Universidad de Concepción, Concepción, Chile."
37274341,Damiano A,"Cátedra de Biología Celular y Molecular, Departamento de Ciencias Biológicas, Facultad de Farmacia y Bioquímica, Universidad de Buenos Aires, Buenos Aires, Argentina."
37274341,Damiano A,"Laboratorio de Biología de la Reproducción, Instituto de Fisiología y Biofísica Bernardo Houssay (IFIBIO-Houssay)- CONICET, Universidad de Buenos Aires, Buenos Aires, Argentina."
37274341,Guzman-Gutierrez E,"Departamento de Bioquímica Clínica e Inmunología, Facultad de Farmacia, Universidad de Concepción, Concepción, Chile."
37274341,Guzman-Gutierrez E,"Machine Learning Applied in Biomedicine (MLAB), Concepción, Chile."
37274341,Araya J,"Departamento de Análisis Instrumental, Facultad de Farmacia, Universidad de Concepción, Concepción, Chile."
37274341,Araya J,"Machine Learning Applied in Biomedicine (MLAB), Concepción, Chile."
37252991,Acuna M,"Department of Physiology, University of Bern, Bern 3012, Switzerland."
37252991,Kasanetz F,"Department of Physiology, University of Bern, Bern 3012, Switzerland."
37252991,Kasanetz F,"Grupo de Neurociencia de Sistemas, Instituto de Fisiología y Biofísica ""Bernardo Houssay"", Universidad de Buenos Aires y Consejo Nacional de Investigaciones Científicas y Técnicas, Grupo de Neurociencia de Sistemas, Buenos Aires C1121ABG, Argentina."
37252991,De Luna P,"Department of Physiology, University of Bern, Bern 3012, Switzerland."
37252991,Falkowska M,"Department of Physiology, University of Bern, Bern 3012, Switzerland."
37252991,Nevian T,"Department of Physiology, University of Bern, Bern 3012, Switzerland."
37236391,Trujillo M,"Universidad de Buenos Aires, Facultad de Ciencias Médicas, Departamento de Ciencias Fisiológicas, Grupo de Neurociencia de Sistemas, Buenos Aires, Argentina; CONICET - Universidad de Buenos Aires, Instituto de Fisiología y Biofísica Bernardo Houssay (IFIBIO Houssay), Buenos Aires, Argentina."
37236391,Ilarraz C,"Universidad de Buenos Aires, Facultad de Ciencias Médicas, Departamento de Ciencias Fisiológicas, Grupo de Neurociencia de Sistemas, Buenos Aires, Argentina; CONICET - Universidad de Buenos Aires, Instituto de Fisiología y Biofísica Bernardo Houssay (IFIBIO Houssay), Buenos Aires, Argentina."
37236391,Kasanetz F,"Universidad de Buenos Aires, Facultad de Ciencias Médicas, Departamento de Ciencias Fisiológicas, Grupo de Neurociencia de Sistemas, Buenos Aires, Argentina; CONICET - Universidad de Buenos Aires, Instituto de Fisiología y Biofísica Bernardo Houssay (IFIBIO Houssay), Buenos Aires, Argentina. Electronic address: fkasanetz@fmed.uba.ar."
37036956,Martire-Greco D,"Laboratorio de Fisiología de los Procesos Inflamatorios. Instituto de Medicina Experimental (IMEX-CONICET). Academia Nacional de Medicina, Buenos Aires, Argentina."
37036956,La Greca A,"Laboratorio de Investigación Aplicada a Neurociencias (LIAN), Instituto de Neurociencias (INEU), FLENI-CONICET, Buenos Aires, Argentina."
37036956,Castillo Montanez L,"Laboratorio de Fisiología de los Procesos Inflamatorios. Instituto de Medicina Experimental (IMEX-CONICET). Academia Nacional de Medicina, Buenos Aires, Argentina."
37036956,Biani C,"Laboratorio de Investigación Aplicada a Neurociencias (LIAN), Instituto de Neurociencias (INEU), FLENI-CONICET, Buenos Aires, Argentina."
37036956,Lombardi A,"Laboratorio de Investigación Aplicada a Neurociencias (LIAN), Instituto de Neurociencias (INEU), FLENI-CONICET, Buenos Aires, Argentina."
37036956,Birnberg-Weiss F,"Laboratorio de Fisiología de los Procesos Inflamatorios. Instituto de Medicina Experimental (IMEX-CONICET). Academia Nacional de Medicina, Buenos Aires, Argentina."
37036956,Norris A,"Laboratorio de Investigación Aplicada a Neurociencias (LIAN), Instituto de Neurociencias (INEU), FLENI-CONICET, Buenos Aires, Argentina."
37036956,Sacerdoti F,"Laboratorio de Fisiopatogenia. Instituto de Fisiología y Biofísica Bernardo Houssay (IFIBIO Houssay-CONICET), Departamento de Fisiología, Facultad de Medicina, Buenos Aires, Argentina."
37036956,Amaral M,"Laboratorio de Fisiopatogenia. Instituto de Fisiología y Biofísica Bernardo Houssay (IFIBIO Houssay-CONICET), Departamento de Fisiología, Facultad de Medicina, Buenos Aires, Argentina."
37036956,Rodrigues-Rodriguez N,"Laboratorio de Fisiología de los Procesos Inflamatorios. Instituto de Medicina Experimental (IMEX-CONICET). Academia Nacional de Medicina, Buenos Aires, Argentina."
37036956,Pittaluga J,"Laboratorio de Fisiología de los Procesos Inflamatorios. Instituto de Medicina Experimental (IMEX-CONICET). Academia Nacional de Medicina, Buenos Aires, Argentina."
37036956,Furmento V,"Laboratorio de Investigación Aplicada a Neurociencias (LIAN), Instituto de Neurociencias (INEU), FLENI-CONICET, Buenos Aires, Argentina."
37036956,Landoni V,"Laboratorio de Fisiología de los Procesos Inflamatorios. Instituto de Medicina Experimental (IMEX-CONICET). Academia Nacional de Medicina, Buenos Aires, Argentina."
37036956,Miriuka S,"Laboratorio de Investigación Aplicada a Neurociencias (LIAN), Instituto de Neurociencias (INEU), FLENI-CONICET, Buenos Aires, Argentina."
37036956,Luzzani C,"Laboratorio de Investigación Aplicada a Neurociencias (LIAN), Instituto de Neurociencias (INEU), FLENI-CONICET, Buenos Aires, Argentina."
37036956,Fernandez G,"Laboratorio de Fisiología de los Procesos Inflamatorios. Instituto de Medicina Experimental (IMEX-CONICET). Academia Nacional de Medicina, Buenos Aires, Argentina."
36878143,Macias-Salas A,"Pharmacogenomics Academia, Instituto Politécnico Nacional-CIIDIR Durango, Mexico."
36878143,Sosa-Macias M,"Pharmacogenomics Academia, Instituto Politécnico Nacional-CIIDIR Durango, Mexico; Red Iberoamericana de Alteraciones Vasculares en Transtornos del Embarazo (RIVATREM), Chillan, Chile."
36878143,Barragan-Zuniga L,"Pharmacogenomics Academia, Instituto Politécnico Nacional-CIIDIR Durango, Mexico."
36878143,Blanco-Castaneda R,"Pharmacogenomics Academia, Instituto Politécnico Nacional-CIIDIR Durango, Mexico."
36878143,Damiano A,"Red Iberoamericana de Alteraciones Vasculares en Transtornos del Embarazo (RIVATREM), Chillan, Chile; Laboratorio de Biología de la Reproducción, IFIBIO Houssay-UBA- CONICET, Buenos Aires, Argentina; Cátedra de Biología Celular y Molecular, Departamento de Ciencias Biológicas, Facultad de Farmacia y Bioquímica, Universidad de Buenos Aires, Buenos Aires, Argentina."
36878143,Garcia-Robles R,"Red Iberoamericana de Alteraciones Vasculares en Transtornos del Embarazo (RIVATREM), Chillan, Chile; Department of Physiological Sciences, School of Medicine, Pontificia Universidad Javeriana, Bogotá, Colombia."
36878143,Ayala-Ramirez P,"Red Iberoamericana de Alteraciones Vasculares en Transtornos del Embarazo (RIVATREM), Chillan, Chile; Human Genetics Institute, School of Medicine, Pontificia Universidad Javeriana, Bogotá, Colombia."
36878143,Bueno-Sanchez J,"Red Iberoamericana de Alteraciones Vasculares en Transtornos del Embarazo (RIVATREM), Chillan, Chile; Grupo Reproducción, Department of Obstetrics and Gynecology, Department of Physiology and biochemisty, Universidad de Antioquia, Medellín, Colombia."
36878143,Giachini F,"Red Iberoamericana de Alteraciones Vasculares en Transtornos del Embarazo (RIVATREM), Chillan, Chile; Institute of Biological Sciences and Health, Federal University of Mato Grosso, Barra do Garças, Brazil."
36878143,Escudero C,"Red Iberoamericana de Alteraciones Vasculares en Transtornos del Embarazo (RIVATREM), Chillan, Chile; Vascular Physiology Laboratory, Department of Basic Sciences, Universidad del Bío-Bío, Chillán, Chile; Group of Research and Innovation in Vascular Health (GRIVAS Health), Chillan, Chile. Electronic address: cescudero@ubiobio.cl."
36878143,Galaviz-Hernandez C,"Pharmacogenomics Academia, Instituto Politécnico Nacional-CIIDIR Durango, Mexico; Red Iberoamericana de Alteraciones Vasculares en Transtornos del Embarazo (RIVATREM), Chillan, Chile. Electronic address: cgalaviz@ipn.mx."
36717499,Martinez N,"Laboratorio de Biología de la Reproducción, Instituto de Fisiología y Biofísica Bernardo Houssay (IFIBIO)-CONICET-Facultad de Medicina, Universidad de Buenos Aires, Buenos Aires, Argentina."
36717499,Damiano A,"Laboratorio de Biología de la Reproducción, Instituto de Fisiología y Biofísica Bernardo Houssay (IFIBIO)-CONICET-Facultad de Medicina, Universidad de Buenos Aires, Buenos Aires, Argentina. adamiano@ffyb.uba.ar."
36717499,Damiano A,"Cátedra de Biología Celulary Molecular, Departamento de Ciencias Biológicas. Facultad de Farmacia y Bioquímica, Universidad de Buenos Aires, Buenos Aires, Argentina. adamiano@ffyb.uba.ar."
36710956,Silva A,"Facultad de Ciencias Médicas, Universidad de Buenos Aires, Buenos Aires, Argentina."
36710956,Silva A,"Consejo Nacional de Investigaciones Científicas y Técnicas, Instituto de Fisiología y Biofísica ""Dr. Bernardo Houssay""- CONICET (IFIBIO), Universidad de Buenos Aires, Buenos Aires, Argentina."
36710956,Martinez M,"Consejo Nacional de Investigaciones Científicas y Técnicas, Instituto de Fisiología y Biofísica ""Dr. Bernardo Houssay""- CONICET (IFIBIO), Universidad de Buenos Aires, Buenos Aires, Argentina."
36710956,Martinez M,"Facultad de Ciencias Exactas y Naturales, Departamento de Biología Molecular y Celular ""Dr. Héctor Maldonado"", Universidad de Buenos Aires, Buenos Aires, Argentina."
36587288,Deleglise A,"University of Buenos Aires, CONICET, Institute of Physiology and Biophysics (IFIBIO) Bernardo Houssay, Buenos Aires C1121ABG, Argentina."
36587288,Donnelly-Kehoe P,"Department of Research and Innovation, Kozaca SA, Av. Pellegrini 2618, S2000QDR Rosario, Santa Fe, Argentina."
36587288,Yeffal A,"University of Buenos Aires, CONICET, Institute of Physiology and Biophysics (IFIBIO) Bernardo Houssay, Buenos Aires C1121ABG, Argentina."
36587288,Jacobacci F,"University of Buenos Aires, CONICET, Institute of Physiology and Biophysics (IFIBIO) Bernardo Houssay, Buenos Aires C1121ABG, Argentina."
36587288,Jovicich J,"Center for Mind/Brain Sciences, University of Trento, 38068 Trento, Italy."
36587288,Amaro E,"Plataforma de Imagens na Sala de Autopsia (PISA), Instituto de Radiologia, Facultade de Medicina, Universidade de Sao Paulo, Sao Paulo 05403-000, Brazil."
36587288,Armony J,"Douglas Mental Health Research Institute, McGill University, Montreal, QC H4H 1R3, Canada."
36587288,Doyon J,"McConnell Brain Imaging Center, Montreal Neurological Institute, McGill University, Montreal, QC H3A 2B4, Canada."
36587288,Doyon J,"Department of Neurology and Neurosurgery, McGill University, Montreal, QC H3A 2B4, Canada."
36587288,Della-Maggiore V,"University of Buenos Aires, CONICET, Institute of Physiology and Biophysics (IFIBIO) Bernardo Houssay, Buenos Aires C1121ABG, Argentina."
36587288,Della-Maggiore V,"School of Science and Technology (ECyT), National University of San Martin, B1650 Villa Lynch, Buenos Aires, Argentina."
36549423,Azurmendi P,"Universidad de Buenos Aires, Laboratorio de Nefrología Experimental y Bioquímica Molecular, Instituto de Investigaciones Médicas A. Lanari, Buenos Aires, Argentina. Electronic address: azurmendi.pablo@lanari.uba.ar."
36549423,Toro A,"Universidad de Buenos Aires, Laboratorio de Nefrología Experimental y Bioquímica Molecular, Instituto de Investigaciones Médicas A. Lanari, Buenos Aires, Argentina; Consejo Nacional de Investigaciones Científicas y Técnicas (CONICET), Buenos Aires, Argentina."
36549423,Celia A,"Universidad de Buenos Aires, Laboratorio de Nefrología Experimental y Bioquímica Molecular, Instituto de Investigaciones Médicas A. Lanari, Buenos Aires, Argentina."
36549423,Guevara D,"Universidad de Buenos Aires, Laboratorio de Nefrología Experimental y Bioquímica Molecular, Instituto de Investigaciones Médicas A. Lanari, Buenos Aires, Argentina."
36549423,Solerno M,"Universidad de Buenos Aires, Laboratorio de Nefrología Experimental y Bioquímica Molecular, Instituto de Investigaciones Médicas A. Lanari, Buenos Aires, Argentina."
36549423,Di Ciano L,"Universidad de Buenos Aires, Laboratorio de Nefrología Experimental y Bioquímica Molecular, Instituto de Investigaciones Médicas A. Lanari, Buenos Aires, Argentina."
36549423,Toledo J,"Universidad de Buenos Aires, Laboratorio de Nefrología Experimental y Bioquímica Molecular, Instituto de Investigaciones Médicas A. Lanari, Buenos Aires, Argentina."
36549423,Ibarra F,"Universidad de Buenos Aires, Laboratorio de Nefrología Experimental y Bioquímica Molecular, Instituto de Investigaciones Médicas A. Lanari, Buenos Aires, Argentina; Universidad de Buenos Aires, Departamento de Ciencias Fisiológicas, Instituto de Fisiología y Biofísica Bernardo Houssay (IFIBIO Houssay)-CONICET, Facultad de Medicina, Buenos Aires, Argentina."
36549423,Arrizurieta E,"Universidad de Buenos Aires, Laboratorio de Nefrología Experimental y Bioquímica Molecular, Instituto de Investigaciones Médicas A. Lanari, Buenos Aires, Argentina; Consejo Nacional de Investigaciones Científicas y Técnicas (CONICET), Buenos Aires, Argentina."
36549423,Oddo E,"Universidad de Buenos Aires, Laboratorio de Nefrología Experimental y Bioquímica Molecular, Instituto de Investigaciones Médicas A. Lanari, Buenos Aires, Argentina."
36464947,Vainstein E,"Clínica Pediátrica, Hospital de Niños Dr. Ricardo Gutiérrez, Buenos Aires, Argentina."
36464947,Baleani S,"Clínica Pediátrica, Hospital de Niños Dr. Ricardo Gutiérrez, Buenos Aires, Argentina."
36464947,Urrutia L,"Clínica Pediátrica, Hospital Nacional de Pediatría Juan P Garrahan, Buenos Aires, Argentina."
36464947,Affranchino N,"Clínica Pediátrica, Hospital Nacional de Pediatría Juan P Garrahan, Buenos Aires, Argentina."
36464947,Ackerman J,"Unidad de Cardiología, Hospital General de Niños Pedro de Elizalde, Buenos Aires, Argentina."
36464947,Cazalas M,"División de Cardiología, Hospital de Niños Dr. Ricardo Gutiérrez y Sanatorio Sagrado Corazón, Buenos Aires, Argentina."
36464947,Goldsman A,"División de Cardiología, Hospital de Niños Dr. Ricardo Gutiérrez y Sanatorio Sagrado Corazón, Buenos Aires, Argentina."
36464947,Sardella A,"División de Cardiología, Hospital de Niños Dr. Ricardo Gutiérrez, Buenos Aires, Argentina."
36464947,Tolin A,"Servicio de Inmunología, Hospital H. Notti, Provincia de Mendoza, Argentina."
36464947,Goldaracena P,"Clínica Médica, Hospital Sor María Ludovica de La Plata, Provincia de Buenos Aires, Argentina."
36464947,Fabi M,"Servicio de Reumatología, Hospital Sor María Ludovica de La Plata, Provincia de Buenos Aires, Argentina."
36464947,Cosentino M,"Clínica Pediátrica, Hospital Británico, Buenos Aires, Argentina."
36464947,Magliola R,"Clínica Pediátrica, Unidad Terapia Intensiva, Hospital Británico, Buenos Aires, Argentina."
36464947,Roggiero G,"Servicio de Cardiología, Hospital El Cruce Néstor Carlos Kirchner y Clínica del Niño de Quilmes, Provincia de Buenos Aires, Argentina."
36464947,Manso P,"Servicio de Cardiología, Hospital El Cruce Néstor Carlos Kirchner, Provincia de Buenos Aires, Argentina."
36464947,Triguy J,"Servicio de Inmunología, Hospital H. Notti, Provincia de Mendoza, Argentina."
36464947,Ballester C,"Servicio de Inmunología, Hospital H. Notti, Provincia de Mendoza, Argentina."
36464947,Cervetto V,"Reumatología, Hospital General de Niños Pedro de Elizalde y Hospital Británico, Buenos Aires, Argentina."
36464947,Vaccarello M,"Clínica Pediátrica, Sanatorio la Trinidad, Quilmes, Provincia de Buenos Aires, Argentina."
36464947,De Carli D,"Clínica Pediátrica, Clínica del Niño de Quilmes, Provincia de Buenos Aires, Argentina."
36464947,De Carli M,"Clínica Pediátrica, Clínica del Niño de Quilmes, Provincia de Buenos Aires, Argentina."
36464947,Ciotti A,"Servicio de Cardiología, Hospital A. Posadas, Provincia de Buenos Aires, Argentina."
36464947,Sicurello M,"División de Cardiología, Hospital de Niños Dr. Ricardo Gutiérrez, Buenos Aires, Argentina."
36464947,Rios Leiva C,"Servicio de Cardiología, Hospital Eva Perón de San Martín, Provincia de Buenos Aires, Argentina."
36464947,Villalba C,"Servicio de Cardiología, Hospital Británico y Hospital Nacional de Pediatría Juan P Garrahan, Buenos Aires, Argentina."
36464947,Hortas M,"Servicio de Reumatología, Sanatorio la Trinidad, Quilmes, Provincia de Buenos Aires, Argentina."
36464947,Pena S,"Servicio de Inmunología, Hospital H. Notti, Provincia de Mendoza, Argentina."
36464947,Gonzalez G,"Servicio de Cardiología, Hospital H. Notti, Provincia de Mendoza, Argentina."
36464947,Zold C,"Universidad de Buenos Aires, CONICET, Instituto de Fisiología y Biofísica (IFIBIO) Bernardo Houssay, Buenos Aires, Argentina."
36464947,Murer M,"Universidad de Buenos Aires, CONICET, Instituto de Fisiología y Biofísica (IFIBIO) Bernardo Houssay, Buenos Aires, Argentina."
36426715,Martinez M,"Universidad de Buenos Aires, Facultad de Ciencias Exactas y Naturales, Departamento de Fisiología, Biología Molecular y Celular ""Dr. Héctor Maldonado"", Buenos Aires, Argentina."
36426715,Martinez M,"Universidad de Buenos Aires - CONICET, Instituto de Fisiología y Biofísica ""Dr. Bernardo Houssay"" (IFIBIO-Houssay), Grupo de Neurociencia de Sistemas, Buenos Aires, Argentina."
36426715,Zold C,"Universidad de Buenos Aires - CONICET, Instituto de Fisiología y Biofísica ""Dr. Bernardo Houssay"" (IFIBIO-Houssay), Grupo de Neurociencia de Sistemas, Buenos Aires, Argentina."
36426715,Zold C,"Universidad de Buenos Aires, Facultad de Ciencias Médicas, Departamento de Fisiología, Buenos Aires, Argentina."
36426715,Coletti M,"Universidad de Buenos Aires - CONICET, Instituto de Fisiología y Biofísica ""Dr. Bernardo Houssay"" (IFIBIO-Houssay), Grupo de Neurociencia de Sistemas, Buenos Aires, Argentina."
36426715,Coletti M,"Universidad de Buenos Aires, Facultad de Ciencias Médicas, Departamento de Fisiología, Buenos Aires, Argentina."
36426715,Murer M,"Universidad de Buenos Aires - CONICET, Instituto de Fisiología y Biofísica ""Dr. Bernardo Houssay"" (IFIBIO-Houssay), Grupo de Neurociencia de Sistemas, Buenos Aires, Argentina."
36426715,Murer M,"Universidad de Buenos Aires, Facultad de Ciencias Médicas, Departamento de Fisiología, Buenos Aires, Argentina."
36426715,Belluscio M,"Universidad de Buenos Aires - CONICET, Instituto de Fisiología y Biofísica ""Dr. Bernardo Houssay"" (IFIBIO-Houssay), Grupo de Neurociencia de Sistemas, Buenos Aires, Argentina."
36426715,Belluscio M,"Universidad de Buenos Aires, Facultad de Ciencias Médicas, Departamento de Fisiología, Buenos Aires, Argentina."
36241384,Keifman E,"Universidad de Buenos Aires, CONICET, Instituto de Fisiología y Biofísica Bernardo Houssay, Grupo de Neurociencia de Sistemas, 2155 Paraguay St, Buenos Aires, 1121, Argentina."
36241384,Coll C,"Universidad de Buenos Aires, CONICET, Instituto de Fisiología y Biofísica Bernardo Houssay, Grupo de Neurociencia de Sistemas, 2155 Paraguay St, Buenos Aires, 1121, Argentina."
36241384,Tubert C,"Universidad de Buenos Aires, CONICET, Instituto de Fisiología y Biofísica Bernardo Houssay, Grupo de Neurociencia de Sistemas, 2155 Paraguay St, Buenos Aires, 1121, Argentina."
36241384,Paz R,"Universidad de Buenos Aires, CONICET, Instituto de Fisiología y Biofísica Bernardo Houssay, Grupo de Neurociencia de Sistemas, 2155 Paraguay St, Buenos Aires, 1121, Argentina."
36241384,Belforte J,"Universidad de Buenos Aires, CONICET, Instituto de Fisiología y Biofísica Bernardo Houssay, Grupo de Neurociencia de Sistemas, 2155 Paraguay St, Buenos Aires, 1121, Argentina."
36241384,Murer M,"Universidad de Buenos Aires, CONICET, Instituto de Fisiología y Biofísica Bernardo Houssay, Grupo de Neurociencia de Sistemas, 2155 Paraguay St, Buenos Aires, 1121, Argentina barbybraz@gmail.com gmurer@fmed.uba.ar."
36241384,Braz B,"Universidad de Buenos Aires, CONICET, Instituto de Fisiología y Biofísica Bernardo Houssay, Grupo de Neurociencia de Sistemas, 2155 Paraguay St, Buenos Aires, 1121, Argentina barbybraz@gmail.com gmurer@fmed.uba.ar."
36227397,Berdasco C,"Departamento de Ciencias Fisiológicas, Facultad de Medicina, Universidad de Buenos Aires, Buenos Aires, Argentina."
36227397,Berdasco C,"Laboratorio de Neurofisiopatología, Instituto de Fisiología y Biofísica ""Houssay"" - CONICET (IFIBIO), CONICET - Universidad de Buenos Aires, Buenos Aires, Argentina."
36227397,Pinto A,"Departamento de Ciencias Fisiológicas, Facultad de Medicina, Universidad de Buenos Aires, Buenos Aires, Argentina."
36227397,Pinto A,"Laboratorio de Neurofisiopatología, Instituto de Fisiología y Biofísica ""Houssay"" - CONICET (IFIBIO), CONICET - Universidad de Buenos Aires, Buenos Aires, Argentina."
36227397,Blake M,"Departamento de Ciencias Fisiológicas, Facultad de Medicina, Universidad de Buenos Aires, Buenos Aires, Argentina."
36227397,Blake M,"Instituto de Fisiología y Biofísica ""Houssay"" - CONICET (IFIBIO), CONICET - Universidad de Buenos Aires, Buenos Aires, Argentina."
36227397,Correa F,"Laboratorio de Fisiología de la Preñez y el Parto, Facultad de Medicina, Centro de Estudios Farmacológicos y Botánicos - CONICET (CEFyBO), CONICET - Universidad de Buenos Aires, Buenos Aires, Argentina."
36227397,Carbajosa N,"Departamento de Química Biológica, Facultad de Farmacia y Bioquímica, Universidad de Buenos Aires, Buenos Aires, Argentina."
36227397,Carbajosa N,"Instituto de Química y Fisicoquímica Biológicas - CONICET (IQUIFIB), CONICET - Universidad de Buenos Aires, Buenos Aires, Argentina."
36227397,Celi A,"Departamento de Ciencias Fisiológicas, Facultad de Medicina, Universidad de Buenos Aires, Buenos Aires, Argentina."
36227397,Celi A,"Laboratorio de Neurofisiopatología, Instituto de Fisiología y Biofísica ""Houssay"" - CONICET (IFIBIO), CONICET - Universidad de Buenos Aires, Buenos Aires, Argentina."
36227397,Geoghegan P,"Administración Nacional de Laboratorios e Institutos de Salud ""Dr. Carlos Malbrán"" - ANLIS - Centro Nacional de Control de Calidad de Biológicos, Buenos Aires, Argentina."
36227397,Cangelosi A,"Administración Nacional de Laboratorios e Institutos de Salud ""Dr. Carlos Malbrán"" - ANLIS - Centro Nacional de Control de Calidad de Biológicos, Buenos Aires, Argentina."
36227397,Nunez M,"Cátedra de Matemáticas, Facultad de Farmacia y Bioquímica, Universidad de Buenos Aires, Buenos Aires, Argentina."
36227397,Gironacci M,"Departamento de Química Biológica, Facultad de Farmacia y Bioquímica, Universidad de Buenos Aires, Buenos Aires, Argentina."
36227397,Gironacci M,"Instituto de Química y Fisicoquímica Biológicas - CONICET (IQUIFIB), CONICET - Universidad de Buenos Aires, Buenos Aires, Argentina."
36227397,Goldstein J,"Departamento de Ciencias Fisiológicas, Facultad de Medicina, Universidad de Buenos Aires, Buenos Aires, Argentina. jogol@fmed.uba.ar."
36227397,Goldstein J,"Laboratorio de Neurofisiopatología, Instituto de Fisiología y Biofísica ""Houssay"" - CONICET (IFIBIO), CONICET - Universidad de Buenos Aires, Buenos Aires, Argentina. jogol@fmed.uba.ar."
36117714,Escudero C,"Vascular Physiology Laboratory, Department of Basic Sciences, Faculty of Basic Sciences, University of Bío-Bío, Chillán, Chile."
36117714,Escudero C,"Group of Research and Innovation in Vascular Health (GRIVAS Health), Chillán, Chile."
36117714,Escudero C,"RIVATREM - Red Iberoamericana de Alteraciones Vasculares en Transtornos del Embarazo, Chillan, Chile."
36117714,Giachini F,"RIVATREM - Red Iberoamericana de Alteraciones Vasculares en Transtornos del Embarazo, Chillan, Chile."
36117714,Giachini F,"Institute of Biological Sciences and Health, Federal University of Mato Grosso, Barra do Garças, Brazil."
36117714,Garcia-Robles R,"RIVATREM - Red Iberoamericana de Alteraciones Vasculares en Transtornos del Embarazo, Chillan, Chile."
36117714,Garcia-Robles R,"Departamento de Ciencias Fisiológicas, Facultad de Medicina, Pontificia Universidad Javeriana, Botogá, Colombia."
36117714,Galaviz-Hernandez C,"RIVATREM - Red Iberoamericana de Alteraciones Vasculares en Transtornos del Embarazo, Chillan, Chile."
36117714,Galaviz-Hernandez C,"Academia De Genómica, Instituto Politécnico Nacional-CIIDIR Durango, Durango, Mexico."
36117714,Damiano A,"RIVATREM - Red Iberoamericana de Alteraciones Vasculares en Transtornos del Embarazo, Chillan, Chile."
36117714,Damiano A,"Laboratorio de Biología de la Reproducción, Instituto de Fisiología y Biofísica Bernardo Houssay (IFIBIO)- CONICET- Facultad de Medicina, Universidad de Buenos Aires, Buenos Aires, Argentina."
36117714,Damiano A,"Cátedra de Biología Celular y Molecular, Departamento de Ciencias Biológicas, Facultad de Farmacia y Bioquímica, Universidad de Buenos Aires, Buenos Aires, Argentina."
36004327,Garimano N,"Laboratorio de Fisiopatogenia, Instituto de Fisiología y Biofísica, IFIBIO-Houssay (UBA-CONICET), Departamento de Ciencias Fisiológicas, Facultad de Medicina, Universidad de Buenos Aires, Buenos Aires, Argentina."
36004327,Scalise M,"Laboratorio de Fisiopatogenia, Instituto de Fisiología y Biofísica, IFIBIO-Houssay (UBA-CONICET), Departamento de Ciencias Fisiológicas, Facultad de Medicina, Universidad de Buenos Aires, Buenos Aires, Argentina."
36004327,Gomez F,"Laboratorio de Fisiopatogenia, Instituto de Fisiología y Biofísica, IFIBIO-Houssay (UBA-CONICET), Departamento de Ciencias Fisiológicas, Facultad de Medicina, Universidad de Buenos Aires, Buenos Aires, Argentina."
36004327,Amaral M,"Laboratorio de Fisiopatogenia, Instituto de Fisiología y Biofísica, IFIBIO-Houssay (UBA-CONICET), Departamento de Ciencias Fisiológicas, Facultad de Medicina, Universidad de Buenos Aires, Buenos Aires, Argentina."
36004327,Ibarra C,"Laboratorio de Fisiopatogenia, Instituto de Fisiología y Biofísica, IFIBIO-Houssay (UBA-CONICET), Departamento de Ciencias Fisiológicas, Facultad de Medicina, Universidad de Buenos Aires, Buenos Aires, Argentina."
35982602,Dorr R,"Facultad de Medicina, Instituto de Fisiología y Biofísica Bernardo Houssay (IFIBIO Houssay), CONICET-Universidad de Buenos Aires, Buenos Aires, Argentina."
35982602,Casal J,"Facultad de Medicina, Instituto de Fisiología y Biofísica Bernardo Houssay (IFIBIO Houssay), CONICET-Universidad de Buenos Aires, Buenos Aires, Argentina."
35982602,Toriano R,"Facultad de Medicina, Instituto de Fisiología y Biofísica Bernardo Houssay (IFIBIO Houssay), CONICET-Universidad de Buenos Aires, Buenos Aires, Argentina."
35957815,Scalise M,"Laboratorio de Fisiopatogenia, Instituto de Fisiología y Biofísica, IFIBIO-Houssay (UBA-CONICET), Departamento de Ciencias Fisiológicas, Facultad de Medicina, Universidad de Buenos Aires, Buenos Aires, Argentina."
35957815,Garimano N,"Laboratorio de Fisiopatogenia, Instituto de Fisiología y Biofísica, IFIBIO-Houssay (UBA-CONICET), Departamento de Ciencias Fisiológicas, Facultad de Medicina, Universidad de Buenos Aires, Buenos Aires, Argentina."
35957815,Sanz M,"CIVETAN-Centro de Investigación Veterinaria Tandil (CONICET, CICPBA), Facultad de Ciencias Veterinarias, Tandil, Argentina."
35957815,Padola N,"CIVETAN-Centro de Investigación Veterinaria Tandil (CONICET, CICPBA), Facultad de Ciencias Veterinarias, Tandil, Argentina."
35957815,Leonino P,"Departamento de Obstetricia, Hospital Nacional ""Prof. A. Posadas"", Buenos Aires, Argentina."
35957815,Pereyra A,"Departamento de Obstetricia, Hospital Nacional ""Prof. A. Posadas"", Buenos Aires, Argentina."
35957815,Casale R,"Departamento de Obstetricia, Hospital Nacional ""Prof. A. Posadas"", Buenos Aires, Argentina."
35957815,Amaral M,"Laboratorio de Fisiopatogenia, Instituto de Fisiología y Biofísica, IFIBIO-Houssay (UBA-CONICET), Departamento de Ciencias Fisiológicas, Facultad de Medicina, Universidad de Buenos Aires, Buenos Aires, Argentina."
35957815,Sacerdoti F,"Laboratorio de Fisiopatogenia, Instituto de Fisiología y Biofísica, IFIBIO-Houssay (UBA-CONICET), Departamento de Ciencias Fisiológicas, Facultad de Medicina, Universidad de Buenos Aires, Buenos Aires, Argentina."
35957815,Ibarra C,"Laboratorio de Fisiopatogenia, Instituto de Fisiología y Biofísica, IFIBIO-Houssay (UBA-CONICET), Departamento de Ciencias Fisiológicas, Facultad de Medicina, Universidad de Buenos Aires, Buenos Aires, Argentina."
35904906,Dorr R,"Universidad de Buenos Aires, CONICET, Instituto de Fisiología y Biofísica Bernardo Houssay (IFIBIO Houssay), Laboratorio de Biomembranas, Buenos Aires, Argentina."
35904906,Silberstein C,"Universidad de Buenos Aires, CONICET, IFIBIO Houssay, Laboratorio de Investigaciones en Fisiología Renal, Facultad de Medicina, Buenos Aires, Argentina."
35904906,Ibarra C,"Universidad de Buenos Aires, CONICET, IFIBIO Houssay, Laboratorio de Fisiopatogenia, Facultad de Medicina, Buenos Aires, Argentina."
35904906,Toriano R,"Universidad de Buenos Aires, CONICET, Instituto de Fisiología y Biofísica Bernardo Houssay (IFIBIO Houssay), Laboratorio de Biomembranas, Buenos Aires, Argentina. E-mail: rtoriano@fmed.uba.ar."
35853718,Gallo F,"Laboratorio de Memoria y Cognición Molecular, Instituto de Neurociencia Cognitiva y Traslacional, Consejo Nacional de Investigaciones Científicas y Técnicas(CONICET)-Fundación INECO-Universidad Favaloro, 1071 Ciudad Autónoma de Buenos Aires, Argentina."
35853718,Zanoni Saad M,"Laboratorio de Memoria y Cognición Molecular, Instituto de Neurociencia Cognitiva y Traslacional, Consejo Nacional de Investigaciones Científicas y Técnicas(CONICET)-Fundación INECO-Universidad Favaloro, 1071 Ciudad Autónoma de Buenos Aires, Argentina."
35853718,Silva A,"Grupo de Neurociencia de Sistemas, Instituto de Fisiología y Biofísica ""Houssay"" (IFIBIO ""Houssay""), Universidad de Buenos Aires, Consejo Nacional de Investigaciones Científicas y Técnicas (CONICET), C1121ABG Ciudad Autónoma de Buenos Aires, Argentina."
35853718,Morici J,"Laboratorio de Memoria y Cognición Molecular, Instituto de Neurociencia Cognitiva y Traslacional, Consejo Nacional de Investigaciones Científicas y Técnicas(CONICET)-Fundación INECO-Universidad Favaloro, 1071 Ciudad Autónoma de Buenos Aires, Argentina."
35853718,Miranda M,"Laboratorio de Memoria y Cognición Molecular, Instituto de Neurociencia Cognitiva y Traslacional, Consejo Nacional de Investigaciones Científicas y Técnicas(CONICET)-Fundación INECO-Universidad Favaloro, 1071 Ciudad Autónoma de Buenos Aires, Argentina."
35853718,Anderson M,"MRC Cognition and Brain Sciences Unit, University of Cambridge, Cambridge CB2 7EF, United Kingdom."
35853718,Anderson M,"Behavioural and Clinical Neurosciences Unit, University of Cambridge, Cambridge CB2 3EB, United Kingdom."
35853718,Weisstaub N,"Laboratorio de Memoria y Cognición Molecular, Instituto de Neurociencia Cognitiva y Traslacional, Consejo Nacional de Investigaciones Científicas y Técnicas(CONICET)-Fundación INECO-Universidad Favaloro, 1071 Ciudad Autónoma de Buenos Aires, Argentina."
35853718,Bekinschtein P,"Laboratorio de Memoria y Cognición Molecular, Instituto de Neurociencia Cognitiva y Traslacional, Consejo Nacional de Investigaciones Científicas y Técnicas(CONICET)-Fundación INECO-Universidad Favaloro, 1071 Ciudad Autónoma de Buenos Aires, Argentina pbekinschtein@favaloro.edu.ar."
35835234,Arenas-Mosquera D,"Universidad de Buenos Aires, Consejo Nacional de Investigaciones Científicas y Técnicas (CONICET), Instituto de Fisiología y Biofísica ''Houssay"" (IFIBIO), Laboratorio de Neurofisiopatología, Facultad de Medicina, Paraguay 2155 Piso 7, 1121, Ciudad de Buenos Aires, Argentina."
35835234,Pinto A,"Universidad de Buenos Aires, Consejo Nacional de Investigaciones Científicas y Técnicas (CONICET), Instituto de Fisiología y Biofísica ''Houssay"" (IFIBIO), Laboratorio de Neurofisiopatología, Facultad de Medicina, Paraguay 2155 Piso 7, 1121, Ciudad de Buenos Aires, Argentina."
35835234,Cerny N,"Universidad de Buenos Aires, Facultad de Farmacia y Bioquímica, Cátedra de Inmunología e Instituto de Estudios de La Inmunidad Humoral (IDEHU), UBA-CONICET, Junín 956 Piso 4, 1113, Ciudad de Buenos Aires, Argentina; Universidad de Buenos Aires, Facultad de Medicina, Departamento de Microbiología, Parasitología e Inmunología e Instituto de Microbiología y Parasitología Médica (IMPaM), UBA-CONICET, Paraguay 2155 Piso 12, 1121, Ciudad de Buenos Aires, Argentina."
35835234,Berdasco C,"Universidad de Buenos Aires, Consejo Nacional de Investigaciones Científicas y Técnicas (CONICET), Instituto de Fisiología y Biofísica ''Houssay"" (IFIBIO), Laboratorio de Neurofisiopatología, Facultad de Medicina, Paraguay 2155 Piso 7, 1121, Ciudad de Buenos Aires, Argentina."
35835234,Cangelosi A,"Centro Nacional de Control de Calidad de Biológicos (CNCCB), ""ANLIS, Dr. Carlos G. Malbrán"", Avenida Vélez Sarsfield 563, 1282, Ciudad de Buenos Aires, Argentina."
35835234,Geoghegan P,"Centro Nacional de Control de Calidad de Biológicos (CNCCB), ""ANLIS, Dr. Carlos G. Malbrán"", Avenida Vélez Sarsfield 563, 1282, Ciudad de Buenos Aires, Argentina."
35835234,Malchiodi E,"Universidad de Buenos Aires, IDEHU-CONICET, Facultad de Farmacia y Bioquímica, Cátedra de Inmunología, Junín 956, Piso 4°, 1113, Ciudad de Buenos Aires, Argentina."
35835234,De Marzi M,"Universidad Nacional de Luján, Departamento de Ciencias Básicas, Ruta 5 y Avenida Constitución (6700) Luján, Buenos Aires, Argentina; Universidad Nacional de Luján, Instituto de Ecología y Desarrollo Sustentable (INEDES)-CONICET, Laboratorio de Inmunología, Ruta 5 y Avenida Constitución (6700) Luján, Buenos Aires, Argentina."
35835234,Goldstein J,"Universidad de Buenos Aires, Consejo Nacional de Investigaciones Científicas y Técnicas (CONICET), Instituto de Fisiología y Biofísica ''Houssay"" (IFIBIO), Laboratorio de Neurofisiopatología, Facultad de Medicina, Paraguay 2155 Piso 7, 1121, Ciudad de Buenos Aires, Argentina. Electronic address: jogol@fmed.uba.ar."
35777525,Rocco L,"Department of Physiology and Institute of Physiology and Biophysics (IFIBIO-Houssay, UBA-CONICET), School of Medicine, University of Buenos Aires, Buenos Aires, Argentina."
35777525,Pisera-Fuster A,"Department of Physiology and Institute of Physiology and Biophysics (IFIBIO-Houssay, UBA-CONICET), School of Medicine, University of Buenos Aires, Buenos Aires, Argentina."
35777525,Faillace M,"Department of Physiology and Institute of Physiology and Biophysics (IFIBIO-Houssay, UBA-CONICET), School of Medicine, University of Buenos Aires, Buenos Aires, Argentina. Electronic address: mfaillace@fmed.uba.ar."
35777525,Bernabeu R,"Department of Physiology and Institute of Physiology and Biophysics (IFIBIO-Houssay, UBA-CONICET), School of Medicine, University of Buenos Aires, Buenos Aires, Argentina. Electronic address: rbernabeu@fmed.uba.ar."
35752429,Medina C,"Laboratorio de Neurofarmacología de los Procesos de Memoria, Cátedra de Farmacología, Facultad de Farmacia y Bioquímica, Universidad de Buenos Aires (UBA), Buenos Aires, Argentina."
35752429,Krawczyk M,"Laboratorio de Neurofarmacología de los Procesos de Memoria, Cátedra de Farmacología, Facultad de Farmacia y Bioquímica, Universidad de Buenos Aires (UBA), Buenos Aires, Argentina."
35752429,Millan J,"Laboratorio de Neurofarmacología de los Procesos de Memoria, Cátedra de Farmacología, Facultad de Farmacia y Bioquímica, Universidad de Buenos Aires (UBA), Buenos Aires, Argentina."
35752429,Blake M,"Instituto de Fisiología y Biofísica (IFIBIO UBA-CONICET), Facultad de Medicina, Universidad de Buenos Aires (UBA), Buenos Aires, Argentina."
35752429,Boccia M,"Laboratorio de Neurofarmacología de los Procesos de Memoria, Cátedra de Farmacología, Facultad de Farmacia y Bioquímica, Universidad de Buenos Aires (UBA), Buenos Aires, Argentina. Electronic address: mboccia@ffyb.uba.ar."
35705598,Fernandez J,"Systems Biology Group (SysBio), Institute of Physics of Liquids and Biological Systems (IFLySIB), National Scientific and Technical Research Council (CONICET), University of La Plata, La Plata, Argentina."
35705598,Spagnuolo D,"Systems Biology Group (SysBio), Institute of Physics of Liquids and Biological Systems (IFLySIB), National Scientific and Technical Research Council (CONICET), University of La Plata, La Plata, Argentina."
35705598,Politi M,"Laboratory of Biomembranes, Institute of Physiology and Biophysics Bernardo Houssay (IFIBIO Houssay), School of Medicine, University of Buenos Aires, Buenos Aires, Argentina."
35705598,Tello Santacruz I,"Cardiology Department, British Hospital of Buenos Aires, Buenos Aires, Argentina."
35705598,Schiavone M,"Cardiology Department, British Hospital of Buenos Aires, Buenos Aires, Argentina."
35705598,Caceres Monie C,"Cardiology Department, British Hospital of Buenos Aires, Buenos Aires, Argentina."
35705598,Avaca H,"Cardiology Department, British Hospital of Buenos Aires, Buenos Aires, Argentina."
35705598,Chara O,"Systems Biology Group (SysBio), Institute of Physics of Liquids and Biological Systems (IFLySIB), National Scientific and Technical Research Council (CONICET), University of La Plata, La Plata, Argentina. osvaldo.chara@tu-dresden.de."
35705598,Chara O,"Center for Information Services and High Performance Computing, Technische Universität Dresden, Dresden, Germany. osvaldo.chara@tu-dresden.de."
35705598,Chara O,"Instituto de Tecnología, Universidad Argentina de La Empresa (UADE), Buenos Aires, Argentina. osvaldo.chara@tu-dresden.de."
35597334,Morici J,"Instituto de Neurociencia Cognitiva y Traslacional, Concejo Nacional de Investigaciones Científicas y tecnológicas (CONICET), Universidad Favaloro, Instituto de Neurología Cognitiva (INECO), Pacheco de Melo 1860, C1126AAB Buenos Aires, Argentina."
35597334,Cicuttin G,"Instituto de Neurociencia Cognitiva y Traslacional, Concejo Nacional de Investigaciones Científicas y tecnológicas (CONICET), Universidad Favaloro, Instituto de Neurología Cognitiva (INECO), Pacheco de Melo 1860, C1126AAB Buenos Aires, Argentina."
35597334,Silva A,"Instituto de Fisiología y Biofísica ""Bernardo Houssay"" (IFIBIO-Houssay), Grupo de Neurociencia de Sistemas, Universidad de Buenos Aires, Consejo Nacional de Investigaciones Científicas y Técnicas (CONICET) Buenos Aires, Argentina."
35597334,Gallo F,"Instituto de Neurociencia Cognitiva y Traslacional, Concejo Nacional de Investigaciones Científicas y tecnológicas (CONICET), Universidad Favaloro, Instituto de Neurología Cognitiva (INECO), Pacheco de Melo 1860, C1126AAB Buenos Aires, Argentina."
35597334,Miranda M,"Instituto de Neurociencia Cognitiva y Traslacional, Concejo Nacional de Investigaciones Científicas y tecnológicas (CONICET), Universidad Favaloro, Instituto de Neurología Cognitiva (INECO), Pacheco de Melo 1860, C1126AAB Buenos Aires, Argentina."
35597334,Belluscio M,"Instituto de Fisiología y Biofísica ""Bernardo Houssay"" (IFIBIO-Houssay), Grupo de Neurociencia de Sistemas, Universidad de Buenos Aires, Consejo Nacional de Investigaciones Científicas y Técnicas (CONICET) Buenos Aires, Argentina."
35597334,Zold C,"Instituto de Fisiología y Biofísica ""Bernardo Houssay"" (IFIBIO-Houssay), Grupo de Neurociencia de Sistemas, Universidad de Buenos Aires, Consejo Nacional de Investigaciones Científicas y Técnicas (CONICET) Buenos Aires, Argentina."
35597334,Bekinschtein P,"Instituto de Neurociencia Cognitiva y Traslacional, Concejo Nacional de Investigaciones Científicas y tecnológicas (CONICET), Universidad Favaloro, Instituto de Neurología Cognitiva (INECO), Pacheco de Melo 1860, C1126AAB Buenos Aires, Argentina."
35597334,Weisstaub N,"Instituto de Neurociencia Cognitiva y Traslacional, Concejo Nacional de Investigaciones Científicas y tecnológicas (CONICET), Universidad Favaloro, Instituto de Neurología Cognitiva (INECO), Pacheco de Melo 1860, C1126AAB Buenos Aires, Argentina. Electronic address: nweisstaub@favaloro.edu.ar."
35561217,Morici J,"Instituto de Neurociencia Cognitiva y Traslacional, Fundación INECO, Universidad Favaloro y Consejo Nacional de Investigaciones Científicas y Técnicas, Buenos Aires 1078, Argentina."
35561217,Weisstaub N,"Instituto de Neurociencia Cognitiva y Traslacional, Fundación INECO, Universidad Favaloro y Consejo Nacional de Investigaciones Científicas y Técnicas, Buenos Aires 1078, Argentina."
35561217,Zold C,"Instituto de Fisiología y Biofísica Bernardo Houssay (IFIBIO-Houssay), Grupo de Neurociencia de Sistemas, Universidad de Buenos Aires y Consejo Nacional de Investigaciones Científicas y Técnicas, Buenos Aires 1121, Argentina."
35535012,Paz R,"Universidad de Buenos Aires, CONICET, Instituto de Fisiología y Biofísica (IFIBIO) Bernardo Houssay, Grupo de Neurociencia de Sistemas, Buenos Aires, Argentina."
35535012,Stahl A,"Universidad de Buenos Aires, CONICET, Instituto de Fisiología y Biofísica (IFIBIO) Bernardo Houssay, Grupo de Neurociencia de Sistemas, Buenos Aires, Argentina."
35535012,Rela L,"Universidad de Buenos Aires, CONICET, Instituto de Fisiología y Biofísica (IFIBIO) Bernardo Houssay, Grupo de Neurociencia de Sistemas, Buenos Aires, Argentina."
35535012,Murer M,"Universidad de Buenos Aires, CONICET, Instituto de Fisiología y Biofísica (IFIBIO) Bernardo Houssay, Grupo de Neurociencia de Sistemas, Buenos Aires, Argentina."
35535012,Tubert C,"Universidad de Buenos Aires, CONICET, Instituto de Fisiología y Biofísica (IFIBIO) Bernardo Houssay, Grupo de Neurociencia de Sistemas, Buenos Aires, Argentina."
35431989,Ayala-Ramirez P,"School of Medicine, Human Genetics Institute, Pontificia Universidad Javeriana, Bogotá, Colombia."
35431989,Gonzalez M,"Group of Research and Innovation in Vascular Health (GRIVAS Health), Chillan, Chile."
35431989,Gonzalez M,"Laboratorio de Investigación Materno-Fetal (LIMaF), Departamento de Obstetricia y Ginecología, Facultad de Medicina, Universidad de Concepción, Concepción, Chile."
35431989,Escudero C,"Group of Research and Innovation in Vascular Health (GRIVAS Health), Chillan, Chile."
35431989,Escudero C,"Laboratory of Vascular Physiology, Department of Basic Sciences, Faculty of Sciences, Universidad del Bio-Bio, Chillan, Chile."
35431989,Quintero-Arciniegas L,"Perinatal Medicine Seedbed, School of Medicine, Pontificia Universidad Javeriana, Bogotá, Colombia."
35431989,Quintero-Arciniegas L,"Department of Physiological Sciences, School of Medicine, Pontificia Universidad Javeriana, Bogotá, Colombia."
35431989,Giachini F,"Institute of Biological Sciences and Health, Federal University of Mato Grosso, Barra do Garças, Brazil."
35431989,Giachini F,"Institute of Biological Sciences, Federal University of Goias, Goiânia, Brazil."
35431989,Alves de Freitas R,"Institute of Biological Sciences, Federal University of Goias, Goiânia, Brazil."
35431989,Damiano A,"Laboratorio de Biología de la Reproducción, Instituto de Fisiología y Biofísica Bernardo Houssay (IFIBIO)- CONICET- Facultad de Medicina, Universidad de Buenos Aires, Buenos Aires, Argentina."
35431989,Damiano A,"Cátedra de Biología Celular y Molecular, Departamento de Ciencias Biológicas, Facultad de Farmacia y Bioquímica, Universidad de Buenos Aires, Buenos Aires, Argentina."
35431989,Garcia-Robles R,"Department of Physiological Sciences, School of Medicine, Pontificia Universidad Javeriana, Bogotá, Colombia."
35368282,Solano A,"IFIBIO Houssay, Department of Physiology, School of Medicine, University of Buenos Aires, Buenos Aires, Argentina."
35368282,Riquelme L,"IFIBIO Houssay, Department of Physiology, School of Medicine, University of Buenos Aires, Buenos Aires, Argentina."
35368282,Perez-Chada D,"Department of Internal Medicine, Pulmonary and Sleep Medicine Service, Austral University Hospital, Buenos Aires, Argentina."
35368282,Della-Maggiore V,"IFIBIO Houssay, Department of Physiology, School of Medicine, University of Buenos Aires, Buenos Aires, Argentina."
35225229,Albert S,"Department of Biomedical Engineering, Johns Hopkins School of Medicine, Baltimore, United States."
35225229,Albert S,"Neuroscience Center, University of North Carolina, Chapel Hill, United States."
35225229,Jang J,"Department of Biomedical Engineering, Johns Hopkins School of Medicine, Baltimore, United States."
35225229,Jang J,"Vanderbilt University School of Medicine, Nashville, United States."
35225229,Modchalingam S,"Department of Kinesiology and Health Science, York University, Toronto, Canada."
35225229,'t Hart B,"Department of Kinesiology and Health Science, York University, Toronto, Canada."
35225229,Henriques D,"Department of Kinesiology and Health Science, York University, Toronto, Canada."
35225229,Lerner G,"IFIBIO Houssay, Deparamento de Fisiología y Biofísia, Facultad de Medicina, Universidad de Buenos Aires, Buenos Aires, Argentina."
35225229,Della-Maggiore V,"IFIBIO Houssay, Deparamento de Fisiología y Biofísia, Facultad de Medicina, Universidad de Buenos Aires, Buenos Aires, Argentina."
35225229,Haith A,"Department of Neurology, Johns Hopkins School of Medicine, Baltimore, United States."
35225229,Krakauer J,"Department of Neurology, Johns Hopkins School of Medicine, Baltimore, United States."
35225229,Krakauer J,"Department of Neuroscience, Johns Hopkins School of Medicine, Baltimore, United States."
35225229,Krakauer J,"The Santa Fe Institute, Santa Fe, United States."
35225229,Shadmehr R,"Department of Biomedical Engineering, Johns Hopkins School of Medicine, Baltimore, United States."
35223548,Henrique I,"Laboratório de Bacteriologia, Instituto Butantan, São Paulo, Brazil."
35223548,Sacerdoti F,"Laboratorio de Fisiopatogenia, Instituto de Fisiología y Biofísica Bernardo Houssay (IFIBIO Houssay-CONICET), Departamento de Fisiología, Facultad de Medicina, Universidad de Buenos Aires, Buenos Aires, Argentina."
35223548,Ferreira R,"Laboratório de Bacteriologia, Instituto Butantan, São Paulo, Brazil."
35223548,Henrique C,"Laboratório de Bacteriologia, Instituto Butantan, São Paulo, Brazil."
35223548,Amaral M,"Laboratorio de Fisiopatogenia, Instituto de Fisiología y Biofísica Bernardo Houssay (IFIBIO Houssay-CONICET), Departamento de Fisiología, Facultad de Medicina, Universidad de Buenos Aires, Buenos Aires, Argentina."
35223548,Piazza R,"Laboratório de Bacteriologia, Instituto Butantan, São Paulo, Brazil."
35223548,Luz D,"Laboratório de Bacteriologia, Instituto Butantan, São Paulo, Brazil."
35217797,Sachella T,"Instituto de Fisiología y Biofísica ""Bernardo Houssay"" (IFIBIO-Houssay), Grupo de Neurociencia de Sistemas, Universidad de Buenos Aires y Consejo Nacional de Investigaciones Científicas y Técnicas (CONICET), Buenos Aires, Argentina."
35217797,Ihidoype M,"Instituto de Fisiología y Biofísica ""Bernardo Houssay"" (IFIBIO-Houssay), Grupo de Neurociencia de Sistemas, Universidad de Buenos Aires y Consejo Nacional de Investigaciones Científicas y Técnicas (CONICET), Buenos Aires, Argentina."
35217797,Proulx C,"CERVO Brain Research Center, Department of Psychiatry and Neurosciences, Université Laval, Quebec City, Quebec, Canada."
35217797,Pafundo D,"Instituto de Fisiología y Biofísica ""Bernardo Houssay"" (IFIBIO-Houssay), Grupo de Neurociencia de Sistemas, Universidad de Buenos Aires y Consejo Nacional de Investigaciones Científicas y Técnicas (CONICET), Buenos Aires, Argentina."
35217797,Medina J,"Instituto de Biología Celular y Neurociencia ""Prof. E. De Robertis"" (IBCN), Universidad de Buenos Aires y Consejo Nacional de Investigaciones Científicas y Técnicas (CONICET), Buenos Aires, Argentina."
35217797,Medina J,"Instituto Tecnológico de Buenos Aires (ITBA), Buenos Aires, Argentina."
35217797,Mendez P,"Instituto Cajal, CSIC, Madrid, España."
35217797,Piriz J,"Instituto de Fisiología y Biofísica ""Bernardo Houssay"" (IFIBIO-Houssay), Grupo de Neurociencia de Sistemas, Universidad de Buenos Aires y Consejo Nacional de Investigaciones Científicas y Técnicas (CONICET), Buenos Aires, Argentina. pirizjoaquin@gmail.com."
35217797,Piriz J,"Instituto de Fisiología Biología Molecular y Neurociencias (IFIBYNE), Universidad de Buenos Aires y Consejo Nacional de Investigaciones Científicas y Técnicas (CONICET), Buenos Aires, Argentina. pirizjoaquin@gmail.com."
35095555,Corominas A,"Hospital Nacional Profesor Alejandro Posadas, Buenos Aires, Argentina."
35095555,Medina Y,"Laboratorio de Biología de la Reproducción, Instituto de Fisiología y Biofísica Bernardo Houssay (IFIBIO) - Consejo Nacional de Investigaciones Científicas y Técnicas (CONICET) - Facultad de Medicina, Universidad de Buenos Aires, Buenos Aires, Argentina."
35095555,Balconi S,"Hospital Nacional Profesor Alejandro Posadas, Buenos Aires, Argentina."
35095555,Casale R,"Hospital Nacional Profesor Alejandro Posadas, Buenos Aires, Argentina."
35095555,Farina M,"Laboratorio de Fisiopatología Placentaria, Centro de Estudios Farmacológicos y Botánicos (CEFyBO) - CONICET, Universidad de Buenos Aires, Buenos Aires, Argentina."
35095555,Martinez N,"Laboratorio de Biología de la Reproducción, Instituto de Fisiología y Biofísica Bernardo Houssay (IFIBIO) - Consejo Nacional de Investigaciones Científicas y Técnicas (CONICET) - Facultad de Medicina, Universidad de Buenos Aires, Buenos Aires, Argentina."
35095555,Damiano A,"Laboratorio de Biología de la Reproducción, Instituto de Fisiología y Biofísica Bernardo Houssay (IFIBIO) - Consejo Nacional de Investigaciones Científicas y Técnicas (CONICET) - Facultad de Medicina, Universidad de Buenos Aires, Buenos Aires, Argentina."
35095555,Damiano A,"Departamento de Ciencias Biológicas, Cátedra de Biología Celular y Molecular, Facultad de Farmacia y Bioquímica, Universidad de Buenos Aires, Buenos Aires, Argentina."
34971959,Di Paola M,"Cátedra de Biología Celular y Molecular, Departamento de Ciencias Biológicas, Facultad de Farmacia y Bioquímica, Universidad de Buenos Aires, Buenos Aires, Argentina; Laboratorio de Biología de la Reproducción, Instituto de Fisiología y Biofísica Bernardo Houssay (IFIBIO)- CONICET- Facultad de Medicina, Universidad de Buenos Aires, Buenos Aires, Argentina."
34971959,Sierra M,"Cátedra de Biología Celular y Molecular, Departamento de Ciencias Biológicas, Facultad de Farmacia y Bioquímica, Universidad de Buenos Aires, Buenos Aires, Argentina."
34971959,Fernandez N,"Cátedra de Biología Celular y Molecular, Departamento de Ciencias Biológicas, Facultad de Farmacia y Bioquímica, Universidad de Buenos Aires, Buenos Aires, Argentina."
34971959,Ibarra C,"Laboratorio de Fisiopatogenia, Instituto de Fisiología y Biofísica Bernardo Houssay (IFIBIO)- CONICET- Departamento de Fisiología, Facultad de Medicina, Universidad de Buenos Aires, Buenos Aires, Argentina."
34971959,Damiano A,"Cátedra de Biología Celular y Molecular, Departamento de Ciencias Biológicas, Facultad de Farmacia y Bioquímica, Universidad de Buenos Aires, Buenos Aires, Argentina; Laboratorio de Biología de la Reproducción, Instituto de Fisiología y Biofísica Bernardo Houssay (IFIBIO)- CONICET- Facultad de Medicina, Universidad de Buenos Aires, Buenos Aires, Argentina. Electronic address: adamiano@ffyb.uba.ar."
34938200,Reppetti J,"Laboratorio de Biología de la Reproducción, Instituto de Fisiología y Biofísica Bernardo Houssay (IFIBIO) - CONICET- Facultad de Medicina, Universidad de Buenos Aires, Buenos Aires, Argentina."
34938200,Medina Y,"Laboratorio de Biología de la Reproducción, Instituto de Fisiología y Biofísica Bernardo Houssay (IFIBIO) - CONICET- Facultad de Medicina, Universidad de Buenos Aires, Buenos Aires, Argentina."
34938200,Farina M,"Laboratorio de Fisiopatología Placentaria, Centro de Estudios Farmacológicos y Botánicos (CEFYBO) - CONICET, Facultad de Medicina, Universidad de Buenos Aires, Buenos Aires, Argentina."
34938200,Damiano A,"Laboratorio de Biología de la Reproducción, Instituto de Fisiología y Biofísica Bernardo Houssay (IFIBIO) - CONICET- Facultad de Medicina, Universidad de Buenos Aires, Buenos Aires, Argentina."
34938200,Damiano A,"Cátedra de Biología Celular y Molecular, Departamento de Ciencias Biológicas, Facultad de Farmacia y Bioquímica, Universidad de Buenos Aires, Buenos Aires, Argentina."
34938200,Martinez N,"Laboratorio de Biología de la Reproducción, Instituto de Fisiología y Biofísica Bernardo Houssay (IFIBIO) - CONICET- Facultad de Medicina, Universidad de Buenos Aires, Buenos Aires, Argentina."
34935149,Wies Mancini V,"Departamento de Química Biológica, Facultad de Farmacia y Bioquímica, Cátedra de Química Biológica Patológica, Universidad de Buenos Aires, Buenos Aires, Argentina."
34935149,Wies Mancini V,"Consejo Nacional de Investigaciones Científicas y Técnicas, Facultad de Farmacia y Bioquímica, Instituto de Química y Fisicoquímica Biológicas Prof. Dr. Alejandro C. Paladini, Universidad de Buenos Aires, Buenos Aires, Argentina."
34935149,Di Pietro A,"Departamento de Química Biológica, Facultad de Farmacia y Bioquímica, Cátedra de Química Biológica Patológica, Universidad de Buenos Aires, Buenos Aires, Argentina."
34935149,Di Pietro A,"Consejo Nacional de Investigaciones Científicas y Técnicas, Facultad de Farmacia y Bioquímica, Instituto de Química y Fisicoquímica Biológicas Prof. Dr. Alejandro C. Paladini, Universidad de Buenos Aires, Buenos Aires, Argentina."
34935149,de Olmos S,"Instituto de Investigación Médica Mercedes y Martin Ferreyra (INIMEC-CONICET-Universidad Nacional de Córdoba), Córdoba, Argentina."
34935149,Silva Pinto P,"IFIBIO Houssay, Grupo de Neurociencia de Sistemas, Facultad de Medicina, Universidad de Buenos Aires - CONICET, Buenos Aires, Argentina."
34935149,Vence M,"Consejo Nacional de Investigaciones Científicas y Técnicas, Facultad de Farmacia y Bioquímica, Instituto de Química y Fisicoquímica Biológicas Prof. Dr. Alejandro C. Paladini, Universidad de Buenos Aires, Buenos Aires, Argentina."
34935149,Marder M,"Consejo Nacional de Investigaciones Científicas y Técnicas, Facultad de Farmacia y Bioquímica, Instituto de Química y Fisicoquímica Biológicas Prof. Dr. Alejandro C. Paladini, Universidad de Buenos Aires, Buenos Aires, Argentina."
34935149,Igaz L,"IFIBIO Houssay, Grupo de Neurociencia de Sistemas, Facultad de Medicina, Universidad de Buenos Aires - CONICET, Buenos Aires, Argentina."
34935149,Marcora M,"Departamento de Química Biológica, Facultad de Farmacia y Bioquímica, Cátedra de Química Biológica Patológica, Universidad de Buenos Aires, Buenos Aires, Argentina."
34935149,Marcora M,"Consejo Nacional de Investigaciones Científicas y Técnicas, Facultad de Farmacia y Bioquímica, Instituto de Química y Fisicoquímica Biológicas Prof. Dr. Alejandro C. Paladini, Universidad de Buenos Aires, Buenos Aires, Argentina."
34935149,Pasquini J,"Departamento de Química Biológica, Facultad de Farmacia y Bioquímica, Cátedra de Química Biológica Patológica, Universidad de Buenos Aires, Buenos Aires, Argentina."
34935149,Pasquini J,"Consejo Nacional de Investigaciones Científicas y Técnicas, Facultad de Farmacia y Bioquímica, Instituto de Química y Fisicoquímica Biológicas Prof. Dr. Alejandro C. Paladini, Universidad de Buenos Aires, Buenos Aires, Argentina."
34935149,Correale J,"Departamento de Neurología, Fleni, Buenos Aires, Argentina."
34935149,Pasquini L,"Departamento de Química Biológica, Facultad de Farmacia y Bioquímica, Cátedra de Química Biológica Patológica, Universidad de Buenos Aires, Buenos Aires, Argentina."
34935149,Pasquini L,"Consejo Nacional de Investigaciones Científicas y Técnicas, Facultad de Farmacia y Bioquímica, Instituto de Química y Fisicoquímica Biológicas Prof. Dr. Alejandro C. Paladini, Universidad de Buenos Aires, Buenos Aires, Argentina."
34933954,Beccaria J,"Instituto de Fisiología y Biofísica ""Bernardo Houssay"" (IFIBIO-Houssay), Grupo de Neurociencia de Sistemas, Universidad de Buenos Aires y Consejo Nacional de Investigaciones Científicas y Técnicas (CONICET), 1121 Buenos Aires, Argentina."
34933954,Pretell Annan C,"Instituto de Fisiología y Biofísica ""Bernardo Houssay"" (IFIBIO-Houssay), Grupo de Neurociencia de Sistemas, Universidad de Buenos Aires y Consejo Nacional de Investigaciones Científicas y Técnicas (CONICET), 1121 Buenos Aires, Argentina."
34933954,Keifman E,"Instituto de Fisiología y Biofísica ""Bernardo Houssay"" (IFIBIO-Houssay), Grupo de Neurociencia de Sistemas, Universidad de Buenos Aires y Consejo Nacional de Investigaciones Científicas y Técnicas (CONICET), 1121 Buenos Aires, Argentina."
34933954,Murer M,"Instituto de Fisiología y Biofísica ""Bernardo Houssay"" (IFIBIO-Houssay), Grupo de Neurociencia de Sistemas, Universidad de Buenos Aires y Consejo Nacional de Investigaciones Científicas y Técnicas (CONICET), 1121 Buenos Aires, Argentina."
34933954,Belforte J,"Instituto de Fisiología y Biofísica ""Bernardo Houssay"" (IFIBIO-Houssay), Grupo de Neurociencia de Sistemas, Universidad de Buenos Aires y Consejo Nacional de Investigaciones Científicas y Técnicas (CONICET), 1121 Buenos Aires, Argentina jbelforte@fmed.uba.ar."
34930957,Kasanetz F,"Department of Physiology, University of Bern, Bühlplatz 5, 3012, Bern, Switzerland. fkasanetz@fmed.uba.ar."
34930957,Kasanetz F,"Grupo de Neurociencias de Sistemas, IFIBIO Houssay - CONICET, Universidad de Buenos Aires, Paraguay 2155 piso 7, (1121), Buenos Aires, Argentina. fkasanetz@fmed.uba.ar."
34930957,Nevian T,"Department of Physiology, University of Bern, Bühlplatz 5, 3012, Bern, Switzerland. thomas.nevian@unibe.ch."
34925067,Medina Y,"Laboratorio de Biología de la Reproducción, Instituto de Fisiología y Biofísica Bernardo Houssay (IFIBIO)- CONICET- Facultad de Medicina, Universidad de Buenos Aires, Buenos Aires, Argentina."
34925067,Acosta L,"Centro de Altos Estudios en Ciencias Humanas y de la Salud (CAECIHS), Universidad Abierta Interamericana, Buenos Aires, Argentina."
34925067,Reppetti J,"Laboratorio de Biología de la Reproducción, Instituto de Fisiología y Biofísica Bernardo Houssay (IFIBIO)- CONICET- Facultad de Medicina, Universidad de Buenos Aires, Buenos Aires, Argentina."
34925067,Corominas A,"Hospital Nacional Prof. A Posadas, Buenos Aires, Argentina."
34925067,Bustamante J,"Centro de Altos Estudios en Ciencias Humanas y de la Salud (CAECIHS), Universidad Abierta Interamericana, Buenos Aires, Argentina."
34925067,Szpilbarg N,"Laboratorio de Biología de la Reproducción, Instituto de Fisiología y Biofísica Bernardo Houssay (IFIBIO)- CONICET- Facultad de Medicina, Universidad de Buenos Aires, Buenos Aires, Argentina."
34925067,Damiano A,"Laboratorio de Biología de la Reproducción, Instituto de Fisiología y Biofísica Bernardo Houssay (IFIBIO)- CONICET- Facultad de Medicina, Universidad de Buenos Aires, Buenos Aires, Argentina."
34925067,Damiano A,"Cátedra de Biología Celular y Molecular, Departamento de Ciencias Biológicas, Facultad de Farmacia y Bioquímica, Universidad de Buenos Aires, Buenos Aires, Argentina."
34916412,Charif S,"IFIBIO Houssay, Grupo de Neurociencia de Sistemas, Facultad de Medicina, Universidad de Buenos Aires -CONICET, Buenos Aires, Argentina."
34916412,Vassallu M,"IFIBIO Houssay, Grupo de Neurociencia de Sistemas, Facultad de Medicina, Universidad de Buenos Aires -CONICET, Buenos Aires, Argentina."
34916412,Salvanal L,"IFIBIO Houssay, Grupo de Neurociencia de Sistemas, Facultad de Medicina, Universidad de Buenos Aires -CONICET, Buenos Aires, Argentina."
34916412,Igaz L,"IFIBIO Houssay, Grupo de Neurociencia de Sistemas, Facultad de Medicina, Universidad de Buenos Aires -CONICET, Buenos Aires, Argentina."
34900753,Rosso D,"Instituto de Medicina Experimental-Consejo Nacional de Investigaciones Científicas y Técnicas (CONICET)-Academia Nacional de Medicina., Buenos Aires, Argentina."
34900753,Rosato M,"Instituto de Medicina Experimental-Consejo Nacional de Investigaciones Científicas y Técnicas (CONICET)-Academia Nacional de Medicina., Buenos Aires, Argentina."
34900753,Gomez F,"Laboratorio de Fisiopatogenia, Departamento de Fisiología, Instituto de Fisiología y Biofísica Bernardo Houssay (IFIBIO Houssay-Consejo Nacional de Investigaciones Científicas y Técnicas (CONICET)), Facultad de Medicina, Universidad de Buenos Aires, Buenos Aires, Argentina."
34900753,Alvarez R,"Laboratorio de Fisiopatogenia, Departamento de Fisiología, Instituto de Fisiología y Biofísica Bernardo Houssay (IFIBIO Houssay-Consejo Nacional de Investigaciones Científicas y Técnicas (CONICET)), Facultad de Medicina, Universidad de Buenos Aires, Buenos Aires, Argentina."
34900753,Shiromizu C,"Instituto de Medicina Experimental-Consejo Nacional de Investigaciones Científicas y Técnicas (CONICET)-Academia Nacional de Medicina., Buenos Aires, Argentina."
34900753,Keitelman I,"Instituto de Medicina Experimental-Consejo Nacional de Investigaciones Científicas y Técnicas (CONICET)-Academia Nacional de Medicina., Buenos Aires, Argentina."
34900753,Ibarra C,"Laboratorio de Fisiopatogenia, Departamento de Fisiología, Instituto de Fisiología y Biofísica Bernardo Houssay (IFIBIO Houssay-Consejo Nacional de Investigaciones Científicas y Técnicas (CONICET)), Facultad de Medicina, Universidad de Buenos Aires, Buenos Aires, Argentina."
34900753,Amaral M,"Laboratorio de Fisiopatogenia, Departamento de Fisiología, Instituto de Fisiología y Biofísica Bernardo Houssay (IFIBIO Houssay-Consejo Nacional de Investigaciones Científicas y Técnicas (CONICET)), Facultad de Medicina, Universidad de Buenos Aires, Buenos Aires, Argentina."
34900753,Jancic C,"Instituto de Medicina Experimental-Consejo Nacional de Investigaciones Científicas y Técnicas (CONICET)-Academia Nacional de Medicina., Buenos Aires, Argentina."
34900753,Jancic C,"Departamento de Microbiología, Parasitología e Inmunología, Facultad de Medicina, Universidad de Buenos Aires, Buenos Aires, Argentina."
34823607,Casalia M,"Institute Leloir Foundation- IIBBA-CONICET, Buenos Aires, Argentina."
34823607,Casabona J,"Institute Leloir Foundation- IIBBA-CONICET, Buenos Aires, Argentina."
34823607,Garcia C,"Institute Leloir Foundation- IIBBA-CONICET, Buenos Aires, Argentina."
34823607,Cavaliere Candedo V,"Institute Leloir Foundation- IIBBA-CONICET, Buenos Aires, Argentina."
34823607,Quinta H,"CONICET and Laboratorio de Medicina Experimental ""Dr. J Toblli"", Hospital Alemán, Buenos Aires, Argentina."
34823607,Farias M,"Institute Leloir Foundation- IIBBA-CONICET, Buenos Aires, Argentina."
34823607,Gonzalez J,"Institute Leloir Foundation- IIBBA-CONICET, Buenos Aires, Argentina."
34823607,Gonzalez Moron D,"Consultorio y Laboratorio de Neurogenética, Centro Universitario de Neurología ""José María Ramos Mejía"" Facultad de Medicina, UBA & Instituto de Investigaciones en Medicina Traslacional, Facultad de Ciencias Biomédicas, Universidad Austral-CONICET, Buenos Aires, Argentina."
34823607,Cordoba M,"Consultorio y Laboratorio de Neurogenética, Centro Universitario de Neurología ""José María Ramos Mejía"" Facultad de Medicina, UBA & Instituto de Investigaciones en Medicina Traslacional, Facultad de Ciencias Biomédicas, Universidad Austral-CONICET, Buenos Aires, Argentina."
34823607,Consalvo D,"Consultorio y Laboratorio de Neurogenética, Centro Universitario de Neurología ""José María Ramos Mejía"" Facultad de Medicina, UBA & Instituto de Investigaciones en Medicina Traslacional, Facultad de Ciencias Biomédicas, Universidad Austral-CONICET, Buenos Aires, Argentina."
34823607,Mostoslavsky G,"Center For Regenerative Medicine (CReM) of Boston University and Boston Medical Center, Boston, USA."
34823607,Urbano F,"Department of Physiology, Molecular and Cellular Biology ""Dr. Héctor Maldonado"", Faculty of Exact and Natural Sciences, University of Buenos Aires, IFIBYNE-CONICET, Buenos Aires, Argentina."
34823607,Pasquini J,"Faculty of Pharmacy and Biochemistry, University of Buenos Aires, Buenos Aires, Argentina."
34823607,Murer M,"Universidad de Buenos Aires, Facultad de Medicina, Departamento de Ciencias Fisiológicas, Grupo de Neurociencia de Sistemas, Buenos Aires, Argentina."
34823607,Murer M,"Universidad de Buenos Aires - CONICET, Instituto de Fisiología y Biofísica Bernardo Houssay (IFIBIO), Buenos Aires, Argentina."
34823607,Rela L,"Universidad de Buenos Aires, Facultad de Medicina, Departamento de Ciencias Fisiológicas, Grupo de Neurociencia de Sistemas, Buenos Aires, Argentina."
34823607,Rela L,"Universidad de Buenos Aires - CONICET, Instituto de Fisiología y Biofísica Bernardo Houssay (IFIBIO), Buenos Aires, Argentina."
34823607,Kauffman M,"Consultorio y Laboratorio de Neurogenética, Centro Universitario de Neurología ""José María Ramos Mejía"" Facultad de Medicina, UBA & Instituto de Investigaciones en Medicina Traslacional, Facultad de Ciencias Biomédicas, Universidad Austral-CONICET, Buenos Aires, Argentina. marcelokauffman@gmail.com."
34823607,Pitossi F,"Institute Leloir Foundation- IIBBA-CONICET, Buenos Aires, Argentina. fpitossi@leloir.org.ar."
34822608,Luz D,"Laboratório de Bacteriologia, Instituto Butantan, Sao Paulo 05503-900, Brazil."
34822608,Gomez F,"Laboratorio de Fisiopatogenia, Instituto de Fisiología y Biofísica Bernardo Houssay (IFIBIO Houssay-CONICET), Departamento de Fisiología, Facultad de Medicina, Universidad de Buenos Aires, Buenos Aires 1121, Argentina."
34822608,Ferreira R,"Laboratório de Bacteriologia, Instituto Butantan, Sao Paulo 05503-900, Brazil."
34822608,Melo B,"Laboratório de Bacteriologia, Instituto Butantan, Sao Paulo 05503-900, Brazil."
34822608,Guth B,"Departamento de Microbiologia, Imunologia e Parasitologia, Universidade Federal de Sāo Paulo, Sao Paulo 04023-062, Brazil."
34822608,Quintilio W,"Laboratório de Biofármacos, Instituto Butantan, Sao Paulo 05503-900, Brazil."
34822608,Moro A,"Laboratório de Biofármacos, Instituto Butantan, Sao Paulo 05503-900, Brazil."
34822608,Presta A,"Laboratorio de Fisiopatogenia, Instituto de Fisiología y Biofísica Bernardo Houssay (IFIBIO Houssay-CONICET), Departamento de Fisiología, Facultad de Medicina, Universidad de Buenos Aires, Buenos Aires 1121, Argentina."
34822608,Sacerdoti F,"Laboratorio de Fisiopatogenia, Instituto de Fisiología y Biofísica Bernardo Houssay (IFIBIO Houssay-CONICET), Departamento de Fisiología, Facultad de Medicina, Universidad de Buenos Aires, Buenos Aires 1121, Argentina."
34822608,Ibarra C,"Laboratorio de Fisiopatogenia, Instituto de Fisiología y Biofísica Bernardo Houssay (IFIBIO Houssay-CONICET), Departamento de Fisiología, Facultad de Medicina, Universidad de Buenos Aires, Buenos Aires 1121, Argentina."
34822608,Chen G,"Banting and Best Department of Medical Research, Terrence Donnelly Centre for Cellular and Biomolecular Research, University of Toronto, Toronto, OT M5S 3E1, Canada."
34822608,Sidhu S,"Banting and Best Department of Medical Research, Terrence Donnelly Centre for Cellular and Biomolecular Research, University of Toronto, Toronto, OT M5S 3E1, Canada."
34822608,Amaral M,"Laboratorio de Fisiopatogenia, Instituto de Fisiología y Biofísica Bernardo Houssay (IFIBIO Houssay-CONICET), Departamento de Fisiología, Facultad de Medicina, Universidad de Buenos Aires, Buenos Aires 1121, Argentina."
34822608,Piazza R,"Laboratório de Bacteriologia, Instituto Butantan, Sao Paulo 05503-900, Brazil."
34804128,Sanhueza Salas L,"Centro de Estudios Farmacológicos y Botánicos (CEFYBO-UBA-CONICET), Facultad de Medicina, Universidad de Buenos Aires, Buenos Aires, Argentina."
34804128,Garcia-Venzor A,"Department of Life Sciences, Ben-Gurion University of the Negev, Beer Sheva, Israel."
34804128,Garcia-Venzor A,"The Zlotowski Center for Neuroscience, Ben-Gurion University of the Negev, Beer Sheva, Israel."
34804128,Beltramone N,"Departamento de Ciencias Fisiológicas, Laboratorio de Biomembranas, Instituto de Fisiología y Biofísica ""Bernardo Houssay"" (IFIBIO-HOUSSAY), Consejo Nacional de Investigaciones Científicas y Técnicas (CONICET), Universidad de Buenos Aires, Buenos Aires, Argentina."
34804128,Capurro C,"Departamento de Ciencias Fisiológicas, Laboratorio de Biomembranas, Instituto de Fisiología y Biofísica ""Bernardo Houssay"" (IFIBIO-HOUSSAY), Consejo Nacional de Investigaciones Científicas y Técnicas (CONICET), Universidad de Buenos Aires, Buenos Aires, Argentina."
34804128,Toiber D,"Department of Life Sciences, Ben-Gurion University of the Negev, Beer Sheva, Israel."
34804128,Toiber D,"The Zlotowski Center for Neuroscience, Ben-Gurion University of the Negev, Beer Sheva, Israel."
34804128,Silberman D,"Centro de Estudios Farmacológicos y Botánicos (CEFYBO-UBA-CONICET), Facultad de Medicina, Universidad de Buenos Aires, Buenos Aires, Argentina."
34741225,Brughera A,"Department of Linguistics, and the Australian Hearing Hub, Macquarie University, Macquarie Park, New South Wales, Australia. andrew.brughera@mq.edu.au."
34741225,Brughera A,"Department of Biomedical Engineering, Boston University, Boston, MA, USA. andrew.brughera@mq.edu.au."
34741225,Ballestero J,"Instituto de Fisiología y Biofísica (IFIBIO) Bernardo Houssay, Grupo de Neurociencia de Sistemas, Universidad de Buenos Aires, CONICET, Buenos Aires, Argentina."
34741225,McAlpine D,"Department of Linguistics, and the Australian Hearing Hub, Macquarie University, Macquarie Park, New South Wales, Australia."
34649283,Solano A,"IFIBIO Houssay, Department of Physiology, School of Medicine, University of Buenos Aires, C1121ABG, Argentina."
34649283,Riquelme L,"IFIBIO Houssay, Department of Physiology, School of Medicine, University of Buenos Aires, C1121ABG, Argentina."
34649283,Perez-Chada D,"Department of Internal Medicine, Pulmonary and Sleep Medicine Service, Austral University Hospital, Buenos Aires B1629AHJ, Argentina."
34649283,Della-Maggiore V,"IFIBIO Houssay, Department of Physiology, School of Medicine, University of Buenos Aires, C1121ABG, Argentina."
34619364,Krawczyk M,"Laboratorio de Neurofarmacología de los Procesos de Memoria, Cátedra de Farmacología, Facultad de Farmacia y Bioquímica, Universidad de Buenos Aires (UBA), Buenos Aires, Argentina."
34619364,Millan J,"Laboratorio de Neurofarmacología de los Procesos de Memoria, Cátedra de Farmacología, Facultad de Farmacia y Bioquímica, Universidad de Buenos Aires (UBA), Buenos Aires, Argentina."
34619364,Blake M,"Instituto de Fisiología y Biofísica (IFIBIO UBA-CONICET), Facultad de Medicina, Universidad de Buenos Aires (UBA), Buenos Aires, Argentina."
34619364,Boccia M,"Laboratorio de Neurofarmacología de los Procesos de Memoria, Cátedra de Farmacología, Facultad de Farmacia y Bioquímica, Universidad de Buenos Aires (UBA), Buenos Aires, Argentina. Electronic address: mboccia@ffyb.uba.ar."
34437406,Alvarez R,"Laboratorio de Fisiopatogenia, Departamento de Fisiología, Instituto de Fisiología y Biofísica Bernardo Houssay (IFIBIO Houssay-CONICET), Facultad de Medicina, Universidad de Buenos Aires, Buenos Aires 1121, Argentina."
34437406,Gomez F,"Laboratorio de Fisiopatogenia, Departamento de Fisiología, Instituto de Fisiología y Biofísica Bernardo Houssay (IFIBIO Houssay-CONICET), Facultad de Medicina, Universidad de Buenos Aires, Buenos Aires 1121, Argentina."
34437406,Zotta E,"Laboratorio de Fisiopatogenia, Departamento de Fisiología, Instituto de Fisiología y Biofísica Bernardo Houssay (IFIBIO Houssay-CONICET), Facultad de Medicina, Universidad de Buenos Aires, Buenos Aires 1121, Argentina."
34437406,Zotta E,"Cátedra de Fisiopatología, Facultad de Farmacia y Bioquímica, Universidad de Buenos Aires, Buenos Aires 1113, Argentina."
34437406,Paton A,"Research Centre for Infectious Diseases, Department of Molecular and Biomedical Science, University of Adelaide, Adelaide 5005, Australia."
34437406,Paton J,"Research Centre for Infectious Diseases, Department of Molecular and Biomedical Science, University of Adelaide, Adelaide 5005, Australia."
34437406,Ibarra C,"Laboratorio de Fisiopatogenia, Departamento de Fisiología, Instituto de Fisiología y Biofísica Bernardo Houssay (IFIBIO Houssay-CONICET), Facultad de Medicina, Universidad de Buenos Aires, Buenos Aires 1121, Argentina."
34437406,Sacerdoti F,"Laboratorio de Fisiopatogenia, Departamento de Fisiología, Instituto de Fisiología y Biofísica Bernardo Houssay (IFIBIO Houssay-CONICET), Facultad de Medicina, Universidad de Buenos Aires, Buenos Aires 1121, Argentina."
34437406,Amaral M,"Laboratorio de Fisiopatogenia, Departamento de Fisiología, Instituto de Fisiología y Biofísica Bernardo Houssay (IFIBIO Houssay-CONICET), Facultad de Medicina, Universidad de Buenos Aires, Buenos Aires 1121, Argentina."
34320266,Vlachovsky S,"Universidad de Buenos Aires, Laboratorio de Riñón Experimental y Bioquímica Molecular, Instituto de Investigaciones Médicas A. Lanari, Buenos Aires, Argentina."
34320266,Di Ciano L,"Universidad de Buenos Aires, Laboratorio de Riñón Experimental y Bioquímica Molecular, Instituto de Investigaciones Médicas A. Lanari, Buenos Aires, Argentina."
34320266,Oddo E,"Universidad de Buenos Aires, Laboratorio de Riñón Experimental y Bioquímica Molecular, Instituto de Investigaciones Médicas A. Lanari, Buenos Aires, Argentina."
34320266,Azurmendi P,"Universidad de Buenos Aires, Laboratorio de Riñón Experimental y Bioquímica Molecular, Instituto de Investigaciones Médicas A. Lanari, Buenos Aires, Argentina."
34320266,Goette N,"Universidad de Buenos Aires, Laboratorio Hematología Investigación, Instituto de Investigaciones Médicas A. Lanari, Buenos Aires, Argentina."
34320266,Arrizurieta E,"Universidad de Buenos Aires, Laboratorio de Riñón Experimental y Bioquímica Molecular, Instituto de Investigaciones Médicas A. Lanari, Buenos Aires, Argentina."
34320266,Arrizurieta E,"Consejo Nacional de Investigaciones Cientificas y Técnicas (CONICET), Buenos Aires, Argentina."
34320266,Silberstein C,"Universidad de Buenos Aires, Departamento de Ciencias Fisiológicas, Instituto de Fisiología y Biofísica Bernardo Houssay (IFIBIO Houssay)-CONICET, Facultad de Medicina, Buenos Aires, Argentina."
34320266,Ibarra F,"Universidad de Buenos Aires, Laboratorio de Riñón Experimental y Bioquímica Molecular, Instituto de Investigaciones Médicas A. Lanari, Buenos Aires, Argentina."
34320266,Ibarra F,"Universidad de Buenos Aires, Departamento de Ciencias Fisiológicas, Instituto de Fisiología y Biofísica Bernardo Houssay (IFIBIO Houssay)-CONICET, Facultad de Medicina, Buenos Aires, Argentina."
34293244,Scochera F,"Facultad de Farmacia y Bioquímica, Departamento de Fisicomatemática, Universidad de Buenos Aires, Argentina."
34293244,Zerbetto De Palma G,"Facultad de Farmacia y Bioquímica, Departamento de Fisicomatemática, Universidad de Buenos Aires, Argentina."
34293244,Zerbetto De Palma G,"Instituto de Química y Fisicoquímica Biológica (IQUIFIB), Facultad de Farmacia y Bioquímica, CONICET, Universidad de Buenos Aires, Argentina."
34293244,Zerbetto De Palma G,"Instituto de Biotecnología, Universidad Nacional de Hurlingham, Villa Tesei, Argentina."
34293244,Canessa Fortuna A,"Facultad de Farmacia y Bioquímica, Departamento de Fisicomatemática, Universidad de Buenos Aires, Argentina."
34293244,Chevriau J,"Instituto de Química y Fisicoquímica Biológica (IQUIFIB), Facultad de Farmacia y Bioquímica, CONICET, Universidad de Buenos Aires, Argentina."
34293244,Toriano R,"Facultad de Medicina, CONICET, Instituto de Fisiología y Biofísica ""Bernardo Houssay"" (IFIBIO ""Houssay""), Universidad de Buenos Aires, Argentina."
34293244,Soto G,"Instituto de Agrobiotecnología y Biología Molecular (INTA-CONICET), Buenos Aires, Argentina."
34293244,Soto G,"Instituto de Genética (INTA), Buenos Aires, Argentina."
34293244,Zeida A,"Departamento de Bioquímica and Centro de Investigaciones Biomédicas (Ceinbio), Facultad de Medicina, Universidad de la República, Montevideo, Uruguay."
34293244,Alleva K,"Facultad de Farmacia y Bioquímica, Departamento de Fisicomatemática, Universidad de Buenos Aires, Argentina."
34293244,Alleva K,"Instituto de Química y Fisicoquímica Biológica (IQUIFIB), Facultad de Farmacia y Bioquímica, CONICET, Universidad de Buenos Aires, Argentina."
34279203,Faillace M,"Departamento de Fisiología, Facultad de Medicina e Instituto de Fisiología y Biofísica Profesor Bernardo Houssay (IFIBIO-Houssay, CONICET-UBA), Universidad de Buenos Aires (UBA), Ciudad Autónoma de Buenos Aires, Argentina."
34279203,Bernabeu R,"Departamento de Fisiología, Facultad de Medicina e Instituto de Fisiología y Biofísica Profesor Bernardo Houssay (IFIBIO-Houssay, CONICET-UBA), Universidad de Buenos Aires (UBA), Ciudad Autónoma de Buenos Aires, Argentina."
34267676,Dos Passos Junior R,"Institute of Biological Sciences, Federal University of Goias, Goiânia, Brazil."
34267676,de Freitas R,"Institute of Biological Sciences, Federal University of Goias, Goiânia, Brazil."
34267676,Reppetti J,"Faculty of Medicine, Institute of Physiology and Biophysics Bernardo Houssay (IFIBIO)-CONICET, University of Buenos Aires, Buenos Aires, Argentina."
34267676,Medina Y,"Faculty of Medicine, Institute of Physiology and Biophysics Bernardo Houssay (IFIBIO)-CONICET, University of Buenos Aires, Buenos Aires, Argentina."
34267676,Dela Justina V,"Institute of Biological Sciences, Federal University of Goias, Goiânia, Brazil."
34267676,Bach C,"Institute of Biological Sciences and Health, Federal University of Mato Grosso, Barra do Garças, Brazil."
34267676,Bomfim G,"Institute of Health Sciences, Federal University of Mato Grosso, Sinop, Brazil."
34267676,Lima V,"Institute of Biological Sciences and Health, Federal University of Mato Grosso, Barra do Garças, Brazil."
34267676,Damiano A,"Faculty of Medicine, Institute of Physiology and Biophysics Bernardo Houssay (IFIBIO)-CONICET, University of Buenos Aires, Buenos Aires, Argentina."
34267676,Damiano A,"Department of Biological Sciences, Faculty of Pharmacy and Biochemistry, University of Buenos Aires, Buenos Aires, Argentina."
34267676,Giachini F,"Institute of Biological Sciences, Federal University of Goias, Goiânia, Brazil."
34267676,Giachini F,"Institute of Biological Sciences and Health, Federal University of Mato Grosso, Barra do Garças, Brazil."
34263427,Netti V,"Departamento de Ciencias Fisiológicas, Laboratorio de Biomembranas, Facultad de Medicina, Instituto de Fisiología y Biofísica ""Bernardo Houssay"" (IFIBIO-HOUSSAY), Consejo Nacional de Investigaciones Científicas Y Técnicas (CONICET), Universidad de Buenos Aires, Buenos Aires, Argentina."
34263427,Fernandez J,"Departamento de Ciencias Fisiológicas, Laboratorio de Biomembranas, Facultad de Medicina, Instituto de Fisiología y Biofísica ""Bernardo Houssay"" (IFIBIO-HOUSSAY), Consejo Nacional de Investigaciones Científicas Y Técnicas (CONICET), Universidad de Buenos Aires, Buenos Aires, Argentina."
34263427,Melamud L,"Servicio de Neurología, Centro Universitario de Neurología Dr. J.M. Ramos Mejía, Facultad de Medicina, Universidad de Buenos Aires, Buenos Aires, Argentina."
34263427,Garcia-Miranda P,"Instituto de Biomedicina de Sevilla (IBiS), Hospital Universitario Virgen del Rocío/CSIC, Universidad de Sevilla, Seville, Spain."
34263427,Di Giusto G,"Departamento de Ciencias Fisiológicas, Laboratorio de Biomembranas, Facultad de Medicina, Instituto de Fisiología y Biofísica ""Bernardo Houssay"" (IFIBIO-HOUSSAY), Consejo Nacional de Investigaciones Científicas Y Técnicas (CONICET), Universidad de Buenos Aires, Buenos Aires, Argentina."
34263427,Ford P,"Departamento de Ciencias Fisiológicas, Laboratorio de Biomembranas, Facultad de Medicina, Instituto de Fisiología y Biofísica ""Bernardo Houssay"" (IFIBIO-HOUSSAY), Consejo Nacional de Investigaciones Científicas Y Técnicas (CONICET), Universidad de Buenos Aires, Buenos Aires, Argentina."
34263427,Echevarria M,"Instituto de Biomedicina de Sevilla (IBiS), Hospital Universitario Virgen del Rocío/CSIC, Universidad de Sevilla, Seville, Spain."
34263427,Capurro C,"Departamento de Ciencias Fisiológicas, Laboratorio de Biomembranas, Facultad de Medicina, Instituto de Fisiología y Biofísica ""Bernardo Houssay"" (IFIBIO-HOUSSAY), Consejo Nacional de Investigaciones Científicas Y Técnicas (CONICET), Universidad de Buenos Aires, Buenos Aires, Argentina. capurroclaudia@yahoo.com.ar."
34216588,Schachter J,"Instituto de Química y Físico-Química Biológicas ""Prof. Alejandro C. Paladini"", Universidad de Buenos Aires (UBA), Consejo Nacional de Investigaciones Científicas y Técnicas (CONICET), Facultad de Farmacia y Bioquímica, Junín 956, C1113AAD Buenos Aires, Argentina. Electronic address: jschachter@qb.ffyb.uba.ar."
34216588,Alvarez C,"Instituto de Química y Físico-Química Biológicas ""Prof. Alejandro C. Paladini"", Universidad de Buenos Aires (UBA), Consejo Nacional de Investigaciones Científicas y Técnicas (CONICET), Facultad de Farmacia y Bioquímica, Junín 956, C1113AAD Buenos Aires, Argentina; Universidad de Buenos Aires (UBA), Facultad de Farmacia y Bioquímica, Departamento de Química Biológica, Cátedra de Química Biológica, Junín 956, C1113AAD Buenos Aires, Argentina."
34216588,Bazzi Z,"Instituto de Química y Físico-Química Biológicas ""Prof. Alejandro C. Paladini"", Universidad de Buenos Aires (UBA), Consejo Nacional de Investigaciones Científicas y Técnicas (CONICET), Facultad de Farmacia y Bioquímica, Junín 956, C1113AAD Buenos Aires, Argentina."
34216588,Faillace M,"Instituto de Fisiología y Biofísica Prof. Bernardo Houssay (IFIBIO-Houssay), Universidad de Buenos Aires (UBA), Consejo Nacional de Investigaciones Científicas y Técnicas (CONICET), Buenos Aires, Argentina; Departamento de Fisiología, Facultad de Medicina, Universidad de Buenos Aires (UBA), Buenos Aires, Argentina."
34216588,Corradi G,"Instituto de Química y Físico-Química Biológicas ""Prof. Alejandro C. Paladini"", Universidad de Buenos Aires (UBA), Consejo Nacional de Investigaciones Científicas y Técnicas (CONICET), Facultad de Farmacia y Bioquímica, Junín 956, C1113AAD Buenos Aires, Argentina; Universidad de Buenos Aires (UBA), Facultad de Farmacia y Bioquímica, Departamento de Química Biológica, Cátedra de Química Biológica, Junín 956, C1113AAD Buenos Aires, Argentina."
34216588,Hattab C,"Université de Paris, UMR_S1134, BIGR, Inserm, F-75015 Paris, France; Institut National de la Transfusion Sanguine, Laboratoire d'Excellence GR-Ex, F-75015 Paris, France."
34216588,Rinaldi D,"Instituto de Química y Físico-Química Biológicas ""Prof. Alejandro C. Paladini"", Universidad de Buenos Aires (UBA), Consejo Nacional de Investigaciones Científicas y Técnicas (CONICET), Facultad de Farmacia y Bioquímica, Junín 956, C1113AAD Buenos Aires, Argentina; Universidad de Buenos Aires (UBA), Facultad de Farmacia y Bioquímica, Departamento de Química Biológica, Cátedra de Química Biológica, Junín 956, C1113AAD Buenos Aires, Argentina."
34216588,Gonzalez-Lebrero R,"Instituto de Química y Físico-Química Biológicas ""Prof. Alejandro C. Paladini"", Universidad de Buenos Aires (UBA), Consejo Nacional de Investigaciones Científicas y Técnicas (CONICET), Facultad de Farmacia y Bioquímica, Junín 956, C1113AAD Buenos Aires, Argentina; Universidad de Buenos Aires (UBA), Facultad de Farmacia y Bioquímica, Departamento de Química Biológica, Cátedra de Química Biológica, Junín 956, C1113AAD Buenos Aires, Argentina."
34216588,Molineris M,"Instituto de Investigaciones Bioquímicas de La Plata (INIBIOLP) ""Prof. Dr. Rodolfo R. Brenner"", Universidad Nacional de La Plata, Consejo Nacional de Investigaciones Científicas y Técnicas (CONICET), Facultad de Ciencias Médicas, Av. 60 y Av. 120, La Plata, Argentina; Universidad Nacional de La Plata, Facultad de Ciencias Médicas, Av. 60 y Av. 120, La Plata, Argentina."
34216588,Sevigny J,"Centre de Recherche du CHU de Québec-Université Laval, Québec, QC, Canada; Département de Microbiologie-Infectiologie et d'Immunologie, Faculté de Médecine, Université Laval, Québec, QC, Canada."
34216588,Ostuni M,"Université de Paris, UMR_S1134, BIGR, Inserm, F-75015 Paris, France; Institut National de la Transfusion Sanguine, Laboratoire d'Excellence GR-Ex, F-75015 Paris, France."
34216588,Schwarzbaum P,"Instituto de Química y Físico-Química Biológicas ""Prof. Alejandro C. Paladini"", Universidad de Buenos Aires (UBA), Consejo Nacional de Investigaciones Científicas y Técnicas (CONICET), Facultad de Farmacia y Bioquímica, Junín 956, C1113AAD Buenos Aires, Argentina; Universidad de Buenos Aires (UBA), Facultad de Farmacia y Bioquímica, Departamento de Química Biológica, Cátedra de Química Biológica, Junín 956, C1113AAD Buenos Aires, Argentina. Electronic address: pjs@qb.ffyb.uba.ar."
34155339,Sanchez D,"Laboratorio de Investigaciones en Fisiología Renal, Facultad de Medicina, Departamento de Ciencias Fisiológicas, IFIBIO-Houssay CONICET-UBA, Universidad de Buenos Aires, Buenos Aires, Argentina."
34155339,Fischer Sigel L,"Laboratorio de Investigaciones en Fisiología Renal, Facultad de Medicina, Departamento de Ciencias Fisiológicas, IFIBIO-Houssay CONICET-UBA, Universidad de Buenos Aires, Buenos Aires, Argentina."
34155339,Balestracci A,"Servicio de Nefrología, Hospital General de Niños Pedro de Elizalde, Buenos Aires, Argentina."
34155339,Ibarra C,"Laboratorio de Fisiopatogenia, Facultad de Medicina, Departamento de Ciencias Fisiológicas, IFIBIO-Houssay CONICET-UBA, Universidad de Buenos Aires, Buenos Aires, Argentina."
34155339,Amaral M,"Laboratorio de Fisiopatogenia, Facultad de Medicina, Departamento de Ciencias Fisiológicas, IFIBIO-Houssay CONICET-UBA, Universidad de Buenos Aires, Buenos Aires, Argentina."
34155339,Silberstein C,"Laboratorio de Investigaciones en Fisiología Renal, Facultad de Medicina, Departamento de Ciencias Fisiológicas, IFIBIO-Houssay CONICET-UBA, Universidad de Buenos Aires, Buenos Aires, Argentina. csilber@fmed.uba.ar."
34048797,Paz R,"Universidad de Buenos Aires, CONICET, Instituto de Fisiología y Biofísica (IFIBIO) Bernardo Houssay, Grupo de Neurociencia de Sistemas, 2155 Paraguay Street, Buenos Aires 1121, Argentina."
34048797,Murer M,"Universidad de Buenos Aires, CONICET, Instituto de Fisiología y Biofísica (IFIBIO) Bernardo Houssay, Grupo de Neurociencia de Sistemas, 2155 Paraguay Street, Buenos Aires 1121, Argentina. Electronic address: gmurer@fmed.uba.ar."
36166246,Liern M,"Unidad de Nefrología, Hospital General de Niños Ricardo Gutiérrez, Buenos Aires, Argentina. Electronic address: Jliern@yahoo.com."
36166246,Colazo A,"Unidad de Nefrología, Hospital General de Niños Ricardo Gutiérrez, Buenos Aires, Argentina."
36166246,Vallejo G,"Unidad de Nefrología, Hospital General de Niños Ricardo Gutiérrez, Buenos Aires, Argentina."
36166246,Zotta E,"Departamento de Ciencias Fisiológicas IFIBIO Houssay, CONICET, Facultad de Medicina, Universidad de Buenos Aires, Buenos Aires, Argentina; Cátedra de Fisiopatología, Facultad de Farmacia y Bioquímica, Universidad de Buenos Aires, Buenos Aires, Argentina."
33906140,Dorr R,"Laboratorio de Biomembranas, Instituto de Fisiología y Biofísica Bernardo Houssay (IFIBIO Houssay), Facultad de Medicina, Universidad de Buenos Aires-CONICET, Buenos Aires, Argentina. E-mail: rdorr@fmed.uba.ar."
33906140,Casal J,"Laboratorio de Biomembranas, Instituto de Fisiología y Biofísica Bernardo Houssay (IFIBIO Houssay), Facultad de Medicina, Universidad de Buenos Aires-CONICET, Buenos Aires, Argentina."
33906140,Toriano R,"Laboratorio de Biomembranas, Instituto de Fisiología y Biofísica Bernardo Houssay (IFIBIO Houssay), Facultad de Medicina, Universidad de Buenos Aires-CONICET, Buenos Aires, Argentina."
33822178,Pafundo D,"Grupo de Neurociencia de Sistemas, Instituto de Fisiología y Biofísica ""Bernardo Houssay"" (IFIBIO-Houssay), Universidad de Buenos Aires y Consejo Nacional de Investigaciones Científicas y Técnicas (CONICET), Ciudad de Buenos Aires, Argentina."
33822178,Pretell Annan C,"Grupo de Neurociencia de Sistemas, Instituto de Fisiología y Biofísica ""Bernardo Houssay"" (IFIBIO-Houssay), Universidad de Buenos Aires y Consejo Nacional de Investigaciones Científicas y Técnicas (CONICET), Ciudad de Buenos Aires, Argentina."
33822178,Fulginiti N,"Grupo de Neurociencia de Sistemas, Instituto de Fisiología y Biofísica ""Bernardo Houssay"" (IFIBIO-Houssay), Universidad de Buenos Aires y Consejo Nacional de Investigaciones Científicas y Técnicas (CONICET), Ciudad de Buenos Aires, Argentina."
33822178,Belforte J,"Grupo de Neurociencia de Sistemas, Instituto de Fisiología y Biofísica ""Bernardo Houssay"" (IFIBIO-Houssay), Universidad de Buenos Aires y Consejo Nacional de Investigaciones Científicas y Técnicas (CONICET), Ciudad de Buenos Aires, Argentina."
33722403,Liern M,"Unidad de Nefrología, Hospital General de Niños Ricardo Gutiérrez, Buenos Aires, Argentina. Electronic address: Jliern@%20yahoo.com."
33722403,Colazo A,"Unidad de Nefrología, Hospital General de Niños Ricardo Gutiérrez, Buenos Aires, Argentina."
33722403,Vallejo G,"Unidad de Nefrología, Hospital General de Niños Ricardo Gutiérrez, Buenos Aires, Argentina."
33722403,Zotta E,"Departamento de Ciencias Fisiológicas IFIBIO Houssay, CONICET, Facultad de Medicina, Universidad de Buenos Aires, Buenos Aires, Argentina; Cátedra de Fisiopatología, Facultad de Farmacia y Bioquímica, Universidad de Buenos Aires, Buenos Aires, Argentina."
33703954,Luczywo A,"Departamento de Química Orgánica, Facultad de Farmacia y Bioquímica, Universidad de Buenos Aires, Buenos Aires, Argentina."
33703954,Gonzalez L,"Departamento de Química Orgánica, Facultad de Farmacia y Bioquímica, Universidad de Buenos Aires, Buenos Aires, Argentina."
33703954,Aguiar A,"Instituto de Física de São Carlos, Universidade de São Paulo, São Carlos, Brasil."
33703954,Oliveira de Souza J,"Instituto de Física de São Carlos, Universidade de São Paulo, São Carlos, Brasil."
33703954,Souza G,"Instituto de Física de São Carlos, Universidade de São Paulo, São Carlos, Brasil."
33703954,Oliva G,"Instituto de Física de São Carlos, Universidade de São Paulo, São Carlos, Brasil."
33703954,Aguilar L,"Instituto de Química, Pontificia Universidad Católica de Valparaíso, Valparaíso, Chile."
33703954,Casal J,"Departamento de Química Orgánica, Facultad de Farmacia y Bioquímica, Universidad de Buenos Aires, Buenos Aires, Argentina."
33703954,Casal J,"Facultad de Medicina, Laboratorio de Biomembranas, Instituto de Fisiología y Biofísica Bernardo Houssay (IFIBIO Houssay), Universidad de Buenos Aires-CONICET, Buenos Aires, Argentina."
33703954,Guido R,"Instituto de Física de São Carlos, Universidade de São Paulo, São Carlos, Brasil."
33703954,Asis S,"Departamento de Química Orgánica, Facultad de Farmacia y Bioquímica, Universidad de Buenos Aires, Buenos Aires, Argentina."
33703954,Mellado M,"Instituto de Química, Pontificia Universidad Católica de Valparaíso, Valparaíso, Chile."
33692740,Princich J,"ENyS (Estudios en Neurociencias y Sistemas Complejos), Consejo Nacional de Investigaciones Científicas y Técnicas, Universidad Nacional Arturo Jauretche y Hospital El Cruce, Florencio Varela, Argentina."
33692740,Princich J,"Hospital de Pediatría J.P Garrahan, Departamento de Neuroimágenes, Buenos Aires, Argentina."
33692740,Donnelly-Kehoe P,"Centro Internacional Franco Argentino de Ciencias de la Información y de Sistemas (CIFASIS) - Consejo Nacional de Investigaciones Científicas y Técnicas (CONICET), Grupo de Procesamiento de Señales Multimedia - División Neuroimágenes, Universidad Nacional de Rosario, Rosario, Argentina."
33692740,Deleglise A,"Instituto de Fisiología y Biofísica B. Houssay (IFIBIO), Consejo Nacional de Investigaciones Científicas y Técnicas, Departamento de Fisiología y Biofísica, Universidad de Buenos Aires, Buenos Aires, Argentina."
33692740,Vallejo-Azar M,"ENyS (Estudios en Neurociencias y Sistemas Complejos), Consejo Nacional de Investigaciones Científicas y Técnicas, Universidad Nacional Arturo Jauretche y Hospital El Cruce, Florencio Varela, Argentina."
33692740,Pascariello G,"Centro Internacional Franco Argentino de Ciencias de la Información y de Sistemas (CIFASIS) - Consejo Nacional de Investigaciones Científicas y Técnicas (CONICET), Grupo de Procesamiento de Señales Multimedia - División Neuroimágenes, Universidad Nacional de Rosario, Rosario, Argentina."
33692740,Seoane P,"ENyS (Estudios en Neurociencias y Sistemas Complejos), Consejo Nacional de Investigaciones Científicas y Técnicas, Universidad Nacional Arturo Jauretche y Hospital El Cruce, Florencio Varela, Argentina."
33692740,Seoane P,"Hospital J.M Ramos Mejía, Centro de Epilepsia, Buenos Aires, Argentina."
33692740,Veron Do Santos J,"ENyS (Estudios en Neurociencias y Sistemas Complejos), Consejo Nacional de Investigaciones Científicas y Técnicas, Universidad Nacional Arturo Jauretche y Hospital El Cruce, Florencio Varela, Argentina."
33692740,Collavini S,"ENyS (Estudios en Neurociencias y Sistemas Complejos), Consejo Nacional de Investigaciones Científicas y Técnicas, Universidad Nacional Arturo Jauretche y Hospital El Cruce, Florencio Varela, Argentina."
33692740,Collavini S,"Instituto de investigación en Electrónica, Control y Procesamiento de Señales (LEICI), Universidad Nacional de La Plata-Consejo Nacional de Investigaciones Científicas y Técnicas, La Plata, Argentina."
33692740,Collavini S,"Instituto de Ingeniería y Agronomía, Universidad Nacional Arturo Jauretche, Florencio Varela, Argentina."
33692740,Nasimbera A,"ENyS (Estudios en Neurociencias y Sistemas Complejos), Consejo Nacional de Investigaciones Científicas y Técnicas, Universidad Nacional Arturo Jauretche y Hospital El Cruce, Florencio Varela, Argentina."
33692740,Nasimbera A,"Hospital J.M Ramos Mejía, Centro de Epilepsia, Buenos Aires, Argentina."
33692740,Kochen S,"ENyS (Estudios en Neurociencias y Sistemas Complejos), Consejo Nacional de Investigaciones Científicas y Técnicas, Universidad Nacional Arturo Jauretche y Hospital El Cruce, Florencio Varela, Argentina."
33685676,Garimano N,"Laboratorio de Fisiopatogenia, Departamento de Fisiología, Instituto de Fisiología y Biofísica Bernardo Houssay (IFIBIO Houssay-CONICET), Facultad de Medicina, Universidad de Buenos Aires, Buenos Aires, Argentina, 1121."
33685676,Diaz Vergara L,"Centro de Investigaciones y Transferencia de Villa María (CIT-VM-CONICET), Universidad Nacional de Villa María (UNVM), Villa María, Argentina, 5900."
33685676,Kim A,"Laboratorio de Fisiopatogenia, Departamento de Fisiología, Instituto de Fisiología y Biofísica Bernardo Houssay (IFIBIO Houssay-CONICET), Facultad de Medicina, Universidad de Buenos Aires, Buenos Aires, Argentina, 1121."
33685676,Badin E,"Centro de Investigaciones y Transferencia de Villa María (CIT-VM-CONICET), Universidad Nacional de Villa María (UNVM), Villa María, Argentina, 5900."
33685676,Sodero S,"Centro de Investigaciones y Transferencia de Villa María (CIT-VM-CONICET), Universidad Nacional de Villa María (UNVM), Villa María, Argentina, 5900."
33685676,Bernal A,"Laboratorio de Patogénesis e Inmunología de Procesos Infecciosos, Instituto de Medicina Experimental (IMEX-CONICET), Academia Nacional de Medicina, Buenos Aires, Argentina, 1425."
33685676,Gonzalez D,"Instituto de Virología/INVIT-CICVyA, National Institute of Agricultural Technology (INTA)-Castelar, Buenos Aires, Argentina, 1686."
33685676,Amaral M,"Laboratorio de Fisiopatogenia, Departamento de Fisiología, Instituto de Fisiología y Biofísica Bernardo Houssay (IFIBIO Houssay-CONICET), Facultad de Medicina, Universidad de Buenos Aires, Buenos Aires, Argentina, 1121."
33685676,Lespinard A,"Centro de Investigaciones y Transferencia de Villa María (CIT-VM-CONICET), Universidad Nacional de Villa María (UNVM), Villa María, Argentina, 5900."
33685676,Porporatto C,"Centro de Investigaciones y Transferencia de Villa María (CIT-VM-CONICET), Universidad Nacional de Villa María (UNVM), Villa María, Argentina, 5900."
33685676,Montenegro M,"Centro de Investigaciones y Transferencia de Villa María (CIT-VM-CONICET), Universidad Nacional de Villa María (UNVM), Villa María, Argentina, 5900."
33685676,Palermo M,"Laboratorio de Patogénesis e Inmunología de Procesos Infecciosos, Instituto de Medicina Experimental (IMEX-CONICET), Academia Nacional de Medicina, Buenos Aires, Argentina, 1425."
33685676,Larzabal M,"Instituto de Agrobiotecnología y Biología Molecular (IABIMO)-CICVyA, INTA-CONICET, Buenos Aires, Argentina, 1121."
33685676,Cataldi A,"Instituto de Agrobiotecnología y Biología Molecular (IABIMO)-CICVyA, INTA-CONICET, Buenos Aires, Argentina, 1121."
33685676,Ibarra C,"Laboratorio de Fisiopatogenia, Departamento de Fisiología, Instituto de Fisiología y Biofísica Bernardo Houssay (IFIBIO Houssay-CONICET), Facultad de Medicina, Universidad de Buenos Aires, Buenos Aires, Argentina, 1121."
33685676,Sacerdoti F,"Laboratorio de Fisiopatogenia, Departamento de Fisiología, Instituto de Fisiología y Biofísica Bernardo Houssay (IFIBIO Houssay-CONICET), Facultad de Medicina, Universidad de Buenos Aires, Buenos Aires, Argentina, 1121. Electronic address: fsacerdoti@fmed.uba.ar."
33547844,Paz R,"Universidad de Buenos Aires, CONICET, Instituto de Fisiología y Biofísica (IFIBIO) Bernardo Houssay, Grupo de Neurociencia de Sistemas, 2155 Paraguay Street, Buenos Aires, 1121, Argentina."
33547844,Tubert C,"Universidad de Buenos Aires, CONICET, Instituto de Fisiología y Biofísica (IFIBIO) Bernardo Houssay, Grupo de Neurociencia de Sistemas, 2155 Paraguay Street, Buenos Aires, 1121, Argentina."
33547844,Stahl A,"Universidad de Buenos Aires, CONICET, Instituto de Fisiología y Biofísica (IFIBIO) Bernardo Houssay, Grupo de Neurociencia de Sistemas, 2155 Paraguay Street, Buenos Aires, 1121, Argentina."
33547844,Amarillo Y,"Departamento de Física Médica, Centro Atómico Bariloche and Instituto Balseiro, CONICET, 9500 Ezequiel Bustillo Avenue, San Carlos de Bariloche, Rio Negro, 8402, Argentina."
33547844,Rela L,"Universidad de Buenos Aires, CONICET, Instituto de Fisiología y Biofísica (IFIBIO) Bernardo Houssay, Grupo de Neurociencia de Sistemas, 2155 Paraguay Street, Buenos Aires, 1121, Argentina."
33547844,Murer M,"Universidad de Buenos Aires, CONICET, Instituto de Fisiología y Biofísica (IFIBIO) Bernardo Houssay, Grupo de Neurociencia de Sistemas, 2155 Paraguay Street, Buenos Aires, 1121, Argentina."
33519685,Dare S,"School of Medicine, Kabale University, Kabale, Uganda."
33519685,Dare S,"Department of Anatomy, Kampala International University, Kampala, Uganda."
33519685,Merlo E,"Facultad de Medicina, Instituto de Fisiología y Biofísica (IFIBIO)-Houssay, Universidad de Buenos Aires - Consejo Nacional de Investigaciones Científicas y Técnicas (CONICET), Buenos Aires, Argentina."
33519685,Merlo E,"School of Psychology, University of Sussex, Brighton, United Kingdom."
33519685,Rodriguez Curt J,"Department of Zoology, University of Cambridge, Cambridge, United Kingdom."
33519685,Rodriguez Curt J,"Brighton and Sussex Medical School, University of Sussex, Brighton, United Kingdom."
33519685,Ekanem P,"Anatomy Unit, Institute of Biomedical Sciences, College of Health Sciences, Mekelle University, Mekelle, Ethiopia."
33519685,Hu N,"Department of Zoology, University of Cambridge, Cambridge, United Kingdom."
33519685,Berni J,"Department of Zoology, University of Cambridge, Cambridge, United Kingdom."
33519685,Berni J,"Brighton and Sussex Medical School, University of Sussex, Brighton, United Kingdom."
33363456,Charif S,"Instituto de Fisiología y Biofísica ""Bernardo Houssay"", (IFIBIO-Houssay), Grupo de Neurociencia de Sistemas, Universidad de Buenos Aires y Consejo Nacional de Investigaciones Científicas y Técnicas (CONICET), Buenos Aires, Argentina."
33363456,Luchelli L,"Instituto de Fisiología y Biofísica ""Bernardo Houssay"", (IFIBIO-Houssay), Grupo de Neurociencia de Sistemas, Universidad de Buenos Aires y Consejo Nacional de Investigaciones Científicas y Técnicas (CONICET), Buenos Aires, Argentina."
33363456,Vila A,"Instituto de Biociencias, Biotecnología y Biología Traslacional, Departamento de Fisiología, Biología Molecular y Celular, Facultad de Ciencias Exactas y Naturales, Universidad de Buenos Aires, Buenos Aires, Argentina."
33363456,Blaustein M,"Instituto de Biociencias, Biotecnología y Biología Traslacional, Departamento de Fisiología, Biología Molecular y Celular, Facultad de Ciencias Exactas y Naturales, Universidad de Buenos Aires, Buenos Aires, Argentina."
33363456,Igaz L,"Instituto de Fisiología y Biofísica ""Bernardo Houssay"", (IFIBIO-Houssay), Grupo de Neurociencia de Sistemas, Universidad de Buenos Aires y Consejo Nacional de Investigaciones Científicas y Técnicas (CONICET), Buenos Aires, Argentina."
33307182,Krawczyk M,"Laboratorio de Neurofarmacología de los Procesos de Memoria, Cátedra de Farmacología, Facultad de Farmacia y Bioquímica, Universidad de Buenos Aires (UBA) - CONICET, Buenos Aires, Argentina."
33307182,Millan J,"Laboratorio de Neurofarmacología de los Procesos de Memoria, Cátedra de Farmacología, Facultad de Farmacia y Bioquímica, Universidad de Buenos Aires (UBA) - CONICET, Buenos Aires, Argentina."
33307182,Blake M,"Instituto de Fisiología y Biofísica (IFIBIO UBA-CONICET), Facultad de Medicina, Universidad de Buenos Aires (UBA), Buenos Aires, Argentina."
33307182,Boccia M,"Laboratorio de Neurofarmacología de los Procesos de Memoria, Cátedra de Farmacología, Facultad de Farmacia y Bioquímica, Universidad de Buenos Aires (UBA) - CONICET, Buenos Aires, Argentina. Electronic address: mboccia@ffyb.uba.ar."
33240056,Camera A,"Instituto de Fisiología, Biología Molecular y Neurociencias (IFIBYNE), UBA-CONICET, Buenos Aires, Argentina."
33240056,Belluscio M,"Instituto de Fisiología y Biofísica Bernardo Houssay, National Council for Scientific and Technical Research (CONICET), Buenos Aires, Argentina."
33240056,Belluscio M,"Facultad de Medicina, Universidad de Buenos Aires, Buenos Aires, Argentina."
33240056,Tomsic D,"Instituto de Fisiología, Biología Molecular y Neurociencias (IFIBYNE), UBA-CONICET, Buenos Aires, Argentina."
33240056,Tomsic D,"Departamento de Fisiología, Biología Molecular y Celular Dr. Héctor Maldonado, Facultad de Ciencias Exactas y Naturales, Universidad de Buenos Aires, Buenos Aires, Argentina."
33126049,Etcheverry T,"Universidad de Buenos Aires, Consejo Nacional de Investigaciones Científicas y Técnicas, Centro de Estudios Farmacológicos y Botánicos (UBA-CONICET-CEFYBO), Facultad de Medicina, Buenos Aires, Argentina. Electronic address: tomasetch@gmail.com."
33126049,Accialini P,"Universidad de Buenos Aires, Consejo Nacional de Investigaciones Científicas y Técnicas, Centro de Estudios Farmacológicos y Botánicos (UBA-CONICET-CEFYBO), Facultad de Medicina, Buenos Aires, Argentina."
33126049,Palligas M,"Departamento de Endocrinología, Hospital de Pediatría Garrahan, Buenos Aires, Argentina."
33126049,Loureiro F,"Universidad de Buenos Aires, Consejo Nacional de Investigaciones Científicas y Técnicas, Centro de Estudios Farmacológicos y Botánicos (UBA-CONICET-CEFYBO), Facultad de Medicina, Buenos Aires, Argentina."
33126049,Saraco N,"Departamento de Endocrinología, Hospital de Pediatría Garrahan, Buenos Aires, Argentina."
33126049,Martinez N,"Universidad de Buenos Aires, Consejo Nacional de Investigaciones Científicas y Técnicas, Instituto de Fisiología y Biofísica Bernardo Houssay (UBA-CONICET-IFIBIO), Facultad de Medicina, Buenos Aires, Argentina."
33126049,Farina M,"Universidad de Buenos Aires, Consejo Nacional de Investigaciones Científicas y Técnicas, Centro de Estudios Farmacológicos y Botánicos (UBA-CONICET-CEFYBO), Facultad de Medicina, Buenos Aires, Argentina."
33094506,Pizzoni A,"Departamento de Ciencias Fisiológicas, Laboratorio de Biomembranas, Facultad de Medicina, Instituto de Fisiología y Biofísica ""Bernardo Houssay"" (IFIBIO-HOUSSAY), Consejo Nacional de Investigaciones Científicas y Técnicas (CONICET), Universidad de Buenos Aires, Buenos Aires, Argentina."
33094506,Bazzi Z,"Departamento de Química Biológica, Facultad de Farmacia y Bioquímica, Instituto de Química y Fisico-Química Biológicas (IQUIFIB) ""Prof. Alejandro C. Paladini,"" Consejo Nacional de Investigaciones Científicas y Técnicas, Cátedra de Química Biológica Superior, Universidad de Buenos Aires, Buenos Aires, Argentina."
33094506,Di Giusto G,"Departamento de Ciencias Fisiológicas, Laboratorio de Biomembranas, Facultad de Medicina, Instituto de Fisiología y Biofísica ""Bernardo Houssay"" (IFIBIO-HOUSSAY), Consejo Nacional de Investigaciones Científicas y Técnicas (CONICET), Universidad de Buenos Aires, Buenos Aires, Argentina."
33094506,Alvarez C,"Departamento de Química Biológica, Facultad de Farmacia y Bioquímica, Instituto de Química y Fisico-Química Biológicas (IQUIFIB) ""Prof. Alejandro C. Paladini,"" Consejo Nacional de Investigaciones Científicas y Técnicas, Cátedra de Química Biológica Superior, Universidad de Buenos Aires, Buenos Aires, Argentina."
33094506,Rivarola V,"Departamento de Ciencias Fisiológicas, Laboratorio de Biomembranas, Facultad de Medicina, Instituto de Fisiología y Biofísica ""Bernardo Houssay"" (IFIBIO-HOUSSAY), Consejo Nacional de Investigaciones Científicas y Técnicas (CONICET), Universidad de Buenos Aires, Buenos Aires, Argentina."
33094506,Capurro C,"Departamento de Ciencias Fisiológicas, Laboratorio de Biomembranas, Facultad de Medicina, Instituto de Fisiología y Biofísica ""Bernardo Houssay"" (IFIBIO-HOUSSAY), Consejo Nacional de Investigaciones Científicas y Técnicas (CONICET), Universidad de Buenos Aires, Buenos Aires, Argentina."
33094506,Schwarzbaum P,"Departamento de Química Biológica, Facultad de Farmacia y Bioquímica, Instituto de Química y Fisico-Química Biológicas (IQUIFIB) ""Prof. Alejandro C. Paladini,"" Consejo Nacional de Investigaciones Científicas y Técnicas, Cátedra de Química Biológica Superior, Universidad de Buenos Aires, Buenos Aires, Argentina."
33094506,Ford P,"Departamento de Ciencias Fisiológicas, Laboratorio de Biomembranas, Facultad de Medicina, Instituto de Fisiología y Biofísica ""Bernardo Houssay"" (IFIBIO-HOUSSAY), Consejo Nacional de Investigaciones Científicas y Técnicas (CONICET), Universidad de Buenos Aires, Buenos Aires, Argentina."
32900965,Jacobacci F,"Instituto de Fisiología y Biofísica (IFIBIO) Houssay, Consejo Nacional de Investigaciones Científicas y Técnicas (CONICET), Departamento de Fisiología y Biofísica, Universidad de Buenos Aires, Buenos Aires, 1121, Argentina."
32900965,Armony J,"Douglas Mental Health Research Institute, McGill University, Montreal, QC, H4H 1R3, Canada."
32900965,Yeffal A,"Instituto de Fisiología y Biofísica (IFIBIO) Houssay, Consejo Nacional de Investigaciones Científicas y Técnicas (CONICET), Departamento de Fisiología y Biofísica, Universidad de Buenos Aires, Buenos Aires, 1121, Argentina."
32900965,Lerner G,"Instituto de Fisiología y Biofísica (IFIBIO) Houssay, Consejo Nacional de Investigaciones Científicas y Técnicas (CONICET), Departamento de Fisiología y Biofísica, Universidad de Buenos Aires, Buenos Aires, 1121, Argentina."
32900965,Amaro E,"Plataforma de Imagens na Sala de Autopsia (PISA), Instituto de Radiologia, Facultade de Medicina, Universidade de Sao Paulo, Sao Paulo, 05403-000, Brazil."
32900965,Jovicich J,"Center for Mind/Brain Sciences, University of Trento, Rovereto, 38068, Trento, Italy."
32900965,Doyon J,"McConnell Brain Imaging Center, Montreal Neurological Institute, McGill University, Montreal, QC, H3A 2B4, Canada."
32900965,Doyon J,"Department of Neurology and Neurosurgery, McGill University, Montreal, QC, H3A 2B4, Canada."
32900965,Della-Maggiore V,"Instituto de Fisiología y Biofísica (IFIBIO) Houssay, Consejo Nacional de Investigaciones Científicas y Técnicas (CONICET), Departamento de Fisiología y Biofísica, Universidad de Buenos Aires, Buenos Aires, 1121, Argentina; vdellamaggiore@fmed.uba.ar."
32525252,Chiarante N,"Consejo Nacional de Investigaciones Científicas y Técnicas, Instituto de Química y Fisicoquímica Biológicas (IQUIFIB), Facultad de Farmacia y Bioquímica, Universidad de Buenos Aires, Junín 956, Buenos Aires, C1113AAD, Argentina."
32525252,Duhalde Vega M,"Consejo Nacional de Investigaciones Científicas y Técnicas, Instituto de Química y Fisicoquímica Biológicas (IQUIFIB), Facultad de Farmacia y Bioquímica, Universidad de Buenos Aires, Junín 956, Buenos Aires, C1113AAD, Argentina."
32525252,Valli F,"Consejo Nacional de Investigaciones Científicas y Técnicas, Instituto de Química y Fisicoquímica Biológicas (IQUIFIB), Facultad de Farmacia y Bioquímica, Universidad de Buenos Aires, Junín 956, Buenos Aires, C1113AAD, Argentina."
32525252,Zotta E,"Consejo Nacional de Investigaciones Científicas y Técnicas, Instituto de Fisiología y Biofísica Bernardo Houssay (IFIBIO), Facultad de Medicina, Universidad de Buenos Aires, Paraguay 2155, Buenos Aires, C1113AAD, Argentina."
32525252,Daghero H,"Cell Biology Unit, Institut Pasteur de Montevideo, Mataojo 2020, Montevideo, 11400, Uruguay."
32525252,Basika T,"Cell Biology Unit, Institut Pasteur de Montevideo, Mataojo 2020, Montevideo, 11400, Uruguay."
32525252,Bollati-Fogolin M,"Cell Biology Unit, Institut Pasteur de Montevideo, Mataojo 2020, Montevideo, 11400, Uruguay."
32525252,Garcia Vior M,"Consejo Nacional de Investigaciones Científicas y Técnicas, Instituto de Química y Fisicoquímica Biológicas (IQUIFIB), Facultad de Farmacia y Bioquímica, Universidad de Buenos Aires, Junín 956, Buenos Aires, C1113AAD, Argentina."
32525252,Marino J,"Consejo Nacional de Investigaciones Científicas y Técnicas, Instituto de Química y Fisicoquímica Biológicas (IQUIFIB), Facultad de Farmacia y Bioquímica, Universidad de Buenos Aires, Junín 956, Buenos Aires, C1113AAD, Argentina."
32525252,Roguin L,"Consejo Nacional de Investigaciones Científicas y Técnicas, Instituto de Química y Fisicoquímica Biológicas (IQUIFIB), Facultad de Farmacia y Bioquímica, Universidad de Buenos Aires, Junín 956, Buenos Aires, C1113AAD, Argentina."
32482148,Ribeiro I,"Laboratory of Vascular Biology and Histopathology, Institute of Health Sciences and Health, Federal University of Mato Grosso , Barra Do Garcas, Brazil."
32482148,Souto P,"Laboratory of Vascular Biology and Histopathology, Institute of Health Sciences and Health, Federal University of Mato Grosso , Barra Do Garcas, Brazil."
32482148,Borbely A,"Cell Biology Laboratory, Institute of Health and Biological Sciences, Federal University of Alagoas , Alagoas, Brazil."
32482148,Tanabe E,"Cell Biology Laboratory, Institute of Health and Biological Sciences, Federal University of Alagoas , Alagoas, Brazil."
32482148,Cadavid A,"Grupo Reproducción, Facultad De Medicina Universidad De Antioquia , Medellin, Colombia."
32482148,Alvarez A,"Grupo Reproducción, Facultad De Medicina Universidad De Antioquia , Medellin, Colombia."
32482148,Bueno J,"Grupo Reproducción, Facultad De Medicina Universidad De Antioquia , Medellin, Colombia."
32482148,Agudelo O,"Grupo Salud Y Comunidad, Facultad De Medicina Universidad De Antioquia , Medellin, Colombia."
32482148,Robles R,"Physiological Sciences Department, Faculty of Medicine, Pontificia Universidad Javeriana , Bogotá, Colombia."
32482148,Ayala-Ramirez P,"Human Genetics Institute, Facultad De Medicina, Pontificia Universidad Javeriana , Bogotá, Colombia."
32482148,Sacerdoti F,"Laboratorio De Fisiopatogenia, Instituto De Fisiología Y Biofísica Bernardo Houssay (IFIBIO)- CONICET- Departamento De Fisiología, Facultad De Medicina, Universidad De Buenos Aires . Buenos Aires, Argentina."
32482148,Szasz T,"Departamento of Physiology, Augusta University , Augusta, USA."
32482148,Damiano A,"Cátedra De Biología Celular Y Molecular, Departamento De Ciencias Biológicas, Facultad De Farmacia Y Bioquímica, Universidad De Buenos Aires . Buenos Aires, Argentina."
32482148,Damiano A,"Laboratorio De Biología De La Reproducción, Instituto De Fisiología Y Biofísica Bernardo Houssay (IFIBIO)- CONICET- Facultad De Medicina, Universidad De Buenos Aires . Buenos Aires, Argentina."
32482148,Ibarra C,"Cátedra De Biología Celular Y Molecular, Departamento De Ciencias Biológicas, Facultad De Farmacia Y Bioquímica, Universidad De Buenos Aires . Buenos Aires, Argentina."
32482148,Escudero C,"Vascular Physiology Laboratory, Group of Research and Innovation in Vascular Health (GRIVAS Health), Basic Sciences Department Faculty of Sciences, Universidad Del Bio-Bio , Chillan, Chile."
32482148,Lima V,"Laboratory of Vascular Biology and Histopathology, Institute of Health Sciences and Health, Federal University of Mato Grosso , Barra Do Garcas, Brazil."
32482148,Giachini F,"Laboratory of Vascular Biology and Histopathology, Institute of Health Sciences and Health, Federal University of Mato Grosso , Barra Do Garcas, Brazil."
32360730,Cattaneo V,"IFIBIO-Houssay, Grupo de Neurociencia de Sistemas, Facultad de Medicina, Universidad de Buenos Aires - CONICET, 2155 Paraguay Street, Buenos Aires, Argentina."
32360730,San Martin A,"IFIBIO-Houssay, Grupo de Neurociencia de Sistemas, Facultad de Medicina, Universidad de Buenos Aires - CONICET, 2155 Paraguay Street, Buenos Aires, Argentina."
32360730,Lew S,"Instituto de Ingeniería Biomédica, Facultad de Ingeniería, Universidad de Buenos Aires, Argentina."
32360730,Gelb B,"Mindich Child Health and Development Institute, Icahn School of Medicine at Mount Sinai, New York, NY, USA."
32360730,Pagani M,"IFIBIO-Houssay, Grupo de Neurociencia de Sistemas, Facultad de Medicina, Universidad de Buenos Aires - CONICET, 2155 Paraguay Street, Buenos Aires, Argentina. Electronic address: pagani@fmed.uba.ar."
32319840,Ramos-Hryb A,"Instituto de Fisiología y Biofísica (IFIBIO) Bernardo Houssay, Grupo de Neurociencia de Sistemas, Universidad de Buenos Aires, CONICET, Buenos Aires, Argentina."
32319840,Ramos-Hryb A,"Postgraduation Program in Pharmacology, CCB, Federal University of Santa Catarina, Florianópolis, Brazil."
32319840,Ramirez M,"Instituto de Fisiología y Biofísica (IFIBIO) Bernardo Houssay, Grupo de Neurociencia de Sistemas, Universidad de Buenos Aires, CONICET, Buenos Aires, Argentina."
32319840,Lino-de-Oliveira C,"Postgraduation Program in Pharmacology, CCB, Federal University of Santa Catarina, Florianópolis, Brazil."
32319840,Lino-de-Oliveira C,"Department of Physiological Sciences, CCB, Federal University of Santa Catarina, Florianópolis, Brazil."
32319840,Pagani M,"Instituto de Fisiología y Biofísica (IFIBIO) Bernardo Houssay, Grupo de Neurociencia de Sistemas, Universidad de Buenos Aires, CONICET, Buenos Aires, Argentina."
32311511,Trotta M,"Grupo de Neurociencia de Sistemas, Instituto de Fisiología y Biofísica ""Bernardo Houssay"" (IFIBIO HOUSSAY), Facultad de Medicina, Universidad de Buenos Aires, Consejo Nacional de Investigaciones Científicas y Técnicas, Paraguay 2155, C1121ABG, Ciudad Autónoma de Buenos Aires, Argentina. Electronic address: mili.trotta@gmail.com."
32311511,Bello E,"Grupo de Neurociencia de Sistemas, Instituto de Fisiología y Biofísica ""Bernardo Houssay"" (IFIBIO HOUSSAY), Facultad de Medicina, Universidad de Buenos Aires, Consejo Nacional de Investigaciones Científicas y Técnicas, Paraguay 2155, C1121ABG, Ciudad Autónoma de Buenos Aires, Argentina. Electronic address: estefania.bello@gmail.com."
32311511,Alsina R,"Grupo de Neurociencia de Sistemas, Instituto de Fisiología y Biofísica ""Bernardo Houssay"" (IFIBIO HOUSSAY), Facultad de Medicina, Universidad de Buenos Aires, Consejo Nacional de Investigaciones Científicas y Técnicas, Paraguay 2155, C1121ABG, Ciudad Autónoma de Buenos Aires, Argentina. Electronic address: ramiroalsina@gmail.com."
32311511,Tavella M,"Instituto de Investigaciones en Ingeniería Genética y Biología Molecular, Consejo Nacional de Investigaciones Científicas y Técnicas, Vuelta de Obligado 2490, 1428, Ciudad Autónoma de Buenos Aires, Argentina. Electronic address: belentavella@gmail.com."
32311511,Ferran J,"Department of Human Anatomy, School of Medicine, University of Murcia and IMIB-Arrixaca Institute, Carretera Buenavista s/n, 30120, El Palmar, Murcia, Spain. Electronic address: jlferran@um.es."
32311511,Rubinstein M,"Instituto de Investigaciones en Ingeniería Genética y Biología Molecular, Consejo Nacional de Investigaciones Científicas y Técnicas, Vuelta de Obligado 2490, 1428, Ciudad Autónoma de Buenos Aires, Argentina; Departamento de Fisiología, Biología Molecular y Celular, Facultad de Ciencias Exactas y Naturales, Universidad de Buenos Aires, Intendente Güiraldes 2160, Ciudad Universitaria, C1428EGA, Ciudad Autónoma de Buenos Aires, Argentina. Electronic address: mrubins@dna.uba.ar."
32311511,Bumaschny V,"Grupo de Neurociencia de Sistemas, Instituto de Fisiología y Biofísica ""Bernardo Houssay"" (IFIBIO HOUSSAY), Facultad de Medicina, Universidad de Buenos Aires, Consejo Nacional de Investigaciones Científicas y Técnicas, Paraguay 2155, C1121ABG, Ciudad Autónoma de Buenos Aires, Argentina; Departamento de Ciencias Fisiológicas, Facultad de Medicina. Universidad de Buenos Aires, Paraguay 2155, C1121ABG, Ciudad Autónoma de Buenos Aires, Argentina. Electronic address: vbumaschny@fmed.uba.ar."
32308155,Berardino B,"Laboratorio de Neuroepigenética, Departamento de Química Biológica, Facultad de Ciencias Exactas y Naturales, Universidad de Buenos Aires, and Instituto de Química Biológica de Ciencias Exactas y Naturales, CONICET, Ciudad de Buenos Aires, Argentina."
32308155,Ballarini F,"Facultad de Medicina, Universidad de Buenos Aires - IBCN ""Eduardo De Robertis"" (CONICET), Ciudad de Buenos Aires, Argentina."
32308155,Chertoff M,"Laboratorio de Neuroepigenética, Departamento de Química Biológica, Facultad de Ciencias Exactas y Naturales, Universidad de Buenos Aires, and Instituto de Química Biológica de Ciencias Exactas y Naturales, CONICET, Ciudad de Buenos Aires, Argentina."
32308155,Igaz L,"IFIBIO Bernardo Houssay, Grupo de Neurociencia de Sistemas, Facultad de Medicina, Universidad de Buenos Aires - CONICET, Buenos Aires, Argentina."
32308155,Canepa E,"Laboratorio de Neuroepigenética, Departamento de Química Biológica, Facultad de Ciencias Exactas y Naturales, Universidad de Buenos Aires, and Instituto de Química Biológica de Ciencias Exactas y Naturales, CONICET, Ciudad de Buenos Aires, Argentina."
32302030,Tubert C,"Instituto de Fisiología y Biofísica ""Bernardo Houssay"", (IFIBIO-Houssay), Grupo de Neurociencia de Sistemas, Universidad de Buenos Aires y Consejo Nacional de Investigaciones Científicas y Técnicas (CONICET), Buenos Aires, Argentina."
32302030,Murer M,"Instituto de Fisiología y Biofísica ""Bernardo Houssay"", (IFIBIO-Houssay), Grupo de Neurociencia de Sistemas, Universidad de Buenos Aires y Consejo Nacional de Investigaciones Científicas y Técnicas (CONICET), Buenos Aires, Argentina."
32282322,Vlachovsky S,"Laboratorio de Nefrología Experimental y Bioquímica Molecular, Instituto de Investigaciones Médicas A. Lanari, Universidad de Buenos Aires, Argentina. E-mail: sandragvla@gmail.com."
32282322,Sanchez D,"Departamento de Ciencias Fisiológicas, Instituto de Fisiología y Biofísica Bernardo Houssay (IFIBIO Houssay)- CONICET, Facultad de Medicina, Universidad de Buenos Aires, Argentina."
32282322,Di Ciano L,"Laboratorio de Nefrología Experimental y Bioquímica Molecular, Instituto de Investigaciones Médicas A. Lanari, Universidad de Buenos Aires, Argentina."
32282322,Oddo E,"Laboratorio de Nefrología Experimental y Bioquímica Molecular, Instituto de Investigaciones Médicas A. Lanari, Universidad de Buenos Aires, Argentina."
32282322,Azurmendi P,"Laboratorio de Nefrología Experimental y Bioquímica Molecular, Instituto de Investigaciones Médicas A. Lanari, Universidad de Buenos Aires, Argentina."
32282322,Silberstein C,"Departamento de Ciencias Fisiológicas, Instituto de Fisiología y Biofísica Bernardo Houssay (IFIBIO Houssay)- CONICET, Facultad de Medicina, Universidad de Buenos Aires, Argentina."
32282322,Ibarra F,"Laboratorio de Nefrología Experimental y Bioquímica Molecular, Instituto de Investigaciones Médicas A. Lanari, Universidad de Buenos Aires, Argentina."
32282322,Ibarra F,"Departamento de Ciencias Fisiológicas, Instituto de Fisiología y Biofísica Bernardo Houssay (IFIBIO Houssay)- CONICET, Facultad de Medicina, Universidad de Buenos Aires, Argentina."
32259636,Piazza V,"Universidad de Buenos Aires, Consejo Nacional de lnvestigaciones Científicas y Técnicas, Instituto de Química y Fisicoquímica Biológicas (IQUIFIB), Departamento de Química Biológica, Facultad de Farmacia y Bioquímica, Buenos Aires, Argentina."
32259636,Matzkin M,"Instituto de Biología y Medicina Experimental (IBYME), CONICET, Buenos Aires, Argentina; Universidad de Buenos Aires, Facultad de Medicina, Departamento de Bioquímica Humana, Buenos Aires, Argentina."
32259636,Cicconi N,"Universidad de Buenos Aires, Consejo Nacional de lnvestigaciones Científicas y Técnicas, Instituto de Química y Fisicoquímica Biológicas (IQUIFIB), Departamento de Química Biológica, Facultad de Farmacia y Bioquímica, Buenos Aires, Argentina."
32259636,Muia N,"Universidad de Buenos Aires, Consejo Nacional de lnvestigaciones Científicas y Técnicas, Instituto de Química y Fisicoquímica Biológicas (IQUIFIB), Departamento de Química Biológica, Facultad de Farmacia y Bioquímica, Buenos Aires, Argentina."
32259636,Valquinta S,"Universidad de Buenos Aires, Consejo Nacional de lnvestigaciones Científicas y Técnicas, Instituto de Química y Fisicoquímica Biológicas (IQUIFIB), Departamento de Química Biológica, Facultad de Farmacia y Bioquímica, Buenos Aires, Argentina."
32259636,Mccallum G,"Universidad de Buenos Aires, Consejo Nacional de lnvestigaciones Científicas y Técnicas, Instituto de Química y Fisicoquímica Biológicas (IQUIFIB), Departamento de Química Biológica, Facultad de Farmacia y Bioquímica, Buenos Aires, Argentina."
32259636,Micucci G,"Universidad de Buenos Aires, Consejo Nacional de lnvestigaciones Científicas y Técnicas, Instituto de Química y Fisicoquímica Biológicas (IQUIFIB), Departamento de Química Biológica, Facultad de Farmacia y Bioquímica, Buenos Aires, Argentina."
32259636,Freund T,"Universidad de Buenos Aires, Consejo Nacional de lnvestigaciones Científicas y Técnicas, Instituto de Química y Fisicoquímica Biológicas (IQUIFIB), Departamento de Química Biológica, Facultad de Farmacia y Bioquímica, Buenos Aires, Argentina."
32259636,Zotta E,"Universidad de Buenos Aires, Departamento de Ciencias Biológicas, Cátedra de Fisiopatología, Facultad de Farmacia y Bioquímica, Buenos Aires, Argentina; Universidad de Buenos Aires, Consejo Nacional de lnvestigaciones Científicas y Técnicas, Instituto de Fisiología y Biofísica (IFIBIO). Departamento de Ciencias Fisiológicas, Facultad de Medicina, Buenos Aires, Argentina."
32259636,Gonzalez L,"Universidad de Buenos Aires, Consejo Nacional de lnvestigaciones Científicas y Técnicas, Instituto de Química y Fisicoquímica Biológicas (IQUIFIB), Departamento de Química Biológica, Facultad de Farmacia y Bioquímica, Buenos Aires, Argentina."
32259636,Frungieri M,"Instituto de Biología y Medicina Experimental (IBYME), CONICET, Buenos Aires, Argentina; Universidad de Buenos Aires, Ciclo Básico Común, Cátedra de Química, Buenos Aires, Argentina."
32259636,Fang Y,"Department of Internal Medicine, Geriatrics Research, Southern Illinois University School of Medicine, Springfield, IL, USA."
32259636,Bartke A,"Department of Internal Medicine, Geriatrics Research, Southern Illinois University School of Medicine, Springfield, IL, USA."
32259636,Sotelo A,"Universidad de Buenos Aires, Consejo Nacional de lnvestigaciones Científicas y Técnicas, Instituto de Química y Fisicoquímica Biológicas (IQUIFIB), Departamento de Química Biológica, Facultad de Farmacia y Bioquímica, Buenos Aires, Argentina."
32259636,Miquet J,"Universidad de Buenos Aires, Consejo Nacional de lnvestigaciones Científicas y Técnicas, Instituto de Química y Fisicoquímica Biológicas (IQUIFIB), Departamento de Química Biológica, Facultad de Farmacia y Bioquímica, Buenos Aires, Argentina. Electronic address: jmiquet@qb.ffyb.uba.ar."
32205341,Alvarez R,"Instituto de Fisiología y Biofísica Bernardo Houssay (IFIBIO-Houssay), Grupo de Neurociencia de Sistemas, Universidad de Buenos Aires y Consejo Nacional de Investigaciones Científicas y Técnicas, Buenos Aires, 1121, Argentina."
32205341,Pafundo D,"Instituto de Fisiología y Biofísica Bernardo Houssay (IFIBIO-Houssay), Grupo de Neurociencia de Sistemas, Universidad de Buenos Aires y Consejo Nacional de Investigaciones Científicas y Técnicas, Buenos Aires, 1121, Argentina."
32205341,Zold C,"Instituto de Fisiología y Biofísica Bernardo Houssay (IFIBIO-Houssay), Grupo de Neurociencia de Sistemas, Universidad de Buenos Aires y Consejo Nacional de Investigaciones Científicas y Técnicas, Buenos Aires, 1121, Argentina."
32205341,Belforte J,"Instituto de Fisiología y Biofísica Bernardo Houssay (IFIBIO-Houssay), Grupo de Neurociencia de Sistemas, Universidad de Buenos Aires y Consejo Nacional de Investigaciones Científicas y Técnicas, Buenos Aires, 1121, Argentina jbelforte@fmed.uba.ar."
32133494,Lerner G,"Departamento de Fisiología y Biofísica, Facultad de Medicina, Instituto de Fisiología y Biofísica (IFIBIO) Houssay, Consejo Nacional de Investigaciones Científicas y Técnicas (CONICET), Universidad de Buenos Aires, Buenos Aires C1121ABG, Argentina."
32133494,Albert S,"Department of Biomedical Engineering, Johns Hopkins School of Medicine, Baltimore, USA."
32133494,Caffaro P,"Departamento de Fisiología y Biofísica, Facultad de Medicina, Instituto de Fisiología y Biofísica (IFIBIO) Houssay, Consejo Nacional de Investigaciones Científicas y Técnicas (CONICET), Universidad de Buenos Aires, Buenos Aires C1121ABG, Argentina."
32133494,Villalta J,"Departamento de Fisiología y Biofísica, Facultad de Medicina, Instituto de Fisiología y Biofísica (IFIBIO) Houssay, Consejo Nacional de Investigaciones Científicas y Técnicas (CONICET), Universidad de Buenos Aires, Buenos Aires C1121ABG, Argentina."
32133494,Jacobacci F,"Departamento de Fisiología y Biofísica, Facultad de Medicina, Instituto de Fisiología y Biofísica (IFIBIO) Houssay, Consejo Nacional de Investigaciones Científicas y Técnicas (CONICET), Universidad de Buenos Aires, Buenos Aires C1121ABG, Argentina."
32133494,Shadmehr R,"Department of Biomedical Engineering, Johns Hopkins School of Medicine, Baltimore, USA."
32133494,Della-Maggiore V,"Departamento de Fisiología y Biofísica, Facultad de Medicina, Instituto de Fisiología y Biofísica (IFIBIO) Houssay, Consejo Nacional de Investigaciones Científicas y Técnicas (CONICET), Universidad de Buenos Aires, Buenos Aires C1121ABG, Argentina."
32129110,Blanco-Castaneda R,"Academia De Genómica, Instituto Politécnico Nacional-CIIDIR Durango, Durango, Mexico."
32129110,Galaviz-Hernandez C,"Academia De Genómica, Instituto Politécnico Nacional-CIIDIR Durango, Durango, Mexico."
32129110,Souto P,"Laboratory of Vascular Biology, Institute of Health Sciences and Health, Universidad Federal De Mato Grosso, Barra Do Garcas, Brazil."
32129110,Lima V,"Laboratory of Vascular Biology, Institute of Health Sciences and Health, Universidad Federal De Mato Grosso, Barra Do Garcas, Brazil."
32129110,Giachini F,"Laboratory of Vascular Biology, Institute of Health Sciences and Health, Universidad Federal De Mato Grosso, Barra Do Garcas, Brazil."
32129110,Escudero C,"Vascular Physiology Laboratory Group of Investigation in Tumor Angiogenesis (GIANT) Group of Research and Innovation in Vascular Health (GRIVAS Health) Basic Sciences Department Faculty of Sciences, Universidad Del Bio-Bio, Chillan, Chile."
32129110,Damiano A,"Laboratorio De Biología De La Reproducción, IFIBIO Houssay-UBA-CONICET, Buenos Aires, Argentina."
32129110,Damiano A,"Departamento De Ciencias Biológicas, Facultad De Farmacia Y Bioquimica, Buenos Aires, UBA, Argentina."
32129110,Barragan-Zuniga L,"Academia De Genómica, Instituto Politécnico Nacional-CIIDIR Durango, Durango, Mexico."
32129110,Martinez-Aguilar G,"Unidad De Investigación Biomédica - Instituto Mexicano del Seguro Social (IMSS) Durango, Durango, México."
32129110,Sosa-Macias M,"Academia De Genómica, Instituto Politécnico Nacional-CIIDIR Durango, Durango, Mexico."
32077828,Goldstein J,"Universidad de Buenos Aires, Consejo Nacional de Investigaciones Científicas y Técnicas (CONICET), Instituto de Fisiología y Biofísica ""Houssay"" (IFIBIO), Laboratorio de Neurofisiopatología, Facultad de Medicina, Argentina."
32077828,Nunez-Goluboay K,"Universidad de Buenos Aires, Consejo Nacional de Investigaciones Científicas y Técnicas (CONICET), Instituto de Fisiología y Biofísica ""Houssay"" (IFIBIO), Laboratorio de Neurofisiopatología, Facultad de Medicina, Argentina."
32077828,Pinto A,"Universidad de Buenos Aires, Consejo Nacional de Investigaciones Científicas y Técnicas (CONICET), Instituto de Fisiología y Biofísica ""Houssay"" (IFIBIO), Laboratorio de Neurofisiopatología, Facultad de Medicina, Argentina."
32061348,Damiano A,"Laboratorio de Biología de la Reproducción, Instituto de Fisiología y Biofísica Bernardo Houssay (IFIBIO)-CONICET-Facultad de Medicina, Universidad de Buenos Aires, Buenos Aires, Argentina; Cátedra de Biología Celular y Molecular, Departamento de Ciencias Biológicas, Facultad de Farmacia y Bioquímica, Universidad de Buenos Aires, Buenos Aires, Argentina. Electronic address: adamiano@ffyb.uba.ar."
32061044,Jacobacci F,"Universidad de Buenos Aires. Facultad de Medicina. Departamento de fisiología y biofísica. Consejo Nacional de Investigaciones Científicas y Técnicas (CONICET). Instituto de Fisiología y Biofísica (IFIBIO) Houssay, Buenos Aires, Argentina."
32061044,Jovicich J,"Center for Mind/Brain Sciences (CIMeC), University of Trento, Rovereto, Italy."
32061044,Lerner G,"Universidad de Buenos Aires. Facultad de Medicina. Departamento de fisiología y biofísica. Consejo Nacional de Investigaciones Científicas y Técnicas (CONICET). Instituto de Fisiología y Biofísica (IFIBIO) Houssay, Buenos Aires, Argentina."
32061044,Amaro E,"PISA, LIM-44, Instituto de Radiologia, FMUSP, University of Sao Paulo, Sao Paulo, Brazil."
32061044,Armony J,"Douglas Mental Health University Institute and McGill University, Montreal, Quebec, Canada."
32061044,Doyon J,"McConnell Brain Imaging Center, Montreal Neurological Institute and Department of Neurology and Neurosurgery, McGill University, Montreal, Quebec, Canada."
32061044,Della-Maggiore V,"Universidad de Buenos Aires. Facultad de Medicina. Departamento de fisiología y biofísica. Consejo Nacional de Investigaciones Científicas y Técnicas (CONICET). Instituto de Fisiología y Biofísica (IFIBIO) Houssay, Buenos Aires, Argentina."
31998083,Bertone-Cueto N,"Grupo de Neurociencia de Sistemas, Instituto de Fisiología y Biofísica ""Houssay"" (IFIBIO ""Houssay""), Universidad de Buenos Aires, CONICET, Buenos Aires, Argentina."
31998083,Makarova J,"Instituto Cajal, CSIC, Madrid, Spain."
31998083,Mosqueira A,"Grupo de Neurociencia de Sistemas, Instituto de Fisiología y Biofísica ""Houssay"" (IFIBIO ""Houssay""), Universidad de Buenos Aires, CONICET, Buenos Aires, Argentina."
31998083,Garcia-Violini D,"Instituto Tecnológico de Buenos Aires, CONICET, Buenos Aires, Argentina."
31998083,Sanchez-Pena R,"Instituto Tecnológico de Buenos Aires, CONICET, Buenos Aires, Argentina."
31998083,Herreras O,"Instituto Cajal, CSIC, Madrid, Spain."
31998083,Belluscio M,"Grupo de Neurociencia de Sistemas, Instituto de Fisiología y Biofísica ""Houssay"" (IFIBIO ""Houssay""), Universidad de Buenos Aires, CONICET, Buenos Aires, Argentina."
31998083,Piriz J,"Grupo de Neurociencia de Sistemas, Instituto de Fisiología y Biofísica ""Houssay"" (IFIBIO ""Houssay""), Universidad de Buenos Aires, CONICET, Buenos Aires, Argentina."
31997350,Medrano M,"Instituto de Fisiología y Biofísica Prof. Bernardo Houssay (IFIBIO-Houssay) UBA y Consejo Nacional de Investigaciones Científicas y Técnicas (CONICET), Buenos Aires, Argentina."
31997350,Pisera-Fuster A,"Instituto de Fisiología y Biofísica Prof. Bernardo Houssay (IFIBIO-Houssay) UBA y Consejo Nacional de Investigaciones Científicas y Técnicas (CONICET), Buenos Aires, Argentina."
31997350,Bernabeu R,"Instituto de Fisiología y Biofísica Prof. Bernardo Houssay (IFIBIO-Houssay) UBA y Consejo Nacional de Investigaciones Científicas y Técnicas (CONICET), Buenos Aires, Argentina."
31997350,Bernabeu R,"Departamento de Fisiología, Facultad de Medicina, Universidad de Buenos Aires (UBA), Buenos Aires, Argentina."
31997350,Faillace M,"Instituto de Fisiología y Biofísica Prof. Bernardo Houssay (IFIBIO-Houssay) UBA y Consejo Nacional de Investigaciones Científicas y Técnicas (CONICET), Buenos Aires, Argentina."
31997350,Faillace M,"Departamento de Fisiología, Facultad de Medicina, Universidad de Buenos Aires (UBA), Buenos Aires, Argentina."
31956716,Seyahian E,"Instituto de Fisiología y Biofísica Bernardo Houssay (IFIBIO)- CONICET- Facultad de Medicina, Universidad de Buenos Aires, Buenos Aires, Argentina."
31956716,Seyahian E,"Cátedra de Fisiopatología, Departamento de Ciencias Biológicas, Facultad de Farmacia y Bioquímica, Universidad de Buenos Aires, Buenos Aires, Argentina."
31956716,Cacciagiu L,"Hospital Cesar Milstein - Laboratorio Central- Sección Química Clínica, Buenos Aires, Argentina."
31956716,Damiano A,"Instituto de Fisiología y Biofísica Bernardo Houssay (IFIBIO)- CONICET- Facultad de Medicina, Universidad de Buenos Aires, Buenos Aires, Argentina."
31956716,Damiano A,"Cátedra de Biología Celular y Molecular, Departamento de Ciencias Biológicas, Facultad de Farmacia y Bioquímica, Universidad de Buenos Aires, Buenos Aires, Argentina."
31956716,Zotta E,"Instituto de Fisiología y Biofísica Bernardo Houssay (IFIBIO)- CONICET- Facultad de Medicina, Universidad de Buenos Aires, Buenos Aires, Argentina."
31956716,Zotta E,"Cátedra de Fisiopatología, Departamento de Ciencias Biológicas, Facultad de Farmacia y Bioquímica, Universidad de Buenos Aires, Buenos Aires, Argentina."
31848934,Pisera-Fuster A,"Department of Physiology and Institute of Physiology and Biophysics (IFIBIO, UBA-CONICET), School of Medicine, University of Buenos Aires, Paraguay 2155 7th floor (C1121ABG), Ciudad Autónoma de Buenos Aires, Argentina."
31848934,Faillace M,"Department of Physiology and Institute of Physiology and Biophysics (IFIBIO, UBA-CONICET), School of Medicine, University of Buenos Aires, Paraguay 2155 7th floor (C1121ABG), Ciudad Autónoma de Buenos Aires, Argentina."
31848934,Bernabeu R,"Department of Physiology and Institute of Physiology and Biophysics (IFIBIO, UBA-CONICET), School of Medicine, University of Buenos Aires, Paraguay 2155 7th floor (C1121ABG), Ciudad Autónoma de Buenos Aires, Argentina. rbernabeu@fmed.uba.ar."
31833146,Solis O,"Instituto Cajal, Consejo Superior de Investigaciones Científicas, Madrid, Spain."
31833146,Solis O,"CIBERNED, Instituto de Salud Carlos III, Madrid, Spain."
31833146,Garcia-Sanz P,"Instituto Cajal, Consejo Superior de Investigaciones Científicas, Madrid, Spain."
31833146,Garcia-Sanz P,"CIBERNED, Instituto de Salud Carlos III, Madrid, Spain."
31833146,Martin A,"Instituto Cajal, Consejo Superior de Investigaciones Científicas, Madrid, Spain."
31833146,Granado N,"Instituto Cajal, Consejo Superior de Investigaciones Científicas, Madrid, Spain."
31833146,Granado N,"CIBERNED, Instituto de Salud Carlos III, Madrid, Spain."
31833146,Sanz-Magro A,"Instituto Cajal, Consejo Superior de Investigaciones Científicas, Madrid, Spain."
31833146,Sanz-Magro A,"CIBERNED, Instituto de Salud Carlos III, Madrid, Spain."
31833146,Podlesniy P,"CIBERNED, Instituto de Salud Carlos III, Madrid, Spain."
31833146,Trullas R,"CIBERNED, Instituto de Salud Carlos III, Madrid, Spain."
31833146,Murer M,"Instituto de Fisiología y Biofísica (IFIBIO) Houssay, CONICET - Universidad de Buenos Aires, Buenos Aires, Argentina."
31833146,Maldonado R,"Laboratorio de Neurofarmacología, Universitat Pompeu Fabra, Barcelona, Spain."
31833146,Moratalla R,"Instituto Cajal, Consejo Superior de Investigaciones Científicas, Madrid, Spain."
31833146,Moratalla R,"CIBERNED, Instituto de Salud Carlos III, Madrid, Spain."
31824869,Garimano N,"Laboratorio de Fisiopatogenia, Departamento de Fisiología, Facultad de Medicina, Instituto de Fisiología y Biofísica Bernardo Houssay (IFIBIO Houssay-CONICET), Universidad de Buenos Aires, Buenos Aires, Argentina."
31824869,Amaral M,"Laboratorio de Fisiopatogenia, Departamento de Fisiología, Facultad de Medicina, Instituto de Fisiología y Biofísica Bernardo Houssay (IFIBIO Houssay-CONICET), Universidad de Buenos Aires, Buenos Aires, Argentina."
31824869,Ibarra C,"Laboratorio de Fisiopatogenia, Departamento de Fisiología, Facultad de Medicina, Instituto de Fisiología y Biofísica Bernardo Houssay (IFIBIO Houssay-CONICET), Universidad de Buenos Aires, Buenos Aires, Argentina."
31811544,Mazzocchi M,"Instituto de Fisiología y Biofísica ""Bernardo Houssay"" IFIBIO HOUSSAY, Universidad de Buenos Aires. CONICET, Buenos Aires, Argentina."
31811544,Di Giusto G,"Instituto de Fisiología y Biofísica ""Bernardo Houssay"" IFIBIO HOUSSAY, Universidad de Buenos Aires. CONICET, Buenos Aires, Argentina."
31811544,Porta M,"Instituto de Fisiología y Biofísica ""Bernardo Houssay"" IFIBIO HOUSSAY, Universidad de Buenos Aires. CONICET, Buenos Aires, Argentina."
31811544,Pizzoni A,"Instituto de Fisiología y Biofísica ""Bernardo Houssay"" IFIBIO HOUSSAY, Universidad de Buenos Aires. CONICET, Buenos Aires, Argentina."
31811544,Beltramone N,"Instituto de Fisiología y Biofísica ""Bernardo Houssay"" IFIBIO HOUSSAY, Universidad de Buenos Aires. CONICET, Buenos Aires, Argentina."
31811544,Ford P,"Instituto de Fisiología y Biofísica ""Bernardo Houssay"" IFIBIO HOUSSAY, Universidad de Buenos Aires. CONICET, Buenos Aires, Argentina."
31811544,Capurro C,"Instituto de Fisiología y Biofísica ""Bernardo Houssay"" IFIBIO HOUSSAY, Universidad de Buenos Aires. CONICET, Buenos Aires, Argentina."
31811544,Rivarola V,"Instituto de Fisiología y Biofísica ""Bernardo Houssay"" IFIBIO HOUSSAY, Universidad de Buenos Aires. CONICET, Buenos Aires, Argentina. mariv@fmed.uba.ar."
31811544,Rivarola V,"Laboratorio de Biomembranas, Instituto de Fisiología y Biofísica ""Bernardo Houssay"" IFIBIO-HOUSSAY., Universidad de Buenos Aires. CONICET, Paraguay 2155 piso 7, C1121ABG, Buenos Aires, Argentina. mariv@fmed.uba.ar."
31780897,Brocardo L,"Grupo de Neurociencia de Sistemas, Facultad de Medicina, Instituto de Fisiología y Biofísica Bernardo Houssay (IFIBIO Houssay), Consejo Nacional de Investigaciones Científicas y Técnicas (CONICET), Universidad de Buenos Aires, Buenos Aires, Argentina."
31780897,Acosta L,"Grupo de Neurociencia de Sistemas, Facultad de Medicina, Instituto de Fisiología y Biofísica Bernardo Houssay (IFIBIO Houssay), Consejo Nacional de Investigaciones Científicas y Técnicas (CONICET), Universidad de Buenos Aires, Buenos Aires, Argentina."
31780897,Piantanida A,"Grupo de Neurociencia de Sistemas, Facultad de Medicina, Instituto de Fisiología y Biofísica Bernardo Houssay (IFIBIO Houssay), Consejo Nacional de Investigaciones Científicas y Técnicas (CONICET), Universidad de Buenos Aires, Buenos Aires, Argentina."
31780897,Rela L,"Grupo de Neurociencia de Sistemas, Facultad de Medicina, Instituto de Fisiología y Biofísica Bernardo Houssay (IFIBIO Houssay), Consejo Nacional de Investigaciones Científicas y Técnicas (CONICET), Universidad de Buenos Aires, Buenos Aires, Argentina."
31703347,Alvarez R,"Laboratorio de Fisiopatogenia, Departamento de Fisiología, Instituto de Fisiología y Biofísica Bernardo Houssay (IFIBIO Houssay-CONICET), Facultad de Medicina, Universidad de Buenos Aires, Buenos Aires 1121, Argentina."
31703347,Jancic C,"Laboratorio de Inmunidad Innata, Instituto de Medicina Experimental (IMEX-CONICET), Academia Nacional de Medicina, Buenos Aires 1425, Argentina."
31703347,Jancic C,"Departamento de Microbiología, Parasitología e Inmunología, Facultad de Medicina, Universidad de Buenos Aires, Buenos Aires 1121, Argentina."
31703347,Garimano N,"Laboratorio de Fisiopatogenia, Departamento de Fisiología, Instituto de Fisiología y Biofísica Bernardo Houssay (IFIBIO Houssay-CONICET), Facultad de Medicina, Universidad de Buenos Aires, Buenos Aires 1121, Argentina."
31703347,Sacerdoti F,"Laboratorio de Fisiopatogenia, Departamento de Fisiología, Instituto de Fisiología y Biofísica Bernardo Houssay (IFIBIO Houssay-CONICET), Facultad de Medicina, Universidad de Buenos Aires, Buenos Aires 1121, Argentina."
31703347,Paton A,"Research Centre for Infectious Diseases, Department of Molecular and Biomedical Science, University of Adelaide, Adelaide 5005, Australia."
31703347,Paton J,"Research Centre for Infectious Diseases, Department of Molecular and Biomedical Science, University of Adelaide, Adelaide 5005, Australia."
31703347,Ibarra C,"Laboratorio de Fisiopatogenia, Departamento de Fisiología, Instituto de Fisiología y Biofísica Bernardo Houssay (IFIBIO Houssay-CONICET), Facultad de Medicina, Universidad de Buenos Aires, Buenos Aires 1121, Argentina."
31703347,Amaral M,"Laboratorio de Fisiopatogenia, Departamento de Fisiología, Instituto de Fisiología y Biofísica Bernardo Houssay (IFIBIO Houssay-CONICET), Facultad de Medicina, Universidad de Buenos Aires, Buenos Aires 1121, Argentina."
31690927,Canales-Johnson A,"Department of Psychology, University of Cambridge, Cambridge CB2 3EB, UK."
31690927,Canales-Johnson A,"Center for Social and Cognitive Neuroscience (CSCN), Universidad Adolfo Ibanez 9170022, Santiago, Chile."
31690927,Canales-Johnson A,"The Neuropsychology and Cognitive Neurosciences Research Center (CINPSI Neurocog), Universidad Católica del Maule 3460000, Talca, Chile."
31690927,Merlo E,"Department of Psychology, University of Cambridge, Cambridge CB2 3EB, UK."
31690927,Merlo E,"IFIBIO-Houssay, Facultad de Medicina, Universidad de Buenos Aires-CONICET 1121, Buenos Aires, Argentina."
31690927,Merlo E,"School of Psychology, University of Sussex, Brighton BN1 9RH, UK."
31690927,Bekinschtein T,"Department of Psychology, University of Cambridge, Cambridge CB2 3EB, UK."
31690927,Arzi A,"Department of Psychology, University of Cambridge, Cambridge CB2 3EB, UK."
31630412,Roig-Puiggros S,"Sorbonne Université, INSERM, CNRS, Institut de la Vision, Paris, France."
31630412,Vigouroux R,"Sorbonne Université, INSERM, CNRS, Institut de la Vision, Paris, France."
31630412,Beckman D,"California National Primate Research Center, UC Davis, Davis, California, USA."
31630412,Bocai N,"Laboratory of Amyloidosis and Neurodegeneration, Fundación Instituto Leloir, Buenos Aires, Argentina."
31630412,Bocai N,"Instituto de Investigaciones Bioquímicas de Buenos Aires, Consejo Nacional de Investigaciones Científicas y Técnicas (CONICET), Buenos Aires, Argentina."
31630412,Chiou B,"Department of Pediatrics, University of California - San Francisco, San Francisco, California, USA."
31630412,Davimes J,"Faculty of Health Sciences School of Anatomical Sciences, University of the Witwatersrand, Parktown Johannesburg, South Africa."
31630412,Gomez G,"Laboratorio de Parkinson Experimental, Instituto de Investigaciones Farmacológicas (ININFA-CONICET-UBA), Ciudad Autónoma de Buenos Aires, Argentina."
31630412,Grassi S,"Department of Medical Biotechnology and Translational Medicine, University of Milan, Milan, Italy."
31630412,Hoque A,"Metabolic Signalling Laboratory, St Vincent's Institute of Medical Research, Fitzroy, Victoria, Australia."
31630412,Karikari T,"Department of Psychiatry and Neurochemistry, Institute of Neuroscience and Physiology, The Sahlgrenska Academy at the University of Gothenburg, Gothenburg, Sweden."
31630412,Karikari T,"School of Life Sciences, University of Warwick, Coventry, UK."
31630412,Karikari T,"Midlands Integrative Biosciences Training Partnership, University of Warwick, Coventry, UK."
31630412,Kiffer F,"Division of Radiation Health, College of Pharmacy, University of Arkansas for Medical Sciences, Little Rock, Arkansas, USA."
31630412,Kiffer F,"Department of Pharmaceutical Sciences, College of Pharmacy, University of Arkansas for Medical Sciences, Little Rock, Arkansas, USA."
31630412,Kiffer F,"Department of Anesthesiology and Critical Care Medicine, Children's Hospital of Philadelphia, Philadelphia, Pennsylvania, USA."
31630412,Lopez M,"Institute for Stroke and Dementia Research, LMU Munich, Munich, Germany."
31630412,Lunghi G,"Department of Medical Biotechnology and Translational Medicin, University of Milano, Segrate, Italy."
31630412,Mazengenya P,"School of Anatomical Sciences, Faculty of Health Sciences, University of the Witwatersrand, Johannesburg, South Africa."
31630412,Meier S,"Queensland Brain Institute, The University of Queensland, St Lucia, Queensland, Australia."
31630412,Olguin-Albuerne M,"División de Neurociencias, Instituto de Fisiología Celular, Universidad Nacional Autónoma de México, Ciudad de México, México."
31630412,Oliveira M,"Institute of Biophysics Carlos Chagas Filho, Federal University of Rio de Janeiro, Rio de Janeiro, Brazil."
31630412,Paraiso-Luna J,"Ramón y Cajal Institute of Health Research (IRYCIS), Department of Biochemistry and Molecular Biology and University Research Institute in Neurochemistry (IUIN), Complutense University, Madrid, Spain."
31630412,Paraiso-Luna J,"Network Center for Biomedical Research in Neurodegenerative Diseases (CIBERNED), Madrid, Spain."
31630412,Pradhan J,"Faculty of Medicine, School of Biomedical Sciences, The University of Queensland, Brisbane, Queensland, Australia."
31630412,Radiske A,"Memory Research Laboratory, Brain Institute, Federal University of Rio Grande do Norte, Natal, Brazil."
31630412,Ramos-Hryb A,"Instituto de Biología y Medicina Experimental (IBYME)-CONICET, Buenos Aires, Argentina."
31630412,Ramos-Hryb A,"Grupo de Neurociencia de Sistemas, Instituto de Fisiología y Biofísica (IFIBIO) Bernardo Houssay, Universidad de Buenos Aires, CONICET, Buenos Aires, Argentina."
31630412,Ribeiro M,"Department of Biology, Program in Neuroscience, Syracuse University, Syracuse, New York, USA."
31630412,Schellino R,"Neuroscience Department ""Rita Levi-Montalcini"" and Neuroscience Institute Cavalieri Ottolenghi, University of Torino, Torino, Italy."
31630412,Selles M,"Institute of Medical Biochemistry Leopoldo de Meis, Federal University of Rio de Janeiro, Rio de Janeiro, Brazil."
31630412,Singh S,"System Toxicology and Health Risk Assessment Group, CSIR-Indian Institute of Toxicology Research, Lucknow, India."
31630412,Theotokis P,"Department of Neurology, Laboratory of Experimental Neurology and Neuroimmunology, AHEPA University Hospital, Thessaloniki, Macedonia, Greece."
31630412,Chedotal A,"Sorbonne Université, INSERM, CNRS, Institut de la Vision, Paris, France."
31628683,Di Giusto G,"Departamento de Ciencias Fisiológicas, Facultad de Medicina, Laboratorio de Biomembranas, Instituto de Fisiología y Biofísica ""Bernardo Houssay"" (IFIBIO-HOUSSAY), Consejo Nacional de Investigaciones Científicas y Técnicas (CONICET), Universidad de Buenos Aires, Buenos Aires, Argentina."
31628683,Pizzoni A,"Departamento de Ciencias Fisiológicas, Facultad de Medicina, Laboratorio de Biomembranas, Instituto de Fisiología y Biofísica ""Bernardo Houssay"" (IFIBIO-HOUSSAY), Consejo Nacional de Investigaciones Científicas y Técnicas (CONICET), Universidad de Buenos Aires, Buenos Aires, Argentina."
31628683,Rivarola V,"Departamento de Ciencias Fisiológicas, Facultad de Medicina, Laboratorio de Biomembranas, Instituto de Fisiología y Biofísica ""Bernardo Houssay"" (IFIBIO-HOUSSAY), Consejo Nacional de Investigaciones Científicas y Técnicas (CONICET), Universidad de Buenos Aires, Buenos Aires, Argentina."
31628683,Beltramone N,"Departamento de Ciencias Fisiológicas, Facultad de Medicina, Laboratorio de Biomembranas, Instituto de Fisiología y Biofísica ""Bernardo Houssay"" (IFIBIO-HOUSSAY), Consejo Nacional de Investigaciones Científicas y Técnicas (CONICET), Universidad de Buenos Aires, Buenos Aires, Argentina."
31628683,White A,"Departamento de Ciencias Fisiológicas, Facultad de Medicina, Laboratorio de Biomembranas, Instituto de Fisiología y Biofísica ""Bernardo Houssay"" (IFIBIO-HOUSSAY), Consejo Nacional de Investigaciones Científicas y Técnicas (CONICET), Universidad de Buenos Aires, Buenos Aires, Argentina."
31628683,Ford P,"Departamento de Ciencias Fisiológicas, Facultad de Medicina, Laboratorio de Biomembranas, Instituto de Fisiología y Biofísica ""Bernardo Houssay"" (IFIBIO-HOUSSAY), Consejo Nacional de Investigaciones Científicas y Técnicas (CONICET), Universidad de Buenos Aires, Buenos Aires, Argentina."
31628683,Capurro C,"Departamento de Ciencias Fisiológicas, Facultad de Medicina, Laboratorio de Biomembranas, Instituto de Fisiología y Biofísica ""Bernardo Houssay"" (IFIBIO-HOUSSAY), Consejo Nacional de Investigaciones Científicas y Técnicas (CONICET), Universidad de Buenos Aires, Buenos Aires, Argentina."
31541456,Reppetti J,"Laboratorio de Biología de la Reproducción, Instituto de Fisiología y Biofísica Bernardo Houssay (IFIBIO)-CONICET- Facultad de Medicina, Universidad de Buenos Aires, Buenos Aires, Argentina."
31541456,Reca A,"Laboratorio de Biología de la Reproducción, Instituto de Fisiología y Biofísica Bernardo Houssay (IFIBIO)-CONICET- Facultad de Medicina, Universidad de Buenos Aires, Buenos Aires, Argentina."
31541456,Seyahian E,"Laboratorio de Biología de la Reproducción, Instituto de Fisiología y Biofísica Bernardo Houssay (IFIBIO)-CONICET- Facultad de Medicina, Universidad de Buenos Aires, Buenos Aires, Argentina."
31541456,Medina Y,"Laboratorio de Biología de la Reproducción, Instituto de Fisiología y Biofísica Bernardo Houssay (IFIBIO)-CONICET- Facultad de Medicina, Universidad de Buenos Aires, Buenos Aires, Argentina."
31541456,Martinez N,"Laboratorio de Biología de la Reproducción, Instituto de Fisiología y Biofísica Bernardo Houssay (IFIBIO)-CONICET- Facultad de Medicina, Universidad de Buenos Aires, Buenos Aires, Argentina."
31541456,Szpilbarg N,"Laboratorio de Biología de la Reproducción, Instituto de Fisiología y Biofísica Bernardo Houssay (IFIBIO)-CONICET- Facultad de Medicina, Universidad de Buenos Aires, Buenos Aires, Argentina."
31541456,Damiano A,"Laboratorio de Biología de la Reproducción, Instituto de Fisiología y Biofísica Bernardo Houssay (IFIBIO)-CONICET- Facultad de Medicina, Universidad de Buenos Aires, Buenos Aires, Argentina."
31541456,Damiano A,"Cátedra de Biología Celular y Molecular, Departamento de Ciencias Biológicas, Facultad de Farmacia y Bioquímica, Universidad de Buenos Aires, Buenos Aires, Argentina."
31535145,Politi M,"School of Medicine, University of Buenos Aires, National Scientific and Technical Research Council, Institute of Physiology and Biophysics ""Bernardo Houssay"" (IFIBIO-HOUSSAY), Buenos Aires, Argentina."
31535145,Ochoa F,"School of Medicine, University of Buenos Aires, National Scientific and Technical Research Council, Institute of Physiology and Biophysics ""Bernardo Houssay"" (IFIBIO-HOUSSAY), Buenos Aires, Argentina."
31535145,Netti V,"School of Medicine, University of Buenos Aires, National Scientific and Technical Research Council, Institute of Physiology and Biophysics ""Bernardo Houssay"" (IFIBIO-HOUSSAY), Buenos Aires, Argentina."
31535145,Ferreyra R,"Department of Cardiology, Sanatorio de la Trinidad-Mitre, Buenos Aires, Argentina."
31535145,Bortman G,"Department of Cardiology, Sanatorio de la Trinidad-Mitre, Buenos Aires, Argentina."
31535145,Sanjuan N,"Laboratory of Experimental Pathology, Department of Microbiology (IMPaM-CONICET), School of Medicine, University of Buenos Aires, National Scientific and Technical Research Council, Buenos Aires, Argentina."
31535145,Morales C,"School of Medicine, Facultad de Medicina, University of Buenos Aires, Institute of Cardiovascular Pathophysiology (INFICA), Buenos Aires, Argentina."
31535145,Piazza A,"Department of Cardiovascular Surgery, Sanatorio de la Trinidad-Mitre, Buenos Aires, Argentina."
31535145,Capurro C,"School of Medicine, University of Buenos Aires, National Scientific and Technical Research Council, Institute of Physiology and Biophysics ""Bernardo Houssay"" (IFIBIO-HOUSSAY), Buenos Aires, Argentina."
31521941,Politi M,"Departamento de Ciencias Fisiológicas, Universidad de Buenos Aires, Facultad de Medicina, Laboratorio de Biomembranas, Buenos Aires, Argentina; CONICET-Universidad de Buenos Aires, Instituto de Fisiología y Biofísica Bernardo Houssay, Buenos Aires, Argentina. Electronic address: mpoliti@fmed.uba.ar."
31521941,Ventre J,"Sorbonne Université, Institut Jean Le Rond d'Alembert, CNRS, Paris, France."
31521941,Fernandez J,"Departamento de Ciencias Fisiológicas, Universidad de Buenos Aires, Facultad de Medicina, Laboratorio de Biomembranas, Buenos Aires, Argentina; CONICET-Universidad de Buenos Aires, Instituto de Fisiología y Biofísica Bernardo Houssay, Buenos Aires, Argentina."
31521941,Ghigo A,"Université de Toulouse, Institut de Mécanique des Fluides de Toulouse (IMFT). CNRS, INPT, UPS, Toulouse, France."
31521941,Gaudric J,"Sorbonne Université, Institut Jean Le Rond d'Alembert, CNRS, Paris, France; Hôpitaux Universitaires La Pitié-Salpêtrière, Service de Chirurgie Vasculaire, Paris, France."
31521941,Armentano R,"Departamento de Ingeniería Mecánica, Universidad de Buenos Aires, Facultad de Ingeniería, Buenos Aires, Argentina."
31521941,Capurro C,"Departamento de Ciencias Fisiológicas, Universidad de Buenos Aires, Facultad de Medicina, Laboratorio de Biomembranas, Buenos Aires, Argentina; CONICET-Universidad de Buenos Aires, Instituto de Fisiología y Biofísica Bernardo Houssay, Buenos Aires, Argentina."
31521941,Lagree P,"Departamento de Ciencias Fisiológicas, Universidad de Buenos Aires, Facultad de Medicina, Laboratorio de Biomembranas, Buenos Aires, Argentina; Sorbonne Université, Institut Jean Le Rond d'Alembert, CNRS, Paris, France."
31521898,Gaudric J,"Service de Chirurgie Vasculaire, Hôpitaux Universitaires La Pitié-Salpêtrière, 47-83 Bd del'Hôpital, 75013, Paris, France; Sorbonne Université, UPMC UnivParis06, CNRS, UMR7190, Institut Jean Le Rond d'Alembert, 75005, Paris, France. Electronic address: jgaudric@gmail.com."
31521898,Politi M,"Universidad de Buenos Aires, Facultad de Medicina. Departamento de Ciencias Fisiológicas, Laboratorio de Biomembranas, Paraguay 2155, C1121 ABG, Buenos Aires, Argentina; CONICET-Universidad de Buenos Aires. Instituto de Fisiología y Biofísica Bernardo Houssay, Paraguay 2155, C1121 ABG, Buenos Aires, Argentina. Electronic address: mpoliti@fmed.uba.ar."
31521898,Fernandez J,"Universidad de Buenos Aires, Facultad de Medicina. Departamento de Ciencias Fisiológicas, Laboratorio de Biomembranas, Paraguay 2155, C1121 ABG, Buenos Aires, Argentina; CONICET-Universidad de Buenos Aires. Instituto de Fisiología y Biofísica Bernardo Houssay, Paraguay 2155, C1121 ABG, Buenos Aires, Argentina. Electronic address: jmfbur@gmail.com."
31521898,Carre E,"Sorbonne Université, UPMC UnivParis06, CNRS, UMR7190, Institut Jean Le Rond d'Alembert, 75005, Paris, France. Electronic address: emmanuelle.manou@gmail.com."
31521898,Capurro C,"Universidad de Buenos Aires, Facultad de Medicina. Departamento de Ciencias Fisiológicas, Laboratorio de Biomembranas, Paraguay 2155, C1121 ABG, Buenos Aires, Argentina; CONICET-Universidad de Buenos Aires. Instituto de Fisiología y Biofísica Bernardo Houssay, Paraguay 2155, C1121 ABG, Buenos Aires, Argentina. Electronic address: capurroclaudia@yahoo.com.ar."
31521898,Fullana J,"Sorbonne Université, UPMC UnivParis06, CNRS, UMR7190, Institut Jean Le Rond d'Alembert, 75005, Paris, France. Electronic address: jose.fullana@upmc.fr."
31396108,Giachini F,"Laboratory of Vascular Biology, Institute of Biological Sciences and Health, Federal University of Mato Grosso, Barra do Garças, Brazil."
31396108,Galaviz-Hernandez C,"Academia de Genómica, Instituto Politécnico Nacional-CIIDIR Durango, Durango, Mexico."
31396108,Damiano A,"Laboratorio de Biología de la Reproducción, IFIBIO Houssay-UBA- CONICET, Buenos Aires, Argentina."
31396108,Damiano A,"Cátedra de Biología Celular y Molecular, Departamento de Ciencias Biológicas, Facultad de Farmacia y Bioquímica, Universidad de Buenos Aires, Buenos Aires, Argentina."
31396108,Escudero C,"Group of Investigation in Tumor Angiogenesis, Group of Research and Innovation in Vascular Health (GRIVAS Health), Vascular Physiology Laboratory, Department of Basic Sciences, Universidad del Bío-Bío, Chillán, Chile."
31068973,Silva P,"IFIBIO Bernardo Houssay, Grupo de Neurociencia de Sistemas, Facultad de Medicina, Universidad de Buenos Aires-CONICET, Buenos Aires, Argentina."
31068973,Nieva G,"IFIBIO Bernardo Houssay, Grupo de Neurociencia de Sistemas, Facultad de Medicina, Universidad de Buenos Aires-CONICET, Buenos Aires, Argentina."
31068973,Igaz L,"IFIBIO Bernardo Houssay, Grupo de Neurociencia de Sistemas, Facultad de Medicina, Universidad de Buenos Aires-CONICET, Buenos Aires, Argentina."
31057366,Krawczyk M,"Laboratorio de Neurofarmacología de los Procesos de Memoria, Cátedra de Farmacología, Facultad de Farmacia y Bioquímica, Universidad de Buenos Aires (UBA), Buenos Aires, Argentina."
31057366,Millan J,"Laboratorio de Neurofarmacología de los Procesos de Memoria, Cátedra de Farmacología, Facultad de Farmacia y Bioquímica, Universidad de Buenos Aires (UBA), Buenos Aires, Argentina."
31057366,Blake M,"Instituto de Fisiología y Biofísica (IFIBIO UBA-CONICET), Facultad de Medicina, Universidad de Buenos Aires (UBA), Buenos Aires, Argentina."
31057366,Feld M,"CONICET-Universidad de Buenos Aires, Instituto de Fisiología, Biología Molecular y Neurociencias (IFIBYNE), CABA, Argentina."
31057366,Boccia M,"Laboratorio de Neurofarmacología de los Procesos de Memoria, Cátedra de Farmacología, Facultad de Farmacia y Bioquímica, Universidad de Buenos Aires (UBA), Buenos Aires, Argentina."
31018904,Reppetti J,"Laboratorio de Biología de La Reproducción, Instituto de Fisiología y Biofísica Bernardo Houssay (IFIBIO)- CONICET- Facultad de Medicina, Universidad de Buenos Aires. Buenos Aires, Argentina."
31018904,Etcheverry T,"Laboratorio de Fisiopatología Placentaria, (CEFYBO)-CONICET, Facultad de Medicina, Universidad de Buenos Aires. Buenos Aires, Argentina."
31018904,Sierra M,"Cátedra de Biología Celular y Molecular, Departamento de Ciencias Biológicas, Facultad de Farmacia y Bioquímica, Universidad de Buenos Aires, Argentina."
31018904,Damiano A,"Laboratorio de Biología de La Reproducción, Instituto de Fisiología y Biofísica Bernardo Houssay (IFIBIO)- CONICET- Facultad de Medicina, Universidad de Buenos Aires. Buenos Aires, Argentina; Cátedra de Biología Celular y Molecular, Departamento de Ciencias Biológicas, Facultad de Farmacia y Bioquímica, Universidad de Buenos Aires, Argentina."
31018904,Farina M,"Laboratorio de Fisiopatología Placentaria, (CEFYBO)-CONICET, Facultad de Medicina, Universidad de Buenos Aires. Buenos Aires, Argentina."
31018904,Martinez N,"Laboratorio de Biología de La Reproducción, Instituto de Fisiología y Biofísica Bernardo Houssay (IFIBIO)- CONICET- Facultad de Medicina, Universidad de Buenos Aires. Buenos Aires, Argentina. Electronic address: noraalicia.martinez@gmail.com."
30895594,Keifman E,"Instituto Cajal, Consejo Superior de Investigaciones Científicas, CSIC, Madrid, Spain."
30895594,Keifman E,"Universidad de Buenos Aires, CONICET, Instituto de Fisiología y Biofísica (IFIBIO) Bernardo Houssay, Grupo de Neurociencia de Sistemas, Buenos Aires, Argentina."
30895594,Ruiz-DeDiego I,"Instituto Cajal, Consejo Superior de Investigaciones Científicas, CSIC, Madrid, Spain."
30895594,Ruiz-DeDiego I,"CIBERNED, ISCIII, Madrid, Spain."
30895594,Pafundo D,"Universidad de Buenos Aires, CONICET, Instituto de Fisiología y Biofísica (IFIBIO) Bernardo Houssay, Grupo de Neurociencia de Sistemas, Buenos Aires, Argentina."
30895594,Paz R,"Universidad de Buenos Aires, CONICET, Instituto de Fisiología y Biofísica (IFIBIO) Bernardo Houssay, Grupo de Neurociencia de Sistemas, Buenos Aires, Argentina."
30895594,Solis O,"Instituto Cajal, Consejo Superior de Investigaciones Científicas, CSIC, Madrid, Spain."
30895594,Solis O,"CIBERNED, ISCIII, Madrid, Spain."
30895594,Murer M,"Universidad de Buenos Aires, CONICET, Instituto de Fisiología y Biofísica (IFIBIO) Bernardo Houssay, Grupo de Neurociencia de Sistemas, Buenos Aires, Argentina."
30895594,Moratalla R,"Instituto Cajal, Consejo Superior de Investigaciones Científicas, CSIC, Madrid, Spain."
30895594,Moratalla R,"CIBERNED, ISCIII, Madrid, Spain."
30879772,Sanchez D,"Universidad de Buenos Aires, Facultad de Medicina, Departamento de Ciencias Fisiológicas, Instituto de Fisiología y Biofísica ""Bernardo Houssay"" (IFIBIO-Houssay) UBA-CONICET, Buenos Aires, Argentina."
30879772,Fischer Sigel L,"Universidad de Buenos Aires, Facultad de Medicina, Departamento de Ciencias Fisiológicas, Instituto de Fisiología y Biofísica ""Bernardo Houssay"" (IFIBIO-Houssay) UBA-CONICET, Buenos Aires, Argentina."
30879772,Azurmendi P,"Universidad de Buenos Aires, Facultad de Medicina, Instituto de Investigaciones Médicas Alfredo Lanari, Laboratorio de Riñón Experimental y Bioquímica Molecular, Buenos Aires, Argentina."
30879772,Vlachovsky S,"Universidad de Buenos Aires, Facultad de Medicina, Instituto de Investigaciones Médicas Alfredo Lanari, Laboratorio de Riñón Experimental y Bioquímica Molecular, Buenos Aires, Argentina."
30879772,Oddo E,"Universidad de Buenos Aires, Facultad de Medicina, Instituto de Investigaciones Médicas Alfredo Lanari, Laboratorio de Riñón Experimental y Bioquímica Molecular, Buenos Aires, Argentina."
30879772,Armando I,"Department of Medicine, The George Washington University, Washington, DC, USA."
30879772,Ibarra F,"Universidad de Buenos Aires, Facultad de Medicina, Departamento de Ciencias Fisiológicas, Instituto de Fisiología y Biofísica ""Bernardo Houssay"" (IFIBIO-Houssay) UBA-CONICET, Buenos Aires, Argentina; Universidad de Buenos Aires, Facultad de Medicina, Instituto de Investigaciones Médicas Alfredo Lanari, Laboratorio de Riñón Experimental y Bioquímica Molecular, Buenos Aires, Argentina."
30879772,Silberstein C,"Universidad de Buenos Aires, Facultad de Medicina, Departamento de Ciencias Fisiológicas, Instituto de Fisiología y Biofísica ""Bernardo Houssay"" (IFIBIO-Houssay) UBA-CONICET, Buenos Aires, Argentina. Electronic address: csilber@fmed.uba.ar."
30842725,Pagani M,"Instituto de Fisiología y Biofísica Bernardo Houssay (IFIBIO)-Houssay, Facultad de Medicina, Universidad de Buenos Aires-Consejo Nacional de Investigaciones Científicas y Técnicas (CONICET), Buenos Aires, Argentina."
30842725,Merlo E,"Instituto de Fisiología y Biofísica Bernardo Houssay (IFIBIO)-Houssay, Facultad de Medicina, Universidad de Buenos Aires-Consejo Nacional de Investigaciones Científicas y Técnicas (CONICET), Buenos Aires, Argentina."
30842725,Merlo E,"Department of Psychology, University of Cambridge, Cambridge, United Kingdom."
30826460,Pisera-Fuster A,"Department of Physiology and Institute of Physiology and Biophysics (IFIBIO-Houssay, UBA-CONICET), School of Medicine, University of Buenos Aires, Buenos Aires, Argentina."
30826460,Rocco L,"Department of Physiology and Institute of Physiology and Biophysics (IFIBIO-Houssay, UBA-CONICET), School of Medicine, University of Buenos Aires, Buenos Aires, Argentina."
30826460,Faillace M,"Department of Physiology and Institute of Physiology and Biophysics (IFIBIO-Houssay, UBA-CONICET), School of Medicine, University of Buenos Aires, Buenos Aires, Argentina."
30826460,Bernabeu R,"Department of Physiology and Institute of Physiology and Biophysics (IFIBIO-Houssay, UBA-CONICET), School of Medicine, University of Buenos Aires, Buenos Aires, Argentina. Electronic address: rbernabeu@fmed.uba.ar."
30747154,Trimarchi H,"Nephrology Service, Hospital Británico de Buenos Aires, Buenos Aires, Argentina."
30747154,Canzonieri R,"Central Laboratory, Hospital Británico de Buenos Aires, Buenos Aires, Argentina."
30747154,Costales-Collaguazo C,"IFIBIO Houssay, CONICET, Physiopathology, Pharmacy and Biochemistry Faculty, Universidad de Buenos Aires, Buenos Aires, Argentina."
30747154,Politei J,"Neurology Department, Laboratorio Neuroquímica Dr Néstor Chamoles Buenos Aires, Buenos Aires, Argentina."
30747154,Stern A,"Central Laboratory, Hospital Británico de Buenos Aires, Buenos Aires, Argentina."
30747154,Paulero M,"Nephrology Service, Hospital Británico de Buenos Aires, Buenos Aires, Argentina."
30747154,Gonzalez-Hoyos I,"Nephrology Service, Hospital Británico de Buenos Aires, Buenos Aires, Argentina."
30747154,Schiel A,"Central Laboratory, Hospital Británico de Buenos Aires, Buenos Aires, Argentina."
30747154,Rengel T,"Nephrology Service, Hospital Británico de Buenos Aires, Buenos Aires, Argentina."
30747154,Forrester M,"Nephrology Service, Hospital Británico de Buenos Aires, Buenos Aires, Argentina."
30747154,Lombi F,"Nephrology Service, Hospital Británico de Buenos Aires, Buenos Aires, Argentina."
30747154,Pomeranz V,"Nephrology Service, Hospital Británico de Buenos Aires, Buenos Aires, Argentina."
30747154,Iriarte R,"Nephrology Service, Hospital Británico de Buenos Aires, Buenos Aires, Argentina."
30747154,Muryan A,"Central Laboratory, Hospital Británico de Buenos Aires, Buenos Aires, Argentina."
30747154,Zotta E,"IFIBIO Houssay, CONICET, Physiopathology, Pharmacy and Biochemistry Faculty, Universidad de Buenos Aires, Buenos Aires, Argentina."
30746639,Gomez G,"Facultad de Farmacia y Bioquímica, Universidad de Buenos Aires, Ciudad Autónoma de Buenos Aires, Argentina."
30746639,Gomez G,"Instituto de Investigaciones Farmacológicas (ININFA), Laboratorio de Parkinson Experimental, CONICET - Universidad de Buenos Aires, Ciudad Autónoma de Buenos Aires, Argentina."
30746639,Escande M,"Instituto de Fisiología y Biofísica (IFIBIO) Bernardo Houssay, Grupo de Neurociencia de Sistemas, Universidad de Buenos Aires, CONICET, Buenos Aires, Argentina."
30746639,Suarez L,"Instituto Cajal, Consejo Superior de Investigaciones Científicas (CSIC), Madrid, Spain."
30746639,Suarez L,"CIBERNED, Instituto de Salud Carlos III, Madrid, Spain."
30746639,Rela L,"Instituto de Fisiología y Biofísica (IFIBIO) Bernardo Houssay, Grupo de Neurociencia de Sistemas, Universidad de Buenos Aires, CONICET, Buenos Aires, Argentina."
30746639,Belforte J,"Instituto de Fisiología y Biofísica (IFIBIO) Bernardo Houssay, Grupo de Neurociencia de Sistemas, Universidad de Buenos Aires, CONICET, Buenos Aires, Argentina."
30746639,Moratalla R,"Instituto Cajal, Consejo Superior de Investigaciones Científicas (CSIC), Madrid, Spain."
30746639,Moratalla R,"CIBERNED, Instituto de Salud Carlos III, Madrid, Spain."
30746639,Murer M,"Instituto de Fisiología y Biofísica (IFIBIO) Bernardo Houssay, Grupo de Neurociencia de Sistemas, Universidad de Buenos Aires, CONICET, Buenos Aires, Argentina."
30746639,Gershanik O,"Facultad de Farmacia y Bioquímica, Universidad de Buenos Aires, Ciudad Autónoma de Buenos Aires, Argentina."
30746639,Gershanik O,"Instituto de Investigaciones Farmacológicas (ININFA), Laboratorio de Parkinson Experimental, CONICET - Universidad de Buenos Aires, Ciudad Autónoma de Buenos Aires, Argentina."
30746639,Taravini I,"Facultad de Farmacia y Bioquímica, Universidad de Buenos Aires, Ciudad Autónoma de Buenos Aires, Argentina. irenetaravini@gmail.com."
30746639,Taravini I,"Instituto de Investigaciones Farmacológicas (ININFA), Laboratorio de Parkinson Experimental, CONICET - Universidad de Buenos Aires, Ciudad Autónoma de Buenos Aires, Argentina. irenetaravini@gmail.com."
30746639,Taravini I,"Laboratorio de Neurobiología Experimental (LNE), CONICET - Facultad de Bromatología, Universidad Nacional de Entre Ríos, Gualeguaychú, Entre Ríos, Argentina. irenetaravini@gmail.com."
30732602,Berdasco C,"Universidad de Buenos Aires, Consejo Nacional de Investigaciones Científicas y Técnicas (CONICET), Instituto de Fisiología y Biofísica ''Houssay"" (IFIBIO), Laboratorio de Neurofisiopatología, Facultad de Medicina, Paraguay 2155 piso 7, 1121, Buenos Aires, Argentina."
30732602,Pinto A,"Universidad de Buenos Aires, Consejo Nacional de Investigaciones Científicas y Técnicas (CONICET), Instituto de Fisiología y Biofísica ''Houssay"" (IFIBIO), Laboratorio de Neurofisiopatología, Facultad de Medicina, Paraguay 2155 piso 7, 1121, Buenos Aires, Argentina."
30732602,Calabro V,"Universidad de Buenos Aires, CONICET, Instituto de Bioquímica y Medicina Molecular (IBIMOL), Facultad de Farmacia y Bioquímica, Buenos Aires, Argentina."
30732602,Arenas D,"Universidad de Buenos Aires, Consejo Nacional de Investigaciones Científicas y Técnicas (CONICET), Instituto de Fisiología y Biofísica ''Houssay"" (IFIBIO), Laboratorio de Neurofisiopatología, Facultad de Medicina, Paraguay 2155 piso 7, 1121, Buenos Aires, Argentina."
30732602,Cangelosi A,"Centro Nacional de Control de Calidad de Biológicos (CNCCB), ANLIS ""Dr. Carlos G. Malbrán"", Ciudad Autónoma de Buenos Aires, Argentina."
30732602,Geoghegan P,"Centro Nacional de Control de Calidad de Biológicos (CNCCB), ANLIS ""Dr. Carlos G. Malbrán"", Ciudad Autónoma de Buenos Aires, Argentina."
30732602,Evelson P,"Universidad de Buenos Aires, CONICET, Instituto de Bioquímica y Medicina Molecular (IBIMOL), Facultad de Farmacia y Bioquímica, Buenos Aires, Argentina."
30732602,Evelson P,"Universidad de Buenos Aires, Facultad de Farmacia y Bioquímica, Departamento de Química Analítica y Fisicoquímica, Cátedra de Química General e Inorgánica, Buenos Aires, Argentina."
30732602,Goldstein J,"Universidad de Buenos Aires, Consejo Nacional de Investigaciones Científicas y Técnicas (CONICET), Instituto de Fisiología y Biofísica ''Houssay"" (IFIBIO), Laboratorio de Neurofisiopatología, Facultad de Medicina, Paraguay 2155 piso 7, 1121, Buenos Aires, Argentina. jogol@fmed.uba.ar."
30658119,Lores-Arnaiz S,"Universidad de Buenos Aires, Facultad de Farmacia y Bioquímica, Fisicoquímica, Buenos Aires, Argentina; CONICET - Universidad de Buenos Aires, Instituto de Bioquímica y Medicina Molecular (IBIMOL), Buenos Aires, Argentina. Electronic address: slarnaiz@ffyb.uba.ar."
30658119,Lombardi P,"Universidad de Buenos Aires, Facultad de Farmacia y Bioquímica, Fisicoquímica, Buenos Aires, Argentina; CONICET - Universidad de Buenos Aires, Instituto de Bioquímica y Medicina Molecular (IBIMOL), Buenos Aires, Argentina."
30658119,Karadayian A,"Universidad de Buenos Aires, Facultad de Farmacia y Bioquímica, Fisicoquímica, Buenos Aires, Argentina; CONICET - Universidad de Buenos Aires, Instituto de Bioquímica y Medicina Molecular (IBIMOL), Buenos Aires, Argentina."
30658119,Cutrera R,"Universidad de Buenos Aires, Facultad de Medicina, Buenos Aires, Argentina; CONICET - Universidad de Buenos Aires, Instituto de Fisiología y Biofísica Bernardo Houssay, (IFIBIO), Buenos Aires, Argentina."
30658119,Bustamante J,"Centro de Altos Estudios en Ciencias de la Salud, Universidad Abierta Interamericana, Buenos Aires, Argentina."
30628061,Piantanida A,"CONICET, Instituto de Fisiología y Biofísica Bernardo Houssay (IFIBIO), Neurociencia de Sistemas, Buenos Aires, Argentina."
30628061,Piantanida A,"Universidad de Buenos Aires, Instituto de Fisiología y Biofísica Bernardo Houssay (IFIBIO), Neurociencia de Sistemas, Buenos Aires, Argentina."
30628061,Acosta L,"CONICET, Instituto de Fisiología y Biofísica Bernardo Houssay (IFIBIO), Neurociencia de Sistemas, Buenos Aires, Argentina."
30628061,Acosta L,"Universidad de Buenos Aires, Instituto de Fisiología y Biofísica Bernardo Houssay (IFIBIO), Neurociencia de Sistemas, Buenos Aires, Argentina."
30628061,Brocardo L,"CONICET, Instituto de Fisiología y Biofísica Bernardo Houssay (IFIBIO), Neurociencia de Sistemas, Buenos Aires, Argentina."
30628061,Brocardo L,"Universidad de Buenos Aires, Instituto de Fisiología y Biofísica Bernardo Houssay (IFIBIO), Neurociencia de Sistemas, Buenos Aires, Argentina."
30628061,Capurro C,"CONICET, Instituto de Fisiología y Biofísica Bernardo Houssay (IFIBIO), Neurociencia de Sistemas, Buenos Aires, Argentina."
30628061,Capurro C,"Universidad de Buenos Aires, Instituto de Fisiología y Biofísica Bernardo Houssay (IFIBIO), Neurociencia de Sistemas, Buenos Aires, Argentina."
30628061,Greer C,"Department of Neuroscience, Yale University School of Medicine, New Haven, Connecticut."
30628061,Greer C,"Department of Neurosurgery, Yale University School of Medicine, New Haven, Connecticut."
30628061,Rela L,"CONICET, Instituto de Fisiología y Biofísica Bernardo Houssay (IFIBIO), Neurociencia de Sistemas, Buenos Aires, Argentina."
30628061,Rela L,"Universidad de Buenos Aires, Instituto de Fisiología y Biofísica Bernardo Houssay (IFIBIO), Neurociencia de Sistemas, Buenos Aires, Argentina."
30620717,Scalise M,"Laboratorio de Fisiopatogenia, Departamento de Ciencias Fisiológicas, Instituto de Fisiología y Biofísica (IFIBIO) Houssay, Facultad de Medicina, Universidad de Buenos Aires, Buenos Aires, Argentina."
30620717,Amaral M,"Laboratorio de Fisiopatogenia, Departamento de Ciencias Fisiológicas, Instituto de Fisiología y Biofísica (IFIBIO) Houssay, Facultad de Medicina, Universidad de Buenos Aires, Buenos Aires, Argentina."
30620717,Reppetti J,"Laboratorio de Biología de la Reproducción, Departamento de Ciencias Fisiológicas, Instituto de Fisiología y Biofísica (IFIBIO) Houssay, Facultad de Medicina, Universidad de Buenos Aires, Buenos Aires, Argentina."
30620717,Damiano A,"Laboratorio de Biología de la Reproducción, Departamento de Ciencias Fisiológicas, Instituto de Fisiología y Biofísica (IFIBIO) Houssay, Facultad de Medicina, Universidad de Buenos Aires, Buenos Aires, Argentina."
30620717,Damiano A,"Cátedra de Biología Celular y Molecular, Departamento de Ciencias Biológicas, Facultad de Farmacia y Bioquímica, Universidad de Buenos Aires, Buenos Aires, Argentina."
30620717,Ibarra C,"Laboratorio de Fisiopatogenia, Departamento de Ciencias Fisiológicas, Instituto de Fisiología y Biofísica (IFIBIO) Houssay, Facultad de Medicina, Universidad de Buenos Aires, Buenos Aires, Argentina."
30620717,Sacerdoti F,"Laboratorio de Fisiopatogenia, Departamento de Ciencias Fisiológicas, Instituto de Fisiología y Biofísica (IFIBIO) Houssay, Facultad de Medicina, Universidad de Buenos Aires, Buenos Aires, Argentina."
30619183,Del Cogliano M,"Laboratorio de Ingeniería Genética y Biología Celular y Molecular, Universidad Nacional de Quilmes, Buenos Aires, Argentina."
30619183,Pinto A,"Laboratorio de Neurofisiopatología, Departamento de Fisiología, Facultad de Medicina, Instituto de Fisiología y Biofísica Bernardo Houssay (CONICET), Universidad de Buenos Aires, Buenos Aires, Argentina."
30619183,Goldstein J,"Laboratorio de Neurofisiopatología, Departamento de Fisiología, Facultad de Medicina, Instituto de Fisiología y Biofísica Bernardo Houssay (CONICET), Universidad de Buenos Aires, Buenos Aires, Argentina."
30619183,Zotta E,"Laboratorio de Fisiopatogenia, Departamento de Fisiología, Facultad de Medicina, Instituto de Fisiología y Biofísica Bernardo Houssay (CONICET), Universidad de Buenos Aires, Buenos Aires, Argentina."
30619183,Ochoa F,"Laboratorio de Fisiopatogenia, Departamento de Fisiología, Facultad de Medicina, Instituto de Fisiología y Biofísica Bernardo Houssay (CONICET), Universidad de Buenos Aires, Buenos Aires, Argentina."
30619183,Fernandez-Brando R,"Laboratorio de Patogénesis e Inmunología de Procesos Infecciones, Instituto de Medicina Experimental (CONICET), Academia Nacional de Medicina, Buenos Aires, Argentina."
30619183,Muniesa M,"Microbiology Section, Department of Genetics, Microbiology and Statistics, Faculty of Biology, University of Barcelona, Barcelona, Spain."
30619183,Ghiringhelli P,"Laboratorio de Ingeniería Genética y Biología Celular y Molecular, Universidad Nacional de Quilmes, Buenos Aires, Argentina."
30619183,Palermo M,"Laboratorio de Patogénesis e Inmunología de Procesos Infecciones, Instituto de Medicina Experimental (CONICET), Academia Nacional de Medicina, Buenos Aires, Argentina."
30619183,Bentancor L,"Laboratorio de Ingeniería Genética y Biología Celular y Molecular, Universidad Nacional de Quilmes, Buenos Aires, Argentina."
30564135,Aban C,"Laboratorio de Investigación Aplicada a las Neurociencias (LIAN), FLENI - CONICET, Belén de Escobar, Argentina."
30564135,Accialini P,"Laboratorio de Fisiopatología Placentaria, CEFyBO-UBA-CONICET, Buenos Aires, Argentina."
30564135,Etcheverry T,"Laboratorio de Fisiopatología Placentaria, CEFyBO-UBA-CONICET, Buenos Aires, Argentina."
30564135,Leguizamon G,"Unidad de Embarazo de Alto Riesgo, CEMIC, Buenos Aires, Argentina."
30564135,Martinez N,"Laboratorio de Biología de la Reproducción, IFIBIO-UBA-CONICET, Buenos Aires, Argentina."
30564135,Martinez N,"Red Iberoamericana de Alteraciones Vasculares Asociadas a Trastornos del Embarazo (RIVA-TREM), Buenos Aires, Argentina."
30564135,Farina M,"Laboratorio de Fisiopatología Placentaria, CEFyBO-UBA-CONICET, Buenos Aires, Argentina."
30564135,Farina M,"Red Iberoamericana de Alteraciones Vasculares Asociadas a Trastornos del Embarazo (RIVA-TREM), Buenos Aires, Argentina."
30539720,Szpilbarg N,"Laboratorio de Biología de la Reproducción, Instituto de Fisiología y Biofísica Bernardo Houssay (IFIBIO)- CONICET- Facultad de Medicina, Universidad de Buenos Aires. Paraguay 2155 (1121) Buenos Aires, Argentina."
30539720,Seyahian A,"Laboratorio de Biología de la Reproducción, Instituto de Fisiología y Biofísica Bernardo Houssay (IFIBIO)- CONICET- Facultad de Medicina, Universidad de Buenos Aires. Paraguay 2155 (1121) Buenos Aires, Argentina."
30539720,Paola M,"Laboratorio de Biología de la Reproducción, Instituto de Fisiología y Biofísica Bernardo Houssay (IFIBIO)- CONICET- Facultad de Medicina, Universidad de Buenos Aires. Paraguay 2155 (1121) Buenos Aires, Argentina; Cátedra de Biología Celular y Molecular, Departamento de Ciencias Biológicas, Facultad de Farmacia y Bioquímica, Universidad de Buenos Aires. Junín 956 (1113) Buenos Aires, Argentina."
30539720,Castro-Parodi M,"Cátedra de Biología Celular y Molecular, Departamento de Ciencias Biológicas, Facultad de Farmacia y Bioquímica, Universidad de Buenos Aires. Junín 956 (1113) Buenos Aires, Argentina."
30539720,Martinez N,"Laboratorio de Biología de la Reproducción, Instituto de Fisiología y Biofísica Bernardo Houssay (IFIBIO)- CONICET- Facultad de Medicina, Universidad de Buenos Aires. Paraguay 2155 (1121) Buenos Aires, Argentina."
30539720,Farina M,"Laboratorio de Fisiopatología Placentaria, CEFyBO, Facultad de Medicina, Universidad de Buenos Aires. Paraguay 2155 (1121) Buenos Aires, Argentina."
30539720,Damiano A,"Laboratorio de Biología de la Reproducción, Instituto de Fisiología y Biofísica Bernardo Houssay (IFIBIO)- CONICET- Facultad de Medicina, Universidad de Buenos Aires. Paraguay 2155 (1121) Buenos Aires, Argentina; Cátedra de Biología Celular y Molecular, Departamento de Ciencias Biológicas, Facultad de Farmacia y Bioquímica, Universidad de Buenos Aires. Junín 956 (1113) Buenos Aires, Argentina. Electronic address: adamiano@ffyb.uba.ar."
30513821,Luz D,"Laboratório de Bacteriologia, Instituto Butantan, São Paulo 05503900, Brasil. daniedaluz@yahoo.com.br."
30513821,Amaral M,"Laboratorio de Fisiopatogenia, Departamento de Fisiología, Instituto de Fisiología y Biofísica Bernardo Houssay (IFIBIO Houssay-CONICET), Facultad de Medicina, Universidad de Buenos Aires, Buenos Aires C1121, Argentina. mmamaral74@gmail.com."
30513821,Sacerdoti F,"Laboratorio de Fisiopatogenia, Departamento de Fisiología, Instituto de Fisiología y Biofísica Bernardo Houssay (IFIBIO Houssay-CONICET), Facultad de Medicina, Universidad de Buenos Aires, Buenos Aires C1121, Argentina. flasacerdoti@gmail.com."
30513821,Bernal A,"Laboratorio de Patogénesis e Inmunología de Procesos Infecciosos, Instituto de Medicina Experimental, (IMEX)-CONICET-Academia Nacional de Medicina, Buenos Aires C1425, Argentina. alanmbernal@gmail.com."
30513821,Quintilio W,"Laboratório de Biofármacos em Células Animais, Instituto Butantan, São Paulo, SP 05503-900, Brazil. wagner.quintilio@butantan.gov.br."
30513821,Moro A,"Laboratório de Biofármacos em Células Animais, Instituto Butantan, São Paulo, SP 05503-900, Brazil. ana.moro@butantan.gov.br."
30513821,Palermo M,"Laboratorio de Patogénesis e Inmunología de Procesos Infecciosos, Instituto de Medicina Experimental, (IMEX)-CONICET-Academia Nacional de Medicina, Buenos Aires C1425, Argentina. marinasandrapalermo@gmail.com."
30513821,Ibarra C,"Laboratorio de Fisiopatogenia, Departamento de Fisiología, Instituto de Fisiología y Biofísica Bernardo Houssay (IFIBIO Houssay-CONICET), Facultad de Medicina, Universidad de Buenos Aires, Buenos Aires C1121, Argentina. cristinaadrianaibarra@gmail.com."
30513821,Piazza R,"Laboratório de Bacteriologia, Instituto Butantan, São Paulo 05503900, Brasil. roxane@butantan.gov.br."
30466042,Albano J,"Facultad de Ciencias Exactas y Naturales, Departamento de Física, Universidad de Buenos Aires, Argentina; CONICET- Universidad de Buenos Aires, IFIBA, Buenos Aires, Argentina."
30466042,Mussini N,"Facultad de Ciencias Exactas y Naturales, Departamento de Física, Universidad de Buenos Aires, Argentina; CONICET- Universidad de Buenos Aires, IFIBA, Buenos Aires, Argentina."
30466042,Toriano R,"Facultad de Medicina, Departamento de Ciencias Fisiológicas, Laboratorio de Biomembranas, Buenos Aires, Argentina; CONICET - Universidad de Buenos Aires, IFIBIO Houssay, Buenos Aires, Argentina."
30466042,Facelli J,"Department of Biomedical Informatics, The University of Utah, 421 Wakara Way, Suite 140, Salt Lake City, UT 84108, USA. Electronic address: julio.facelli@utah.edu."
30466042,Ferraro M,"Facultad de Ciencias Exactas y Naturales, Departamento de Física, Universidad de Buenos Aires, Argentina; CONICET- Universidad de Buenos Aires, IFIBA, Buenos Aires, Argentina."
30466042,Pickholz M,"Facultad de Ciencias Exactas y Naturales, Departamento de Física, Universidad de Buenos Aires, Argentina; CONICET- Universidad de Buenos Aires, IFIBA, Buenos Aires, Argentina."
30458250,Ventura A,"Department of Neurobiology, Neuroscience Program, Fluminense Federal University, Niterói, RJ, Brazil. Electronic address: almvuff@gmail.com."
30458250,Dos Santos-Rodrigues A,"Department of Neurobiology, Neuroscience Program, Fluminense Federal University, Niterói, RJ, Brazil. Electronic address: rodrigues.alex9@gmail.com."
30458250,Mitchell C,"Department of Anatomy and Cell Biology, Ophthalmology, and Physiology, University of Pennsylvania, Philadelphia, PA 19104, United States. Electronic address: chm@upenn.edu."
30458250,Faillace M,"Instituto de Fisiología y Biofísica Prof. Bernardo Houssay (IFIBIO-Houssay), Universidad de Buenos Aires y Consejo Nacional de Investigaciones Científicas y Técnicas (CONICET), Buenos Aires, Argentina; Departamento de Fisiología, Facultad de Medicina, Universidad de Buenos Aires, Buenos Aires, Argentina. Electronic address: pfaillace@qb.ffyb.uba.ar."
30425647,Szpilbarg N,"Laboratorio de Biología de la Reproducción, Instituto de Fisiología y Biofísica Bernardo Houssay (IFIBIO)-UBA-CONICET, Facultad de Medicina, Universidad de Buenos Aires, Buenos Aires, Argentina."
30425647,Martinez N,"Laboratorio de Biología de la Reproducción, Instituto de Fisiología y Biofísica Bernardo Houssay (IFIBIO)-UBA-CONICET, Facultad de Medicina, Universidad de Buenos Aires, Buenos Aires, Argentina."
30425647,Di Paola M,"Laboratorio de Biología de la Reproducción, Instituto de Fisiología y Biofísica Bernardo Houssay (IFIBIO)-UBA-CONICET, Facultad de Medicina, Universidad de Buenos Aires, Buenos Aires, Argentina."
30425647,Di Paola M,"Cátedra de Biología Celular y Molecular, Departamento de Ciencias Biológicas, Facultad de Farmacia y Bioquímica, Universidad de Buenos Aires, Buenos Aires, Argentina."
30425647,Reppetti J,"Laboratorio de Biología de la Reproducción, Instituto de Fisiología y Biofísica Bernardo Houssay (IFIBIO)-UBA-CONICET, Facultad de Medicina, Universidad de Buenos Aires, Buenos Aires, Argentina."
30425647,Medina Y,"Laboratorio de Biología de la Reproducción, Instituto de Fisiología y Biofísica Bernardo Houssay (IFIBIO)-UBA-CONICET, Facultad de Medicina, Universidad de Buenos Aires, Buenos Aires, Argentina."
30425647,Seyahian A,"Laboratorio de Biología de la Reproducción, Instituto de Fisiología y Biofísica Bernardo Houssay (IFIBIO)-UBA-CONICET, Facultad de Medicina, Universidad de Buenos Aires, Buenos Aires, Argentina."
30425647,Castro Parodi M,"Cátedra de Biología Celular y Molecular, Departamento de Ciencias Biológicas, Facultad de Farmacia y Bioquímica, Universidad de Buenos Aires, Buenos Aires, Argentina."
30425647,Damiano A,"Laboratorio de Biología de la Reproducción, Instituto de Fisiología y Biofísica Bernardo Houssay (IFIBIO)-UBA-CONICET, Facultad de Medicina, Universidad de Buenos Aires, Buenos Aires, Argentina."
30425647,Damiano A,"Cátedra de Biología Celular y Molecular, Departamento de Ciencias Biológicas, Facultad de Farmacia y Bioquímica, Universidad de Buenos Aires, Buenos Aires, Argentina."
30360505,Sacerdoti F,"Laboratorio de Fisiopatogenia, Instituto de Fisiología y Biofísica Bernardo Houssay (IFIBIO Houssay-CONICET), Departamento de Fisiología, Facultad de Medicina, Universidad de Buenos Aires, Paraguay 2155, Buenos Aires 1121, Argentina. flasacerdoti@gmail.com."
30360505,Scalise M,"Laboratorio de Fisiopatogenia, Instituto de Fisiología y Biofísica Bernardo Houssay (IFIBIO Houssay-CONICET), Departamento de Fisiología, Facultad de Medicina, Universidad de Buenos Aires, Paraguay 2155, Buenos Aires 1121, Argentina. lujan.scalise@gmail.com."
30360505,Burdet J,"Laboratorio de Hematología, Hospital Universitario Austral, Pilar, Buenos Aires 1629, Argentina. julianaburdet@yahoo.com.ar."
30360505,Amaral M,"Laboratorio de Fisiopatogenia, Instituto de Fisiología y Biofísica Bernardo Houssay (IFIBIO Houssay-CONICET), Departamento de Fisiología, Facultad de Medicina, Universidad de Buenos Aires, Paraguay 2155, Buenos Aires 1121, Argentina. mmamaral74@gmail.com."
30360505,Franchi A,"CEFYBO-CONICET, Universidad de Buenos Aires, Buenos Aires 1121, Argentina. anafranchi2000@gmail.com."
30360505,Ibarra C,"Laboratorio de Fisiopatogenia, Instituto de Fisiología y Biofísica Bernardo Houssay (IFIBIO Houssay-CONICET), Departamento de Fisiología, Facultad de Medicina, Universidad de Buenos Aires, Paraguay 2155, Buenos Aires 1121, Argentina. ibarra@fmed.uba.ar."
30300837,Bazzano M,"Universidad de Buenos Aires (UBA), Facultad de Ciencias Exactas y Naturales (FCEN), Buenos Aires, Argentina; Consejo Nacional de Investigaciones Científicas y Técnicas (CONICET)-UBA-Instituto de Fisiología, Biología Molecular y Neurociencias (IFIBYNE), Buenos Aires, Argentina."
30300837,Sarrible G,"Universidad de Buenos Aires (UBA), Facultad de Ciencias Exactas y Naturales (FCEN), Buenos Aires, Argentina; Consejo Nacional de Investigaciones Científicas y Técnicas (CONICET)-UBA-Instituto de Fisiología, Biología Molecular y Neurociencias (IFIBYNE), Buenos Aires, Argentina; UBA, FCEN, Departamento de Biodiversidad y Bilogía Experimental, Buenos Aires, Argentina."
30300837,Martinez N,"UBA, Facultad de Medicina, Buenos Aires, Argentina; CONICET-UBA- Instituto de Fisiología y Biofísica Bernardo Houssay (IFIBIO), Buenos Aires, Argentina."
30300837,Beron de Astrada M,"Universidad de Buenos Aires (UBA), Facultad de Ciencias Exactas y Naturales (FCEN), Buenos Aires, Argentina; Consejo Nacional de Investigaciones Científicas y Técnicas (CONICET)-UBA-Instituto de Fisiología, Biología Molecular y Neurociencias (IFIBYNE), Buenos Aires, Argentina; UBA, FCEN, Departamento de Fisiología, Biología Molecular y Celular, Buenos Aires, Argentina."
30300837,Elia E,"Universidad de Buenos Aires (UBA), Facultad de Ciencias Exactas y Naturales (FCEN), Buenos Aires, Argentina; Consejo Nacional de Investigaciones Científicas y Técnicas (CONICET)-UBA-Instituto de Fisiología, Biología Molecular y Neurociencias (IFIBYNE), Buenos Aires, Argentina; UBA, FCEN, Departamento de Biodiversidad y Bilogía Experimental, Buenos Aires, Argentina. Electronic address: evelinmariel@gmail.com.ar."
30283405,Alsina R,"Universidad de Buenos Aires, CONICET, Instituto de Fisiología y Biofísica ""Bernardo Houssay"" (IFIBIO), Grupo de Neurociencia de Sistemas, Buenos Aires, Argentina."
30283405,Trotta M,"Universidad de Buenos Aires, CONICET, Instituto de Fisiología y Biofísica ""Bernardo Houssay"" (IFIBIO), Grupo de Neurociencia de Sistemas, Buenos Aires, Argentina."
30283405,Bumaschny V,"Universidad de Buenos Aires, CONICET, Instituto de Fisiología y Biofísica ""Bernardo Houssay"" (IFIBIO), Grupo de Neurociencia de Sistemas, Buenos Aires, Argentina."
30283405,Bumaschny V,"Universidad de Buenos Aires, Facultad de Medicina, Departamento de Ciencias Fisiológicas, Buenos Aires, Argentina."
30274180,Torres A,"Department of Microbiology and Immunology, Sealy Institute for Vaccine Sciences, University of Texas Medical Branch, Galveston, TX 77555, USA. altorres@utmb.edu."
30274180,Amaral M,"Laboratorio de Fisiopatogenia, Departamento de Fisiología, Instituto de Fisiología y Biofísica Bernardo Houssay, Facultad de Medicina, Universidad de Buenos Aires, Buenos Aires C1121ABG, Argentina. mmamaral74@gmail.com."
30274180,Bentancor L,"Laboratory of Genetic Engineering and Molecular Biology, Institute of Basic and Applied Microbiology, National University of Quilmes, Bernal, Buenos Aires 1876, Argentina. lbentan@unq.edu.ar."
30274180,Galli L,"Instituto de Genética Veterinaria Ing. Fernando N. Dulout (UNLP-CONICET, La Plata), Facultad de Ciencias Veterinarias, La Plata 1900, Argentina. lgalli@igevet.gob.ar."
30274180,Goldstein J,"Consejo Nacional de Investigaciones Científicas y Técnicas (CONICET), Instituto de Fisiología y Biofísica Houssay, Facultad de Medicina, Universidad de Buenos Aires, Buenos Aires C1121ABG, Argentina. jogol@fmed.uba.ar."
30274180,Kruger A,"Centro de Investigación Veterinaria de Tandil (CONICET-CIC-UNCPBA), Facultad de Ciencias Veterinarias, Tandil 7000, Argentina. akruger@vet.unicen.edu.ar."
30274180,Rojas-Lopez M,"Department of Medicine, Division of Infectious Diseases, Massachusetts General Hospital, Harvard Medical School, Boston, MA 02115, USA. maricarmen.rojaslopez@gmail.com."
30204500,Hauk V,"Consejo Nacional de Investigaciones Científicas y Técnicas (CONICET), Instituto de Química Biológica de la Facultad de Ciencias Exactas y Naturales (IQUIBICEN)."
30204500,Vota D,"Consejo Nacional de Investigaciones Científicas y Técnicas (CONICET), Instituto de Química Biológica de la Facultad de Ciencias Exactas y Naturales (IQUIBICEN)."
30204500,Gallino L,"Consejo Nacional de Investigaciones Científicas y Técnicas (CONICET), Instituto de Química Biológica de la Facultad de Ciencias Exactas y Naturales (IQUIBICEN)."
30204500,Calo G,"Consejo Nacional de Investigaciones Científicas y Técnicas (CONICET), Instituto de Química Biológica de la Facultad de Ciencias Exactas y Naturales (IQUIBICEN)."
30204500,Paparini D,"Consejo Nacional de Investigaciones Científicas y Técnicas (CONICET), Instituto de Química Biológica de la Facultad de Ciencias Exactas y Naturales (IQUIBICEN)."
30204500,Merech F,"Consejo Nacional de Investigaciones Científicas y Técnicas (CONICET), Instituto de Química Biológica de la Facultad de Ciencias Exactas y Naturales (IQUIBICEN)."
30204500,Ochoa F,"Departamento de Ciencias Fisiológicas, Instituto de Fisiología y Biofísica Bernardo Houssay (IFIBIO-Houssay), Universidad de Buenos Aires, Facultad de Medicina, Buenos Aires, Argentina."
30204500,Zotta E,"Departamento de Ciencias Fisiológicas, Instituto de Fisiología y Biofísica Bernardo Houssay (IFIBIO-Houssay), Universidad de Buenos Aires, Facultad de Medicina, Buenos Aires, Argentina."
30204500,Zotta E,"Catedra de Fisiopatología, Facultad de Farmacia y Bioquímica, Universidad de Buenos Aires, Buenos Aires, Argentina."
30204500,Ramhorst R,"Consejo Nacional de Investigaciones Científicas y Técnicas (CONICET), Instituto de Química Biológica de la Facultad de Ciencias Exactas y Naturales (IQUIBICEN)."
30204500,Waschek J,"Department of Psychiatry and Biobehavioral Sciences, Semel Institute for Neuroscience and Human Behavior, The David Geffen School of Medicine, University of California, Los Angeles, California, USA."
30204500,Leiros C,"Consejo Nacional de Investigaciones Científicas y Técnicas (CONICET), Instituto de Química Biológica de la Facultad de Ciencias Exactas y Naturales (IQUIBICEN)."
30139698,Liern M,"Unidad de Nefrología, Hospital General de Niños Ricardo Gutiérrez, Buenos Aires, Argentina. Electronic address: jliern@yahoo.com."
30139698,Collazo A,"Unidad de Nefrología, Hospital General de Niños Ricardo Gutiérrez, Buenos Aires, Argentina."
30139698,Valencia M,"Unidad de Nefrología, Hospital General de Niños Ricardo Gutiérrez, Buenos Aires, Argentina."
30139698,Fainboin A,"Unidad de Nefrología, Hospital General de Niños Ricardo Gutiérrez, Buenos Aires, Argentina."
30139698,Isse L,"Unidad de Nefrología, Hospital General de Niños Ricardo Gutiérrez, Buenos Aires, Argentina."
30139698,Costales-Collaguazo C,"Departamento de Ciencias Fisiológicas IFIBIO Houssay, CONICET, Facultad de Medicina, Universidad de Buenos Aires, Buenos Aires, Argentina; Cátedra de Fisiopatología, Facultad de Farmacia y Bioquímica, Universidad de Buenos Aires, Buenos Aires, Argentina."
30139698,Ochoa F,"Departamento de Ciencias Fisiológicas IFIBIO Houssay, CONICET, Facultad de Medicina, Universidad de Buenos Aires, Buenos Aires, Argentina."
30139698,Vallejo G,"Unidad de Nefrología, Hospital General de Niños Ricardo Gutiérrez, Buenos Aires, Argentina."
30139698,Zotta E,"Departamento de Ciencias Fisiológicas IFIBIO Houssay, CONICET, Facultad de Medicina, Universidad de Buenos Aires, Buenos Aires, Argentina; Cátedra de Fisiopatología, Facultad de Farmacia y Bioquímica, Universidad de Buenos Aires, Buenos Aires, Argentina."
30102439,Medrano M,"Instituto de Fisiología y Biofísica Prof. Bernardo Houssay (IFIBIO-Houssay) UBA y Consejo Nacional de Investigaciones Científicas y Técnicas (CONICET), Buenos Aires, Argentina."
30102439,Pisera Fuster A,"Instituto de Fisiología y Biofísica Prof. Bernardo Houssay (IFIBIO-Houssay) UBA y Consejo Nacional de Investigaciones Científicas y Técnicas (CONICET), Buenos Aires, Argentina."
30102439,Sanchis P,"Instituto de Fisiología y Biofísica Prof. Bernardo Houssay (IFIBIO-Houssay) UBA y Consejo Nacional de Investigaciones Científicas y Técnicas (CONICET), Buenos Aires, Argentina."
30102439,Paez N,"Instituto de Fisiología y Biofísica Prof. Bernardo Houssay (IFIBIO-Houssay) UBA y Consejo Nacional de Investigaciones Científicas y Técnicas (CONICET), Buenos Aires, Argentina."
30102439,Bernabeu R,"Instituto de Fisiología y Biofísica Prof. Bernardo Houssay (IFIBIO-Houssay) UBA y Consejo Nacional de Investigaciones Científicas y Técnicas (CONICET), Buenos Aires, Argentina."
30102439,Bernabeu R,"Departamento de Fisiología, Facultad de Medicina, Universidad de Buenos Aires (UBA), Buenos Aires, Argentina."
30102439,Faillace M,"Instituto de Fisiología y Biofísica Prof. Bernardo Houssay (IFIBIO-Houssay) UBA y Consejo Nacional de Investigaciones Científicas y Técnicas (CONICET), Buenos Aires, Argentina."
30102439,Faillace M,"Departamento de Fisiología, Facultad de Medicina, Universidad de Buenos Aires (UBA), Buenos Aires, Argentina."
29807709,Martorelli L,"Instituto de Patobiología, Centro de Investigación en Ciencias Veterinarias y Agronómicas, Instituto Nacional de Tecnología Agropecuaria (INTA), Hurlingham, Argentina."
29807709,Garimano N,"Laboratorio de Fisiopatogenia, Departamento de Fisiología, Instituto de Fisiología y Biofísica Bernardo Houssay (IFIBIO Houssay-CONICET), Facultad de Medicina, Universidad de Buenos Aires, Buenos Aires, Argentina."
29807709,Fiorentino G,"Laboratorio de Patogénesis e Inmunología de Procesos Infecciosos, Instituto de Medicina Experimental, (IMEX), Consejo Nacional de Investigaciones Científicas y Técnicas (CONICET)-Academia Nacional de Medicina, Buenos Aires, Argentina."
29807709,Vilte D,"Instituto de Patobiología, Centro de Investigación en Ciencias Veterinarias y Agronómicas, Instituto Nacional de Tecnología Agropecuaria (INTA), Hurlingham, Argentina."
29807709,Garbaccio S,"Instituto de Patobiología, Centro de Investigación en Ciencias Veterinarias y Agronómicas, Instituto Nacional de Tecnología Agropecuaria (INTA), Hurlingham, Argentina."
29807709,Barth S,"Friedrich-Loeffler-Institut/Federal Research Institute for Animal Health, Institute of Molecular Pathogenesis, Jena, Germany."
29807709,Menge C,"Friedrich-Loeffler-Institut/Federal Research Institute for Animal Health, Institute of Molecular Pathogenesis, Jena, Germany."
29807709,Ibarra C,"Laboratorio de Fisiopatogenia, Departamento de Fisiología, Instituto de Fisiología y Biofísica Bernardo Houssay (IFIBIO Houssay-CONICET), Facultad de Medicina, Universidad de Buenos Aires, Buenos Aires, Argentina."
29807709,Palermo M,"Laboratorio de Patogénesis e Inmunología de Procesos Infecciosos, Instituto de Medicina Experimental, (IMEX), Consejo Nacional de Investigaciones Científicas y Técnicas (CONICET)-Academia Nacional de Medicina, Buenos Aires, Argentina."
29807709,Cataldi A,"Instituto de Biotecnología, Centro de Investigación en Ciencias Veterinarias y Agronómicas, Instituto Nacional de Tecnología Agropecuaria, Hurlingham, Argentina. Electronic address: Cataldi.angeladrian@inta.gob.ar."
29790838,Netti V,"Universidad de Buenos Aires, Facultad de Medicina. Departamento de Ciencias Fisiológicas, Laboratorio de Biomembranas , Buenos Aires , Argentina."
29790838,Netti V,"CONICET-Universidad de Buenos Aires. Instituto de Fisiología y Biofísica ""Bernardo Houssay,"" Buenos Aires, Argentina."
29790838,Pizzoni A,"Universidad de Buenos Aires, Facultad de Medicina. Departamento de Ciencias Fisiológicas, Laboratorio de Biomembranas , Buenos Aires , Argentina."
29790838,Pizzoni A,"CONICET-Universidad de Buenos Aires. Instituto de Fisiología y Biofísica ""Bernardo Houssay,"" Buenos Aires, Argentina."
29790838,Perez-Dominguez M,"Departamento de Medicina Genómica y Toxicología Ambiental, Instituto de Investigaciones Biomédicas, Universidad Nacional Autónoma de México, Ciudad de México, México."
29790838,Ford P,"Universidad de Buenos Aires, Facultad de Medicina. Departamento de Ciencias Fisiológicas, Laboratorio de Biomembranas , Buenos Aires , Argentina."
29790838,Ford P,"CONICET-Universidad de Buenos Aires. Instituto de Fisiología y Biofísica ""Bernardo Houssay,"" Buenos Aires, Argentina."
29790838,Pasantes-Morales H,"División de Neurociencias, Instituto de Fisiología Celular, Universidad Nacional Autónoma de México, Ciudad de México, México."
29790838,Ramos-Mandujano G,"División de Neurociencias, Instituto de Fisiología Celular, Universidad Nacional Autónoma de México, Ciudad de México, México."
29790838,Capurro C,"Universidad de Buenos Aires, Facultad de Medicina. Departamento de Ciencias Fisiológicas, Laboratorio de Biomembranas , Buenos Aires , Argentina."
29790838,Capurro C,"CONICET-Universidad de Buenos Aires. Instituto de Fisiología y Biofísica ""Bernardo Houssay,"" Buenos Aires, Argentina."
29774754,Carbone S,"1 Laboratorio de Endocrinologí, Departamento de Fisiologí, Facultad de Medicina, Universidad de Buenos Aires. Buenos Aires, Argentina."
29774754,Carbone S,"2 Laboratorio de Neurobiologí y Ritmos, Instituto de Fisiologí y Biofísica Bernardo Houssay (IFIBIO), Universidad de Buenos Aires and CONICET, Buenos Aires, Argentina."
29774754,Ponzo O,"1 Laboratorio de Endocrinologí, Departamento de Fisiologí, Facultad de Medicina, Universidad de Buenos Aires. Buenos Aires, Argentina."
29774754,Gobetto N,"1 Laboratorio de Endocrinologí, Departamento de Fisiologí, Facultad de Medicina, Universidad de Buenos Aires. Buenos Aires, Argentina."
29774754,Samaniego Y,"1 Laboratorio de Endocrinologí, Departamento de Fisiologí, Facultad de Medicina, Universidad de Buenos Aires. Buenos Aires, Argentina."
29774754,Reynoso R,"1 Laboratorio de Endocrinologí, Departamento de Fisiologí, Facultad de Medicina, Universidad de Buenos Aires. Buenos Aires, Argentina."
29774754,Moguilevsky J,"3 Facultad de Ciencias Médicas, Universidad Favaloro. Buenos Aires, Argentina."
29774754,Cutrera R,"2 Laboratorio de Neurobiologí y Ritmos, Instituto de Fisiologí y Biofísica Bernardo Houssay (IFIBIO), Universidad de Buenos Aires and CONICET, Buenos Aires, Argentina."
29758221,Paz R,"Universidad de Buenos Aires y Consejo Nacional de Investigaciones Científicas y Técnicas (CONICET), Instituto de Fisiología y Biofísica ""Bernardo Houssay"" (IFIBIO-Houssay), Grupo de Neurociencia de Sistemas, Buenos Aires 1121, Argentina."
29758221,Tubert C,"Universidad de Buenos Aires y Consejo Nacional de Investigaciones Científicas y Técnicas (CONICET), Instituto de Fisiología y Biofísica ""Bernardo Houssay"" (IFIBIO-Houssay), Grupo de Neurociencia de Sistemas, Buenos Aires 1121, Argentina."
29758221,Stahl A,"Universidad de Buenos Aires y Consejo Nacional de Investigaciones Científicas y Técnicas (CONICET), Instituto de Fisiología y Biofísica ""Bernardo Houssay"" (IFIBIO-Houssay), Grupo de Neurociencia de Sistemas, Buenos Aires 1121, Argentina."
29758221,Diaz A,"Universidad de Buenos Aires y Consejo Nacional de Investigaciones Científicas y Técnicas (CONICET), Instituto de Fisiología y Biofísica ""Bernardo Houssay"" (IFIBIO-Houssay), Grupo de Neurociencia de Sistemas, Buenos Aires 1121, Argentina."
29758221,Etchenique R,"Departamento de Química Inorgánica, Analítica y Química Física, INQUIMAE, Facultad de Ciencias Exactas y Naturales, Universidad de Buenos Aires, CONICET, Ciudad Universitaria Pabellón 2, AR1428EHA Buenos Aires, Argentina."
29758221,Murer M,"Universidad de Buenos Aires y Consejo Nacional de Investigaciones Científicas y Técnicas (CONICET), Instituto de Fisiología y Biofísica ""Bernardo Houssay"" (IFIBIO-Houssay), Grupo de Neurociencia de Sistemas, Buenos Aires 1121, Argentina."
29758221,Rela L,"Universidad de Buenos Aires y Consejo Nacional de Investigaciones Científicas y Técnicas (CONICET), Instituto de Fisiología y Biofísica ""Bernardo Houssay"" (IFIBIO-Houssay), Grupo de Neurociencia de Sistemas, Buenos Aires 1121, Argentina. Electronic address: lorena.rela@fmed.uba.ar."
29755331,Gallo F,"Instituto de Fisiología y Biofísica Bernardo Houssay, Departamento de Fisiología, Facultad de Medicina, Universidad de Buenos Aires (UBA), Buenos Aires, Argentina."
29755331,Katche C,"Instituto de Biología Celular y Neurociencias (IBCN) Dr. Eduardo de Robertis, Facultad de Medicina, CONICET, Universidad de Buenos Aires (UBA), Buenos Aires, Argentina."
29755331,Morici J,"Instituto de Fisiología y Biofísica Bernardo Houssay, Departamento de Fisiología, Facultad de Medicina, Universidad de Buenos Aires (UBA), Buenos Aires, Argentina."
29755331,Medina J,"Instituto de Biología Celular y Neurociencias (IBCN) Dr. Eduardo de Robertis, Facultad de Medicina, CONICET, Universidad de Buenos Aires (UBA), Buenos Aires, Argentina."
29755331,Medina J,"Departamento de Fisiología, Facultad de Medicina, Universidad de Buenos (UBA), Buenos Aires, Argentina."
29755331,Weisstaub N,"Instituto de Fisiología y Biofísica Bernardo Houssay, Departamento de Fisiología, Facultad de Medicina, Universidad de Buenos Aires (UBA), Buenos Aires, Argentina."
29717980,Morici J,"Departamento de Ciencias Fisiológicas, Instituto de Fisiología y Biofísica Bernardo Houssay, Facultad de Medicina, Universidad de Buenos Aires, CONICET, Buenos Aires, Argentina."
29717980,Morici J,"Instituto de Neurociencia Cognitiva y Translacional, Universidad Favaloro, INECO, CONICET, Buenos Aires, Argentina."
29717980,Miranda M,"Instituto de Neurociencia Cognitiva y Translacional, Universidad Favaloro, INECO, CONICET, Buenos Aires, Argentina."
29717980,Miranda M,"Instituto de Biologia Celular y Neurociencias, Universidad de Buenos Aires, CONICET, Buenos Aires, Argentina."
29717980,Gallo F,"Instituto de Neurociencia Cognitiva y Translacional, Universidad Favaloro, INECO, CONICET, Buenos Aires, Argentina."
29717980,Gallo F,"Instituto de Biologia Celular y Neurociencias, Universidad de Buenos Aires, CONICET, Buenos Aires, Argentina."
29717980,Zanoni B,"Instituto de Neurociencia Cognitiva y Translacional, Universidad Favaloro, INECO, CONICET, Buenos Aires, Argentina."
29717980,Bekinschtein P,"Instituto de Neurociencia Cognitiva y Translacional, Universidad Favaloro, INECO, CONICET, Buenos Aires, Argentina."
29717980,Bekinschtein P,"Instituto de Biologia Celular y Neurociencias, Universidad de Buenos Aires, CONICET, Buenos Aires, Argentina."
29717980,Weisstaub N,"Departamento de Ciencias Fisiológicas, Instituto de Fisiología y Biofísica Bernardo Houssay, Facultad de Medicina, Universidad de Buenos Aires, CONICET, Buenos Aires, Argentina."
29717980,Weisstaub N,"Instituto de Neurociencia Cognitiva y Translacional, Universidad Favaloro, INECO, CONICET, Buenos Aires, Argentina."
29669277,Espindola S,"Instituto de Investigaciones en Ingeniería Genética y Biología Molecular, Consejo Nacional de Investigaciones Científicas y Técnicas (INGEBI-CONICET), Buenos Aires, Argentina."
29669277,Damianich A,"Instituto de Investigaciones en Ingeniería Genética y Biología Molecular, Consejo Nacional de Investigaciones Científicas y Técnicas (INGEBI-CONICET), Buenos Aires, Argentina."
29669277,Alvarez R,"Universidad de Buenos Aires, Facultad de Medicina, Departamento de Fisiología, Buenos Aires, Argentina; Instituto de Fisiología y Biofísica ""Bernardo Houssay"" (IFIBIO-Houssay-CONICET), Buenos Aires, Argentina."
29669277,Sartor M,"Instituto de Investigaciones en Ingeniería Genética y Biología Molecular, Consejo Nacional de Investigaciones Científicas y Técnicas (INGEBI-CONICET), Buenos Aires, Argentina."
29669277,Belforte J,"Universidad de Buenos Aires, Facultad de Medicina, Departamento de Fisiología, Buenos Aires, Argentina; Instituto de Fisiología y Biofísica ""Bernardo Houssay"" (IFIBIO-Houssay-CONICET), Buenos Aires, Argentina."
29669277,Ferrario J,"Instituto de Investigaciones Farmacológicas (ININFA-CONICET-UBA), Buenos Aires, Argentina."
29669277,Gallo J,"Maurice Wohl Clinical Neuroscience Institute, Institute of Psychiatry, Psychology and Neuroscience, King's College London, London, UK."
29669277,Avale M,"Instituto de Investigaciones en Ingeniería Genética y Biología Molecular, Consejo Nacional de Investigaciones Científicas y Técnicas (INGEBI-CONICET), Buenos Aires, Argentina. Electronic address: elena.avale@conicet.gov.ar."
29605667,Medina Villalon S,"Aix Marseille Univ, INSERM, INS, Inst Neurosci Syst, Marseille, France; APHM, Timone Hospital, Clinical Neurophysiology, Marseille, France."
29605667,Paz R,"IFIBIO Bernardo Houssay, Grupo de Neurociencia de Sistemas, Facultad de Medicina, Universidad de Buenos Aires-CONICET, 2155 Paraguay Street, Buenos Aires 1121, Argentina."
29605667,Roehri N,"Aix Marseille Univ, INSERM, INS, Inst Neurosci Syst, Marseille, France."
29605667,Lagarde S,"Aix Marseille Univ, INSERM, INS, Inst Neurosci Syst, Marseille, France; APHM, Timone Hospital, Clinical Neurophysiology, Marseille, France."
29605667,Pizzo F,"Aix Marseille Univ, INSERM, INS, Inst Neurosci Syst, Marseille, France."
29605667,Colombet B,"Aix Marseille Univ, INSERM, INS, Inst Neurosci Syst, Marseille, France."
29605667,Bartolomei F,"Aix Marseille Univ, INSERM, INS, Inst Neurosci Syst, Marseille, France; APHM, Timone Hospital, Clinical Neurophysiology, Marseille, France."
29605667,Carron R,"Aix Marseille Univ, INSERM, INS, Inst Neurosci Syst, Marseille, France; APHM, Timone Hospital, Functional and Stereotactic Neurosurgery, Marseille, France."
29605667,Benar C,"Aix Marseille Univ, INSERM, INS, Inst Neurosci Syst, Marseille, France. Electronic address: christian.benar@univ-amu.fr."
29567477,Alejandra R,"Laboratorio de Biología de la Reproducción, Instituto de Fisiología y Biofísica Bernardo Houssay (IFIBIO)- CONICET- Facultad de Medicina, Universidad de Buenos Aires, Buenos Aires, Argentina."
29567477,Natalia S,"Laboratorio de Biología de la Reproducción, Instituto de Fisiología y Biofísica Bernardo Houssay (IFIBIO)- CONICET- Facultad de Medicina, Universidad de Buenos Aires, Buenos Aires, Argentina."
29567477,Alicia E D,"Laboratorio de Biología de la Reproducción, Instituto de Fisiología y Biofísica Bernardo Houssay (IFIBIO)- CONICET- Facultad de Medicina, Universidad de Buenos Aires, Buenos Aires, Argentina; Cátedra de Biología Celular y Molecular, Departamento de Ciencias Biológicas, Facultad de Farmacia y Bioquímica, Universidad de Buenos Aires, Buenos Aires, Argentina. Electronic address: adamiano@ffyb.uba.ar."
29494356,Blank V,Institute of Biochemistry and Biophysics (IQUIFIB).
29494356,Bellizzi Y,Institute of Biochemistry and Biophysics (IQUIFIB).
29494356,Zotta E,"Institute of Physiology and Biophysics Bernardo Houssay (IFIBIO-Houssay), National Scientific and Technical Research Council (CONICET), School of Pharmacy and Biochemistry, University of Buenos Aires, Junín, Buenos Aires."
29494356,Cornier P,"Rosario Chemistry Institute (CONICET-UNR), School of Biochemical and Pharmaceutical Sciences, National University of Rosario, Rosario, Argentina."
29494356,Delpiccolo C,"Rosario Chemistry Institute (CONICET-UNR), School of Biochemical and Pharmaceutical Sciences, National University of Rosario, Rosario, Argentina."
29494356,Boggian D,"Rosario Chemistry Institute (CONICET-UNR), School of Biochemical and Pharmaceutical Sciences, National University of Rosario, Rosario, Argentina."
29494356,Mata E,"Rosario Chemistry Institute (CONICET-UNR), School of Biochemical and Pharmaceutical Sciences, National University of Rosario, Rosario, Argentina."
29494356,Roguin L,Institute of Biochemistry and Biophysics (IQUIFIB).
29483033,Albanese A,"Laboratorio de Fisiopatogenia, Departamento de Fisiología, Instituto de Fisiología y Biofísica Bernardo Houssay (IFIBIO Houssay-CONICET), Facultad de Medicina, Universidad de Buenos Aires, Paraguay 2155, 1121 Buenos Aires, Argentina."
29483033,Sacerdoti F,"Laboratorio de Fisiopatogenia, Departamento de Fisiología, Instituto de Fisiología y Biofísica Bernardo Houssay (IFIBIO Houssay-CONICET), Facultad de Medicina, Universidad de Buenos Aires, Paraguay 2155, 1121 Buenos Aires, Argentina."
29483033,Seyahian E,"Laboratorio de Fisiopatogenia, Departamento de Fisiología, Instituto de Fisiología y Biofísica Bernardo Houssay (IFIBIO Houssay-CONICET), Facultad de Medicina, Universidad de Buenos Aires, Paraguay 2155, 1121 Buenos Aires, Argentina."
29483033,Amaral M,"Laboratorio de Fisiopatogenia, Departamento de Fisiología, Instituto de Fisiología y Biofísica Bernardo Houssay (IFIBIO Houssay-CONICET), Facultad de Medicina, Universidad de Buenos Aires, Paraguay 2155, 1121 Buenos Aires, Argentina."
29483033,Fiorentino G,"Laboratorio de Patogénesis e Inmunología de Procesos Infecciosos, Instituto de Medicina Experimental (IMEX-CONICET), Academia Nacional de Medicina, Pacheco de Melo 3081, 1425 Buenos Aires, Argentina."
29483033,Fernandez Brando R,"Laboratorio de Patogénesis e Inmunología de Procesos Infecciosos, Instituto de Medicina Experimental (IMEX-CONICET), Academia Nacional de Medicina, Pacheco de Melo 3081, 1425 Buenos Aires, Argentina."
29483033,Vilte D,"Instituto de Patobiología, Instituto Nacional de Tecnología Agropecuaria, Nicolás Repetto y De los Reseros, 1686 Hurlingham, Buenos Aires, Argentina."
29483033,Mercado E,"Instituto de Patobiología, Instituto Nacional de Tecnología Agropecuaria, Nicolás Repetto y De los Reseros, 1686 Hurlingham, Buenos Aires, Argentina."
29483033,Palermo M,"Laboratorio de Patogénesis e Inmunología de Procesos Infecciosos, Instituto de Medicina Experimental (IMEX-CONICET), Academia Nacional de Medicina, Pacheco de Melo 3081, 1425 Buenos Aires, Argentina."
29483033,Cataldi A,"Instituto de Biotecnología, Instituto Nacional de Tecnología Agropecuaria, Nicolás Repetto y De los Reseros, 1686 Hurlingham, Buenos Aires, Argentina."
29483033,Zotta E,"Laboratorio de Fisiopatogenia, Departamento de Fisiología, Instituto de Fisiología y Biofísica Bernardo Houssay (IFIBIO Houssay-CONICET), Facultad de Medicina, Universidad de Buenos Aires, Paraguay 2155, 1121 Buenos Aires, Argentina."
29483033,Ibarra C,"Laboratorio de Fisiopatogenia, Departamento de Fisiología, Instituto de Fisiología y Biofísica Bernardo Houssay (IFIBIO Houssay-CONICET), Facultad de Medicina, Universidad de Buenos Aires, Paraguay 2155, 1121 Buenos Aires, Argentina. Electronic address: ibarra@fmed.uba.ar."
29481898,Faillace M,"Department of Physiology (IFIBIO-Houssay, UBA-CONICET), School of Medicine, University of Buenos Aires, Buenos Aires, Argentina."
29481898,Pisera-Fuster A,"Department of Physiology (IFIBIO-Houssay, UBA-CONICET), School of Medicine, University of Buenos Aires, Buenos Aires, Argentina."
29481898,Bernabeu R,"Department of Physiology (IFIBIO-Houssay, UBA-CONICET), School of Medicine, University of Buenos Aires, Buenos Aires, Argentina. Electronic address: rbernabeu@fmed.uba.ar."
29405971,Corominas A,"Hospital Nacional Prof. A Posadas, Argentina."
29405971,Balconi S,"Hospital Nacional Prof. A Posadas, Argentina."
29405971,Ortiz M,"Hospital Nacional Prof. A Posadas, Argentina."
29405971,Martinez N,"Laboratorio de Biología de la Reproducción, IFIBIO-CONICET, Argentina."
29405971,Damiano A,"Universidad de Buenos Aires, Facultad de Farmacia y Bioquímica, Departamento de Ciencias Biológicas, Argentina; Laboratorio de Biología de la Reproducción, IFIBIO-CONICET, Argentina."
29394409,Nakao K,"Department of Psychiatry and Behavioral Neurobiology, University of Alabama at Birmingham, Birmingham, AL."
29394409,Nakao K,"Unit on Genetics of Cognition and Behavior, National Institute of Mental Health, National Institutes of Health, Department of Health and Human Services, Bethesda, MD."
29394409,Jeevakumar V,"Department of Psychiatry and Behavioral Neurobiology, University of Alabama at Birmingham, Birmingham, AL."
29394409,Jiang S,"Unit on Genetics of Cognition and Behavior, National Institute of Mental Health, National Institutes of Health, Department of Health and Human Services, Bethesda, MD."
29394409,Fujita Y,"Division of Clinical Neuroscience, Chiba University Center for Forensic Mental Health, Chiba, Japan."
29394409,Diaz N,"Departamento de Fisiología, Facultad de Medicina, Universidad de Buenos Aires and Instituto de Fisiología y Biofísica ""Bernardo Houssay"" (IFIBIO-Houssay), Grupo de Neurociencia de Sistemas, CONICET-Universidad de Buenos Aires, Buenos Aires, Argentina."
29394409,Pretell Annan C,"Departamento de Fisiología, Facultad de Medicina, Universidad de Buenos Aires and Instituto de Fisiología y Biofísica ""Bernardo Houssay"" (IFIBIO-Houssay), Grupo de Neurociencia de Sistemas, CONICET-Universidad de Buenos Aires, Buenos Aires, Argentina."
29394409,Eskow Jaunarajs K,"Department of Neurology, University of Alabama at Birmingham, Birmingham, AL."
29394409,Hashimoto K,"Division of Clinical Neuroscience, Chiba University Center for Forensic Mental Health, Chiba, Japan."
29394409,Belforte J,"Departamento de Fisiología, Facultad de Medicina, Universidad de Buenos Aires and Instituto de Fisiología y Biofísica ""Bernardo Houssay"" (IFIBIO-Houssay), Grupo de Neurociencia de Sistemas, CONICET-Universidad de Buenos Aires, Buenos Aires, Argentina."
29394409,Nakazawa K,"Department of Psychiatry and Behavioral Neurobiology, University of Alabama at Birmingham, Birmingham, AL."
29394409,Nakazawa K,"Unit on Genetics of Cognition and Behavior, National Institute of Mental Health, National Institutes of Health, Department of Health and Human Services, Bethesda, MD."
29355695,Asorey L,"Universidad de Buenos Aires, CONICET, Instituto de Fisiología y Biofísica ""Bernardo Houssay"" (IFIBIO), Buenos Aires, Argentina."
29355695,Carbone S,"Universidad de Buenos Aires, CONICET, Departamento de Ciencias Fisiológicas, Buenos Aires, Argentina."
29355695,Gonzalez B,"Universidad de Buenos Aires, CONICET, Departamento de Ciencias Fisiológicas, Buenos Aires, Argentina."
29355695,Cutrera R,"Universidad de Buenos Aires, CONICET, Instituto de Fisiología y Biofísica ""Bernardo Houssay"" (IFIBIO), Buenos Aires, Argentina. Electronic address: rcutrera@fmed.uba.ar."
29243846,Pizzoni A,"Laboratorio de Biomembranas, Facultad de Medicina, Departamento de Ciencias Fisiológicas, Universidad de Buenos Aires, Buenos Aires, Argentina."
29243846,Pizzoni A,"CONICET-Universidad de Buenos Aires, Instituto de Fisiología y Biofísica ""Bernardo Houssay"" (IFIBIO), Buenos Aires, Argentina."
29243846,Lopez Gonzalez M,"Laboratorio de Biomembranas, Facultad de Medicina, Departamento de Ciencias Fisiológicas, Universidad de Buenos Aires, Buenos Aires, Argentina."
29243846,Di Giusto G,"Laboratorio de Biomembranas, Facultad de Medicina, Departamento de Ciencias Fisiológicas, Universidad de Buenos Aires, Buenos Aires, Argentina."
29243846,Di Giusto G,"CONICET-Universidad de Buenos Aires, Instituto de Fisiología y Biofísica ""Bernardo Houssay"" (IFIBIO), Buenos Aires, Argentina."
29243846,Rivarola V,"Laboratorio de Biomembranas, Facultad de Medicina, Departamento de Ciencias Fisiológicas, Universidad de Buenos Aires, Buenos Aires, Argentina."
29243846,Rivarola V,"CONICET-Universidad de Buenos Aires, Instituto de Fisiología y Biofísica ""Bernardo Houssay"" (IFIBIO), Buenos Aires, Argentina."
29243846,Capurro C,"Laboratorio de Biomembranas, Facultad de Medicina, Departamento de Ciencias Fisiológicas, Universidad de Buenos Aires, Buenos Aires, Argentina."
29243846,Capurro C,"CONICET-Universidad de Buenos Aires, Instituto de Fisiología y Biofísica ""Bernardo Houssay"" (IFIBIO), Buenos Aires, Argentina."
29243846,Ford P,"Laboratorio de Biomembranas, Facultad de Medicina, Departamento de Ciencias Fisiológicas, Universidad de Buenos Aires, Buenos Aires, Argentina."
29243846,Ford P,"CONICET-Universidad de Buenos Aires, Instituto de Fisiología y Biofísica ""Bernardo Houssay"" (IFIBIO), Buenos Aires, Argentina."
29197004,Capobianco E,"Laboratory of Reproduction and Metabolism, CEFYBO, CONICET, School of Medicine, University of Buenos Aires, Paraguay 2155 (1121), Buenos Aires, Argentina. evacapobianco@yahoo.com.ar."
29197004,Martinez N,"Laboratory of Biology of Reproduction, IFIBIO, CONICET, School of Medicine, University of Buenos Aires, Buenos Aires, Argentina."
29108637,Szpilbarg N,"Laboratorio de Biología de la Reproducción, Instituto de Fisiología y Biofísica Bernardo Houssay (IFIBIO), CONICET, Facultad de Medicina, Universidad de Buenos Aires, Buenos Aires, Argentina."
29108637,Damiano A,"Laboratorio de Biología de la Reproducción, Instituto de Fisiología y Biofísica Bernardo Houssay (IFIBIO), CONICET, Facultad de Medicina, Universidad de Buenos Aires, Buenos Aires, Argentina; Cátedra de Biología Celular y Molecular, Departamento de Ciencias Biológicas, Facultad de Farmacia y Bioquímica, Universidad de Buenos Aires, Buenos Aires, Argentina. Electronic address: adamiano@ffyb.uba.ar."
29085903,Miranda M,"Laboratory of Memory Research and Molecular Cognition, Institute for Cell Biology and Neuroscience CONICET and University of Buenos Aires Medical School, Buenos Aires, Argentina."
29085903,Kent B,"Department of Medicine, University of British Columbia, Vancouver, BC, Canada."
29085903,Morici J,"Systems Neuroscience Group, Laboratory of Experimental Cognition and Behavior, Institute of Physiology and Biophysics, IFIBIO ""Houssay,"" CONICET and University of Buenos Aires Medical School, Buenos Aires, Argentina."
29085903,Gallo F,"Laboratory of Memory Research and Molecular Cognition, Institute for Cell Biology and Neuroscience CONICET and University of Buenos Aires Medical School, Buenos Aires, Argentina."
29085903,Gallo F,"Systems Neuroscience Group, Laboratory of Experimental Cognition and Behavior, Institute of Physiology and Biophysics, IFIBIO ""Houssay,"" CONICET and University of Buenos Aires Medical School, Buenos Aires, Argentina."
29085903,Weisstaub N,"Systems Neuroscience Group, Laboratory of Experimental Cognition and Behavior, Institute of Physiology and Biophysics, IFIBIO ""Houssay,"" CONICET and University of Buenos Aires Medical School, Buenos Aires, Argentina."
29085903,Saksida L,"Department of Psychology and MRC/Wellcome Trust Behavioural and Clinical Neuroscience Institute, University of Cambridge, Cambridge, UK."
29085903,Saksida L,"Molecular Medicine Research Group, Robarts Research Institute, and Department of Physiology and Pharmacology, Schulich School of Medicine and Dentistry, Western University, London, ON, Canada."
29085903,Saksida L,"The Brain and Mind Institute, Western University, London, ON, Canada."
29085903,Bussey T,"Department of Psychology and MRC/Wellcome Trust Behavioural and Clinical Neuroscience Institute, University of Cambridge, Cambridge, UK."
29085903,Bussey T,"Molecular Medicine Research Group, Robarts Research Institute, and Department of Physiology and Pharmacology, Schulich School of Medicine and Dentistry, Western University, London, ON, Canada."
29085903,Bussey T,"The Brain and Mind Institute, Western University, London, ON, Canada."
29085903,Bekinschtein P,"Laboratory of Memory Research and Molecular Cognition, Institute for Cell Biology and Neuroscience CONICET and University of Buenos Aires Medical School, Buenos Aires, Argentina."
29068360,Abrey Recalde M,"Laboratorio de Patogénesis e Inmunología de Procesos Infecciosos, Instituto de Medicina Experimental, Consejo Nacional de Investigaciones Científicas y Técnicas-Academia Nacional de Medicina, 1425 Buenos Aires, Argentina. jimena.abrey@gmail.com."
29068360,Alvarez R,"Laboratorio de Fisiopatogenia, Departamento de Fisiología, Instituto de Fisiología y Biofísica ""Bernardo Houssay"", Facultad de Medicina-Consejo Nacional de Investigaciones Científicas y Técnicas, Universidad de Buenos Aires, 1121 Buenos Aires, Argentina. roalvarez_4@yahoo.com.ar."
29068360,Alberto F,"División Trombosis, Instituto de investigaciones Hematológicas ""Mariano R. Castex"", Academia Nacional de Medicina, 1425 Buenos Aires, Argentina. fabiana@hematologia.anm.edu.ar."
29068360,Mejias M,"Laboratorio de Patogénesis e Inmunología de Procesos Infecciosos, Instituto de Medicina Experimental, Consejo Nacional de Investigaciones Científicas y Técnicas-Academia Nacional de Medicina, 1425 Buenos Aires, Argentina. mpmejias@gmail.com."
29068360,Ramos M,"Laboratorio de Patogénesis e Inmunología de Procesos Infecciosos, Instituto de Medicina Experimental, Consejo Nacional de Investigaciones Científicas y Técnicas-Academia Nacional de Medicina, 1425 Buenos Aires, Argentina. vramos@hematologia.anm.edu.ar."
29068360,Fernandez Brando R,"Laboratorio de Patogénesis e Inmunología de Procesos Infecciosos, Instituto de Medicina Experimental, Consejo Nacional de Investigaciones Científicas y Técnicas-Academia Nacional de Medicina, 1425 Buenos Aires, Argentina. rominbra@yahoo.com.ar."
29068360,Bruballa A,"Laboratorio de Patogénesis e Inmunología de Procesos Infecciosos, Instituto de Medicina Experimental, Consejo Nacional de Investigaciones Científicas y Técnicas-Academia Nacional de Medicina, 1425 Buenos Aires, Argentina. andrea.bruballa@gmail.com."
29068360,Exeni R,"Departamento de Nefrología, Hospital Municipal del Niño, San Justo, B1754FUD Provincia de Buenos Aires, Argentina. Raexeni@gmail.com."
29068360,Alconcher L,"Unidad de Nefrourología Infantil. Hospital Interzonal General Dr. José Penna, Bahía Blanca, 8000 Provincia de Buenos Aires, Argentina. Laura.alconcher.la@gmail.com."
29068360,Ibarra C,"Laboratorio de Fisiopatogenia, Departamento de Fisiología, Instituto de Fisiología y Biofísica ""Bernardo Houssay"", Facultad de Medicina-Consejo Nacional de Investigaciones Científicas y Técnicas, Universidad de Buenos Aires, 1121 Buenos Aires, Argentina. cristinaadrianaibarra@gmail.com."
29068360,Amaral M,"Laboratorio de Fisiopatogenia, Departamento de Fisiología, Instituto de Fisiología y Biofísica ""Bernardo Houssay"", Facultad de Medicina-Consejo Nacional de Investigaciones Científicas y Técnicas, Universidad de Buenos Aires, 1121 Buenos Aires, Argentina. mmamaral74@gmail.com."
29068360,Palermo M,"Laboratorio de Patogénesis e Inmunología de Procesos Infecciosos, Instituto de Medicina Experimental, Consejo Nacional de Investigaciones Científicas y Técnicas-Academia Nacional de Medicina, 1425 Buenos Aires, Argentina. Mspalermo@hematologia.anm.edu.ar."
28986756,Giachini F,"Laboratory of Vascular Biology, Institute of Health Sciences and Health, Universidade Federal de Mato Grosso, Barra do Garcas, MT, Brazil."
28986756,Galaviz-Hernandez C,"Pharmacogenomics Academia, Instituto Politécnico Nacional-CIIDIR Durango, Durango, Mexico."
28986756,Damiano A,"Laboratorio de Biología de la Reproducción, IFIBIO Houssay-UBA-CONICET, Buenos Aires, Argentina."
28986756,Damiano A,"Departamento de Ciencias Biológicas, Facultad de Farmacia y Bioquimica, UBA, Buenos Aires, Argentina."
28986756,Viana M,"Biochemistry and Molecular Biology, Facultad de Farmacia, Universidad San Pablo-CEU, CEU Universities, Madrid, Spain."
28986756,Cadavid A,"Grupo Reproducción, Departamento de Fisiologia, Facultad de Medicina Universidad de Antioquia, Medellin, Colombia."
28986756,Asturizaga P,"Hospital Materno-Infantil de la Caja Nacional de Salud, La Paz, Bolivia."
28986756,Teran E,"Colegio de Ciencias de la Salud, Universidad San Francisco de Quito, Quito, Ecuador."
28986756,Clapes S,"Universidad de Ciencias Médicas de La Habana, Havana, Cuba."
28986756,Alcala M,"Biochemistry and Molecular Biology, Facultad de Farmacia, Universidad San Pablo-CEU, CEU Universities, Madrid, Spain."
28986756,Bueno J,"Grupo Reproducción, Departamento de Fisiologia, Facultad de Medicina Universidad de Antioquia, Medellin, Colombia."
28986756,Calderon-Dominguez M,"Biochemistry and Molecular Biology, Facultad de Farmacia, Universidad San Pablo-CEU, CEU Universities, Madrid, Spain."
28986756,Ramos M,"Biochemistry and Molecular Biology, Facultad de Farmacia, Universidad San Pablo-CEU, CEU Universities, Madrid, Spain."
28986756,Lima V,"Laboratory of Vascular Biology, Institute of Health Sciences and Health, Universidade Federal de Mato Grosso, Barra do Garcas, MT, Brazil."
28986756,Sosa-Macias M,"Pharmacogenomics Academia, Instituto Politécnico Nacional-CIIDIR Durango, Durango, Mexico."
28986756,Martinez N,"Laboratorio de Biología de la Reproducción, IFIBIO Houssay-UBA-CONICET, Buenos Aires, Argentina."
28986756,Roberts J,"Magee-Womens Research Institute, Departments of Obstetrics, Gynecology and Reproductive Sciences, Epidemiology, and the Clinical and Translational Science Institute, University of Pittsburgh, Pittsburgh, PA, USA."
28986756,Escudero C,"Vascular Physiology Laboratory Group of Investigation in Tumor Angiogenesis (GIANT) Group of Research and Innovation in Vascular Health (GRIVAS Health) Basic Sciences Department Faculty of Sciences, Universidad del Bio-Bio, Chillan, Chile. cescudero@ubiobio.cl."
28947572,Levy J,"Department of Neuroscience, The Johns Hopkins University, Baltimore, Maryland 21205."
28947572,Zold C,"Systems Neuroscience Group, IFIBIO Bernardo Houssay (CONICET-UBA), Department of Physiology and Biophysics, University of Buenos Aires, School of Medicine, Buenos Aires, Argentina 1121, and."
28947572,Namboodiri V,Department of Psychiatry and.
28947572,Namboodiri V,"Neuroscience Center, University of North Carolina, Chapel Hill, North Carolina 27599."
28947572,Hussain Shuler M,"Department of Neuroscience, The Johns Hopkins University, Baltimore, Maryland 21205, shuler@jhmi.edu."
28888654,Martorelli L,"Instituto de Patobiología, CICVyA, Instituto Nacional de Tecnología Agropecuaria, Hurlingham 1686, Argentina."
28888654,Albanese A,"Laboratorio de Fisiopatogenia, Departamento de Fisiología, Instituto de Fisiología y Biofísica Bernardo Houssay (IFIBIO Houssay-CONICET), Facultad de Medicina, Universidad de Buenos Aires, Buenos Aires 1121, Argentina."
28888654,Vilte D,"Instituto de Patobiología, CICVyA, Instituto Nacional de Tecnología Agropecuaria, Hurlingham 1686, Argentina."
28888654,Cantet R,"Facultad de Agronomía, Universidad de Buenos Aires-CONICET, Buenos Aires 1427, Argentina."
28888654,Bentancor A,"Cátedra de Microbiología, Facultad de Ciencias Veterinarias, Universidad de Buenos Aires, Buenos Aires 1427, Argentina."
28888654,Zolezzi G,"Servicio Fisiopatogenia, INEI-ANLIS ""Dr. Carlos G. Malbrán"", Buenos Aires 1282, Argentina."
28888654,Chinen I,"Servicio Fisiopatogenia, INEI-ANLIS ""Dr. Carlos G. Malbrán"", Buenos Aires 1282, Argentina."
28888654,Ibarra C,"Laboratorio de Fisiopatogenia, Departamento de Fisiología, Instituto de Fisiología y Biofísica Bernardo Houssay (IFIBIO Houssay-CONICET), Facultad de Medicina, Universidad de Buenos Aires, Buenos Aires 1121, Argentina."
28888654,Rivas M,"Servicio Fisiopatogenia, INEI-ANLIS ""Dr. Carlos G. Malbrán"", Buenos Aires 1282, Argentina."
28888654,Mercado E,"Instituto de Patobiología, CICVyA, Instituto Nacional de Tecnología Agropecuaria, Hurlingham 1686, Argentina."
28888654,Cataldi A,"Instituto de Biotecnología, CICVyA, Instituto Nacional de Tecnología Agropecuaria, Hurlingham 1686, Argentina. Electronic address: cataldi.angeladrian@inta.inta.gob.ar."
28718802,Amaral M,"Laboratorio de Fisiopatogenia, Departamento de Fisiología, Instituto de Fisiología y Biofísica Bernardo Houssay (IFIBIO Houssay-CONICET), Facultad de Medicina, Universidad de Buenos Aires, Buenos Aires 1121, Argentina. mmamaral74@gmail.com."
28718802,Girard M,"Laboratorio de Fisiopatogenia, Departamento de Fisiología, Instituto de Fisiología y Biofísica Bernardo Houssay (IFIBIO Houssay-CONICET), Facultad de Medicina, Universidad de Buenos Aires, Buenos Aires 1121, Argentina. magali.girard@live.com.ar."
28718802,Alvarez R,"Laboratorio de Fisiopatogenia, Departamento de Fisiología, Instituto de Fisiología y Biofísica Bernardo Houssay (IFIBIO Houssay-CONICET), Facultad de Medicina, Universidad de Buenos Aires, Buenos Aires 1121, Argentina. roalvarez_4@yahoo.com.ar."
28718802,Paton A,"Research Centre for Infectious Diseases, Department of Molecular and Cellular Biology, University of Adelaide, Adelaide 5005, Australia. adrienne.paton@adelaide.edu.au."
28718802,Paton J,"Research Centre for Infectious Diseases, Department of Molecular and Cellular Biology, University of Adelaide, Adelaide 5005, Australia. james.paton@adelaide.edu.au."
28718802,Repetto H,"Servicio de Pediatría, Hospital Nacional Profesor Alejandro Posadas, Buenos Aires 1684, Argentina. harepetto@yahoo.com.ar."
28718802,Sacerdoti F,"Laboratorio de Fisiopatogenia, Departamento de Fisiología, Instituto de Fisiología y Biofísica Bernardo Houssay (IFIBIO Houssay-CONICET), Facultad de Medicina, Universidad de Buenos Aires, Buenos Aires 1121, Argentina. flasacerdoti@gmail.com."
28718802,Ibarra C,"Laboratorio de Fisiopatogenia, Departamento de Fisiología, Instituto de Fisiología y Biofísica Bernardo Houssay (IFIBIO Houssay-CONICET), Facultad de Medicina, Universidad de Buenos Aires, Buenos Aires 1121, Argentina. cristinaadrianaibarra@gmail.com."
28710541,Medrano M,"Instituto de Fisiología y Biofísica Prof. Bernardo Houssay (IFIBIO-Houssay), UBA y Consejo Nacional de Investigaciones Científicas y Técnicas (CONICET), Buenos Aires, Argentina."
28710541,Medrano M,"Instituto de Química y Fisicoquímica Biológicas (IQUIFIB) Prof. Alejandro Paladini, UBA-CONICET, Buenos Aires, Argentina."
28710541,Bejarano C,"Instituto de Fisiología y Biofísica Prof. Bernardo Houssay (IFIBIO-Houssay), UBA y Consejo Nacional de Investigaciones Científicas y Técnicas (CONICET), Buenos Aires, Argentina."
28710541,Bejarano C,"Departamento de Fisiología, Facultad de Medicina, Universidad de Buenos Aires (UBA), Buenos Aires, Argentina."
28710541,Battista A,"Instituto de Química y Fisicoquímica Biológicas (IQUIFIB) Prof. Alejandro Paladini, UBA-CONICET, Buenos Aires, Argentina."
28710541,Venera G,"Instituto Universitario Italiano de Rosario (IUNIR), Santa Fe, Argentina."
28710541,Bernabeu R,"Instituto de Fisiología y Biofísica Prof. Bernardo Houssay (IFIBIO-Houssay), UBA y Consejo Nacional de Investigaciones Científicas y Técnicas (CONICET), Buenos Aires, Argentina."
28710541,Bernabeu R,"Departamento de Fisiología, Facultad de Medicina, Universidad de Buenos Aires (UBA), Buenos Aires, Argentina."
28710541,Faillace M,"Instituto de Fisiología y Biofísica Prof. Bernardo Houssay (IFIBIO-Houssay), UBA y Consejo Nacional de Investigaciones Científicas y Técnicas (CONICET), Buenos Aires, Argentina. pfaillace@qb.ffyb.uba.ar."
28710541,Faillace M,"Departamento de Fisiología, Facultad de Medicina, Universidad de Buenos Aires (UBA), Buenos Aires, Argentina. pfaillace@qb.ffyb.uba.ar."
28710541,Faillace M,"IFIBIO-Houssay, Departamento de Fisiología, Facultad de Medicina, Universidad de Buenos Aires (UBA), Paraguay 2155 7° piso, C1121ABG, Ciudad Autónoma de Buenos Aires, Argentina. pfaillace@qb.ffyb.uba.ar."
28643674,Fernandez-Brando R,"Laboratorio de Patogénesis y de Procesos Infecciosos, Instituto de Medicina Experimental, (IMEX-CONICET), Academia Nacional de Medicina, Argentina."
28643674,Amaral M,"Laboratorio de Fisiopatogenia, Departamento de Fisiología, Instituto de Fisiología y Biofísica Bernardo Houssay (IFIBIO Houssay-CONICET), Facultad de Medicina, Universidad de Buenos Aires, Argentina."
28643674,Ciocchini A,"Instituto de Investigaciones Biotecnológicas Rodolfo Ugalde-Instituto Tecnológico de Chascomús (IIB-INTECH), Universidad Nacional de San Martín (UNSAM), Consejo Nacional de Investigaciones Científicas y Técnicas (CONICET), Argentina."
28643674,Bentancor L,"Laboratorio de Ingeniería Genética y Biología Celular y Molecular, Universidad Nacional de Quilmes, Buenos Aires, Argentina."
28643674,Trelles J,"Laboratorio de Investigaciones en Biotecnología Sustentable (LIBioS), Departamento de Ciencia y Tecnología, Universidad Nacional de Quilmes, Buenos Aires, Argentina."
28643674,Da Rocha M,"Asociación Lucha contra el Síndrome Urémico Hemolítico (LuSUH), Argentina."
28643674,Landriel M,"Cátedra de Nutrición, Carrera de Tecnología de Alimentos, Universidad Nacional de Lanús, Buenos Aires, Argentina."
28643674,Ugarte M,"Cátedra de Nutrición, Carrera de Tecnología de Alimentos, Universidad Nacional de Lanús, Buenos Aires, Argentina."
28643674,Briones G,"Instituto de Investigaciones Biotecnológicas Rodolfo Ugalde-Instituto Tecnológico de Chascomús (IIB-INTECH), Universidad Nacional de San Martín (UNSAM), Consejo Nacional de Investigaciones Científicas y Técnicas (CONICET), Argentina."
28643674,Ibarra C,"Laboratorio de Fisiopatogenia, Departamento de Fisiología, Instituto de Fisiología y Biofísica Bernardo Houssay (IFIBIO Houssay-CONICET), Facultad de Medicina, Universidad de Buenos Aires, Argentina."
28643674,Palermo M,"Laboratorio de Patogénesis y de Procesos Infecciosos, Instituto de Medicina Experimental, (IMEX-CONICET), Academia Nacional de Medicina, Argentina. E-mail: marinaspalermo@hotmail.com."
28523190,Trimarchi H,"Nephrology Service, Hospital Británico de Buenos Aires, Buenos Aires, Argentina."
28523190,Canzonieri R,"Central Laboratory, Hospital Británico de Buenos Aires, Buenos Aires, Argentina."
28523190,Schiel A,"Central Laboratory, Hospital Británico de Buenos Aires, Buenos Aires, Argentina."
28523190,Politei J,"Neurology Department, Laboratorio de Neuroquímica Dr. Nestor Chamoles, Buenos Aires, Argentina."
28523190,Costales-Collaguazo C,"IFIBIO Houssay, CONICET, Physiopathology, Pharmacy and Biochemistry Faculty, Universidad de Buenos Aires, Buenos Aires, Argentina."
28523190,Stern A,"Central Laboratory, Hospital Británico de Buenos Aires, Buenos Aires, Argentina."
28523190,Paulero M,"Nephrology Service, Hospital Británico de Buenos Aires, Buenos Aires, Argentina."
28523190,Rengel T,"Nephrology Service, Hospital Británico de Buenos Aires, Buenos Aires, Argentina."
28523190,Valino-Rivas L,"IIS-Fundación Jimenez Diaz, School of Medicine, UAM, Madrid, Spain."
28523190,Forrester M,"Nephrology Service, Hospital Británico de Buenos Aires, Buenos Aires, Argentina."
28523190,Lombi F,"Nephrology Service, Hospital Británico de Buenos Aires, Buenos Aires, Argentina."
28523190,Pomeranz V,"Nephrology Service, Hospital Británico de Buenos Aires, Buenos Aires, Argentina."
28523190,Iriarte R,"Nephrology Service, Hospital Británico de Buenos Aires, Buenos Aires, Argentina."
28523190,Muryan A,"Central Laboratory, Hospital Británico de Buenos Aires, Buenos Aires, Argentina."
28523190,Ortiz A,"IIS-Fundación Jimenez Diaz, School of Medicine, UAM, Madrid, Spain."
28523190,Ortiz A,"REDINREN, Madrid, Spain."
28523190,Sanchez-Nino M,"IIS-Fundación Jimenez Diaz, School of Medicine, UAM, Madrid, Spain."
28523190,Sanchez-Nino M,"REDINREN, Madrid, Spain."
28523190,Zotta E,"IFIBIO Houssay, CONICET, Physiopathology, Pharmacy and Biochemistry Faculty, Universidad de Buenos Aires, Buenos Aires, Argentina."
28486763,Goldman R,"Consejo Nacional de Investigaciones Científicas y Técnicas, Facultad de Medicina, Instituto de Fisiología y Biofísica (IFIBIO Houssay), Laboratorio de Biomembranas, Universidad de Buenos Aires, Argentina."
28486763,Jozefkowicz C,"Consejo Nacional de Investigaciones Científicas y Técnicas, Instituto de Química y Fisicoquímica Biológicas (IQUIFIB), Departamento de Fisicomatemática, Facultad de Farmacia y Bioquímica, Universidad de Buenos Aires, Argentina."
28486763,Canessa Fortuna A,"Consejo Nacional de Investigaciones Científicas y Técnicas, Instituto de Química y Fisicoquímica Biológicas (IQUIFIB), Departamento de Fisicomatemática, Facultad de Farmacia y Bioquímica, Universidad de Buenos Aires, Argentina."
28486763,Sutka M,"Consejo Nacional de Investigaciones Científicas y Técnicas, Instituto de Biodiversidad y Biología Experimental y Aplicada (IBBEA), Departamento de Biodiversidad y Biología Experimental, Facultad de Ciencias Exactas y Naturales, Universidad de Buenos Aires, Argentina."
28486763,Alleva K,"Consejo Nacional de Investigaciones Científicas y Técnicas, Instituto de Química y Fisicoquímica Biológicas (IQUIFIB), Departamento de Fisicomatemática, Facultad de Farmacia y Bioquímica, Universidad de Buenos Aires, Argentina."
28486763,Ozu M,"Consejo Nacional de Investigaciones Científicas y Técnicas, Facultad de Medicina, Instituto de Fisiología y Biofísica (IFIBIO Houssay), Laboratorio de Biomembranas, Universidad de Buenos Aires, Argentina."
28486763,Ozu M,"Consejo Nacional de Investigaciones Científicas y Técnicas, Instituto de Biodiversidad y Biología Experimental y Aplicada (IBBEA), Departamento de Biodiversidad y Biología Experimental, Facultad de Ciencias Exactas y Naturales, Universidad de Buenos Aires, Argentina."
28476642,Braz B,"Universidad de Buenos Aires, Facultad de Medicina, Departamento de Ciencias Fisiológicas, Grupo de Neurociencia de Sistemas, Buenos Aires, Argentina; Universidad de Buenos Aires, CONICET, Instituto de Fisiología y Biofísica (IFIBIO) Houssay, Buenos Aires, Argentina. Electronic address: barbybraz@gmail.com."
28476642,Belforte J,"Universidad de Buenos Aires, Facultad de Medicina, Departamento de Ciencias Fisiológicas, Grupo de Neurociencia de Sistemas, Buenos Aires, Argentina; Universidad de Buenos Aires, CONICET, Instituto de Fisiología y Biofísica (IFIBIO) Houssay, Buenos Aires, Argentina. Electronic address: belfortej@yahoo.com."
28476642,Murer M,"Universidad de Buenos Aires, Facultad de Medicina, Departamento de Ciencias Fisiológicas, Grupo de Neurociencia de Sistemas, Buenos Aires, Argentina; Universidad de Buenos Aires, CONICET, Instituto de Fisiología y Biofísica (IFIBIO) Houssay, Buenos Aires, Argentina. Electronic address: gmurer@fmed.uba.ar."
28476642,Galinanes G,"Universidad de Buenos Aires, Facultad de Medicina, Departamento de Ciencias Fisiológicas, Grupo de Neurociencia de Sistemas, Buenos Aires, Argentina; Universidad de Buenos Aires, CONICET, Instituto de Fisiología y Biofísica (IFIBIO) Houssay, Buenos Aires, Argentina. Electronic address: gregorio.galinanes@unige.ch."
28473934,Trimarchi H,"Nephrology, Hospital Británico de Buenos Aires, Buenos Aires, Argentina."
28473934,Paulero M,"Nephrology, Hospital Británico de Buenos Aires, Buenos Aires, Argentina."
28473934,Canzonieri R,"Biochemistry, Hospital Británico de Buenos Aires, Buenos Aires, Argentina."
28473934,Schiel A,"Biochemistry, Hospital Británico de Buenos Aires, Buenos Aires, Argentina."
28473934,Iotti A,"Pathology Services, Hospital Británico de Buenos Aires, Buenos Aires, Argentina."
28473934,Costales-Collaguazo C,"IFIBIO Houssay-UBA CONICET, Facultad de Medicina, Universidad de Buenos Aires, Argentina."
28473934,Stern A,"Biochemistry, Hospital Británico de Buenos Aires, Buenos Aires, Argentina."
28473934,Forrester M,"Nephrology, Hospital Británico de Buenos Aires, Buenos Aires, Argentina."
28473934,Lombi F,"Nephrology, Hospital Británico de Buenos Aires, Buenos Aires, Argentina."
28473934,Pomeranz V,"Nephrology, Hospital Británico de Buenos Aires, Buenos Aires, Argentina."
28473934,Iriarte R,"Nephrology, Hospital Británico de Buenos Aires, Buenos Aires, Argentina."
28473934,Rengel T,"Nephrology, Hospital Británico de Buenos Aires, Buenos Aires, Argentina."
28473934,Gonzalez-Hoyos I,"Nephrology, Hospital Británico de Buenos Aires, Buenos Aires, Argentina."
28473934,Muryan A,"Biochemistry, Hospital Británico de Buenos Aires, Buenos Aires, Argentina."
28473934,Zotta E,"Pathology Services, Hospital Británico de Buenos Aires, Buenos Aires, Argentina."
28439227,Salles A,"Laboratorio de Neurobiología de la Memoria, Departamento de Fisiología y Biología Molecular y Celular, Facultad de Ciencias Exactas y Naturales, Universidad de Buenos AiresBuenos Aires, Argentina."
28439227,Salles A,"Instituto de Fisiología, Biología Molecular y Neurociencias (IFIBYNE), CONICET-Universidad de Buenos AiresBuenos Aires, Argentina."
28439227,Krawczyk M,"Laboratorio de Neurofarmacología de los Procesos de Memoria, Cátedra de Farmacología, Fac. Farmacia y Bioquímica, Universidad de Buenos Aires/CONICETBuenos Aires, Argentina."
28439227,Blake M,"Departamento de Fisiología, Instituto de Fisiología y Biofísica Bernardo Houssay (IFIBIO), Facultad de Medicina, Universidad de Buenos Aires, CONICETBuenos Aires, Argentina."
28439227,Romano A,"Laboratorio de Neurobiología de la Memoria, Departamento de Fisiología y Biología Molecular y Celular, Facultad de Ciencias Exactas y Naturales, Universidad de Buenos AiresBuenos Aires, Argentina."
28439227,Romano A,"Instituto de Fisiología, Biología Molecular y Neurociencias (IFIBYNE), CONICET-Universidad de Buenos AiresBuenos Aires, Argentina."
28439227,Boccia M,"Laboratorio de Neurofarmacología de los Procesos de Memoria, Cátedra de Farmacología, Fac. Farmacia y Bioquímica, Universidad de Buenos Aires/CONICETBuenos Aires, Argentina."
28439227,Freudenthal R,"Laboratorio de Neurobiología de la Memoria, Departamento de Fisiología y Biología Molecular y Celular, Facultad de Ciencias Exactas y Naturales, Universidad de Buenos AiresBuenos Aires, Argentina."
28439227,Freudenthal R,"Instituto de Fisiología, Biología Molecular y Neurociencias (IFIBYNE), CONICET-Universidad de Buenos AiresBuenos Aires, Argentina."
28432141,San Martin A,"Instituto de Fisiología y Biofísica Bernardo Houssay, Grupo de Neurociencia de Sistemas, Facultad de Medicina, Universidad de Buenos Aires, The National Scientific and Technical Research Council, Buenos Aires C1121ABG, Argentina, and."
28432141,Rela L,"Instituto de Fisiología y Biofísica Bernardo Houssay, Grupo de Neurociencia de Sistemas, Facultad de Medicina, Universidad de Buenos Aires, The National Scientific and Technical Research Council, Buenos Aires C1121ABG, Argentina, and."
28432141,Gelb B,"Mindich Child Health and Development Institute, Departments of Pediatrics and Genetics and Genomic Sciences, Icahn School of Medicine at Mount Sinai, New York, New York 10029."
28432141,Pagani M,"Instituto de Fisiología y Biofísica Bernardo Houssay, Grupo de Neurociencia de Sistemas, Facultad de Medicina, Universidad de Buenos Aires, The National Scientific and Technical Research Council, Buenos Aires C1121ABG, Argentina, and pagani@fmed.uba.ar calciumsignl@gmail.com."
28258575,Martinez N,"Laboratorio de Biología de la Reproducción, Instituto de Fisiología y Biofísica Bernardo Houssay (IFIBIO)- CONICET- Facultad de Medicina, Universidad de Buenos Aires, Buenos Aires, Argentina."
28258575,Damiano A,"Laboratorio de Biología de la Reproducción, Instituto de Fisiología y Biofísica Bernardo Houssay (IFIBIO)- CONICET- Facultad de Medicina, Universidad de Buenos Aires, Buenos Aires, Argentina. adamiano@ffyb.uba.ar."
28258575,Damiano A,"Cátedra de Biología Celular y Molecular, Departamento de Ciencias Biológicas, Facultad de Farmacia y Bioquímica, Universidad de Buenos Aires, Junín 956 1er piso, CP 1113, Buenos Aires, Argentina. adamiano@ffyb.uba.ar."
28213811,Blake M,"Facultad de Medicina UBA, CONICET. Paraguay, Instituto de Fisiología y Biofísica Bernardo Houssay, 7th Floor (C1121ABG), 2155, Buenos Aires, Argentina."
28213811,Boccia M,"Laboratorio de Neurofarmacología de la Memoria, Cátedra de Farmacología, Facultad de Farmacia y Bioquímica, UBA. Junín, 5th Floor (C1113AAD), 956, Buenos Aires, Argentina. mboccia@ffyb.uba.ar."
28193688,Martos Y,"Universidad de Buenos Aires. Facultad de Medicina, Departamento de Fisiología, Buenos Aires, Argentina, and CONICET-Universidad de Buenos Aires, Instituto de Fisiología y Biofísica ""Bernardo Houssay"" (IFIBIO-Houssay), Grupo de Neurociencia de Sistemas, Buenos Aires 1121, Argentina."
28193688,Braz B,"Universidad de Buenos Aires. Facultad de Medicina, Departamento de Fisiología, Buenos Aires, Argentina, and CONICET-Universidad de Buenos Aires, Instituto de Fisiología y Biofísica ""Bernardo Houssay"" (IFIBIO-Houssay), Grupo de Neurociencia de Sistemas, Buenos Aires 1121, Argentina."
28193688,Beccaria J,"Universidad de Buenos Aires. Facultad de Medicina, Departamento de Fisiología, Buenos Aires, Argentina, and CONICET-Universidad de Buenos Aires, Instituto de Fisiología y Biofísica ""Bernardo Houssay"" (IFIBIO-Houssay), Grupo de Neurociencia de Sistemas, Buenos Aires 1121, Argentina."
28193688,Murer M,"Universidad de Buenos Aires. Facultad de Medicina, Departamento de Fisiología, Buenos Aires, Argentina, and CONICET-Universidad de Buenos Aires, Instituto de Fisiología y Biofísica ""Bernardo Houssay"" (IFIBIO-Houssay), Grupo de Neurociencia de Sistemas, Buenos Aires 1121, Argentina."
28193688,Belforte J,"Universidad de Buenos Aires. Facultad de Medicina, Departamento de Fisiología, Buenos Aires, Argentina, and CONICET-Universidad de Buenos Aires, Instituto de Fisiología y Biofísica ""Bernardo Houssay"" (IFIBIO-Houssay), Grupo de Neurociencia de Sistemas, Buenos Aires 1121, Argentina jbelforte@fmed.uba.ar."
28130648,Faillace M,"Department of Physiology and Institute of Physiology and Biophysics (IFIBIO), School of Medicine, University of Buenos Aires, Paraguay 2155 7th floor, C1121ABG, Ciudad Autónoma de Buenos Aires, Argentina."
28130648,Pisera-Fuster A,"Department of Physiology and Institute of Physiology and Biophysics (IFIBIO), School of Medicine, University of Buenos Aires, Paraguay 2155 7th floor, C1121ABG, Ciudad Autónoma de Buenos Aires, Argentina."
28130648,Medrano M,"Department of Physiology and Institute of Physiology and Biophysics (IFIBIO), School of Medicine, University of Buenos Aires, Paraguay 2155 7th floor, C1121ABG, Ciudad Autónoma de Buenos Aires, Argentina."
28130648,Bejarano A,"Department of Physiology and Institute of Physiology and Biophysics (IFIBIO), School of Medicine, University of Buenos Aires, Paraguay 2155 7th floor, C1121ABG, Ciudad Autónoma de Buenos Aires, Argentina."
28130648,Bernabeu R,"Department of Physiology and Institute of Physiology and Biophysics (IFIBIO), School of Medicine, University of Buenos Aires, Paraguay 2155 7th floor, C1121ABG, Ciudad Autónoma de Buenos Aires, Argentina. rbernabeu@fmed.uba.ar."
28118493,Pisera-Fuster A,"Instituto de Fisiología y Biofísica (IFIBIO-Houssay), Facultad de Medicina, Universidad de Buenos Aires, Buenos Aires, Argentina."
28118493,Otero S,"Instituto de Fisiología y Biofísica (IFIBIO-Houssay), Facultad de Medicina, Universidad de Buenos Aires, Buenos Aires, Argentina."
28118493,Talevi A,"Departamento de Ciencias Biológicas, Facultad de Ciencias Exactas, Universidad Nacional de La Plata, La Plata, Argentina."
28118493,Bruno-Blanch L,"Departamento de Ciencias Biológicas, Facultad de Ciencias Exactas, Universidad Nacional de La Plata, La Plata, Argentina."
28118493,Bernabeu R,"Instituto de Fisiología y Biofísica (IFIBIO-Houssay), Facultad de Medicina, Universidad de Buenos Aires, Buenos Aires, Argentina."
28098409,Netti V,"Laboratorio de Biomembranas, IFIBIO Houssay, CONICET-UBA, Departamento de Ciencia Fisiológicas, Facultad de Medicina, Universidad de Buenos Aires, Buenos Aires, Argentina."
28098409,Fernandez J,"Laboratorio de Biomembranas, IFIBIO Houssay, CONICET-UBA, Departamento de Ciencia Fisiológicas, Facultad de Medicina, Universidad de Buenos Aires, Buenos Aires, Argentina."
28098409,Kalstein M,"Laboratorio de Biomembranas, IFIBIO Houssay, CONICET-UBA, Departamento de Ciencia Fisiológicas, Facultad de Medicina, Universidad de Buenos Aires, Buenos Aires, Argentina."
28098409,Pizzoni A,"Laboratorio de Biomembranas, IFIBIO Houssay, CONICET-UBA, Departamento de Ciencia Fisiológicas, Facultad de Medicina, Universidad de Buenos Aires, Buenos Aires, Argentina."
28098409,Di Giusto G,"Laboratorio de Biomembranas, IFIBIO Houssay, CONICET-UBA, Departamento de Ciencia Fisiológicas, Facultad de Medicina, Universidad de Buenos Aires, Buenos Aires, Argentina."
28098409,Rivarola V,"Laboratorio de Biomembranas, IFIBIO Houssay, CONICET-UBA, Departamento de Ciencia Fisiológicas, Facultad de Medicina, Universidad de Buenos Aires, Buenos Aires, Argentina."
28098409,Ford P,"Laboratorio de Biomembranas, IFIBIO Houssay, CONICET-UBA, Departamento de Ciencia Fisiológicas, Facultad de Medicina, Universidad de Buenos Aires, Buenos Aires, Argentina."
28098409,Capurro C,"Laboratorio de Biomembranas, IFIBIO Houssay, CONICET-UBA, Departamento de Ciencia Fisiológicas, Facultad de Medicina, Universidad de Buenos Aires, Buenos Aires, Argentina."
28069463,Navarro N,"Universidad de Buenos Aires, CONICET, Facultad de Medicina, Departamento de Fisiología, Instituto de Fisiología y Biofísica Bernardo Houssay (IFIBIO), Paraguay, 2155, 7th floor, C1121ABG, Buenos Aires, Argentina."
28069463,Krawczyk M,"Universidad de Buenos Aires, Facultad de Farmacia y Bioquímica, Cátedra de Farmacología, Junín, 956, 5th floor, C1113AAC, Buenos Aires, Argentina."
28069463,Boccia M,"Universidad de Buenos Aires, Facultad de Farmacia y Bioquímica, Cátedra de Farmacología, Junín, 956, 5th floor, C1113AAC, Buenos Aires, Argentina."
28069463,Blake M,"Universidad de Buenos Aires, CONICET, Facultad de Medicina, Departamento de Fisiología, Instituto de Fisiología y Biofísica Bernardo Houssay (IFIBIO), Paraguay, 2155, 7th floor, C1121ABG, Buenos Aires, Argentina. Electronic address: blakion@gmail.com."
28066234,Alfieri J,"IFIBIO Houssay, Grupo de Neurociencia de Sistemas, Facultad de Medicina, Universidad de Buenos Aires - CONICET Buenos Aires, Argentina."
28066234,Silva P,"IFIBIO Houssay, Grupo de Neurociencia de Sistemas, Facultad de Medicina, Universidad de Buenos Aires - CONICET Buenos Aires, Argentina."
28066234,Igaz L,"IFIBIO Houssay, Grupo de Neurociencia de Sistemas, Facultad de Medicina, Universidad de Buenos Aires - CONICET Buenos Aires, Argentina."
28057514,Seyahian E,"Universidad de Buenos Aires, Facultad de Medicina, Instituto de Fisiología y Biofísica IFIBIO Houssay-CONICET, Argentina."
28057514,Oltra G,"Universidad de Buenos Aires, Facultad de Medicina, Instituto de Fisiología y Biofísica IFIBIO Houssay-CONICET, Argentina."
28057514,Ochoa F,"Universidad de Buenos Aires, Facultad de Medicina, Instituto de Fisiología y Biofísica IFIBIO Houssay-CONICET, Argentina."
28057514,Melendi S,"Universidad de Buenos Aires, Facultad de Medicina, Instituto de Fisiología y Biofísica IFIBIO Houssay-CONICET, Argentina."
28057514,Hermes R,"Hospital de Agudos Juan A. Fernandez, Laboratorio Central, Argentina."
28057514,Paton J,"University of Adelaide, Department of Molecular and Cellular Biology, Research Centre for Infectious Diseases, Australia."
28057514,Paton A,"University of Adelaide, Department of Molecular and Cellular Biology, Research Centre for Infectious Diseases, Australia."
28057514,Lago N,"Universidad de Buenos Aires, Facultad de Medicina, Laboratorio de Patología Experimental y Aplicada, Argentina."
28057514,Castro Parodi M,"Universidad de Buenos Aires, Facultad de Medicina, Instituto de Fisiología y Biofísica IFIBIO Houssay-CONICET, Argentina."
28057514,Damiano A,"Universidad de Buenos Aires, Facultad de Medicina, Instituto de Fisiología y Biofísica IFIBIO Houssay-CONICET, Argentina."
28057514,Ibarra C,"Universidad de Buenos Aires, Facultad de Medicina, Instituto de Fisiología y Biofísica IFIBIO Houssay-CONICET, Argentina."
28057514,Zotta E,"Universidad de Buenos Aires, Facultad de Medicina, Instituto de Fisiología y Biofísica IFIBIO Houssay-CONICET, Argentina; Universidad de Buenos Aires, Facultad de Farmacia y Bioquímica, Cátedra de Fisiopatología, Buenos Aires, Argentina. Electronic address: ezotta@fmed.uba.ar."
28042026,Pinto A,"Universidad de Buenos Aires, Consejo Nacional de Investigaciones Científicas y Técnicas (CONICET), Instituto de Fisiología y Biofísica ""Houssay"" (IFIBIO), Facultad de Medicina, Universidad de Buenos Aires, Argentina."
28042026,Cangelosi A,"Centro Nacional de Control de Calidad de Biológicos (CNCCB), ANLIS ""Dr. Carlos G. Malbrán"", Buenos Aires, Argentina."
28042026,Geoghegan P,"Centro Nacional de Control de Calidad de Biológicos (CNCCB), ANLIS ""Dr. Carlos G. Malbrán"", Buenos Aires, Argentina."
28042026,Goldstein J,"Universidad de Buenos Aires, Consejo Nacional de Investigaciones Científicas y Técnicas (CONICET), Instituto de Fisiología y Biofísica ""Houssay"" (IFIBIO), Facultad de Medicina, Universidad de Buenos Aires, Argentina. Electronic address: jogol@fmed.uba.ar."
26842625,Trimarchi H,"Nephrology, Hospital Británico de Buenos Aires, Buenos Aires, Argentina. htrimarchi@hotmail.com."
26842625,Trimarchi H,"Servicio de Nefrología, Hospital Británico de Buenos Aires, Perdriel 74, 1280, Buenos Aires, Argentina. htrimarchi@hotmail.com."
26842625,Canzonieri R,"Biochemistry Services, Hospital Británico de Buenos Aires, Buenos Aires, Argentina."
26842625,Schiel A,"Biochemistry Services, Hospital Británico de Buenos Aires, Buenos Aires, Argentina."
26842625,Politei J,"Neurology Department, Fundación para el Estudio de las Enfermedades Metabólicas FESEN, Buenos Aires, Argentina."
26842625,Stern A,"Biochemistry Services, Hospital Británico de Buenos Aires, Buenos Aires, Argentina."
26842625,Andrews J,"Nephrology, Hospital Británico de Buenos Aires, Buenos Aires, Argentina."
26842625,Paulero M,"Nephrology, Hospital Británico de Buenos Aires, Buenos Aires, Argentina."
26842625,Rengel T,"Nephrology, Hospital Británico de Buenos Aires, Buenos Aires, Argentina."
26842625,Araoz A,"IFIBIO Houssay, UBA CONICET Facultad de Medicina, Universidad de Buenos Aires, Buenos Aires, Argentina."
26842625,Forrester M,"Nephrology, Hospital Británico de Buenos Aires, Buenos Aires, Argentina."
26842625,Lombi F,"Nephrology, Hospital Británico de Buenos Aires, Buenos Aires, Argentina."
26842625,Pomeranz V,"Nephrology, Hospital Británico de Buenos Aires, Buenos Aires, Argentina."
26842625,Iriarte R,"Nephrology, Hospital Británico de Buenos Aires, Buenos Aires, Argentina."
26842625,Young P,"Internal Medicine, Hospital Británico de Buenos Aires, Buenos Aires, Argentina."
26842625,Muryan A,"Biochemistry Services, Hospital Británico de Buenos Aires, Buenos Aires, Argentina."
26842625,Zotta E,"IFIBIO Houssay, UBA CONICET Facultad de Medicina, Universidad de Buenos Aires, Buenos Aires, Argentina."
27733175,Trimarchi H,"Nephrology Service, Hospital Británico de Buenos Aires, Perdriel 74, 1280, Buenos Aires, Argentina. htrimarchi@hotmail.com."
27733175,Canzonieri R,"Central Laboratory, Hospital Británico de Buenos Aires, Buenos Aires, Argentina."
27733175,Schiel A,"Central Laboratory, Hospital Británico de Buenos Aires, Buenos Aires, Argentina."
27733175,Costales-Collaguazo C,"IFIBIO Houssay, CONICET, Physiopathology, Pharmacy and Biochemistry Faculty, Universidad de Buenos Aires, Buenos Aires, Argentina."
27733175,Politei J,"Neurology Department, Laboratorio Neuroquímica Dr. Néstor Chamoles, Buenos Aires, Argentina."
27733175,Stern A,"Central Laboratory, Hospital Británico de Buenos Aires, Buenos Aires, Argentina."
27733175,Paulero M,"Nephrology Service, Hospital Británico de Buenos Aires, Perdriel 74, 1280, Buenos Aires, Argentina."
27733175,Rengel T,"Nephrology Service, Hospital Británico de Buenos Aires, Perdriel 74, 1280, Buenos Aires, Argentina."
27733175,Andrews J,"Nephrology Service, Hospital Británico de Buenos Aires, Perdriel 74, 1280, Buenos Aires, Argentina."
27733175,Forrester M,"Nephrology Service, Hospital Británico de Buenos Aires, Perdriel 74, 1280, Buenos Aires, Argentina."
27733175,Lombi M,"Nephrology Service, Hospital Británico de Buenos Aires, Perdriel 74, 1280, Buenos Aires, Argentina."
27733175,Pomeranz V,"Nephrology Service, Hospital Británico de Buenos Aires, Perdriel 74, 1280, Buenos Aires, Argentina."
27733175,Iriarte R,"Nephrology Service, Hospital Británico de Buenos Aires, Perdriel 74, 1280, Buenos Aires, Argentina."
27733175,Muryan A,"Central Laboratory, Hospital Británico de Buenos Aires, Buenos Aires, Argentina."
27733175,Zotta E,"IFIBIO Houssay, CONICET, Physiopathology, Pharmacy and Biochemistry Faculty, Universidad de Buenos Aires, Buenos Aires, Argentina."
27733175,Sanchez-Nino M,"IIS-Fundacion Jimenez Diaz, School of Medicine, UAM, Avda Reyes Catolicos 2, 28040, Madrid, Spain. mdsanchez@fjd.es."
27733175,Sanchez-Nino M,"REDINREN, Madrid, Spain. mdsanchez@fjd.es."
27733175,Ortiz A,"IIS-Fundacion Jimenez Diaz, School of Medicine, UAM, Avda Reyes Catolicos 2, 28040, Madrid, Spain."
27733175,Ortiz A,"REDINREN, Madrid, Spain."
27695468,Vitali V,"Departamento de Biodiversidad y Biología Experimental, Facultad de Ciencias Exactas y Naturales, Instituto de Biodiversidad y Biología Experimental y Aplicada, Universidad de Buenos Aires and Consejo Nacional de Investigaciones Científicas y Técnicas Buenos Aires, Argentina."
27695468,Sutka M,"Departamento de Biodiversidad y Biología Experimental, Facultad de Ciencias Exactas y Naturales, Instituto de Biodiversidad y Biología Experimental y Aplicada, Universidad de Buenos Aires and Consejo Nacional de Investigaciones Científicas y Técnicas Buenos Aires, Argentina."
27695468,Amodeo G,"Departamento de Biodiversidad y Biología Experimental, Facultad de Ciencias Exactas y Naturales, Instituto de Biodiversidad y Biología Experimental y Aplicada, Universidad de Buenos Aires and Consejo Nacional de Investigaciones Científicas y Técnicas Buenos Aires, Argentina."
27695468,Chara O,"System Biology Group (SysBio), Institute of Physics of Liquids and Biological Systems (IFLYSIB) CONICET, University of La PlataLa Plata, Argentina; Center for Information Services and High Performance Computing, Technische Universität DresdenDresden, Germany."
27695468,Ozu M,"Departamento de Biodiversidad y Biología Experimental, Facultad de Ciencias Exactas y Naturales, Instituto de Biodiversidad y Biología Experimental y Aplicada, Universidad de Buenos Aires and Consejo Nacional de Investigaciones Científicas y TécnicasBuenos Aires, Argentina; Departamento de Fisiología y Biofísica, Facultad de Medicina, Instituto de Fisiología y Biofísica (IFIBIO-Houssay), Universidad de Buenos Aires y Consejo Nacional de Investigaciones Científicas y TécnicasBuenos Aires, Argentina."
27625602,Nogueira-Campos A,"Department of Physiology, Federal University of Juiz de Fora Minas Gerais, Brazil."
27625602,Saunier G,"Laboratory of Motor Cognition, Department of Anatomy, Federal University of Pará Belém, Brazil."
27625602,Della-Maggiore V,"IFIBIO Houssay, Department of Physiology and Biophysics, School of Medicine, University of Buenos Aires Buenos Aires, Argentina."
27625602,De Oliveira L,"Post-Graduate Program in Rehabilitation Sciences, Unisuam Rio de Janeiro, Brazil."
27625602,Rodrigues E,"Post-Graduate Program in Rehabilitation Sciences, Unisuam Rio de Janeiro, Brazil."
27625602,Vargas C,"Laboratory of Neurobiology II, Neurobiology Program, Institute of Biophysics Carlos Chagas Filho, Federal University of Rio de JaneiroRio de Janeiro, Brazil; Instituto de Neurologia Deolindo Couto, Federal University of Rio de JaneiroRio de Janeiro, Brazil."
27568555,Tubert C,"IFIBIO Bernardo Houssay, Grupo de Neurociencia de Sistemas, Facultad de Medicina, Universidad de Buenos Aires - CONICET, 2155 Paraguay Street, Buenos Aires 1121, Argentina. Electronic address: cecitubert@gmail.com."
27568555,Taravini I,"Neurobiología Experimental, Universidad de Entre Ríos, Gualeguaychú, Entre Ríos E2822EXB, Argentina."
27568555,Flores-Barrera E,"Department of Cellular and Molecular Pharmacology, The Chicago Medical School at Rosalind Franklin University, Chicago, IL 60064, USA."
27568555,Sanchez G,"IFIBIO Bernardo Houssay, Grupo de Neurociencia de Sistemas, Facultad de Medicina, Universidad de Buenos Aires - CONICET, 2155 Paraguay Street, Buenos Aires 1121, Argentina."
27568555,Prost M,"IFIBIO Bernardo Houssay, Grupo de Neurociencia de Sistemas, Facultad de Medicina, Universidad de Buenos Aires - CONICET, 2155 Paraguay Street, Buenos Aires 1121, Argentina."
27568555,Avale M,"Instituto de Investigaciones en Ingeniería Genética y Biología Molecular (INGEBI), CONICET, Buenos Aires 1428, Argentina."
27568555,Tseng K,"Department of Cellular and Molecular Pharmacology, The Chicago Medical School at Rosalind Franklin University, Chicago, IL 60064, USA."
27568555,Rela L,"IFIBIO Bernardo Houssay, Grupo de Neurociencia de Sistemas, Facultad de Medicina, Universidad de Buenos Aires - CONICET, 2155 Paraguay Street, Buenos Aires 1121, Argentina."
27568555,Murer M,"IFIBIO Bernardo Houssay, Grupo de Neurociencia de Sistemas, Facultad de Medicina, Universidad de Buenos Aires - CONICET, 2155 Paraguay Street, Buenos Aires 1121, Argentina."
27527816,Sacerdoti F,"Laboratorio de Fisiopatogenia, Departamento de Fisiología, Instituto de Fisiología y Biofísica Bernardo Houssay (IFIBIO Houssay-CONICET), Facultad de Medicina, Universidad de Buenos Aires, Buenos Aires, Argentina."
27527816,Mejias M,"Laboratorio de Patogénesis e Inmunología de Procesos Infecciosos, Instituto de Medicina Experimental, (IMEX-CONICET), Academia Nacional de Medicina, Buenos Aires, Argentina."
27527816,Bruballa A,"Laboratorio de Patogénesis e Inmunología de Procesos Infecciosos, Instituto de Medicina Experimental, (IMEX-CONICET), Academia Nacional de Medicina, Buenos Aires, Argentina."
27527816,Alvarez R,"Laboratorio de Fisiopatogenia, Departamento de Fisiología, Instituto de Fisiología y Biofísica Bernardo Houssay (IFIBIO Houssay-CONICET), Facultad de Medicina, Universidad de Buenos Aires, Buenos Aires, Argentina."
27527816,Amaral M,"Laboratorio de Fisiopatogenia, Departamento de Fisiología, Instituto de Fisiología y Biofísica Bernardo Houssay (IFIBIO Houssay-CONICET), Facultad de Medicina, Universidad de Buenos Aires, Buenos Aires, Argentina."
27527816,Palermo M,"Laboratorio de Patogénesis e Inmunología de Procesos Infecciosos, Instituto de Medicina Experimental, (IMEX-CONICET), Academia Nacional de Medicina, Buenos Aires, Argentina."
27527816,Ibarra C,"Laboratorio de Fisiopatogenia, Departamento de Fisiología, Instituto de Fisiología y Biofísica Bernardo Houssay (IFIBIO Houssay-CONICET), Facultad de Medicina, Universidad de Buenos Aires, Buenos Aires, Argentina. Electronic address: ibarra@fmed.uba.ar."
27521227,Marquez L,"Departamento de Ciencias Fisiológicas, Instituto de Fisiología y Biofísica Bernardo Houssay (IFIBIO Houssay-CONICET), Facultad de Medicina, Universidad de Buenos Aires, Paraguay 2155, Piso 4, Buenos Aires, 1121, Argentina."
27521227,Araoz A,"Departamento de Ciencias Fisiológicas, Facultad de Medicina, Universidad de Buenos Aires, Buenos Aires, 1121, Argentina."
27521227,Repetto H,"Departamento de Pediatría, Facultad de Medicina, Universidad de Buenos Aires, Buenos Aires, 1121, Argentina."
27521227,Ibarra F,"Departamento de Ciencias Fisiológicas, Instituto de Fisiología y Biofísica Bernardo Houssay (IFIBIO Houssay-CONICET), Facultad de Medicina, Universidad de Buenos Aires, Paraguay 2155, Piso 4, Buenos Aires, 1121, Argentina; Laboratorio de Riñón Experimental, Instituto de Investigaciones Médicas A. Lanari, Universidad de Buenos Aires, Buenos Aires, 1427, Argentina."
27521227,Silberstein C,"Departamento de Ciencias Fisiológicas, Instituto de Fisiología y Biofísica Bernardo Houssay (IFIBIO Houssay-CONICET), Facultad de Medicina, Universidad de Buenos Aires, Paraguay 2155, Piso 4, Buenos Aires, 1121, Argentina. Electronic address: csilber@fmed.uba.ar."
27488203,Aban C,"Laboratorio de Fisiopatología Placentaria, Centro de Estudios Farmacológicos y Botánicos (CEFYBO, CONICET), Facultad de Medicina, Universidad de Buenos Aires, Paraguay 2155, 16th floor, C1121ABG, Buenos Aires, Argentina. cyntia_aban@yahoo.com.ar."
27488203,Martinez N,"Laboratorio de Biología de la Reproducción, Instituto de Fisiología y Biofísica Bernardo Houssay (IFIBIO) - CONICET- Facultad de Medicina, Universidad de Buenos Aires, Buenos Aires, Argentina."
27488203,Carou C,"Cátedra de Histología y Embriología, Facultad de Ciencias Veterinarias, UBA, Buenos Aires, Argentina."
27488203,Albamonte I,"Centro de Estudios Biomédicos, Biotecnológicos, Ambientales y Diagnóstico - CEBBAD, Universidad Maimónides, Buenos Aires, Argentina."
27488203,Toro A,"Departamento de Química Biológica, Instituto de Química Biológica de la Facultad de Ciencias Exactas y Naturales, Facultad de Ciencias Exactas y Naturales, UBA, Buenos Aires, Argentina."
27488203,Seyahian A,"Laboratorio de Biología de la Reproducción, Instituto de Fisiología y Biofísica Bernardo Houssay (IFIBIO) - CONICET- Facultad de Medicina, Universidad de Buenos Aires, Buenos Aires, Argentina."
27488203,Franchi A,"Laboratorio de Fisiopatología de la Preñez y el Parto, (CEFYBO, CONICET), Facultad de Medicina, UBA, Buenos Aires, Argentina."
27488203,Leguizamon G,"Departamento de Obstetricia y Ginecología, Unidad de Embarazo de Alto Riesgo, Centro de Educación Médica e Investigaciones Clínicas (CEMIC), Buenos Aires, Argentina."
27488203,Trigubo D,"Departamento de Obstetricia y Ginecología, Unidad de Embarazo de Alto Riesgo, Centro de Educación Médica e Investigaciones Clínicas (CEMIC), Buenos Aires, Argentina."
27488203,Damiano A,"Laboratorio de Biología de la Reproducción, Instituto de Fisiología y Biofísica Bernardo Houssay (IFIBIO) - CONICET- Facultad de Medicina, Universidad de Buenos Aires, Buenos Aires, Argentina."
27488203,Damiano A,"Departamento de Ciencias Biológicas, Facultad de Farmacia y Bioquímica, Universidad de Buenos Aires, Buenos Aires, Argentina."
27488203,Farina M,"Laboratorio de Fisiopatología Placentaria, Centro de Estudios Farmacológicos y Botánicos (CEFYBO, CONICET), Facultad de Medicina, Universidad de Buenos Aires, Paraguay 2155, 16th floor, C1121ABG, Buenos Aires, Argentina."
27431292,Bello E,"Instituto de Investigaciones en Ingeniería Genética y Biología Molecular, Consejo Nacional de Investigaciones Científicas y Técnicas and Facultad de Ciencias Exactas y Naturales, Universidad de Buenos Aires, Buenos Aires, Argentina."
27431292,Casas-Cordero R,"Instituto de Investigaciones en Ingeniería Genética y Biología Molecular, Consejo Nacional de Investigaciones Científicas y Técnicas and Facultad de Ciencias Exactas y Naturales, Universidad de Buenos Aires, Buenos Aires, Argentina."
27431292,Galinanes G,"Instituto de Fisiología y Biofísica Bernardo Houssay, Consejo Nacional de Investigaciones Científicas y Técnicas, Buenos Aires, Argentina."
27431292,Casey E,"Instituto de Investigaciones en Ingeniería Genética y Biología Molecular, Consejo Nacional de Investigaciones Científicas y Técnicas and Facultad de Ciencias Exactas y Naturales, Universidad de Buenos Aires, Buenos Aires, Argentina."
27431292,Belluscio M,"Instituto de Fisiología y Biofísica Bernardo Houssay, Consejo Nacional de Investigaciones Científicas y Técnicas, Buenos Aires, Argentina."
27431292,Rodriguez V,"Instituto de Investigaciones en Ingeniería Genética y Biología Molecular, Consejo Nacional de Investigaciones Científicas y Técnicas and Facultad de Ciencias Exactas y Naturales, Universidad de Buenos Aires, Buenos Aires, Argentina."
27431292,Noain D,"Instituto de Investigaciones en Ingeniería Genética y Biología Molecular, Consejo Nacional de Investigaciones Científicas y Técnicas and Facultad de Ciencias Exactas y Naturales, Universidad de Buenos Aires, Buenos Aires, Argentina."
27431292,Murer M,"Instituto de Fisiología y Biofísica Bernardo Houssay, Consejo Nacional de Investigaciones Científicas y Técnicas, Buenos Aires, Argentina."
27431292,Murer M,"Departamento de Fisiología, Facultad de Medicina, Universidad de Buenos Aires, Buenos Aires, Argentina."
27431292,Rubinstein M,"Instituto de Investigaciones en Ingeniería Genética y Biología Molecular, Consejo Nacional de Investigaciones Científicas y Técnicas and Facultad de Ciencias Exactas y Naturales, Universidad de Buenos Aires, Buenos Aires, Argentina."
27431292,Rubinstein M,"Department of Molecular and Integrative Physiology, University of Michigan, Ann Arbor, MI, USA."
27419661,Lempel A,"Instituto de Fisiología Biología Molecular y Neurociencias (IFIBYNE, UBA-CONICET), Buenos Aires, Argentina."
27419661,Coll L,"Instituto de Fisiología Biología Molecular y Neurociencias (IFIBYNE, UBA-CONICET), Buenos Aires, Argentina."
27419661,Schinder A,"Fundación Instituto Leloir, Instituto de Investigaciones Bioquímicas de Buenos Aires (IIBBA - CONICET), Buenos Aires, Argentina."
27419661,Uchitel O,"Instituto de Fisiología Biología Molecular y Neurociencias (IFIBYNE, UBA-CONICET), Buenos Aires, Argentina."
27419661,Piriz J,"Instituto de Fisiología Biología Molecular y Neurociencias (IFIBYNE, UBA-CONICET), Buenos Aires, Argentina."
27419661,Piriz J,"Instituto de Fisiología y Biofísica ""Houssay"" (IFIBIO ""Houssay"", UBA-CONICET), Buenos Aires, Argentina."
27342375,Levi L,"Departamento de Ciencias Biológicas, Facultad de Farmacia y Bioquímica, Universidad de Buenos Aires, Buenos Aires, Argentina."
27342375,Castro-Parodi M,"Departamento de Ciencias Biológicas, Facultad de Farmacia y Bioquímica, Universidad de Buenos Aires, Buenos Aires, Argentina."
27342375,Martinez N,"Laboratorio de Biología de la Reproducción, Instituto de Fisiología y Biofísica Bernardo Houssay (IFIBIO)- CONICET- Facultad de Medicina, Universidad de Buenos Aires, Buenos Aires, Argentina."
27342375,Piehl L,"Departamento de Fisicomatemática, Facultad de Farmacia y Bioquímica, Universidad de Buenos Aires, Buenos Aires, Argentina."
27342375,Rubin De Celis E,"Departamento de Fisicomatemática, Facultad de Farmacia y Bioquímica, Universidad de Buenos Aires, Buenos Aires, Argentina."
27342375,Herlax V,"Instituto de Investigaciones Bioquímicas de La Plata (INIBIOLP), CCT-La Plata, CONICET, Facultad de Ciencias Médicas, Universidad Nacional de La Plata, Buenos Aires, Argentina."
27342375,Mate S,"Instituto de Investigaciones Bioquímicas de La Plata (INIBIOLP), CCT-La Plata, CONICET, Facultad de Ciencias Médicas, Universidad Nacional de La Plata, Buenos Aires, Argentina."
27342375,Farina M,"Laboratorio de Fisiopatología Placentaria, CEFyBO, Facultad de Medicina, Universidad de Buenos Aires, Argentina."
27342375,Damiano A,"Departamento de Ciencias Biológicas, Facultad de Farmacia y Bioquímica, Universidad de Buenos Aires, Buenos Aires, Argentina; Laboratorio de Biología de la Reproducción, Instituto de Fisiología y Biofísica Bernardo Houssay (IFIBIO)- CONICET- Facultad de Medicina, Universidad de Buenos Aires, Buenos Aires, Argentina. Electronic address: adamiano@ffyb.uba.ar."
27321160,Krawczyk M,"Laboratorio de Neurofarmacología de los Procesos de Memoria, Cátedra de Farmacología, Fac. Farmacia y Bioquímica, UBA, Junín 956, C1113AAD CABA, Argentina."
27321160,Navarro N,"Laboratorio de Neurofarmacología de los Procesos de Memoria, Cátedra de Farmacología, Fac. Farmacia y Bioquímica, UBA, Junín 956, C1113AAD CABA, Argentina."
27321160,Blake M,"Instituto de Fisiología y Biofísica (IFIBIO UBA-CONICET), Facultad de Medicina, UBA, Paraguay 2155, C1121ABG CABA, Argentina."
27321160,Romano A,"Laboratorio de Neurobiología de la Memoria, Dto. Fisiología, Biología Molecular y Celular, Fac. Cs. Exactas y Naturales, UBA/IFIByNE, CONICET, Int. Güiraldes 2160, C1428EGA CABA, Argentina."
27321160,Feld M,"Laboratorio de Neurobiología de la Memoria, Dto. Fisiología, Biología Molecular y Celular, Fac. Cs. Exactas y Naturales, UBA/IFIByNE, CONICET, Int. Güiraldes 2160, C1428EGA CABA, Argentina. Electronic address: mfeld@fbmc.fcen.uba.ar."
27321160,Boccia M,"Laboratorio de Neurofarmacología de los Procesos de Memoria, Cátedra de Farmacología, Fac. Farmacia y Bioquímica, UBA, Junín 956, C1113AAD CABA, Argentina. Electronic address: mboccia@ffyb.uba.ar."
27225760,Escande M,"Systems Neuroscience Group, IFIBIO Bernardo Houssay, CONICET and Universidad de Buenos Aires, Department of Physiology and Biophysics, University of Buenos Aires School of Medicine, Buenos Aires, Argentina 1121, mvescande@gmail.com."
27225760,Taravini I,"Experimental Parkinsonism Group, ININFA, CONICET, and University of Buenos Aires, Buenos Aires, Argentina 1121, and Experimental Neurobiology Laboratory, University of Entre Ríos, Concepción del Uruguay, Entre Ríos, Argentina 2820."
27225760,Zold C,"Systems Neuroscience Group, IFIBIO Bernardo Houssay, CONICET and Universidad de Buenos Aires, Department of Physiology and Biophysics, University of Buenos Aires School of Medicine, Buenos Aires, Argentina 1121."
27225760,Belforte J,"Systems Neuroscience Group, IFIBIO Bernardo Houssay, CONICET and Universidad de Buenos Aires, Department of Physiology and Biophysics, University of Buenos Aires School of Medicine, Buenos Aires, Argentina 1121."
27225760,Murer M,"Systems Neuroscience Group, IFIBIO Bernardo Houssay, CONICET and Universidad de Buenos Aires, Department of Physiology and Biophysics, University of Buenos Aires School of Medicine, Buenos Aires, Argentina 1121."
27191152,Rivarola V,"Facultad de Medicina, Departamento de Ciencia Fisiológicas, Laboratorio de Biomembranas, IFIBIO Houssay, CONICET-UBA, Universidad de Buenos Aires, Buenos Aires, Argentina."
27191152,Di Giusto G,"Facultad de Medicina, Departamento de Ciencia Fisiológicas, Laboratorio de Biomembranas, IFIBIO Houssay, CONICET-UBA, Universidad de Buenos Aires, Buenos Aires, Argentina."
27191152,Christensen M,"Facultad de Medicina, Departamento de Ciencia Fisiológicas, Laboratorio de Biomembranas, IFIBIO Houssay, CONICET-UBA, Universidad de Buenos Aires, Buenos Aires, Argentina."
27191152,Ford P,"Facultad de Medicina, Departamento de Ciencia Fisiológicas, Laboratorio de Biomembranas, IFIBIO Houssay, CONICET-UBA, Universidad de Buenos Aires, Buenos Aires, Argentina."
27191152,Capurro C,"Facultad de Medicina, Departamento de Ciencia Fisiológicas, Laboratorio de Biomembranas, IFIBIO Houssay, CONICET-UBA, Universidad de Buenos Aires, Buenos Aires, Argentina."
27130259,Villar M,"Instituto de Biología Celular y Neurociencias ""Prof. Eduardo de Robertis"", Facultad de Medicina - Universidad de Buenos Aires - CONICET, Paraguay 2155 - 3rd floor, Ciudad Autónoma de Buenos Aires, C1121ABG Buenos Aires, Argentina. Electronic address: maeuvi@yahoo.com."
27130259,Martinez M,"Laboratorio de Fisiología de Circuitos Neuronales, Departamento de Fisiología, Facultad de Medicina, Instituto de Fisiología y Biofísica ""Bernardo Houssay"", Universidad de Buenos Aires - CONICET, Paraguay 2155 - 7th floor, Ciudad Autónoma de Buenos Aires, C1121ABG Buenos Aires, Argentina. Electronic address: ceciliamartinez256@gmail.com."
27130259,Lopes da Cunha P,"Instituto de Biología Celular y Neurociencias ""Prof. Eduardo de Robertis"", Facultad de Medicina - Universidad de Buenos Aires - CONICET, Paraguay 2155 - 3rd floor, Ciudad Autónoma de Buenos Aires, C1121ABG Buenos Aires, Argentina. Electronic address: pamelopes@gmail.com."
27130259,Ballarini F,"Instituto de Biología Celular y Neurociencias ""Prof. Eduardo de Robertis"", Facultad de Medicina - Universidad de Buenos Aires - CONICET, Paraguay 2155 - 3rd floor, Ciudad Autónoma de Buenos Aires, C1121ABG Buenos Aires, Argentina. Electronic address: faballarini@gmail.com."
27130259,Viola H,"Instituto de Biología Celular y Neurociencias ""Prof. Eduardo de Robertis"", Facultad de Medicina - Universidad de Buenos Aires - CONICET, Paraguay 2155 - 3rd floor, Ciudad Autónoma de Buenos Aires, C1121ABG Buenos Aires, Argentina; Departamento de Fisiologia, Biologia Molecular y Celular, Facultad de Ciencias Exactas y Naturales, Universidad de Buenos Aires, Intendente Güiraldes 2160, Ciudad Universitaria, Buenos Aires, Argentina. Electronic address: hviola@fmed.uba.ar."
27016779,Martinez N,"Laboratorio de Biología de la Reproducción, Instituto de Fisiología y Biofísica Bernardo Houssay (IFIBIO), CONICET, Facultad de Medicina, Universidad de Buenos Aires, Buenos Aires, Argentina. Electronic address: noraalicia.martinez@gmail.com."
27016779,Aban C,"Laboratorio de Fisiopatología Placentaria, CEFYBO-CONICET, Facultad de Medicina, Universidad de Buenos Aires, Buenos Aires, Argentina."
27016779,Leguizamon G,"Departamento de Ginecología y Obstetricia, Unidad de Embarazo de Alto Riesgo, Centro de Estudios Médicos e Investigaciones Clínicas (CEMIC), Buenos Aires, Argentina."
27016779,Damiano A,"Laboratorio de Biología de la Reproducción, Instituto de Fisiología y Biofísica Bernardo Houssay (IFIBIO), CONICET, Facultad de Medicina, Universidad de Buenos Aires, Buenos Aires, Argentina; Cátedra de Biología Celular y Molecular, Departamento de Ciencias Biológicas, Facultad de Farmacia y Bioquímica, Universidad de Buenos Aires, Argentina."
27016779,Farina M,"Laboratorio de Fisiopatología Placentaria, CEFYBO-CONICET, Facultad de Medicina, Universidad de Buenos Aires, Buenos Aires, Argentina."
27016670,Politi M,"Laboratorio de Biomembranas. Instituto de Fisiología y Biofísica Bernardo Houssay (IFIBIO Houssay). Facultad de Medicina, Universidad de Buenos Aires, Paraguay 2155, C1121ABG Buenos Aires, Argentina. Electronic address: teresapoliti@yahoo.com.ar."
27016670,Ghigo A,"Sorbonne Universités, UPMC Univ Paris 06, CNRS, UMR 7190, Institut Jean Le Rond d'Alembert, F-75005 Paris, France. Electronic address: arthur.ghigo@dalembert.upmc.fr."
27016670,Fernandez J,"Laboratorio de Biomembranas. Instituto de Fisiología y Biofísica Bernardo Houssay (IFIBIO Houssay). Facultad de Medicina, Universidad de Buenos Aires, Paraguay 2155, C1121ABG Buenos Aires, Argentina."
27016670,Khelifa I,"Service de Chirurgie Vasculaire, Hôpitaux Universitaires La Pitié-Salpêtrière, 47-83 Bd de l'Hôpital, 75013 Paris, France."
27016670,Gaudric J,"Sorbonne Universités, UPMC Univ Paris 06, CNRS, UMR 7190, Institut Jean Le Rond d'Alembert, F-75005 Paris, France; Service de Chirurgie Vasculaire, Hôpitaux Universitaires La Pitié-Salpêtrière, 47-83 Bd de l'Hôpital, 75013 Paris, France."
27016670,Fullana J,"Sorbonne Universités, UPMC Univ Paris 06, CNRS, UMR 7190, Institut Jean Le Rond d'Alembert, F-75005 Paris, France."
27016670,Lagree P,"Sorbonne Universités, UPMC Univ Paris 06, CNRS, UMR 7190, Institut Jean Le Rond d'Alembert, F-75005 Paris, France."
27015899,Trimarchi H,"Nephrology, Hospital Británico de Buenos Aires, Buenos Aires, Argentina. htrimarchi@hotmail.com."
27015899,Trimarchi H,"Servicio de Nefrología, Hospital Británico de Buenos Aires, Perdriel 74, 1280, Buenos Aires, Argentina. htrimarchi@hotmail.com."
27015899,Canzonieri R,"Biochemistry Services, Hospital Británico de Buenos Aires, Buenos Aires, Argentina."
27015899,Schiel A,"Biochemistry Services, Hospital Británico de Buenos Aires, Buenos Aires, Argentina."
27015899,Politei J,"Neurology Department, Fundación para el Estudio de las Enfermedades Metabólicas FESEN, Buenos Aires, Argentina."
27015899,Stern A,"Biochemistry Services, Hospital Británico de Buenos Aires, Buenos Aires, Argentina."
27015899,Andrews J,"Nephrology, Hospital Británico de Buenos Aires, Buenos Aires, Argentina."
27015899,Paulero M,"Nephrology, Hospital Británico de Buenos Aires, Buenos Aires, Argentina."
27015899,Rengel T,"Nephrology, Hospital Británico de Buenos Aires, Buenos Aires, Argentina."
27015899,Araoz A,"IFIBIO Houssay, UBA CONICET Facultad de Medicina, Universidad de Buenos Aires, Buenos Aires, Argentina."
27015899,Forrester M,"Nephrology, Hospital Británico de Buenos Aires, Buenos Aires, Argentina."
27015899,Lombi F,"Nephrology, Hospital Británico de Buenos Aires, Buenos Aires, Argentina."
27015899,Pomeranz V,"Nephrology, Hospital Británico de Buenos Aires, Buenos Aires, Argentina."
27015899,Iriarte R,"Nephrology, Hospital Británico de Buenos Aires, Buenos Aires, Argentina."
27015899,Young P,"Internal Medicine, Hospital Británico de Buenos Aires, Buenos Aires, Argentina."
27015899,Muryan A,"Biochemistry Services, Hospital Británico de Buenos Aires, Buenos Aires, Argentina."
27015899,Zotta E,"IFIBIO Houssay, UBA CONICET Facultad de Medicina, Universidad de Buenos Aires, Buenos Aires, Argentina."
26942026,Trimarchi H,"Nephrology Service, Hospital Britanico de Buenos Aires, Perdriel 74, 1280 Buenos Aires, Argentina."
26942026,Canzonieri R,"Laboratory Service, Hospital Britanico de Buenos Aires, Perdriel 74, 1280 Buenos Aires, Argentina."
26942026,Muryan A,"Laboratory Service, Hospital Britanico de Buenos Aires, Perdriel 74, 1280 Buenos Aires, Argentina."
26942026,Schiel A,"Laboratory Service, Hospital Britanico de Buenos Aires, Perdriel 74, 1280 Buenos Aires, Argentina."
26942026,Araoz A,"IFIBIO Houssay, UBA CONICET, Facultad de Medicina, Universidad de Buenos Aires, Paraguay 2155, 1425 Buenos Aires, Argentina."
26942026,Paulero M,"Nephrology Service, Hospital Britanico de Buenos Aires, Perdriel 74, 1280 Buenos Aires, Argentina."
26942026,Andrews J,"Nephrology Service, Hospital Britanico de Buenos Aires, Perdriel 74, 1280 Buenos Aires, Argentina."
26942026,Rengel T,"Nephrology Service, Hospital Britanico de Buenos Aires, Perdriel 74, 1280 Buenos Aires, Argentina."
26942026,Forrester M,"Nephrology Service, Hospital Britanico de Buenos Aires, Perdriel 74, 1280 Buenos Aires, Argentina."
26942026,Lombi F,"Nephrology Service, Hospital Britanico de Buenos Aires, Perdriel 74, 1280 Buenos Aires, Argentina."
26942026,Pomeranz V,"Nephrology Service, Hospital Britanico de Buenos Aires, Perdriel 74, 1280 Buenos Aires, Argentina."
26942026,Iriarte R,"Nephrology Service, Hospital Britanico de Buenos Aires, Perdriel 74, 1280 Buenos Aires, Argentina."
26942026,Zotta E,"IFIBIO Houssay, UBA CONICET, Facultad de Medicina, Universidad de Buenos Aires, Paraguay 2155, 1425 Buenos Aires, Argentina."
26779016,Morici J,"Systems Neuroscience Group, Laboratory of Experimental Cognition and Behavior, Institute of Physiology and Biophysics, IFIBIO ""Houssay,"" CONICET and University of Buenos Aires Medical School Buenos Aires, Argentina."
26779016,Ciccia L,"Systems Neuroscience Group, Laboratory of Experimental Cognition and Behavior, Institute of Physiology and Biophysics, IFIBIO ""Houssay,"" CONICET and University of Buenos Aires Medical School Buenos Aires, Argentina."
26779016,Malleret G,"Lyon Neuroscience Research Center, Centre National de la Recherche Scientifique UMR 5292 - Institut National de la Santé et de la Recherche Médicale U1028 - Université Claude Bernard Lyon1 Lyon, France."
26779016,Gingrich J,"Sackler Institute for Developmental Psychobiology, Columbia University, New YorkNY, USA; New York State Psychiatric InstituteNew York, NY, USA."
26779016,Bekinschtein P,"Laboratory of Memory Research and Molecular Cognition, Institute for Cell Biology and Neuroscience, CONICET and University of Buenos Aires Medical School Buenos Aires, Argentina."
26779016,Weisstaub N,"Systems Neuroscience Group, Laboratory of Experimental Cognition and Behavior, Institute of Physiology and Biophysics, IFIBIO ""Houssay,"" CONICET and University of Buenos Aires Medical School Buenos Aires, Argentina."
26656723,Della-Maggiore V,"IFIBIO Houssay, Systems Neuroscience Group, Department of Physiology and Biophysics, School of Medicine, University of Buenos Aires, Buenos Aires, Argentina."
26656723,Villalta J,"IFIBIO Houssay, Systems Neuroscience Group, Department of Physiology and Biophysics, School of Medicine, University of Buenos Aires, Buenos Aires, Argentina."
26656723,Kovacevic N,"Rotman Research Institute at Baycrest Centre, University of Toronto, Toronto, Canada."
26656723,McIntosh A,"Rotman Research Institute at Baycrest Centre, University of Toronto, Toronto, Canada."
26568619,Szpilbarg N,"Laboratorio de Biología de la Reproducción, Instituto de Fisiología y Biofísica Bernardo Houssay (IFIBIO)-CONICET, Facultad de Medicina, Universidad de Buenos Aires, Buenos Aires, Argentina."
26568619,Castro-Parodi M,"Departamento de Ciencias Biológicas, Facultad de Farmacia y Bioquímica, Universidad de Buenos Aires, Buenos Aires, Argentina."
26568619,Reppetti J,"Departamento de Ciencias Biológicas, Facultad de Farmacia y Bioquímica, Universidad de Buenos Aires, Buenos Aires, Argentina."
26568619,Repetto M,"Cátedra de Química General e Inorgánica, Departamento de Química Analítica y Fisicoquímica, Facultad de Farmacia y Bioquímica, Universidad de Buenos Aires, Buenos Aires, Argentina."
26568619,Maskin B,"Hospital Nacional Prof Dr Alejandro Posadas, Pte. Illia S/N y Marconi, El Palomar, Buenos Aires, Argentina."
26568619,Martinez N,"Laboratorio de Biología de la Reproducción, Instituto de Fisiología y Biofísica Bernardo Houssay (IFIBIO)-CONICET, Facultad de Medicina, Universidad de Buenos Aires, Buenos Aires, Argentina."
26568619,Damiano A,"Laboratorio de Biología de la Reproducción, Instituto de Fisiología y Biofísica Bernardo Houssay (IFIBIO)-CONICET, Facultad de Medicina, Universidad de Buenos Aires, Buenos Aires, Argentina Departamento de Ciencias Biológicas, Facultad de Farmacia y Bioquímica, Universidad de Buenos Aires, Buenos Aires, Argentina adamiano@ffyb.uba.ar."
26493441,Gonzalez M,"Laboratorio de Memoria, IBCN, UBA-CONICET, Facultad de Medicina, Universidad de Buenos Aires, Buenos Aires C1121ABG, Argentina."
26493441,Villar M,"Laboratorio de Memoria, IBCN, UBA-CONICET, Facultad de Medicina, Universidad de Buenos Aires, Buenos Aires C1121ABG, Argentina."
26493441,Igaz L,"Grupo de Neurociencias de Sistemas, IFIBIO Houssay, Facultad de Medicina, Universidad de Buenos Aires, Buenos Aires C1121ABG, Argentina."
26493441,Viola H,"Laboratorio de Memoria, IBCN, UBA-CONICET, Facultad de Medicina, Universidad de Buenos Aires, Buenos Aires C1121ABG, Argentina."
26493441,Medina J,"Laboratorio de Memoria, IBCN, UBA-CONICET, Facultad de Medicina, Universidad de Buenos Aires, Buenos Aires C1121ABG, Argentina; Departamento de Fisiología, Facultad de Medicina, Universidad de Buenos Aires, Buenos Aires C1121ABG, Argentina. Electronic address: jmedina@fmed.uba.ar."
26484945,Goitia B,"Departamento de Fisiología, Biología Molecular y Celular ""Dr. Héctor Maldonado"" (DFBMC) Facultad de Ciencias Exactas y Naturales, Instituto de Fisiología, Biología Molecular y Neurociencias (IFIBYNE-CONICET-UBA), Universidad de Buenos Aires, Ciudad Universitaria, Ciudad de Buenos Aires, Argentina."
26484945,Goitia B,"Facultad de Farmacia y Bioquímica, Instituto de Investigaciones Farmacológicas (ININFA-UBA-CONICET), Universidad de Buenos Aires, Ciudad de Buenos Aires, Argentina."
26484945,Rivero-Echeto M,"Departamento de Fisiología, Biología Molecular y Celular ""Dr. Héctor Maldonado"" (DFBMC) Facultad de Ciencias Exactas y Naturales, Instituto de Fisiología, Biología Molecular y Neurociencias (IFIBYNE-CONICET-UBA), Universidad de Buenos Aires, Ciudad Universitaria, Ciudad de Buenos Aires, Argentina."
26484945,Rivero-Echeto M,"Facultad de Farmacia y Bioquímica, Instituto de Investigaciones Farmacológicas (ININFA-UBA-CONICET), Universidad de Buenos Aires, Ciudad de Buenos Aires, Argentina."
26484945,Weisstaub N,"Grupo de Neurociencia de Sistemas, Departamento de Fisiología, Facultad de Medicina, Instituto de Fisiología y Biofísica (IFIBIO), UBA, Ciudad de Buenos Aires, Argentina."
26484945,Gingrich J,"Division of Developmental Neuroscience, Columbia University and the NYSPI, Sackler Institute for Developmental Psychobiology, New York City, New York, USA."
26484945,Garcia-Rill E,"Department of Neurobiology and Developmental Sciences, Center for Translational Neuroscience, University of Arkansas for Medical Sciences, Little Rock, Arkansas, USA."
26484945,Bisagno V,"Facultad de Farmacia y Bioquímica, Instituto de Investigaciones Farmacológicas (ININFA-UBA-CONICET), Universidad de Buenos Aires, Ciudad de Buenos Aires, Argentina."
26484945,Urbano F,"Departamento de Fisiología, Biología Molecular y Celular ""Dr. Héctor Maldonado"" (DFBMC) Facultad de Ciencias Exactas y Naturales, Instituto de Fisiología, Biología Molecular y Neurociencias (IFIBYNE-CONICET-UBA), Universidad de Buenos Aires, Ciudad Universitaria, Ciudad de Buenos Aires, Argentina."
26470817,Dietrich V,"Laboratorio de Biología de la Reproducción, Instituto de Fisiología y Biofísica Bernardo Houssay (IFIBIO), CONICET, Facultad de Medicina, Universidad de Buenos Aires, Buenos Aires, Argentina."
26470817,Damiano A,"Laboratorio de Biología de la Reproducción, Instituto de Fisiología y Biofísica Bernardo Houssay (IFIBIO), CONICET, Facultad de Medicina, Universidad de Buenos Aires, Buenos Aires, Argentina; Cátedra de Biología Celular y Molecular, Departamento de Ciencias Biológicas, Facultad de Farmacia y Bioquímica, Universidad de Buenos Aires, Buenos Aires, Argentina. Electronic address: adamiano@ffyb.uba.ar."
26335361,Girard M,"Laboratorio de Fisiopatogenia, Departamento de Fisiología, IFIBIO-Houssay UBA-CONICET, Facultad de Medicina, Universidad de Buenos Aires, Buenos Aires, Argentina."
26335361,Sacerdoti F,"Laboratorio de Fisiopatogenia, Departamento de Fisiología, IFIBIO-Houssay UBA-CONICET, Facultad de Medicina, Universidad de Buenos Aires, Buenos Aires, Argentina."
26335361,Rivera F,"Laboratorio de Fisiopatogenia, Departamento de Fisiología, IFIBIO-Houssay UBA-CONICET, Facultad de Medicina, Universidad de Buenos Aires, Buenos Aires, Argentina."
26335361,Repetto H,"Servicio de Pediatría [H.A.R.], Hospital Nacional Profesor Alejandro Posadas, BueCos Aires, Argentina."
26335361,Ibarra C,"Laboratorio de Fisiopatogenia, Departamento de Fisiología, IFIBIO-Houssay UBA-CONICET, Facultad de Medicina, Universidad de Buenos Aires, Buenos Aires, Argentina."
26335361,Amaral M,"Laboratorio de Fisiopatogenia, Departamento de Fisiología, IFIBIO-Houssay UBA-CONICET, Facultad de Medicina, Universidad de Buenos Aires, Buenos Aires, Argentina. Electronic address: mmamaral74@gmail.com."
26192095,Karadayian A,"Instituto de Bioquímica y Medicina Molecular, Facultad de Farmacia y Bioquímica, Universidad de Buenos Aires, C1113AAD Buenos Aires, Argentina."
26192095,Bustamante J,"Instituto de Bioquímica y Medicina Molecular, Facultad de Farmacia y Bioquímica, Universidad de Buenos Aires, C1113AAD Buenos Aires, Argentina."
26192095,Czerniczyniec A,"Instituto de Bioquímica y Medicina Molecular, Facultad de Farmacia y Bioquímica, Universidad de Buenos Aires, C1113AAD Buenos Aires, Argentina."
26192095,Lombardi P,"Instituto de Bioquímica y Medicina Molecular, Facultad de Farmacia y Bioquímica, Universidad de Buenos Aires, C1113AAD Buenos Aires, Argentina."
26192095,Cutrera R,"Instituto de Fisiología y Biofísica Bernardo Houssay, Facultad de Medicina, Universidad de Buenos Aires, C1113AAD Buenos Aires, Argentina."
26192095,Lores-Arnaiz S,"Instituto de Bioquímica y Medicina Molecular, Facultad de Farmacia y Bioquímica, Universidad de Buenos Aires, C1113AAD Buenos Aires, Argentina. Electronic address: slarnaiz@ffyb.uba.ar."
26064721,Trimarchi H,"Nephrology Service, Hospital Británico de Buenos Aires, Perdriel 74, 1280 Buenos Aires, Argentina."
26064721,Canzonieri R,"Laboratory Services, Hospital Británico de Buenos Aires, Perdriel 74, 1280 Buenos Aires, Argentina."
26064721,Muryan A,"Laboratory Services, Hospital Británico de Buenos Aires, Perdriel 74, 1280 Buenos Aires, Argentina."
26064721,Schiel A,"Laboratory Services, Hospital Británico de Buenos Aires, Perdriel 74, 1280 Buenos Aires, Argentina."
26064721,Araoz A,"IFIBIO Houssay, UBA CONICET, Facultad de Medicina, Universidad de Buenos Aires, Paraguay 2155, 1425 Buenos Aires, Argentina."
26064721,Forrester M,"Nephrology Service, Hospital Británico de Buenos Aires, Perdriel 74, 1280 Buenos Aires, Argentina."
26064721,Karl A,"Nephrology Service, Hospital Británico de Buenos Aires, Perdriel 74, 1280 Buenos Aires, Argentina."
26064721,Lombi F,"Nephrology Service, Hospital Británico de Buenos Aires, Perdriel 74, 1280 Buenos Aires, Argentina."
26064721,Andrews J,"Nephrology Service, Hospital Británico de Buenos Aires, Perdriel 74, 1280 Buenos Aires, Argentina."
26064721,Pomeranz V,"Nephrology Service, Hospital Británico de Buenos Aires, Perdriel 74, 1280 Buenos Aires, Argentina."
26064721,Rengel T,"Nephrology Service, Hospital Británico de Buenos Aires, Perdriel 74, 1280 Buenos Aires, Argentina."
26064721,Zotta E,"IFIBIO Houssay, UBA CONICET, Facultad de Medicina, Universidad de Buenos Aires, Paraguay 2155, 1425 Buenos Aires, Argentina."
26030198,Amigo N,"Instituto de Biotecnología, CICVyA, Instituto Nacional de Tecnología Agropecuaria, Hurlingham, Argentina."
26030198,Mercado E,"Instituto de Patobiologia, CICVyA, Instituto Nacional de Tecnología Agropecuaria, Hurlingham, Argentina."
26030198,Bentancor A,"Microbiología, Facultad de Ciencias Veterinarias, Universidad de Buenos Aires, Buenos Aires, Argentina."
26030198,Singh P,"Department of Microbiology and Molecular Genetics, Michigan State University, East Lansing, Michigan, United States of America."
26030198,Vilte D,"Instituto de Patobiologia, CICVyA, Instituto Nacional de Tecnología Agropecuaria, Hurlingham, Argentina."
26030198,Gerhardt E,"Departamento de Fisiología, IFIBIO-CONICET, Facultad de Medicina, Universidad de Buenos Aires, Buenos Aires, Argentina."
26030198,Zotta E,"Departamento de Fisiología, IFIBIO-CONICET, Facultad de Medicina, Universidad de Buenos Aires, Buenos Aires, Argentina."
26030198,Ibarra C,"Departamento de Fisiología, IFIBIO-CONICET, Facultad de Medicina, Universidad de Buenos Aires, Buenos Aires, Argentina."
26030198,Manning S,"Department of Microbiology and Molecular Genetics, Michigan State University, East Lansing, Michigan, United States of America."
26030198,Larzabal M,"Instituto de Biotecnología, CICVyA, Instituto Nacional de Tecnología Agropecuaria, Hurlingham, Argentina."
26030198,Cataldi A,"Instituto de Biotecnología, CICVyA, Instituto Nacional de Tecnología Agropecuaria, Hurlingham, Argentina."
25981209,Faillace M,"Departmento de Fisiología e Instituto de Fisiología y Biofísica (IFIBIO-Houssay), Universidad de Buenos Aires, Paraguay 2155, Buenos Aires C1121ABG, Argentina. Electronic address: pfaillace@qb.ffyb.uba.ar."
25981209,Zwiller J,"Laboratoire de Neurosciences Cognitives et Adaptatives, UMR 7364, CNRS, Université de Strasbourg, 12 rue Goethe, Strasbourg, France. Electronic address: zwiller@unistra.fr."
25981209,Bernabeu R,"Departmento de Fisiología e Instituto de Fisiología y Biofísica (IFIBIO-Houssay), Universidad de Buenos Aires, Paraguay 2155, Buenos Aires C1121ABG, Argentina. Electronic address: rbernabeu@fmed.uba.ar."
25980432,Cabral P,"Department of Physiology and Biophysics, Case Western Reserve University, Cleveland, OH, USA."
25980432,Cabral P,"Facultad de Medicina, IFIBIO-HOUSSAY, UBA-CONICET, Departamento de Ciencias Fisiológicas, Ciudad Autónoma de Buenos Aires, Universidad de Buenos Aires, Buenos Aires, Argentina."
25980432,Capurro C,"Facultad de Medicina, IFIBIO-HOUSSAY, UBA-CONICET, Departamento de Ciencias Fisiológicas, Ciudad Autónoma de Buenos Aires, Universidad de Buenos Aires, Buenos Aires, Argentina."
25980432,Garvin J,"Department of Physiology and Biophysics, Case Western Reserve University, Cleveland, OH, USA."
25963416,Taravini I,"Laboratorio de Parkinson Experimental, Instituto de Investigaciones Farmacológicas (ININFA-CONICET-UBA), Ciudad Autónoma de Buenos Aires, Argentina. Electronic address: taravini@ffyb.uba.ar."
25963416,Larramendy C,"Laboratorio de Parkinson Experimental, Instituto de Investigaciones Farmacológicas (ININFA-CONICET-UBA), Ciudad Autónoma de Buenos Aires, Argentina. Electronic address: celialarramendy@gmail.com."
25963416,Gomez G,"Laboratorio de Parkinson Experimental, Instituto de Investigaciones Farmacológicas (ININFA-CONICET-UBA), Ciudad Autónoma de Buenos Aires, Argentina. Electronic address: gimenagomez@gmail.com."
25963416,Saborido M,"Laboratorio de Parkinson Experimental, Instituto de Investigaciones Farmacológicas (ININFA-CONICET-UBA), Ciudad Autónoma de Buenos Aires, Argentina. Electronic address: marianosaborido@gmail.com."
25963416,Spaans F,"Division of Medical Biology, Department of Pathology and Medical Biology, University Medical Center Groningen, University of Groningen, Groningen, The Netherlands. Electronic address: f.spaans@umcg.nl."
25963416,Fresno C,"Facultad de Ingeniería, Universidad Católica de Córdoba, CONICET, Córdoba, Argentina. Electronic address: cfresno@bdmg.com.ar."
25963416,Gonzalez G,"Facultad de Ingeniería, Universidad Católica de Córdoba, CONICET, Córdoba, Argentina. Electronic address: ggonzalez@bdmg.com.ar."
25963416,Fernandez E,"Facultad de Ingeniería, Universidad Católica de Córdoba, CONICET, Córdoba, Argentina. Electronic address: efernandez@bdmg.com.ar."
25963416,Murer M,"Laboratorio de Fisiología de Circuitos Neuronales, Instituto de Fisiología y Biofísica (IFIBIO Houssay), CONICET. Facultad de Medicina, Universidad de Buenos Aires, Ciudad Autónoma de Buenos Aires, Argentina. Electronic address: gmurer@gmail.com."
25963416,Gershanik O,"Laboratorio de Parkinson Experimental, Instituto de Investigaciones Farmacológicas (ININFA-CONICET-UBA), Ciudad Autónoma de Buenos Aires, Argentina. Electronic address: gersha@gmail.com."
25872916,Braz B,"Systems Neuroscience Group, Institute of Physiology and Biophysics, IFIBIO 'Houssay', CONICET and University of Buenos Aires School of Medicine, Buenos Aires, Argentina."
25872916,Galinanes G,"Systems Neuroscience Group, Institute of Physiology and Biophysics, IFIBIO 'Houssay', CONICET and University of Buenos Aires School of Medicine, Buenos Aires, Argentina."
25872916,Taravini I,"Experimental Parkinsonism Lab, Institute of Pharmacology, School of Pharmacy and Biochemistry, University of Buenos Aires, Buenos Aires, Argentina."
25872916,Belforte J,"Systems Neuroscience Group, Institute of Physiology and Biophysics, IFIBIO 'Houssay', CONICET and University of Buenos Aires School of Medicine, Buenos Aires, Argentina."
25872916,Murer M,"Systems Neuroscience Group, Institute of Physiology and Biophysics, IFIBIO 'Houssay', CONICET and University of Buenos Aires School of Medicine, Buenos Aires, Argentina."
25856239,Rela L,"Departments of Neurosurgery, Yale University School of Medicine, New Haven, Connecticut."
25856239,Rela L,"Systems Neuroscience Section, Department of Physiology and Biophysics, School of Medicine, University of Buenos Aires, Argentina."
25856239,Rela L,"Institute of Physiology and Biophysics Bernardo Houssay (IFIBIO Houssay-CONICET), Buenos Aires, Argentina."
25856239,Piantanida A,"Systems Neuroscience Section, Department of Physiology and Biophysics, School of Medicine, University of Buenos Aires, Argentina."
25856239,Piantanida A,"Institute of Physiology and Biophysics Bernardo Houssay (IFIBIO Houssay-CONICET), Buenos Aires, Argentina."
25856239,Bordey A,"Departments of Neurosurgery, Yale University School of Medicine, New Haven, Connecticut."
25856239,Bordey A,"Yale University School of Medicine, Departments of Cellular and Molecular Physiology, New Haven, Connecticut."
25856239,Greer C,"Departments of Neurosurgery, Yale University School of Medicine, New Haven, Connecticut."
25856239,Greer C,"Yale University School of Medicine, Departments of Neurobiology, New Haven, Connecticut."
25819809,Sacerdoti F,"Laboratorio de Fisiopatogenia, Departamento de Fisiología, Instituto de Fisiología y Biofísica Bernardo Houssay (IFIBIO Houssay-CONICET), Facultad de Medicina, Universidad de Buenos Aires, Buenos Aires, Argentina."
25819809,Amaral M,"Laboratorio de Fisiopatogenia, Departamento de Fisiología, Instituto de Fisiología y Biofísica Bernardo Houssay (IFIBIO Houssay-CONICET), Facultad de Medicina, Universidad de Buenos Aires, Buenos Aires, Argentina."
25819809,Aisemberg J,"CEFYBO-CONICET, Universidad de Buenos Aires, Buenos Aires, Argentina."
25819809,Cymeryng C,"CEFYBO-CONICET, Universidad de Buenos Aires, Buenos Aires, Argentina."
25819809,Franchi A,"CEFYBO-CONICET, Universidad de Buenos Aires, Buenos Aires, Argentina."
25819809,Ibarra C,"Laboratorio de Fisiopatogenia, Departamento de Fisiología, Instituto de Fisiología y Biofísica Bernardo Houssay (IFIBIO Houssay-CONICET), Facultad de Medicina, Universidad de Buenos Aires, Buenos Aires, Argentina. Electronic address: ibarra@fmed.uba.ar."
25810483,Gueugneau N,"Institute of Physiology and Biophysics Bernardo Houssay (IFIBIO Houssay), Department of Physiology and Biophysics, School of Medicine, University of Buenos Aires, Buenos Aires, Argentina; and."
25810483,Mc Cabe S,"Institute of Physiology and Biophysics Bernardo Houssay (IFIBIO Houssay), Department of Physiology and Biophysics, School of Medicine, University of Buenos Aires, Buenos Aires, Argentina; and."
25810483,Villalta J,"Institute of Physiology and Biophysics Bernardo Houssay (IFIBIO Houssay), Department of Physiology and Biophysics, School of Medicine, University of Buenos Aires, Buenos Aires, Argentina; and."
25810483,Grafton S,"Department of Psychology, University of California, Santa Barbara, California."
25810483,Della-Maggiore V,"Institute of Physiology and Biophysics Bernardo Houssay (IFIBIO Houssay), Department of Physiology and Biophysics, School of Medicine, University of Buenos Aires, Buenos Aires, Argentina; and vdellamaggiore@fmed.uba.ar."
25794836,Albanese A,"Laboratorio de Fisiopatogenia, Departamento de Fisiología, Instituto de Fisiología y Biofísica Bernardo Houssay (IFIBIO Houssay-CONICET), Facultad de Medicina, Universidad de Buenos Aires, Buenos Aires, Argentina."
25794836,Gerhardt E,"Laboratorio de Fisiopatogenia, Departamento de Fisiología, Instituto de Fisiología y Biofísica Bernardo Houssay (IFIBIO Houssay-CONICET), Facultad de Medicina, Universidad de Buenos Aires, Buenos Aires, Argentina."
25794836,Garcia H,"Servicio de Cirugía del Hospital Churruca-Visca, Departamento de Cirugía, Facultad de Medicina, Universidad de Buenos Aires, Argentina."
25794836,Amigo N,"Instituto de Biotecnología, Instituto Nacional de Tecnología Agropecuaria (INTA-Castelar), Buenos Aires, Argentina."
25794836,Cataldi A,"Instituto de Biotecnología, Instituto Nacional de Tecnología Agropecuaria (INTA-Castelar), Buenos Aires, Argentina."
25794836,Zotta E,"Laboratorio de Fisiopatogenia, Departamento de Fisiología, Instituto de Fisiología y Biofísica Bernardo Houssay (IFIBIO Houssay-CONICET), Facultad de Medicina, Universidad de Buenos Aires, Buenos Aires, Argentina."
25794836,Ibarra C,"Laboratorio de Fisiopatogenia, Departamento de Fisiología, Instituto de Fisiología y Biofísica Bernardo Houssay (IFIBIO Houssay-CONICET), Facultad de Medicina, Universidad de Buenos Aires, Buenos Aires, Argentina. Electronic address: ibarra@fmed.uba.ar."
25506318,Gonzalez M,"Laboratorio de Memoria, Facultad de Medicina, Instituto de Biología Celular y Neurociencia, Universidad de Buenos Aires-CONICET Buenos Aires, Argentina."
25506318,Kramar C,"Laboratorio de Memoria, Facultad de Medicina, Instituto de Biología Celular y Neurociencia, Universidad de Buenos Aires-CONICET Buenos Aires, Argentina."
25506318,Tomaiuolo M,"Laboratorio de Memoria, Facultad de Medicina, Instituto de Biología Celular y Neurociencia, Universidad de Buenos Aires-CONICET Buenos Aires, Argentina."
25506318,Katche C,"Laboratorio de Memoria, Facultad de Medicina, Instituto de Biología Celular y Neurociencia, Universidad de Buenos Aires-CONICET Buenos Aires, Argentina."
25506318,Weisstaub N,"Grupo de Neurociencias de Sistemas, IFIBIO Houssay, Departamento de Fisiología, Facultad de Medicina, Universidad de Buenos Aires Buenos Aires, Argentina."
25506318,Cammarota M,"Memory Research Laboratory, Brain Institute, Federal University of Rio Grande do Norte (UFRN) Natal, Brazil."
25506318,Medina J,"Laboratorio de Memoria, Facultad de Medicina, Instituto de Biología Celular y Neurociencia, Universidad de Buenos Aires-CONICET Buenos Aires, Argentina ; Departamento de Fisiología, Facultad de Medicina, Universidad de Buenos Aires Buenos Aires, Argentina."
25392493,Alfieri J,"Neuronal Physiopathology Laboratory, Systems Neuroscience Group, IFIBIO Houssay, University of Buenos Aires School of Medicine, Buenos Aires (C1121ABG), Argentina."
25392493,Pino N,"Neuronal Physiopathology Laboratory, Systems Neuroscience Group, IFIBIO Houssay, University of Buenos Aires School of Medicine, Buenos Aires (C1121ABG), Argentina."
25392493,Igaz L,"Neuronal Physiopathology Laboratory, Systems Neuroscience Group, IFIBIO Houssay, University of Buenos Aires School of Medicine, Buenos Aires (C1121ABG), Argentina lmuller@fmed.uba.ar."
25157355,Sacerdoti F,"Laboratorio de Fisiopatogenia, Departamento de Fisiología, Instituto de Fisiología y Biofísica Bernardo Houssay (IFIBIO Houssay-CONICET), Facultad de Medicina, Universidad de Buenos Aires, 2155 Paraguay street, Piso 6, 1121 Buenos Aires, Argentina."
25157355,Amaral M,"Laboratorio de Fisiopatogenia, Departamento de Fisiología, Instituto de Fisiología y Biofísica Bernardo Houssay (IFIBIO Houssay-CONICET), Facultad de Medicina, Universidad de Buenos Aires, 2155 Paraguay street, Piso 6, 1121 Buenos Aires, Argentina."
25157355,Zotta E,"Laboratorio de Fisiopatogenia, Departamento de Fisiología, Instituto de Fisiología y Biofísica Bernardo Houssay (IFIBIO Houssay-CONICET), Facultad de Medicina, Universidad de Buenos Aires, 2155 Paraguay street, Piso 6, 1121 Buenos Aires, Argentina."
25157355,Franchi A,"CEFYBO-CONICET, Universidad de Buenos Aires, 2155 Paraguay Street, Piso 16, 1121 Buenos Aires, Argentina."
25157355,Ibarra C,"Laboratorio de Fisiopatogenia, Departamento de Fisiología, Instituto de Fisiología y Biofísica Bernardo Houssay (IFIBIO Houssay-CONICET), Facultad de Medicina, Universidad de Buenos Aires, 2155 Paraguay street, Piso 6, 1121 Buenos Aires, Argentina."
24859216,San Martin A,"Genetics of Learning Laboratory, Systems Neuroscience Section, Department of Physiology and Biophysics, School of Medicine, University of Buenos Aires, IFIBIO-Houssay-CONICET, C1121ABG Buenos Aires, Argentina."
24859216,Pagani M,"Genetics of Learning Laboratory, Systems Neuroscience Section, Department of Physiology and Biophysics, School of Medicine, University of Buenos Aires, IFIBIO-Houssay-CONICET, C1121ABG Buenos Aires, Argentina. Electronic address: pagani@fmed.uba.ar."
24466317,Marquez L,"Laboratorio de Investigaciones Biomédicas, Departamento de Fisiología, Instituto de Fisiología y Biofísica Bernardo Houssay (IFIBIO Houssay-CONICET), Facultad de Medicina, Universidad de Buenos Aires, Paraguay, Buenos Aires, Argentina."
24466317,Velazquez N,"Laboratorio de Investigaciones Biomédicas, Departamento de Fisiología, Instituto de Fisiología y Biofísica Bernardo Houssay (IFIBIO Houssay-CONICET), Facultad de Medicina, Universidad de Buenos Aires, Paraguay, Buenos Aires, Argentina."
24466317,Repetto H,"Departamento de Pediatría, Facultad de Medicina, Universidad de Buenos Aires, Buenos Aires, Argentina."
24466317,Paton A,"Research Centre for Infectious Diseases, School of Molecular and Biomedical Science, University of Adelaide, Adelaide, S.A., Australia."
24466317,Paton J,"Research Centre for Infectious Diseases, School of Molecular and Biomedical Science, University of Adelaide, Adelaide, S.A., Australia."
24466317,Ibarra C,"Laboratorio de Fisiopatogenia, Departamento de Fisiología, Instituto de Fisiología y Biofísica Bernardo Houssay (IFIBIO Houssay-CONICET), Facultad de Medicina, Universidad de Buenos Aires, Buenos Aires, Argentina."
24466317,Silberstein C,"Laboratorio de Investigaciones Biomédicas, Departamento de Fisiología, Instituto de Fisiología y Biofísica Bernardo Houssay (IFIBIO Houssay-CONICET), Facultad de Medicina, Universidad de Buenos Aires, Paraguay, Buenos Aires, Argentina."
