PMID,Title,Year,NLP_1,NLP_2,NLP_3,NLP_4,NLP_5,NLP_6,NLP_7,NLP_8,NLP_9,NLP_10,NLP_11,NLP_12,NLP_13,NLP_14,NLP_15,NLP_16,NLP_17,NLP_18,NLP_19,NLP_20,NLP_21,NLP_22,NLP_23,NLP_24,NLP_25,NLP_26,NLP_27,NLP_28,NLP_29,NLP_30,NLP_31,NLP_32,NLP_33,NLP_34,NLP_35,NLP_36,NLP_37,NLP_38,NLP_39,NLP_40,NLP_41,NLP_42,NLP_43,NLP_44,NLP_45,NLP_46,NLP_47,NLP_48,NLP_49,NLP_50,Abstract_Cluster,Paper_Degree,Paper_WeightedDegree,Paper_PageRank,Paper_Betweenness,Paper_Clustering,NLP_Community,N_Authors,N_IFIBIO_Authors,Fraction_IFIBIO,Mean_Author_Publications,Max_Author_Publications,Mean_Author_Degree,Max_Author_Degree,Mean_Author_WeightedDegree,Max_Author_WeightedDegree,N_Affiliations,N_MeSH,N_Keywords,Abstract_Words,Years_From_First,Social_Cluster,N_Social_Clusters,UMAP1,UMAP2,Integrated_Cluster
42675027,A strategic pathway for the ethical development of AI tools in dementia care.,2026,0.09540043550727562,0.03436619952365719,-0.015274434157574176,-0.03897524736749401,-0.02931782072318543,0.04753427418849109,-0.023584229817089446,-0.02459472516256917,-0.04484985349156118,0.036688020980282815,-0.027229295563548857,-0.034866214688043795,0.057101197615217265,-0.001354782960714714,0.11880005542206852,-0.02314421523098347,0.023367660340692695,0.043037272515921716,-0.05721017648193059,-0.012776695443534034,0.011488732093023337,-0.04113542159778133,-0.005894118117089987,0.0020652775799228362,-0.0329886674236668,0.026474519529634383,0.026793765970167877,-0.09480511711347438,0.122001522996848,0.0016024727503947264,-0.017641053589129544,-0.0867863678837085,0.052295011016008,-0.010617687494897813,-0.004259470107208015,0.09740397236025491,-0.1708354227410433,0.008724548228065811,-0.048602786267600055,0.06075661924426193,0.04072784302985782,0.016351059769234264,-0.019403874391451813,-0.050011599858725136,-0.0036566117195586537,-0.0059360000848392115,-0.05308772290030465,0.21212829789951493,-0.1238287967683012,-0.11618312155642721,4,,,,,,,12,1,0.08333333333333333,1.1666666666666667,3,11.5,17,11.666666666666666,19,11,3,10,107,12,9,1,8.051668,3.1925564,1
42611393,Congenital goitrous hypothyroidism due to thyroglobulin deficiency associated with angioinvasive follicular thyroid carcinoma: comprehensive and integral analysis of the p.Cys1897_Glu1900 deletion.,2026,0.16551384897011193,0.04564334923619624,-0.0012685438638515773,-0.10257514727869807,-0.013682113085353543,0.050654575863916834,0.015053026804170262,-0.031245820069659532,-0.15904852046843243,0.030640431038593742,-0.03585401577464311,-0.06178956709222977,0.08740819313829831,-0.05070757258156068,0.1354914821419823,0.04491185633118975,-0.026108235803351365,0.05911456655327163,0.028371459794499797,-0.08535619182691871,-0.047085303878372,-0.032784856142769006,-0.0640708994586951,-0.005020785749447318,0.05684225910492987,0.10692262114476662,0.07462657876648762,-0.09786235191350812,-0.04057808320088519,0.08366741365327571,-0.06994071155380509,0.030878443171723745,0.28257635771798345,0.1405993595141301,0.054514233936524485,0.18723962316221893,0.025353394089044225,-0.15332024410032488,-0.02545774473143287,-0.10606396690255118,0.25548665286080996,0.082614030903435,0.014672277910876469,0.03126701678028887,0.04719101365042278,-0.01890948445789114,-0.14189789801876873,-0.023983489032931148,0.18100151578218168,0.16267561154092613,4,2.0,0.6125352688917868,0.0019517507838185469,0.0,0.352796100677663,17.0,9,1,0.1111111111111111,1.2222222222222223,3,10.333333333333334,29,10.333333333333334,29,8,9,5,209,12,15,2,8.086988,2.5747685,1
42601945,Placental SNV rs8192446 in the ADORA2A gene is associated with Preeclampsia: a pilot study.,2026,0.22082402500147436,0.024523867991341108,0.13516399618520417,-0.0299544035877089,0.07308948642970453,0.2702921075126594,0.0107846350055443,0.0291963376931602,0.08378090717344135,-0.059156098670235115,0.00636699251552457,-0.04753242249332006,-0.015139514833583336,0.053870314383402985,0.05062255419942431,0.024073565340315056,-0.15640476656941701,0.1615346195047819,-0.016875131890194715,0.15532131436791416,0.13339198076922312,0.11075557952704213,0.13046559033093053,0.15576673501585622,-0.020455900330465047,-0.004851581764377967,0.018226873706114494,0.17037772959014638,0.13200392653362797,0.030791164396229077,-0.07697098813686837,-0.03741050679445324,0.1641297352448364,0.04962907879163237,-0.035993527777573656,-0.00934683015430558,0.0010304594413436741,-0.01494120952461535,-0.03386028290904862,-0.0949069992585822,0.0012202333118764407,-0.0526953710771469,0.010784937444888279,-0.014868746009802359,-0.04209007870701761,-0.09229831771434995,0.0188570816721332,-0.058543756441144366,0.05294964814679373,-0.04050357405489409,3,3.0,0.995897675801839,0.0030361377387177696,0.2579333709768492,0.0,11.0,10,2,0.2,7.1,45,31.0,137,50.4,267,8,0,5,135,12,0,1,5.135284,2.6470006,0
42576265,Serum aquaporin-1 increases with heart failure and aortic valve surgery with cardiopulmonary bypass.,2026,0.13511886421405314,-0.023924350763529306,-0.02143333276703328,-0.11567669389331404,0.20359366963726855,-0.018633471170274418,-0.00780224945870961,-0.022173939409007165,-0.029588312595090583,0.01963254985525288,0.0054014347639983785,0.02702682049985484,0.028982576998343827,0.044824363848589135,-0.04116234422636965,0.10851609565869759,-0.14030636313621284,0.0029844881841079363,-0.03331573984261902,-0.10989553029369854,0.13364952821088028,0.01666802878777965,-0.12026766659633825,0.008303321197350846,-0.12241276504201155,0.013436255715419157,0.05101660648582354,-0.04190273729740904,0.08092435255193968,0.03389252999449846,-0.09096717649292299,0.06679696900813084,-0.05367376282059259,0.06892886942168217,-0.0708093650292767,0.055318287224697955,0.0410981157345055,0.16952026699660042,0.05271364665336971,0.12673655501992603,0.05615688334588592,0.09351722154823792,-0.07518435006200934,-0.02531314480097631,-0.02631959145130861,-0.0362404858929116,-0.2538983463475205,-0.09026010991720254,-0.08887090987218418,-0.005117910934698513,4,1.0,0.2707996659157471,0.004310344827586207,0.0,0.0,12.0,8,3,0.375,6.5,21,24.125,65,42.625,127,3,0,5,133,12,3,1,6.929343,3.4412045,1
42570776,"Dopamine D2 receptor dependent and independent structural, intrinsic and synaptic adaptations in experimental parkinsonism.",2026,0.2008708923861665,0.15744428596019172,-0.040993729021384456,-0.21370452106879465,-0.19293421449463513,-0.06962754674370089,-0.05385336669087318,0.022757492834327372,0.08710992141741776,-0.025893589255637145,0.027701736169458195,0.013963473834382038,-0.19244227700782626,0.02620593476190292,-0.13057899468493625,-0.11923126069312914,0.07872935288468849,0.13262227107706254,-0.0688887507102508,0.07015673152846337,-0.09079100179252249,0.05498903868017514,0.010482811966641142,-0.10817515140697463,-0.12356335892706795,0.0990055689507213,-0.03890651448340901,0.00756850503147829,0.03500457396935701,0.1124450183731314,-0.14273858737938783,0.03903432223780655,0.014030397513212896,0.03617713776191499,0.019503075784122532,-0.017176113559914597,0.03714716082668425,-0.06712685375499958,-0.03594676899559558,0.020158100197905676,0.011273480876111418,0.015130418676606932,0.03459126592328075,0.043984432422333866,0.025573290294582014,0.005911572345454345,-0.07346589534207622,-0.1499552627357553,-0.0940536599452205,0.12054120550810103,2,4.0,1.2189862967964302,0.004780178876455931,0.007340485601355166,0.09783022807055114,2.0,5,1,0.2,7.6,27,31.8,110,47.2,175,4,14,5,185,12,1,1,7.0581098,1.5154877,0
42404802,Region-specific features of early glial activation and Aquaporin-4 dysregulation in conditional mouse models of TDP-43 proteinopathies.,2026,0.2887558878169688,0.13908236113765746,0.038346076024276046,-0.1280872687376799,-0.08525079446561709,0.024962090226400058,-0.04458574345268439,-0.062216803245223114,-0.2419079422129724,0.052021218337521255,-0.027201214902794896,-0.02243902334299513,0.07022204969141853,0.02197959972465934,0.15675955351295734,-0.013060656567407986,-0.024047789585911996,-0.0985262452760897,-0.03840611983710238,-0.025557059538764106,-0.16943185715780706,0.1017355877916414,-0.09873819711137267,0.001992929878081688,-0.04583760638182631,-0.009501341660012538,0.23724332430995262,-0.012701652982829686,0.16322492779767067,0.02897153979430704,0.12920167936965293,-0.01682475706832793,0.03054354681567477,0.038847883315682015,-0.12787196983512256,-0.07530476558117642,-0.023727427117703412,-0.10008020957955374,-0.021283524935609983,0.07113299540745081,-0.022228735526789802,-0.032646895994963,0.0254597159617422,-0.02498327804736792,0.017407314369304323,0.019828746851105708,0.12290505455480387,-0.03311548629123743,-0.10395705708848328,-0.04591152839967908,2,1.0,0.28755866956950177,0.0034593283373739563,0.0,0.0,0.0,5,5,1.0,6.8,16,27.6,63,35.6,76,5,0,5,167,12,4,2,8.208208,2.9048014,1
42347511,Recombinant Human Fab Antibodies Differentially Neutralize Shiga Toxin in Renal Epithelial and Endothelial Cells.,2026,0.3361386331849956,-0.3033407838910833,-0.23550784639353856,0.08992552237739462,-0.09169607140504536,0.014061300115900913,-0.018516100433547407,-0.12001682030246999,0.015807123497362737,-0.02367514850521317,0.005706605020642408,0.001985437886894953,0.10158105941897815,0.01477738317540795,0.015530539304244471,-0.02360065525160441,0.12904628192984918,0.08439597844526414,0.07530013780663328,-0.07084070336658568,-0.04180739016173375,0.10376950282897358,-0.007488117808157089,0.12083638806287733,-0.007761277399638141,0.08721299733559056,0.11984674750555643,0.008763052241005416,-0.05006998850802689,-0.09586034064113955,0.034266127169190946,-0.07335861842453749,0.011566953754633038,-0.024881605175865393,-0.016484387608029658,-0.05815738508852031,0.025082082290635743,0.009221041347472647,-0.0419894246261896,0.04737395812466957,-0.02602534133697589,0.023341445961577736,-0.16016439555123402,0.029265628386162167,-0.05875341350542792,-0.04757843740850548,0.029954469820138604,-0.0319907443605964,-0.03395684729244815,0.039843666071480655,6,13.0,4.020580338407069,0.005820167263968379,0.0004517221908526256,0.20338095194368855,18.0,16,5,0.3125,5.125,27,31.5625,114,48.5625,213,7,14,5,123,12,2,1,4.3498487,5.252734,0
42327001,Maternal obesity shapes associations between preeclampsia and birthweight in pregnancies exposed to low-dose aspirin.,2026,0.11214634922820649,0.005074063056280216,0.04916272303588519,-0.046480354054988675,0.08841368319526849,0.20319074142536964,0.01332512214328805,0.07464935163092681,0.006918637413638428,0.020245346485962514,-0.002800612823106872,-0.044250115568855095,-0.05033966493509821,0.02317570198276306,0.04979895526700331,0.11993429631341825,-0.045117718801350196,0.07540348204717984,0.04052195303397439,0.07703079120827608,0.07676759999610101,0.02249549277064217,0.019020187369715374,0.07619084673091085,-0.019625256908442242,-0.06287371979391893,-0.024099864888179483,0.14169418592862817,-0.0038009880248729643,-0.09455368648718608,0.02137369345452567,0.018277708859691565,0.08325993883485089,0.05053447261024265,-0.04521188317485314,0.013990632877327209,-0.08279631196852356,-0.05776049096558496,0.030356246682120624,0.014786491339328309,0.07829213566489379,0.1596332629252467,-0.05824718926241397,-0.0511543783554401,0.023905500826613857,0.03826131056263209,0.15591997250645034,-0.08692009537145237,-0.22528779431332463,0.10720523401454797,3,,,,,,,6,2,0.3333333333333333,9.5,45,32.833333333333336,137,56.166666666666664,267,4,0,6,173,12,0,1,5.248734,2.412035,0
42313886,Learning engages transient and sustained cellular mechanisms in the human brain.,2026,0.23833519245476517,0.16139343154634359,-0.0014150169743841602,0.037902643670113645,-0.06505937471826455,-0.036962712896873404,-0.05730051970217925,-0.035937998607773504,-0.12686456148158087,0.23537336375253531,0.2516842950326958,-0.0833499214152599,-0.09033147246520293,0.13901982665482013,-0.1213461840462708,-0.11643572350393033,0.05164499620382346,0.032647270757027586,-0.052885291170735794,0.01692409213304707,-0.13015240337237224,0.044717931676885175,0.08833863226369881,0.012994383912560813,-0.06460039533064155,0.07095942470727896,0.0964970867506129,-0.03155907223334311,0.004023584935001343,0.020809648048667008,0.07069936912172091,0.07139003730608177,0.03869552242554442,-0.06349017416056556,-0.0853267763213669,-0.045295252480921616,0.04898115068585353,-0.10090594374567201,0.03697670978528331,0.08141292037663019,0.003258807532890381,-0.06310581340650948,-0.15800325361689194,0.02853645574472261,0.2655057963891056,-0.00924636254309313,0.06384868404808003,-0.10526533710875188,0.005767275115438708,-0.03798402510309243,4,2.0,0.8443794152563637,0.0026803148143358596,0.0,0.4215352558031032,17.0,7,4,0.5714285714285714,4.857142857142857,15,13.571428571428571,37,26.142857142857142,77,5,9,0,115,12,10,1,8.6762085,3.0878701,1
42134656,TDP-43 expression in the cytoplasm leads to early synaptic and mitochondrial abnormalities in an inducible mouse model of ALS/FTD.,2026,0.26570446749070653,0.178111918658564,0.0023388133513254734,-0.2016487988827353,-0.11509646507721155,0.06492654169350034,-0.0413629375876532,-0.06147062108050765,-0.3754046643338767,-0.044259988546069835,6.550524375143179e-05,0.010221417950529292,0.1110167665349536,-0.11593406792215706,0.13383072211523295,4.792811368682431e-05,0.06833270800107369,0.042501612833809835,0.06329105497837006,-0.025465046259452864,-0.06829382143462294,0.006686880887778228,0.07075279504249304,-0.0455203813737598,-0.01143417327337537,0.1052822235780319,0.019175954711316917,-0.14820106406397993,0.024869822370395585,0.10627901187812878,-0.026959490317491775,0.08980624927827228,0.16167170746385415,0.08656898819535455,0.0396108236806099,0.16811507282191787,-0.07248029979648596,-0.16228189359051812,0.03829807346892833,0.02333833594934683,0.12485279682854812,-0.054362681202215254,0.0031992905805835045,0.09932315011180273,0.008598615742939486,0.035104509824640126,-0.015784889176191884,-0.051301165330854825,0.013904837061637025,0.04640734052429657,2,5.0,1.9714881483614406,0.004983730633817318,0.007528703180877093,0.2880302892033401,17.0,6,5,0.8333333333333334,5.333333333333333,16,22.833333333333332,63,27.666666666666668,76,4,11,6,155,12,4,2,8.47212,2.352991,1
42123443,Effect of Sertraline on Fetoplacental Growth Parameters and Placental Transporter Gene Expression in Rats.,2026,0.1618028105485808,-0.008456626255833957,0.11855486412974213,-0.038521084540380335,0.05203188514380879,0.17737696729676658,0.07668025264859285,0.06676865831227367,0.0043350688164309524,-0.062021790735229704,0.0010586537151057662,0.042083138271334315,-0.07500567254864057,-0.023952468808733127,-0.028616173406398385,0.022739513447873862,-0.03934947824588407,0.011873754293709241,0.05020348218833417,0.0016270688430192366,0.04295381117824721,-0.046994912138857765,0.01815534827916324,0.0037632203325411564,0.0023186540974694542,-0.02792878147215989,-0.029294897113620193,0.04558390152075473,-0.0385249001017957,-0.051289337175623784,0.0421972083786425,0.06735360279416892,0.0809845164026313,-0.05002462799270815,-0.07689517209502922,0.054204756089106874,-0.006132364799939561,-0.058336395226668745,0.042315117380122,-0.01578570851301702,-0.04985210952942144,0.020678895112288848,-0.06708810068182561,0.05485392896805533,0.04295107579049518,-0.06658870303737102,0.05695482058483018,-0.044382751187744686,0.05050364055073043,0.08859818193735224,3,,,,,,,8,1,0.125,7.375,45,27.875,137,47.75,267,6,8,5,110,12,0,1,5.28361,2.6409528,0
42097396,"Towards a strategic assessment of brain sciences in Latin America: current status, strengths and structural needs.",2026,0.11800928626156501,0.056939714845240734,-0.0566043478481365,-0.01111942739906594,0.0005938830218818223,0.11869454717897059,0.005089815842979285,-0.006080327274156775,-0.00678577454700711,0.1265662135757703,-0.021157718101360405,-0.09709462347838643,-0.01801549785461515,0.17437091615151054,0.07773497317975078,0.061728431405616575,-0.01147990059302893,0.06491565799939411,-0.04590969987707684,0.11722120702363964,-0.08916153280910236,0.08282238235717211,-0.04399230090127424,0.006743766542577871,-0.07898310851607425,0.061352945746376654,0.1429023567927676,-0.09547935886548463,-0.06737277931812605,-0.100050011039958,0.12418145304021737,0.12564062954893201,-0.10107190416938117,0.0036559458989726874,0.017174056445743817,-0.15403882098848495,0.003438425455427372,-0.21366844534364068,-0.09077140149501889,-0.17422094398967872,-0.12554379601089002,-0.0653850939873491,-0.018658297116577505,-0.03111091915624391,0.043411886615570446,0.2603954455494695,-0.05114284512335061,0.12314024029056839,0.008675851635715168,0.12535107586870975,4,1.0,0.348412674223626,0.0012972551432894872,0.0,0.0,18.0,13,1,0.07692307692307693,2.230769230769231,16,16.307692307692307,58,18.307692307692307,84,13,5,5,147,12,22,2,6.077425,3.0878797,1
42086667,Hippocampal astrocytic GAT-3 blockade impairs protein synthesis and spatial memory dynamics.,2026,0.26570820264227546,0.3212862766689207,-0.03221612388478683,0.20405200683563804,0.07132489226945286,0.03004759964554323,-0.02139048868220941,0.028258394878603942,-0.03278426716688441,-0.10146072516153092,-0.09495855941677639,0.07771631194670574,0.05149896027678074,0.00396421503161419,0.06479388511752067,-0.06687317797145732,-0.0245272639417089,-0.10179404137182806,0.02687213609422245,-0.021249197233269984,-0.020747784310668885,-0.04405337404619566,-0.03311981177885108,-0.003125394052793503,-0.11438159729495977,0.07695774661319266,0.008975142744983582,0.05908106572227963,0.10018668454747785,-0.001210890566814708,-0.012601904677217442,0.013187115412008735,0.019297975904838685,-0.0991914538608334,-0.10196539329008618,0.11108442866486916,-0.015047159426881696,-0.10572005732518315,0.02876438867075081,0.018471163339751757,-0.11304011117913779,-0.05608647807950327,0.024086786120841672,0.11578700039177317,-0.11795119853343196,0.01180219015617321,-0.01638358064487528,-0.09263125167895327,-0.13762783200679682,0.02994251754997543,1,4.0,1.2187586940861936,0.002997380155956945,0.0,0.20874571700022224,6.0,6,1,0.16666666666666666,3.8333333333333335,16,15.666666666666666,63,18.166666666666668,76,11,9,0,137,12,4,1,8.058071,3.8134332,1
41950695,"Corrigendum to ""Aquaporin-1 and aquaporin-4 in human placental angiogenesis: insights into the critical interaction with caveolin-1"" [Placenta 168 (2025) 111-123].",2026,0.0,0.0,0.0,0.0,0.0,0.0,0.0,0.0,0.0,0.0,0.0,0.0,0.0,0.0,0.0,0.0,0.0,0.0,0.0,0.0,0.0,0.0,0.0,0.0,0.0,0.0,0.0,0.0,0.0,0.0,0.0,0.0,0.0,0.0,0.0,0.0,0.0,0.0,0.0,0.0,0.0,0.0,0.0,0.0,0.0,0.0,0.0,0.0,0.0,0.0,4,,,,,,,6,3,0.5,15.333333333333334,45,51.666666666666664,137,93.33333333333333,267,5,0,0,0,12,0,2,5.1054845,2.0169756,0
41933672,Aquaporin-4 participates in the migration of retinal Müller cells by facilitating water transport and cytoskeleton reorganization.,2026,0.34374839568131754,-0.1108894145399759,0.41986758393527657,0.18930259123492751,-0.0530335782739328,-0.279952704590766,-0.04948357459742859,-0.11943463373562506,0.001030325357160901,0.1346440706449177,-0.11102465908720156,-0.13687475264039903,-0.07035816705310258,-0.11346360488585193,0.06261419524900572,0.02119503684792333,0.06759327739607066,0.019324363233597694,0.04409623697608187,0.04157560222480519,0.055296255776420514,-0.043735128774586046,0.05463175509219051,-0.0005465735481014903,-0.10960151366280256,-0.0011057507978614882,0.03220366929591,-0.08399957029644593,-0.10203343887976908,0.02883202967722408,0.04032706220989932,-0.028116221160416868,-0.047090076338951986,0.014695479098925048,-0.024887109787096736,-0.026234096499526204,-0.05162501976774223,0.011399996581700959,-0.03528187664032796,0.006479933588512421,-0.026711504988685287,0.03903006478122218,0.03703338977923794,0.021924098067559537,-0.03289055585873198,0.003985588010606636,-0.021605174908000128,-0.06771033904754994,-0.0016519876566673353,-0.01781397429754513,8,13.0,4.665962489506858,0.008662814154945893,0.062262375305853566,0.12069304353938602,16.0,7,6,0.8571428571428571,8.714285714285714,21,29.0,65,55.42857142857143,127,3,13,6,140,12,3,1,5.9400783,5.5895057,0
41824201,Targeting pH regulation in cancer: combined mild alkaline treatment and NHE1 inhibition as a potential therapy for clear cell renal cell carcinoma.,2026,0.3409400777243224,-0.11322983086564214,0.23721813760778537,0.061447434855402584,-0.022164240989038395,-0.2311632831692507,-0.04556710539773136,0.03212648721100049,-0.005188514222062571,-0.050159135251106275,0.035372341075815945,-0.15401129761447144,0.06182697565027275,0.054470826574538646,0.01919667335754783,0.06351279314410527,0.03172390080300916,-0.02571491499437268,0.03332657349796669,-0.022115604309037817,-0.24281784901825615,-0.06835293313903108,-0.1621472029091672,-0.0021258306762608923,0.06561251862037953,0.047276841924442266,-0.02857111702676854,0.19480896703083886,-0.013795057509310375,-0.22680045434219834,0.04842135349064283,-0.06831437749382924,0.03618697097012503,-0.04857962997313519,-0.07973992597205268,0.06319067206846225,0.07129264307381444,0.03788361072406395,0.1295397643738352,-0.08601712869786984,0.01098323059961985,0.08050189468925192,0.2149456897671485,-0.06128647516012401,0.005858035466285913,0.04122372627595725,-0.03630821836803872,0.007314227672449312,-0.020805633537556427,0.03660694308702389,8,7.0,2.3346856909842812,0.00499675483613135,0.0036514210427253902,0.13881786421595174,16.0,9,9,1.0,7.777777777777778,21,26.88888888888889,65,50.44444444444444,127,4,7,4,136,12,3,1,5.4847727,5.430155,0
41817828,Dopaminergic Modulation of Striatal Somatostatin Interneurons Shapes Motor Learning and L-DOPA-Induced Dyskinesia.,2026,0.2621504927974809,0.18562786039217852,-0.005583612464477349,-0.27697454088786455,-0.19988367740933866,-0.09492363153158273,-0.038261855748808374,0.053710014000903375,0.1863534044689984,-0.07410323237937065,0.10866261983333937,0.021944855179316786,-0.15850341627250833,-0.08742561144484332,-0.20776629382842832,-0.055166282123293296,0.012252148004437097,0.174895743786524,-0.014235674326879076,0.004304064066059359,-0.07647241732586595,-0.05406939696938786,-0.08167227281104447,0.011759807283872863,-0.10539760305884542,0.1495767749376305,-0.06019104905481334,0.0008986082693952203,0.009141730322860432,-0.14463225319756282,0.008709542947615752,0.06565196782601515,0.02246784175249388,0.12872867926658865,-0.05197575243515868,0.013696416220565508,-0.04777815476740098,0.007884485526824563,-0.06447027278163588,-0.04075523050629104,-0.07632590954154486,0.0599720396459918,-0.0016151341293418027,-0.02695233847657887,-0.016686653683635158,-0.07869668832303375,0.04896109819837846,-0.03544225064369741,0.03303809062275943,-0.040993956840355644,2,7.0,2.113389349859144,0.007005483791362808,0.10043290043290043,0.04958506100890873,2.0,8,6,0.75,11.0,27,42.5,110,67.875,175,9,11,6,165,12,1,2,6.6760736,1.5401247,0
41800087,Eliglustat prevents acute kidney injury caused by Shiga toxin 2 in lethal and sublethal rat models of hemolytic uremic syndrome.,2026,0.32042435653598644,-0.2449222269225226,-0.16138008656498756,-0.0023110072058717805,0.08067660102089194,-0.07801796248747177,0.08605067101802792,0.2765015735980399,-0.05062916165865978,-0.06510089838774052,0.06543187692785031,0.07519601500227245,-0.2072864309230921,-0.07989487399051363,0.09244582356981285,-0.008473406910958511,-0.10958594476922551,-0.2218288306649983,0.0030077502404373393,-0.060706233850305005,0.06613001408621662,-0.027399809369349992,0.05128634652588206,-0.03575379118028917,0.03769875842715741,0.03994630146084266,-0.02747030912645224,0.017140042328589747,-0.0526742574928577,-0.014039540939334188,0.07803172513319245,0.10368279955569211,0.0873355322398566,0.06824344327708821,-0.1471066685831843,-0.11425103895930948,-0.03375433427451213,0.024620861155610598,0.050447334773881684,0.07104666456211486,0.045202593098773544,-0.053051085340193135,0.04027108311307232,0.009379054461867839,0.04459689423339959,-0.06018970293781801,-0.11111810906652232,0.13804639263976895,-0.0713847335391853,0.056865839878725115,5,6.0,2.1756287886489414,0.0036316338525992434,0.0021833239224543573,0.170965802318924,18.0,4,4,1.0,12.0,25,40.25,111,87.25,235,4,0,6,199,12,5,2,3.5030963,4.3193913,0
41743514,Premature release of action sequences in adolescent male rats.,2026,0.21193074244678814,0.22081120238227,-0.06863749075199722,-0.003905366965444807,0.019085858449388905,0.009342996650935758,0.04586736589740656,0.050681427106001015,-0.07962675327274313,-0.006347528154268858,-0.03247904302547854,0.0034231559862903317,-0.003783682846302511,-0.07241472124682852,0.028332663111515072,0.16975301048044264,0.05132247631081179,-0.07190441191836487,0.09135476943218435,0.05310004560289984,0.142215517416689,0.05895912816514667,0.14499253955570326,-0.1444396944076711,-0.014797557850022049,-0.011848061146340369,-0.006581140494748417,0.24253298046467597,-0.05327877903068397,-0.17260299211024677,-0.002350145933523833,0.07766910023606392,-0.12969960103492553,0.008759512843987037,0.011662251422606752,0.2305979424465756,-0.20545191386294098,0.04875915517795565,-0.03510186780833146,0.034950173648264714,-0.133065328847808,0.07293371394436327,-0.022029373439276183,-0.00055648261587824,0.013109577347129373,-0.012212857689456017,0.027037203212502765,0.08369290170086313,0.07630671934395357,0.08607705334403243,4,2.0,0.6734894984345622,0.0028186898872096023,0.006437041219649915,0.0,17.0,4,4,1.0,9.5,27,37.25,110,55.5,175,3,0,5,127,12,17,2,6.186597,2.4425647,0
41709136,Insights into the proteome of next-generation probiotic Faecalibacterium duncaniae A2-165 through label-free proteomics approach.,2026,0.16842770708405233,0.021522807862556764,0.0712726831631524,-0.03301986485287887,0.005184839958990061,0.049595375689748394,-0.01451008866848054,-0.028572465836298338,-0.04710847275512038,0.048142513481875725,-0.022562366226279402,0.04652349402615903,0.08717943258038523,0.04944268881439109,0.009897683089953233,-0.0006815090551440311,-0.06636165829548214,-0.025765970788836693,-0.09935828919741187,-0.09672481375873669,-0.09905477460423415,-0.017684040283665773,-0.07624061383565253,0.02935693969630748,0.047653333813953994,-0.08255380465542747,-0.11006287113298016,0.08003301882748805,0.01934775894481005,0.01791062825276657,-0.040516446098540985,0.02870464161291248,-0.12071653406904587,-0.061837439946926344,-0.16064914166045594,-0.056439146667419136,-0.13510613155088516,-0.17379554168215475,-0.07961508564750681,0.011570186512857556,0.2050376205333473,0.07824661725683117,-0.18008444828416115,-0.08807135140859534,-0.048200353803048386,0.022291806267998825,-0.05123238411442548,-0.0016956541963280957,-0.02262646363457443,-0.08293028778400434,4,,,,,,,7,1,0.14285714285714285,1.2857142857142858,3,9.285714285714286,29,9.285714285714286,29,6,6,7,179,12,2,1,7.731989,3.3731127,1
41605341,Persistent neuropathic pain selectively impairs hedonic and motivational aspects of eating: Insights from a mouse model.,2026,0.20263980939099924,0.11697605756421602,-0.012336116493854628,-0.16252026620085697,-0.06599747497068528,-0.02208407755823591,0.0556151370537222,0.07471250122265245,-0.10191367487410236,0.003285547523222259,-0.16815912909013933,0.05346735846574475,-0.06950307162277068,0.2421484657341253,-0.09611642336587725,0.1516775094268257,0.060570268584685526,-0.13534745004379803,0.31524519979245075,0.01106549385364484,-0.07574747387863286,-0.02841539266856969,0.26883765732731874,0.12659634785361734,0.029219009768820112,-0.06280456496018377,-0.10772619701667036,-0.15599446474482698,0.08458732594170996,-0.12867587543705547,-0.013824833911045248,-0.07324908906040087,-0.027278266339519814,0.13381493486197707,-0.002892681502159144,-0.040671271504283985,0.07219753970182587,0.06774985480794075,0.03840662995621017,0.04779736606316505,-0.006763103837643141,0.007502200927921361,-0.005027444738400548,-0.03426939536493476,0.0036000127964758624,0.004213491604608043,0.02708470381395724,-0.026093018334312323,-0.056701277168305836,-0.005210704281331,4,3.0,1.236655155553429,0.00401214344415757,0.0,0.42080426836436446,7.0,7,2,0.2857142857142857,1.5714285714285714,4,10.571428571428571,32,10.714285714285714,32,7,16,5,196,12,18,1,8.280202,5.2081046,1
41571758,Cytoplasmic TDP-43 leads to early behavioral impairments without neurodegeneration in a serotonergic neuron-specific C. elegans model.,2026,0.23220048169900462,0.16081929587294996,0.02002499343742321,-0.2093160217021178,-0.1366217365528805,0.023325399480112342,-0.06775025463155518,-0.076609075545931,-0.2039300341191697,-0.06416376793412579,-0.16621626959808208,0.08198789753619738,0.0929351198360122,0.155925932827743,0.28554739113904637,-0.25485226644245185,0.09018792131021845,-0.06881855436469732,-0.2549481309515213,-0.2012158952672097,0.1341066651923236,0.001643068036178817,0.008053839177250562,0.005888736431962325,-0.026505032372005657,-0.04038014289793306,-0.010357195484470888,0.09164599937390304,0.1193038317064271,-0.08063431831631762,0.15476942721145975,-0.08995396831565682,-0.021660080696674668,0.0035349851208421406,-0.034930756887234606,-0.12392522435183645,-0.10330436855183017,0.14309868326810474,0.15188354877471877,-0.07977755510390198,-0.20927625159040222,-0.06393877558159258,-0.04033506013769238,-0.05259449267734694,0.029120480328998624,-0.1355928651877175,-0.028154380914352455,-0.1273475480112423,0.1570941187371377,-0.01001983963771872,2,2.0,1.1429482614827915,0.005124529433412182,0.007566346696781479,0.0,9.0,5,2,0.4,5.6,16,21.4,63,26.8,76,8,13,5,140,12,4,1,7.7974668,2.7268586,1
41489386,Deleterious consequences of Shiga toxin in the CNS.,2026,0.3066516677186915,-0.20273599016648317,-0.29961602939304516,0.010104657275234573,-0.053170495873601974,0.11592975902905221,-0.025953404831345856,-0.0718486878888586,0.07630552264244182,0.0890588662425809,-0.09721724150065524,-0.05849243933837459,0.02768814942090614,0.03085562279593775,0.010848171976149661,-0.10169205094039942,-0.02361766540654631,-0.03222919136463867,-0.061850916179077564,-0.03543832408271132,0.02798016953799558,0.05369970376732224,0.09108058039757665,-0.004056370916822978,0.05217686911432585,0.06977591844099384,0.28227487951016234,-0.06350563412065979,-0.05447624848646541,-0.05948179369739057,0.03773877812605537,0.08794376089275789,-0.1339229689724547,0.01832212700016896,0.016138092927296697,0.02143880174655251,0.08188063988683526,-0.046733334189616275,0.0059392304755979345,0.016891939873333393,0.011200221863587672,0.13278368451000272,0.06560490364811206,-0.05702516498661278,-0.03715632009059838,-0.07641608336918718,-4.665451225618921e-05,0.055365551700681866,0.01392857736932555,0.06436978236946334,6,8.0,2.447227757340392,0.0037977638546632785,0.0,0.2684906710737556,18.0,4,3,0.75,5.25,10,19.25,38,30.5,61,2,8,3,145,12,6,1,4.7907586,5.049156,1
41457365,TRPV4 Orchestrates Distinct Calcium and Cell Growth Responses in Non-Tumorigenic and Clear Cell Renal Carcinoma-Derived Cells.,2025,0.299009876336932,-0.09188489644483461,0.19025738447788487,0.08379657820018858,-0.01122645473773525,-0.2517347406105158,-0.035441164575387055,0.019065021869805306,-0.016257358744918175,-0.026349295826314532,0.036709165201362054,-0.0793941647104671,0.0032957614008499473,0.06566273916106453,0.02237634667376888,0.06099924483462227,-0.0030450529395909713,0.05285628376255291,0.004919750915429191,-0.0032770019592822954,-0.1616158352690095,-0.060442523782277095,-0.10596204062874369,-0.020503482638927494,0.05916053929419335,0.02583117516202666,0.00472169419640105,0.16427804632510734,0.05267320753538568,-0.2234114704544529,0.08371285117965598,-0.026635342794480165,0.07160923323738635,0.011685750563136527,-0.022679625643106736,0.15222361549215818,0.07301135461044538,-0.016111416816138226,0.11020823700281443,-0.10916823332819996,0.015140073945092754,-0.0046092857420697774,0.1979510612469359,-0.12610070190241623,0.005502554446616601,-0.00270743267901327,-0.05258683405664432,0.059704292612785405,-0.09343054841014524,0.08410881769106031,8,3.0,1.152099563590818,0.002612713333580108,0.0,0.33702566475419865,16.0,9,8,0.8888888888888888,7.777777777777778,21,26.88888888888889,65,50.44444444444444,127,3,8,8,152,11,3,1,5.572502,5.479108,0
41423699,Synaptic changes contribute to persistent extra-motor behaviour deficits in amyotrophic lateral sclerosis.,2025,0.2736091492756592,0.20217087423654923,-0.04657696556705621,-0.23009387272438594,-0.13417599343478187,0.04147351565083648,-0.07253117280802543,-0.07317561158912024,-0.3092244631292251,0.010983745055410114,0.06113888287531351,0.00735455041538395,0.10847493401975809,-0.1512852781967974,0.18200747298038922,-0.059684124033222055,0.10717921644622602,0.07767860867284751,-0.03144279018248872,-0.04038862133898896,-0.09150332025498907,0.006526005273644615,0.08468488461387735,0.027721366847820384,-0.014015487322733687,0.009037562628044622,-0.08628681012133645,-0.08714877961096765,0.0037307376946263448,0.029270517139920075,-0.05358659359182121,0.026741698955589213,-0.007834385190240474,0.001868045969279372,-0.06789938681342833,-0.0024552702462979806,0.05033022213053703,-0.010522903305681973,0.035122631071409685,-0.027766910359192,0.006737660221302587,-0.04416901239612373,-0.003487874505455442,-0.020883852323157873,-0.07450413996752749,-0.025934911619171212,-0.025888853615316197,0.03563460480933438,-0.03469559178484694,-0.05458760777415289,2,5.0,1.7302196785834831,0.004323023706856435,0.0,0.30525571729224205,17.0,18,2,0.1111111111111111,2.1666666666666665,16,20.38888888888889,63,21.555555555555557,76,15,10,8,168,11,4,1,8.419502,2.4535341,1
41242030,In Vitro Evaluation of the Impact of Oxygen Concentrations on Thrombomodulin Expression in a First-Trimester Trophoblast Cell Line.,2026,0.23469636619352172,0.011529275734705137,0.19075927243299284,-0.012190413938783702,0.04181518221520608,0.2306441690933166,0.013542067344401859,0.0012825254445755585,0.02557603018134872,-0.06781007523169744,0.04869928186133395,0.011074588925852424,-0.022376862085496434,0.0343603270171689,-0.023348487103747238,-0.04060877755748132,-0.14641723696542974,0.04275388643817827,0.027503757740812998,-0.1164035075065199,-0.026742972908622122,-0.009111428759842536,0.017241719419969843,-0.06914591070102623,0.07087078740026609,-0.0228921442145765,-0.02626090480224252,-0.0689995809799372,0.0816723945705361,0.061723848771463384,-0.09951812160349104,-0.10493105175231106,0.017802375807982624,-0.05874886080324874,0.04959097208558564,0.04808289852120644,-0.05042289376766656,-0.07103355495087457,-0.1122941222996874,-0.09253833679164633,-0.06756625264033049,0.003998622247937322,0.04338126210038531,0.0919241508312673,0.014253275240684572,-0.06092083222535932,0.00035802871684620857,-0.001903720421861097,-0.028588003658204464,0.033346488689493026,3,2.0,0.5788227110965078,0.0019372353374020267,0.0,0.3237255177049053,11.0,6,1,0.16666666666666666,9.333333333333334,45,34.333333333333336,137,58.666666666666664,267,4,16,5,149,12,0,1,4.8841515,2.9142096,0
41208638,Iron Deficiency in Drosophila melanogaster Glial Cells Impacts Behavior Through Altered Mitochondrial Dynamics.,2025,0.1731357874617373,0.04911806489419548,0.049189278865920893,-0.036620314851567456,-0.03991583294113962,0.013361281795786668,0.00593013546525088,-0.02628708569140854,-0.044681841955266706,0.020838027617318663,-0.005810887965823111,-0.05328148126730053,0.06855997921283875,0.042398455203288485,0.017276502490960022,0.042695998546951816,-0.013724082582839765,-0.028403136513139575,0.05555542607561017,-0.04480154043844882,-0.08478927829239927,0.027606778272971078,4.8235266828641635e-05,-0.007423698451642339,0.014112091087881341,-0.07355292107721374,0.07711515384896074,0.14390878831891035,-0.08176582678117604,0.15179709811469544,0.09142238231380344,0.21828348105786874,-0.10924464208790427,0.02318646578758288,0.09395429062339511,0.04853571164963721,-0.052930475355788785,0.10178495153361763,0.08961743065917241,0.029464746076985095,0.03159708604094112,-0.03890636530067183,0.059265464702054245,0.10624585700837,-0.1056775972961358,-0.004665724422189376,0.10982458298895893,0.014368863374208937,-0.09195301023525275,0.032141597792307054,4,,,,,,,9,4,0.4444444444444444,2.2222222222222223,6,14.88888888888889,32,16.0,34,5,10,5,167,11,19,1,7.434186,4.1064644,1
41183746,From rodents to humans: Conserved codistribution of dopaminergic with serotonergic neurons in the dorsal raphe nucleus and their molecular characterization.,2025,0.1905546841705337,0.1538549435918097,-0.004652118361360316,-0.21243613740495612,-0.14257902625171648,-0.021119101277763706,-0.0381721051495427,-0.013484266897343397,-0.0562545705302649,-0.08397410991968902,-0.1795018510031737,0.11883691083503897,-0.09464199831201818,0.25471330668374076,-0.08073457496896246,-0.1856565576464541,0.07112441195216536,0.08346036915612988,-0.14435116832315717,-0.033854867329374955,0.24553115108473011,-0.14138629919903642,-0.14680841728984606,-0.024835124787110755,-0.01563102747821708,0.020076737436672112,-0.008679938711909255,0.07373426487256042,-0.1071739631900728,-0.017444060332245718,0.03042064591069266,-0.05236109760103845,0.056184382457536625,0.015714075784757777,-0.006248085235179059,0.04295386615513437,0.012167485028348595,0.008219230191555897,-0.07536942003562777,-0.055534995658232736,0.027782539086097117,-0.049649720277797564,0.014180356689667568,-0.05429522509674794,0.06785236293462613,0.012808421080345548,-0.00364696877424787,-0.09225171166933975,-0.03306608607915674,0.09369853654210944,2,5.0,1.4507320674211945,0.006973844793807159,0.04468285337850555,0.029281241697447103,9.0,7,1,0.14285714285714285,5.571428571428571,27,24.714285714285715,110,35.42857142857143,175,6,13,6,121,11,1,1,7.542168,1.9227945,0
41040166,Distinct cellular processes drive motor skill learning in the human brain.,2025,0.2538839819226711,0.2703038344955207,-0.03860158609442792,0.07712473526837735,-0.04589872406779884,-0.00030777586258700544,-0.09213416130974254,-0.045586432678759815,-0.16476880055067228,0.26555194667655957,0.32656341604590483,-0.03982264853538522,-0.0964672545251345,0.029863368836779758,-0.15466823073521807,-0.1622230653245922,0.03159608453122859,0.0034462120737544706,-0.05835069024912366,-0.02119841104649476,-0.14479143560242494,0.026924198458349622,0.08174557155036616,0.08300619935819904,-0.06216196183507917,0.011956180586919746,0.028151072171594675,-0.0345997140004841,0.006513531738142142,0.023738701898471527,0.0371457287551281,0.03948161473483871,0.057354908863070625,-0.05564870380894351,-0.15584332506215856,-0.03524646209487541,0.1746215430961942,-0.0370247266309995,0.04885398873265461,0.10306145696529549,0.009523233035597638,-0.03580999331777416,-0.1147939593455177,0.0524189532366941,0.13313433452137233,-0.004408168208615788,0.06486661787226614,-0.083378337733882,0.04498091890614648,-0.0418630207812518,1,4.0,1.6620506753603566,0.004745283186410962,0.0030867683041596082,0.20080747594526369,17.0,6,3,0.5,4.833333333333333,15,13.666666666666666,37,26.5,77,5,0,0,159,11,10,1,8.766984,3.0625787,1
41014673,AQP3 in amniotic epithelial cells: A key mediator of cell survival.,2025,0.36128526948428097,-0.07570127709154345,0.2867666368189391,0.10234558528885984,-0.004910618827621874,-0.041825680298241824,-0.03850948053236367,-0.05753361558766253,-0.006834451179839571,0.056231076367503956,0.06806146153845434,0.23786102993014896,0.08866307082710602,0.010985733070962053,-0.04797555001228598,-0.03618170450369092,-0.060088803555822426,0.030299687293630844,-0.017179823334027778,-0.0764748978902269,0.013691693830398394,0.04158388289588396,0.026364634301288006,-0.08810500053525944,-0.06782213438948095,0.06833214014297705,0.04872530119430205,0.0017203768246929858,0.05185307619440445,-0.05651070835813848,0.019573075114452543,-0.00896517477549437,0.03236452065377125,0.07015482536505598,0.08607440353936685,-0.027150020613756792,0.07384364383241485,0.07875233377544551,-0.041677951463300014,0.03171860945430439,-0.09822020035246687,-0.026899283462886645,0.024847155870965195,0.03580512388072916,0.06734340004688276,-0.014244056837284181,-0.11925036349031148,0.08155437048899032,-0.04559695443793252,0.06011024003266063,8,5.0,1.3775868304027847,0.003189709218744243,0.01246000376435159,0.11293596451108083,15.0,6,6,1.0,10.166666666666666,45,34.0,137,59.333333333333336,267,4,11,6,126,11,0,1,4.398289,2.7581925,0
40976751,Editorial: SLIMP2024.,2026,0.0,0.0,0.0,0.0,0.0,0.0,0.0,0.0,0.0,0.0,0.0,0.0,0.0,0.0,0.0,0.0,0.0,0.0,0.0,0.0,0.0,0.0,0.0,0.0,0.0,0.0,0.0,0.0,0.0,0.0,0.0,0.0,0.0,0.0,0.0,0.0,0.0,0.0,0.0,0.0,0.0,0.0,0.0,0.0,0.0,0.0,0.0,0.0,0.0,0.0,4,,,,,,,3,1,0.3333333333333333,19.333333333333332,45,70.0,137,126.66666666666667,267,3,0,0,0,12,0,1,5.074637,1.8903908,0
40882494,"Corrigendum to ""Aquaporin-1 and aquaporin-4 in human placental angiogenesis: insights into the critical interaction with caveolin-1"" [Placenta 168 (2025) 111-123].",2025,0.0,0.0,0.0,0.0,0.0,0.0,0.0,0.0,0.0,0.0,0.0,0.0,0.0,0.0,0.0,0.0,0.0,0.0,0.0,0.0,0.0,0.0,0.0,0.0,0.0,0.0,0.0,0.0,0.0,0.0,0.0,0.0,0.0,0.0,0.0,0.0,0.0,0.0,0.0,0.0,0.0,0.0,0.0,0.0,0.0,0.0,0.0,0.0,0.0,0.0,4,,,,,,,6,3,0.5,15.333333333333334,45,51.666666666666664,137,93.33333333333333,267,5,0,0,0,11,0,2,5.213216,1.8125403,0
40766632,Cytoplasmic TDP-43 leads to early functional impairments without neurodegeneration in a Serotonergic Neuron-Specific C. elegans Model.,2025,0.21531296487719317,0.14518325174704774,0.018496790823655386,-0.20460725092113372,-0.11723437409099792,0.002272599230188458,-0.06799422648273525,-0.08106055513697989,-0.20383962581686133,-0.05648940814248846,-0.17813898513790638,0.06914322899289474,0.10128808432347693,0.1506418611560231,0.31595307483891444,-0.2583990855804926,0.09697359859573541,-0.07906723357882538,-0.26012644339597035,-0.20054830064178777,0.10368985761706899,0.014484495561179521,0.00494575622561177,0.007204268256272893,-0.01864890814722696,-0.0413594595280933,-0.016946839643956425,0.07950925988164637,0.15278792128834426,-0.08378233893946475,0.1521274526228311,-0.08284137504935685,-0.0053499590831584684,0.018212132965991872,-0.04897788365896148,-0.1414144484149579,-0.11206823486358448,0.11675306534779391,0.1497904697898373,-0.1002653147692823,-0.2108426900332695,-0.06836427661553318,-0.0342450696385614,-0.05771034043202377,-0.0009585217153959351,-0.13395866655240393,-0.04480668452838926,-0.11900680011716962,0.1289896477330563,-0.0037960442728731105,2,1.0,0.8765094976792486,0.00398663590102375,0.0,0.0,9.0,4,2,0.5,6.75,16,25.75,63,32.5,76,3,0,6,123,11,4,1,7.6706333,2.6310656,1
40744730,Uncovering the Role of the Human Hippocampus in Procedural Motor Learning: Insights from Implicit Sensorimotor Adaptation.,2025,0.2061217025043218,0.32959882682289493,-0.12075971551552346,0.1585715991844734,0.0310766907328085,0.014248494870962913,-0.07839640802372845,-0.028894409696066537,-0.11899248182903611,0.2685047762937965,0.38341439722118326,-0.10923486593064627,-0.13115209924435733,-0.0005676307790540955,-0.1739719399232899,-0.15045777231190685,0.034719708376566565,0.026254070739859074,0.004510705248328352,0.015964736565743393,-0.020870297764263673,0.0756499787460151,0.03754647486624496,0.018296156012251853,0.04495003294947719,-0.05029836869479733,0.08457084807080816,-0.060763088276709044,0.032757470974871604,-0.0018951318145183946,0.1210625431954371,-0.04399229863532522,0.11834317543222334,-0.07002932885012535,-0.08177520956694913,0.0032276097088794063,0.03932546175938661,0.04772059666091349,0.04317749130889542,0.02380275947048139,-0.023309153866524688,-0.020486640847607346,-0.02218328357685398,-0.039027570929404946,-0.001527594620055773,0.008802903552370006,-0.019385869260642376,-0.017994004193090402,0.01600203796510702,0.02852243446041596,1,8.0,2.831174415470852,0.007908368440748407,0.0836815358554489,0.08250651047534283,17.0,6,5,0.8333333333333334,5.666666666666667,15,17.833333333333332,37,31.666666666666668,77,4,12,5,148,11,10,1,9.019023,3.2866266,1
40642510,"Editorial: Maternal-fetal interface: new insight in placenta research, volume II.",2025,0.0,0.0,0.0,0.0,0.0,0.0,0.0,0.0,0.0,0.0,0.0,0.0,0.0,0.0,0.0,0.0,0.0,0.0,0.0,0.0,0.0,0.0,0.0,0.0,0.0,0.0,0.0,0.0,0.0,0.0,0.0,0.0,0.0,0.0,0.0,0.0,0.0,0.0,0.0,0.0,0.0,0.0,0.0,0.0,0.0,0.0,0.0,0.0,0.0,0.0,4,,,,,,,4,1,0.25,15.5,45,44.0,137,87.25,267,5,0,5,0,11,0,1,5.2943716,2.0551703,0
40617562,Shiga toxins from enterohemorrhagic Escherichia coli and anti-GB3 antibody as novel agents against triple negative breast cancer.,2025,0.41903586907842655,-0.22730980100476486,0.11085290838828239,0.12344995122909008,-0.056054561609182534,-0.1507075668213798,0.007595928038442492,-0.09863937811089832,-0.03683828880964944,-0.172197264479721,0.01155580364550389,-0.13289098423848067,0.055655392629473326,-0.004328982712899595,-0.09670596909185779,0.014916454384035488,-0.014745551929508573,-0.035366833996301764,0.015850973172539078,-0.07892137047653451,-0.09889899504497673,-0.04396783808541941,-0.10603222778486811,0.015255411730551068,-0.05359298921232806,0.07604659790178653,0.003928065818547909,0.13149379524468882,-0.03641556598698015,-0.17003351881708453,-0.008709623814745021,-0.15707462906242947,0.07161144781258562,-0.050396975799995664,0.031031429894555,0.04854850849675341,0.05419929691251598,-0.02676957923775612,0.02983190210736299,-0.06677943254928624,-0.08562645626832048,-0.048358428867199925,-0.07305468633174206,0.08826293143884652,-0.01812159846223263,-0.04228266645352463,0.006777566140394411,-0.033309280680384315,-0.06491066549387377,0.023143760462468684,8,10.0,2.9823484277114374,0.005471199656428352,0.04362883493318276,0.06222374418914362,16.0,7,5,0.7142857142857143,6.428571428571429,16,26.285714285714285,63,35.714285714285715,76,4,14,6,130,11,4,2,4.989938,5.3661213,0
40603573,The translational inhibitor 4EBP/Thor is required for Drosophila adaptation to hypoxia.,2025,0.16331565511875243,0.05154361659822148,0.0834094785829162,0.0018604404499338672,0.003999624525327291,0.12441051915432762,-0.010350100187020497,-0.007075367551829009,-0.007367644624369396,-0.03472507947974472,0.0877927883407712,0.05273080837169996,0.01790174145844675,0.05103762462972981,-0.06392657049242224,-0.13193353819962808,-0.19068710981672385,-0.06756491320321639,-0.024568293408585882,-0.20549238066586661,-0.09404010212150424,0.08713419415848257,0.054142572929377214,-0.14769254307363572,0.10789548922862191,-0.04380538378117695,-0.028855798996563414,-0.05833968027097201,0.12135785148588495,0.06975489783250548,-0.024219081004425526,0.05092561755331792,-0.25359981899122963,-0.020381432491456165,0.19625612261221434,-0.01713544497341935,0.019416464297305275,-0.021941745327375105,-0.11075182979267305,0.0032831303654215368,0.11123456591239296,-0.01990123335719564,0.10552564701333562,0.04024317186050878,-0.04227742581509984,0.032279253750704784,0.05041947732539201,-0.1035371866434845,-0.052129742748673075,0.00576920518753617,4,2.0,0.5801469598372881,0.0019396009692701946,0.0,0.323986382585031,11.0,6,1,0.16666666666666666,1.6666666666666667,3,9.833333333333334,20,10.833333333333334,22,10,14,0,78,11,19,1,7.385147,3.5452886,1
40595449,Autophagy controls differentiation of Drosophila blood cells by regulating Notch levels in response to nutrient availability.,2025,0.16000924450704038,-0.03270282823016705,0.14046220182827662,0.07506717285665768,-0.018353650274343377,-0.13199388994736852,-0.02057485030138781,0.05452180610267005,-0.00273512412679481,0.04776986352879232,-0.052776271055775016,-0.15124123685313362,0.07243032263697262,0.0510160146790111,-0.011988667776414533,0.034296087895892294,0.01255257955164195,0.0006141674356876725,-0.07742615416439014,0.05874031028646459,0.004916275703938492,-0.010324615479276593,-0.11097428081802646,-0.04376015169900189,-0.016024693993106163,0.09968030517850457,0.0051702132275446636,-0.1312443456342148,0.13259548386642575,0.0018233802247324326,-0.15462914391387647,-0.05755501042684828,-0.08529326023292189,-0.028441632510945215,0.03822633130210045,0.1344561824566416,0.031798877982558336,0.14262249335196767,0.22882114695382422,0.08853061351803018,0.10964802657554391,-0.13415575181966244,-0.07517740098402434,-0.10932671068013841,0.05395352693091676,0.05991844729326254,0.2506103650896291,0.21856230191421186,0.1908223571875827,0.16250793920894901,8,1.0,0.5355323511096403,0.004186171855701528,0.0,0.0,1.0,10,1,0.1,1.4,3,10.7,20,11.3,22,8,13,0,108,11,19,1,7.1334367,3.7211282,1
40587395,Development of Human Renal Tubular Epithelial Cell Primary Cultures in Monolayers and Three-Dimensional Conditions.,2025,0.3006712971967305,-0.26354395634575783,-0.062093048244983316,0.09619680121080201,0.059951380734339865,-0.2882311173974359,-0.015613313265792952,0.1886130308670801,-0.10539636801900747,-0.16008263589252922,0.3138003407804245,0.17654575138163692,-0.047443964334677624,0.18820262636872961,0.2286844279016628,0.09497794578851627,-0.0019747087728442326,0.08800274007271029,-0.12894170518741338,0.16387606334871846,-0.044186439383353475,-0.2531508270658865,0.07839137109335136,-0.044327784229869,0.047538953212206574,-0.08723972564941426,0.122636393943756,0.03147534558229688,0.005507734984753551,0.05350421904354394,-0.013267617097736963,-0.005267222161674998,0.009995845257535881,0.028144836448057698,0.07469513933733285,-0.003839213170290825,0.07439856024096622,-0.0046654447365841074,0.01662385890552031,-0.010687095264618385,0.02138335140819355,0.017380864128273207,-0.10222042995926693,-0.03582242647439556,-0.11764553510134965,0.0046580408776892,0.007581636011183572,-0.04372511224323672,0.009969459842004808,-0.0033640322292314874,5,7.0,3.141002557683815,0.004699330015322013,7.528703180877094e-05,0.2723908956654384,18.0,5,4,0.8,11.6,32,37.8,126,74.6,241,4,5,0,150,11,5,2,3.255918,5.2771797,0
40577142,"Sodium and menopause. Dopamine D1-receptors, Na+-K+-ATPase and CD4+ in peripheral blood as markers of renal inflammation.",2025,0.16975362193783447,-0.03694039966658804,0.01901247158044738,-0.025773550580913948,0.056408057102068455,-0.024137047139942087,0.08717007364616487,0.5537882255992153,-0.05468639825600315,0.17010455004408379,-0.09740320656124034,-0.10192253899934824,0.28134001555943683,0.004155842540437116,-0.12788136160741267,-0.1067258756399589,0.06687447703427077,0.05344011064561259,-0.025863128479438682,0.07948229865015825,-0.029887100397227084,0.05769037375275257,0.015179983797660758,0.0644659223588378,-0.017419251085719015,0.011286269701025243,0.05238155043312536,-0.02269009153500569,-0.009823525659451236,0.006414503697886823,-0.02489656133219617,-0.09640855435086568,-0.017636668796689414,-0.04033581863664256,0.04751357116292239,-0.05875832349101009,-0.029950090797353942,-0.005336206535393845,-0.09493217952566518,0.004100565915611171,-0.014918359790699104,0.04997718010932872,0.06529956365868556,-0.054686816055938406,0.011255913286021555,-0.08402587687447255,-0.02953416487908221,-0.011169198580181998,-0.022427025575783126,-0.019692796382427092,8,5.0,2.1384760450305134,0.004256522975752959,0.007415772633163937,0.2793156607506681,3.0,3,1,0.3333333333333333,6.666666666666667,8,15.666666666666666,20,40.0,48,5,13,4,78,11,5,1,8.164964,6.1600065,1
40553107,"Striatal cholinergic interneuron pause response requires Kv1 channels, is absent in dyskinetic mice, and is restored by dopamine D5 receptor inverse agonism.",2025,0.1359969968057461,0.09860824827594207,-0.007324566087065263,-0.1582203307988678,-0.13153004650767006,-0.06626753620807975,-0.03752307348298379,0.03449800295223607,0.18020269133938605,-0.058388383525733036,0.03556529184552485,0.034581835753175236,-0.023192989267785402,-0.05865414727641655,-0.04956388709140392,0.018086710289129424,-0.037890158005474565,0.04895843781675394,0.05396031781290886,0.053875123386194344,-0.06770949269181976,-0.0007711780236185695,-0.049723070822025935,0.035634740105449245,0.0009582508304659938,0.04587324270305198,0.00880098621798661,-0.07830822685071795,0.0561928071988742,-0.03102677566943562,0.05804981547141324,0.04458942549957569,0.00569714866399041,0.02798992330115642,0.033755391484855804,0.0035256259123895963,-0.06888362437185049,-0.008022556045269283,-0.055556374319525995,0.05730093787032658,-0.03783605739500986,-0.0022735746121131254,-0.07318726384614872,-0.05368008692296955,0.02871339338989286,0.01594446648087167,-0.04698026765781099,0.05309615227394649,0.008047675462869469,-0.13678176461576727,2,,,,,,,6,6,1.0,10.5,27,36.5,110,62.333333333333336,175,3,9,7,130,11,1,1,6.3732033,1.8315165,0
40527250,Aquaporin-1 and aquaporin-4 in human placental angiogenesis: insights into the critical interaction with caveolin-1.,2025,0.3495335177630938,-0.13520559257932013,0.3644214834933977,0.1196926934243706,0.024242626442894797,0.06846193929826035,-0.04699819932978377,-0.07353732920700158,0.054953096379181075,-0.06361915047480227,0.0479094425431858,-0.05977792043867262,0.009124812799968624,-0.008870168629560934,0.00910280187067021,0.054333417519672855,0.15688610630913832,-0.10531187171877124,-0.06860014308847717,0.11897089658274838,0.025065976609547725,0.035304684543101005,-0.04380508022976016,0.08869543805750969,0.03136212892623084,0.07852478282702442,-0.014738740933185033,-0.06519796166281014,-0.08988262480979547,-0.05200003050367847,-0.05029607398963883,-0.037280228178565834,0.06033798033913796,0.06540045109319154,-0.029560354976516174,-0.014412987486820392,-0.07457642488178144,-0.00818748724777826,-0.04353198805301986,-0.049594497940615365,-0.09047113065199996,-0.11247221277399905,-0.03287232417173302,0.09598886215901127,0.01437855316050266,-0.04557134360542433,-0.03624280903289706,-0.030237872274677377,0.03350873820779541,-0.06756348055247323,8,8.0,2.519234312854508,0.004900331471257587,0.030942970073404855,0.14555843664439921,11.0,6,3,0.5,3.0,13,14.833333333333334,64,20.166666666666668,96,5,0,0,159,11,0,1,5.2412176,5.1939297,1
40451786,Clinical impact of changes in plasma osmolarity and pump time during cardiopulmonary bypass use.,2026,0.11786629223124084,0.0004327547925953956,-0.0052887610613478915,-0.04452773226663038,0.06781659352529155,0.026894236415240403,0.016632752205804194,0.0178184446981506,-0.01117075271144462,0.1644632405424136,-0.011841825099840001,-0.0343690485710521,0.02503216217107206,0.011405171801778557,-0.010635441314416062,0.11769340594811945,-0.08212241321181211,0.06033825148087208,-0.006744953546308844,0.015285309005652056,0.05233648529133955,-0.01569279450551197,-0.0036643361681483926,0.08255713834249248,-0.057731315142712125,-0.01217446187053951,0.04492932238023858,0.08614873830061594,0.01806760853478155,0.05604340463454074,-0.02944681633212871,-0.0015950593394676964,-0.07443696264371508,0.05969576216824887,-0.10539627449471002,0.12303653308061986,0.04780012316369926,-0.09463420027120784,0.1243093517134744,-0.04516330263054484,-0.03908139008880279,0.08645719833243622,0.0215358325479759,-0.08586096079010223,0.007139064935544441,-0.13003492013473805,0.03689224514262313,-0.03406671439137554,-0.028065285325016384,-0.21963181184958597,4,,,,,,,8,2,0.25,5.0,21,19.625,65,32.625,127,3,8,5,117,12,3,1,7.3072586,3.289692,1
40012853,Editorial: Neuroinflammatory aspects in neurological disorders.,2025,0.0,0.0,0.0,0.0,0.0,0.0,0.0,0.0,0.0,0.0,0.0,0.0,0.0,0.0,0.0,0.0,0.0,0.0,0.0,0.0,0.0,0.0,0.0,0.0,0.0,0.0,0.0,0.0,0.0,0.0,0.0,0.0,0.0,0.0,0.0,0.0,0.0,0.0,0.0,0.0,0.0,0.0,0.0,0.0,0.0,0.0,0.0,0.0,0.0,0.0,4,,,,,,,3,2,0.6666666666666666,1.0,1,2.0,2,2.0,2,2,0,6,0,11,13,1,7.948644,3.5030012,1
39955250,Nitrative stress-induced dysregulation of placental AQUAPORIN-9: A potential key player in preeclampsia pathogenesis.,2026,0.2895653198991989,0.019672512353827807,0.2793113492512548,-0.027084375223724668,0.06478598655722198,0.2653596214234234,-0.00455637666537663,-0.03254254291713763,-0.012056769365459217,-0.13732290279284373,0.09013331557145458,0.14457181351517276,0.16212349090843786,0.033235474345301906,-0.06718088943650195,-0.055993941305709345,-0.12153380552903517,0.03553808513896674,-0.04513477272678876,-0.1257591891538624,0.03184137636482642,0.048949495670104586,0.13473502255000208,-0.028439721663168566,-0.09274852809239323,0.08425833425421474,0.04015450468089209,0.16714382802234054,-0.040645764109026004,-0.06159795929865378,0.06575671261222282,0.08585049325780321,0.004549161933374053,0.050050533773312894,-0.035376157597650365,0.022333486346081153,0.08525770076674109,0.030877969224054874,0.09690927870601221,0.12103121936806767,0.06661190871493958,-0.0034963861637131908,0.05693350913143763,0.03678680733130454,-0.02661809674749533,0.1312842139390868,-0.07747176910355877,0.06866620312539652,0.019790651881784964,-0.10347740223298224,3,6.0,1.8424054181962468,0.004603921014557992,0.0013175230566534913,0.12389470232811103,11.0,5,5,1.0,12.2,45,39.6,137,71.6,267,4,9,4,136,12,0,1,4.4011974,2.6056023,0
39947439,Attenuated neurotoxicity after repeated methamphetamine binges linked to dopamine transporter (DAT) decline.,2025,0.21974336831280672,0.08799913677626459,-0.0002162370969009948,-0.19735812945523346,-0.1013947150568939,-0.033463430858006536,0.012026423926041894,0.03806156255100731,-0.000886866117523978,-0.03013255811278679,0.011660888230415275,0.008485372486727268,-0.1371300340649897,0.04632285193979763,-0.08641108378948097,-0.05999164406557507,0.020065929429999445,0.09207204499094311,-0.04589207234182545,-0.024652958490775305,0.11592750803733738,-0.045059745682493685,-0.08625713411361603,-0.0685363789815004,-0.09357047153935165,-0.025670318798773302,-0.08472593927975675,0.08810341635451688,-0.12459993860688975,-0.061882988366551844,-0.059217691345610196,0.006892178382856521,-0.09143853591904541,0.10092492516560268,-0.16380939222182755,0.016514053676775983,0.12378548712632549,0.05468532984099425,-0.10095147019335525,-0.03261379497378716,0.05533350094403849,-0.007598494883966168,-0.009073433660455025,-0.08056886886315308,0.028898169449431424,0.014277713978665785,0.008817777782429138,-0.03455525578950832,-0.07695150987425774,0.07723302750400671,2,2.0,0.5961588560778923,0.0028222865107327224,0.05138339920948616,0.0,2.0,5,1,0.2,7.6,27,32.4,110,47.8,175,4,12,8,150,11,1,1,7.1725926,1.4169786,0
39855537,Ketamine administration during adolescence impairs synaptic integration and inhibitory synaptic transmission in the adult dentate gyrus.,2025,0.16976803471848692,0.18184341194878684,-0.04369881982446746,-0.08894204711244523,-0.07551453013534407,-0.0026067309493686096,-0.004011628700620025,0.01885038774809104,-0.008896768163103858,0.016126833149182798,-0.07618099265733462,0.008360587411637468,-0.1009769179648311,0.19526072859862675,0.03610111283800095,0.10075512778546868,0.08359331490623371,-0.12022004720264537,0.043118869988793405,0.032922309153912754,-0.05014560178479815,0.10809972348284691,0.07117109501203335,-0.12393501344689022,-0.11776890973469324,0.07177871112656596,0.13744072952583922,0.17732672071178912,0.057856054364423176,0.037629253860864714,-0.026658684078112643,0.03517050127290605,0.005319097701808504,-0.15893094908188524,-0.03675544797695452,0.14223033128329263,-0.1692705436606761,-0.15885850612587843,-0.06182732468674029,0.0861210261453945,-0.012286279551964853,-0.16095079340848825,0.09134763848670217,0.11128866931493926,-0.15097452328040514,-0.005462710638965901,-0.06112432800882466,0.006625523199374126,0.09535780266495449,0.034785069075781605,4,2.0,0.5735112042309005,0.0026481603981594404,0.006286467156032373,0.0,4.0,8,4,0.5,2.875,16,13.375,58,16.625,84,8,11,6,95,11,1,1,7.9824843,4.283154,1
39853576,Sleep apnea screening through a news portal using the STOP-bang questionnaire.,2025,0.16308930453727927,0.027174917309070186,-0.03414542806805767,-0.09846515200526927,0.10769469145499876,0.08033920337435733,-0.001319106298282697,0.037236656487887855,-0.010263810777542414,0.13923087847252666,-0.03972206435987471,-0.09359435779843506,0.020948870430922868,0.09564389572488811,0.04824280728698242,0.12432948666561375,-0.035091753434431924,0.11313079138440212,-0.01592726582772055,0.007329650939540325,0.05087931288242236,0.01274166886278674,-0.08435454442783254,-0.026601266357446415,-0.06664708219518256,-0.04893922472044732,0.05044172572183232,0.09136509443270821,0.007390715031259318,-0.10118004959356063,-0.06579162584432148,0.053075472022211245,-0.06596777216543405,0.11319148148113602,0.05706833555658808,-0.1007311634597231,0.013069399091738133,-0.1672221039281543,0.011707225924992761,-0.1671342954342523,-0.03784276198328524,0.10523215430867443,-0.03747006515892014,0.05910204598524034,-0.005263138506311397,-0.001661945673665712,-0.0827558045288572,0.0007272652770062248,-0.07407376821559578,-0.13181952286416332,4,,,,,,,6,1,0.16666666666666666,1.0,1,5.0,5,5.0,5,7,15,6,131,11,14,1,7.543195,3.34338,1
39851628,Spatio-Temporal Analysis of Acute Myocardial Ischaemia Based on Entropy-Complexity Plane.,2024,0.17259301902874202,0.024134814881219983,-0.004948194436941619,-0.05700122803164237,0.06545476150539889,-0.0009527630205480753,0.008899590151062502,-0.014226068328357322,-0.026476327834697933,0.06068671644379503,0.009049226087663589,-0.020015133788873936,0.008736127418055255,0.031028217646149266,-0.057973138323146836,0.21997283288457845,-0.10986962179145937,0.012723426017637126,-0.010112421474989456,-0.11588913790815705,0.1285446199463019,-0.042712949560265084,-0.12146862380302292,-0.06382562207580757,0.0025906438806149444,-0.06707928609867841,-0.047527679055963105,-0.021565697497954103,0.00830826040018072,0.042414337197070225,0.008171947662165256,0.08676233347266801,-0.04093348680874803,0.026970590073165327,0.0279695404723591,-0.03296187825564329,0.028288698594119054,0.043938446655018636,-0.12349584325817166,-0.08524906196267229,0.05789770555595185,-0.06954790602571147,-0.03432475715330059,-0.014103847245210074,0.05673681688721671,-0.09491424472506843,-0.059186776360952785,-0.15546596814420335,-0.07424541805546087,-0.0013781846814266176,4,,,,,,,4,1,0.25,1.0,1,3.0,3,3.0,3,6,0,3,116,10,25,1,7.4400277,3.4453685,1
39833563,Early postnatal NMDA receptor ablation in cortical interneurons impairs affective state discrimination and social functioning.,2025,0.17821683905936736,0.1559046317737366,-0.03619915445441874,-0.15843266662913089,-0.09306984922483225,0.005389040897072603,0.006845853583178822,-0.008987074731013633,-0.10910661208117874,-0.052165580642381845,-0.03017607549121169,0.01987560172218659,0.03621499599232882,-0.12495501778922455,0.0870664450098587,0.1701963487430049,0.07493649924230053,-0.011318375609210923,0.11087057234200527,0.18940980387856746,0.0458318271902308,0.10829759697572974,0.07734781395806493,-0.08694744260374994,0.06541687655006347,-0.0031996638479790977,-0.006376255613384852,-0.0017889211210413486,0.061531570050163215,-0.06719734177799441,-0.040687919876538144,-0.09049218836133682,-0.05083940381444314,-0.07366962560779348,0.14934778855543027,-0.09298220605179992,-0.008118873275543335,0.12353348927125973,0.09696055540264073,0.1124668881874852,-0.045345127056154115,0.04398644440552464,0.061976080527464686,0.016111867822480842,-0.04416556002975598,0.09243963107293124,-0.08601337440817335,-0.09155085482717087,-0.04138359191408805,-0.1003389219540955,2,3.0,0.8582272716833947,0.002658469299904054,0.019800489365706758,0.11763313913371744,17.0,4,4,1.0,5.25,16,20.0,58,26.75,84,6,16,0,170,11,9,2,6.9613132,2.0175383,1
39553573,High-fat and high-carbohydrate diets worsen the mouse brain susceptibility to damage produced by enterohemorrhagic Escherichia coli Shiga toxin 2.,2024,0.2897203980571021,-0.005857345431924357,-0.14905386063767406,-0.11097214276260696,-0.02383851282756571,0.034294168230946095,-0.005616194749321573,-0.040132528741927784,-0.10747196314831504,-0.001342107720060349,0.03284470543856206,-0.038608826644576655,-0.0683493479664331,-0.15747247128158878,-0.053285339649104715,0.05859021002554113,-0.19392232355941635,-0.2439921572657986,-0.07223397324719494,0.07976750856818801,-0.034074065537618534,-0.03311516223053909,-0.08171715616530958,0.16327577394134182,-0.10113661319996606,-0.05536617741465777,0.07916411629847488,0.058889379045283116,0.013607668228197067,-0.05069045363739147,-0.017765548849264665,-0.04048547601687863,-0.006198526518467626,-0.005485949738502752,0.15003174362390423,-0.1267256193834083,0.04176732232015464,0.00023578095313632138,-0.12243242503283548,-0.02561971300431046,0.14750157586723858,-0.044538366473137275,0.04575441161384472,0.05110951387631509,0.012224069327683388,-0.09432920478367057,0.009994870293886208,0.130443319991017,0.12683112514724362,-0.07349040263766868,5,2.0,0.717960791451373,0.0020158634388934495,0.0,0.3433096430533103,19.0,8,3,0.375,4.625,10,17.125,38,30.75,61,6,0,10,133,10,6,1,6.0700517,4.3845754,1
39485629,Osteopontin Regulates AQP4 Expression by TRPV4 Activation in Müller Cells: Implications for Retinal Homeostasis.,2025,0.264305517046279,-0.09198389681553916,0.33792222064526106,0.1395924731883245,-0.06076767744474376,-0.25248073998200454,-0.0369166029404781,-0.13114605406773977,0.002181538858303149,0.17388065110767054,-0.1356131744448709,-0.10084233371883991,-0.09585501308827378,-0.1087060683199804,0.05717185410088029,-0.002432603948801045,-0.01152566315793834,0.08055459580842983,0.0763331678751505,0.007965311471349126,0.09165053350087558,-0.04473843572501446,0.10493974287415482,0.009151493536124761,-0.18305871574499502,-0.055401396328112196,-0.03358531948865352,-0.08936291232822122,-0.10044791154839262,0.05279654876079375,0.10360918365310078,-0.02375474019559713,-0.04786730559407124,-0.055513045423410484,0.03238701643567858,-0.0780646549479936,-0.04206033084539313,-0.0682067296031271,-0.014692727551998222,0.05456383562190723,-0.00493837815120409,0.036713110355281645,-0.006649640793996788,0.015515583878130268,-0.09695877968654568,-0.018476099403371794,-0.01134052384270506,0.007910560061421271,0.0389956235211364,0.03878830307095699,8,8.0,2.998453338416246,0.005861580962574768,0.0,0.22685794262371456,16.0,7,7,1.0,8.428571428571429,21,27.571428571428573,65,53.285714285714285,127,4,11,5,143,11,3,1,6.149554,5.643572,0
39461007,Maternal alcohol consumption up to mouse organogenesis disrupts fetal-placental interface at mid-gestation associated with dysregulation of AQP3 immunoexpression.,2024,0.280457573608104,-0.027922262797183402,0.24449071005029757,-0.04479381911486958,0.07700551688966085,0.22856813398300188,-0.0030328391060206396,0.04545014885751089,-0.025040357634048358,-0.08050971795873554,0.044383787094623366,0.07336629037645304,-0.008615546983545726,-0.088810472475107,-0.1199554407358286,0.06214248407898836,0.026306872936009536,-0.018484259195132576,0.12513398315094143,0.04781647950025696,0.07546247781078262,0.0008922751304572154,0.017155351355196486,0.05313729278223319,0.05028237538655477,-0.08558545905243874,0.025007811117871346,-0.0022449962156159253,-0.0290580356475313,-0.04875550667078722,-0.04880682917862067,0.006132904491974907,0.007725898880506786,-0.03138413949086829,-0.08572992701150027,-0.020734109023622375,0.010203319371967232,-0.05084619891920363,0.09248495946001083,-0.14683300175942132,-0.12303432872443897,-0.003154810662976763,-0.005153515712573017,-0.038953584225226094,0.07043173354276563,-0.0395019757910588,0.21820537167251722,-0.07674500255035493,0.0027844657624568167,0.046431703509944876,3,2.0,0.5556206542040909,0.0026715655394634356,0.007566346696781479,0.0,11.0,4,1,0.25,12.0,45,36.5,137,69.0,267,3,12,6,93,10,0,1,4.914936,2.5887058,0
39442808,Involvement of aquaporins in Shiga toxin-induced swelling and water transport dysfunction in human renal microvascular endothelial cells.,2025,0.3080433820924563,-0.17526396095554647,0.13478803031767092,0.1306501494744897,-0.01681654945946717,-0.06995305379666036,-0.035752340467499,-0.03890272468723611,0.0019125341482426552,0.15332077470956376,0.034328089008832385,0.33567944604842137,0.02332629377192718,-0.06558214141391684,-0.049130268070210883,0.010092948965215898,0.0615700783287433,-0.05697602476623661,0.047634786463603716,-0.047242685145554665,0.05201167378721143,0.2253809624840603,-0.09789668523513469,0.033971742365654346,-0.1939920913201053,0.08815092776474148,-0.07842247345254667,-0.11440021236055309,-0.04848521036010746,-0.006368497684980183,0.0405139288301522,-0.05541432531558456,0.039695592080510524,0.10195368435353347,0.043072186227589515,0.09274445312139769,-0.017872893199063426,0.06734592801958961,0.016660873096535023,-0.10767207527816923,-0.028686559956914083,-0.1205525593540216,0.013027585481272735,0.1593754445550338,0.01622653700284753,0.09818806208125361,0.056805998736938104,-0.04425069370382224,-0.006945214586507618,0.03836650735700854,8,9.0,2.749551347732165,0.004970658412624365,0.04671560323734236,0.10809447416857094,15.0,10,9,0.9,14.4,45,56.5,137,99.7,267,6,10,3,141,11,2,4,4.099138,2.6919475,0
39327159,TDP-43 nuclear condensation and neurodegenerative proteinopathies.,2024,0.17524991172600043,0.08997055048595907,0.07667903449081578,-0.043302430223944983,-0.03228667301137823,0.07274760631976698,-0.04904121903829436,-0.04591531237281124,-0.08008076963483221,0.06893868591431948,0.030011709864275603,0.029853706925919384,0.08101207460394047,0.09638646329341419,0.05684546819309931,-0.14480260073767456,-0.07651269893787255,-0.10692575722993491,-0.1896217435416594,-0.10041249775201169,-0.19107807872857782,0.03385045703387216,0.03490413330897144,0.034601703345792725,-0.03899231372056119,-0.06132040928713302,-0.01829131368787032,0.12001009350799416,0.05161759555368357,-0.1171555186263099,0.09830142349885261,0.08362360217494691,-0.2662972580090835,-0.002965981590659515,-0.12704835778169596,-0.05293403005110827,0.03848634658023479,-0.03558336619345102,0.023532334753782917,0.11610617548559106,0.07586953648064425,0.014783821032803405,-0.05309258963410273,0.020792056245446205,0.0662359485510407,0.026358604927439046,-0.02971113683810553,-0.061267095194552056,0.10075531617413562,-0.11079874652493495,4,,,,,,,2,2,1.0,11.5,16,47.5,63,58.0,76,2,6,6,36,10,4,1,5.9257503,2.0167675,1
39074983,Sleep Consolidation Potentiates Sensorimotor Adaptation.,2024,0.17332307018860255,0.31530438838569097,-0.12487185488027526,0.24917453716159757,0.10649778904112507,0.0020692086188429616,-0.05926237597942024,-0.01068237108960085,-0.026344409719877587,0.13624221308955767,0.2103870530800848,-0.07646306694889059,-0.05115191570798855,0.02415605582473858,-0.03452303787371488,-0.10460653143208566,0.002571978590561405,0.033574367075125996,0.10671132153845726,-0.04168916759045592,0.09632639029305187,-0.020573807618703813,-0.09590524890351645,-0.005929345476999428,0.09277979094531795,-0.07583785877163048,-0.06810136274651325,0.036030990947141676,-0.021971294098334627,-0.12008177560137026,-0.021501779907685828,-0.060303836989467806,-0.025381621648636454,0.13971993505535704,0.12027533218560524,-0.053830974955867375,-0.06663093658936196,-0.05848005147191213,0.13005435781508382,-0.02298726264417069,0.07968444542283232,0.016401282733205343,0.0066642292725467706,0.07328857731531907,-0.04250225611678381,-0.06781093170876791,-0.030130855270363736,-0.009400352383309777,-0.05406103699823918,-0.029430426454779696,1,4.0,1.466395638128844,0.0044713460429830175,0.007566346696781479,0.13527859236573322,6.0,8,7,0.875,5.125,15,16.625,37,28.375,77,5,12,5,135,10,10,1,9.23503,3.5521762,1
39055061,Editorial: The placenta: the origin of chronic diseases in adults.,2024,0.0,0.0,0.0,0.0,0.0,0.0,0.0,0.0,0.0,0.0,0.0,0.0,0.0,0.0,0.0,0.0,0.0,0.0,0.0,0.0,0.0,0.0,0.0,0.0,0.0,0.0,0.0,0.0,0.0,0.0,0.0,0.0,0.0,0.0,0.0,0.0,0.0,0.0,0.0,0.0,0.0,0.0,0.0,0.0,0.0,0.0,0.0,0.0,0.0,0.0,4,,,,,,,4,1,0.25,15.25,45,53.5,137,97.0,267,4,6,6,0,10,0,1,5.278828,1.95124,0
38956598,Impact of aquaporin-4 and CD11c + microglia in the development of ependymal cells in the aqueduct: inferences to hydrocephalus.,2024,0.28443113838988543,0.03360155903718255,0.10774857156192756,-0.08715618023549983,-0.09628608689147235,0.03160310873647966,-0.01928471320056428,-0.028098413685303542,-0.13905122616258955,-0.12966181014353623,-0.06977840773348029,-0.0496533420132737,0.020217619506169834,-0.09272178767549327,-0.07466502163483159,0.034733647662622116,0.015610680159136319,0.11030648017687969,0.20123743473784214,0.22559430943358816,-0.10467108909665,0.02899917420978956,-0.14585225356547651,-0.0025019003280106495,0.05666638902340352,-0.10520300307365417,0.07886444939780689,-0.08121368711653139,-0.0594115873254878,0.047609183059288365,0.052809000076420344,0.0292530174044665,-0.036837035630828976,0.034731752351956954,-0.041404441837237425,0.004479735580628983,0.01571281729149421,-0.023181467006735783,0.11529292651246927,0.02941740315429663,0.08092919999470076,-0.04604052574423512,0.08955493499344565,-0.061159411787920316,0.06984588147147379,-0.12355727600350727,-0.11091431829527458,-0.11131301635786552,0.1331624754379766,-0.05397895887422086,2,1.0,0.39785067508726213,0.0023251407512303755,0.0,0.0,2.0,9,1,0.1111111111111111,2.0,8,11.777777777777779,34,14.333333333333334,52,6,10,12,177,10,3,1,6.7807155,2.7035356,1
38950066,Retrieval of contextual memory can be predicted by CA3 remapping and is differentially influenced by NMDAR activity in rat hippocampus subregions.,2024,0.23029647300087616,0.3850342959653609,-0.13474909343580585,0.3552695840841655,0.1388468146102885,-0.028881873260163678,-0.032369428310323696,0.03868137094913316,0.06023938839437071,-0.1163258906873361,-0.1324348191396495,0.017624269017463744,0.07517009613730045,0.010913388706662136,0.06855416881383643,0.011114948653759203,0.013767222657419944,-0.06302518412838531,0.0846687202001061,0.01499735154236098,0.0010145118009265226,-0.004478674276676073,-0.06312761000012564,-0.11639373709935019,-0.11457120850925885,-0.029103892130290854,0.022522221814746973,0.005185437050172995,0.006038310318790974,0.00016771569128919226,-0.04468378031992517,-0.015044552736114833,0.04780118720356283,-0.013155327036421704,-0.11923778583989224,-0.02512563508092002,0.06539164234606441,-0.026692556870360894,-0.010338395563482221,0.008392556127099762,-0.005421335066929057,0.08252227781921001,0.0652819150351586,0.08678625635952769,-0.08395491919559295,-0.10847165755542051,0.08194994806465633,0.03527616386458394,-0.04274138470509361,-0.007540370473569969,1,15.0,4.792153306567066,0.010011164549983805,0.02160737812911726,0.10359259412293764,6.0,6,4,0.6666666666666666,5.5,8,17.5,32,30.333333333333332,43,3,12,0,145,10,17,1,9.6601715,4.141078,1
38827994,Editorial: Health-stress-disease triangle. Pathophysiological focus and perspectives.,2024,0.0,0.0,0.0,0.0,0.0,0.0,0.0,0.0,0.0,0.0,0.0,0.0,0.0,0.0,0.0,0.0,0.0,0.0,0.0,0.0,0.0,0.0,0.0,0.0,0.0,0.0,0.0,0.0,0.0,0.0,0.0,0.0,0.0,0.0,0.0,0.0,0.0,0.0,0.0,0.0,0.0,0.0,0.0,0.0,0.0,0.0,0.0,0.0,0.0,0.0,4,,,,,,,5,2,0.4,5.0,21,16.2,65,28.6,127,9,0,5,0,10,3,1,7.3331633,3.1199498,1
38788356,"High sodium, rather than high blood pressure, induces immune cell activation and renal infiltration in ovariectomized adult Wistar rats.",2024,0.18168121696034137,-0.0734603784617829,0.048210451781097514,-0.01092079797227317,0.050691819091536215,-0.10140741463760973,0.06487681079657565,0.5719582484908813,-0.09314447473257897,0.14877463069884866,-0.06540618427863899,-0.07686151673962019,0.24755103414191507,-0.038186636027136914,-0.12451196499182134,-0.06916770796149643,0.0731271169485119,-0.0010654672727549632,-0.020967323736628945,0.014887551442241647,-0.023268624921283884,0.0007839970893164232,0.015418104220863017,-0.016317508662395477,-0.03250896288409957,0.003285929633275014,-0.022855932182417747,-0.014880607530292748,-0.00221102084843985,0.021338086207773242,0.016201360423111363,0.032005641075665184,0.02821487738351771,-0.0011680794432241913,0.03265066019129842,-0.03317794191633484,0.05178893298282491,-0.0367154225649309,0.04238241559499863,-0.05113896762424344,-0.04661991466473472,0.04458195328155063,-0.06679048832877335,0.04549732203497638,-0.07307204444083293,0.0872649492105129,0.002290193107816744,-0.03711672514587918,0.06861724806362929,-0.006222299435307111,8,4.0,1.916356573021984,0.003949878555258203,0.0,0.38422042465686407,3.0,9,2,0.2222222222222222,5.333333333333333,12,14.555555555555555,25,33.0,62,9,12,6,105,10,5,1,8.094332,6.147719,1
38355584,Memory persistence: from fundamental mechanisms to translational opportunities.,2024,0.17875032439885785,0.22748842622119483,-0.10365628419148015,0.1864947195986956,0.11652282642993916,0.019649554896331346,-0.05513870991856933,0.01313604250061253,0.0934308320135071,-0.06642384988912092,-0.04718311868203253,0.037114913623976106,0.040597241406158724,0.01010230519363831,0.11142781686404513,-0.08415055070844463,-0.034866813370534586,0.044821359254819254,0.04833373012103385,-0.04334965112805917,-0.06489038214383411,-0.06282058026496404,-0.04177726430564686,0.012799152516203111,-0.17026272360867317,0.012455792139033953,-0.08157081073521795,0.05079998852132664,-0.05049628596377773,0.0087819967226714,-0.16433043421532084,0.022074278760025778,-0.11282029322539777,0.07571642213762654,0.007444970392596133,-0.09069210210815969,0.16601318157855144,0.015408810171798426,-0.14429481451408996,0.07834183117335272,-0.0010338666036567874,0.0815593899577065,0.07171577668113663,-0.019144902003522982,0.022978797366966588,0.11919341772166119,-0.10798666426155776,0.07357295210318718,0.08133549387406368,0.06370779561609381,1,3.0,0.9864040936532175,0.0024820368324630845,3.764351590438547e-05,0.0,6.0,4,4,1.0,3.5,8,12.5,32,14.5,40,4,6,0,90,10,17,1,9.011142,4.3934445,1
38332013,The human hippocampus beyond episodic memory.,2024,0.0,0.0,0.0,0.0,0.0,0.0,0.0,0.0,0.0,0.0,0.0,0.0,0.0,0.0,0.0,0.0,0.0,0.0,0.0,0.0,0.0,0.0,0.0,0.0,0.0,0.0,0.0,0.0,0.0,0.0,0.0,0.0,0.0,0.0,0.0,0.0,0.0,0.0,0.0,0.0,0.0,0.0,0.0,0.0,0.0,0.0,0.0,0.0,0.0,0.0,4,,,,,,,1,1,1.0,15.0,15,37.0,37,77.0,77,2,4,0,0,10,10,1,6.113427,2.0827382,1
38289455,Histone Methyltransferase G9a Plays an Essential Role on Nicotine Preference in Zebrafish.,2024,0.20169228975371759,0.08046029968257286,0.02843517904531748,-0.045858939530204854,-0.00010643145821920041,-0.0321068242084679,0.6497223654636951,-0.10254506450637745,0.05720713698029837,-0.02554478715586185,0.022358693942271392,0.03560075118863752,0.0020713329067158517,-0.0006116968787910278,0.03932137834054197,-0.10166460717664626,0.03406764798162551,0.003395656941807201,0.035020788534455546,-0.019176137607394225,-0.004624747314204964,-0.021212718898916846,-0.043774296046962674,-0.03308516123094075,-0.0131833611826373,0.018814026454029048,-0.009819452642417162,-0.02028877579692554,0.07331758481009526,0.0001939182391710089,-0.011988601695275703,-0.017259157447344096,-0.00685647790068235,0.023911022550040396,-0.022777818785935388,0.06037447237382961,0.019444574360622295,-0.041889233386578385,0.04858151465379442,-0.004982747827163224,-0.04583381693050069,0.07350526372419391,-0.020600350602649482,-0.0075521242053640395,-0.07130195443101407,0.037037120564991505,-0.0563150713875628,0.048702598036249295,0.07100609168929468,-0.02264560280303003,7,7.0,3.070568745597315,0.004793638588176834,0.0,0.41915863404462206,4.0,4,4,1.0,7.25,13,12.5,27,24.0,47,3,11,7,140,10,26,1,8.144115,7.458118,1
38089623,Editorial: Maternal-fetal interface: new insight in placenta research.,2023,0.0,0.0,0.0,0.0,0.0,0.0,0.0,0.0,0.0,0.0,0.0,0.0,0.0,0.0,0.0,0.0,0.0,0.0,0.0,0.0,0.0,0.0,0.0,0.0,0.0,0.0,0.0,0.0,0.0,0.0,0.0,0.0,0.0,0.0,0.0,0.0,0.0,0.0,0.0,0.0,0.0,0.0,0.0,0.0,0.0,0.0,0.0,0.0,0.0,0.0,4,,,,,,,4,1,0.25,15.5,45,44.0,137,87.25,267,5,5,5,0,9,0,1,5.344045,1.7292356,0
38086442,Progression of renal damage and tubular regeneration in pregnant and non-pregnant adult female rats inoculated with a sublethal dose of Shiga toxin 2.,2024,0.2877288849115139,-0.19568129779984728,-0.10600945612509975,0.00992952862461702,0.11147286903698315,-0.03359857550089747,0.04890649503838439,0.4023449877926841,-0.04005900484433653,0.013567617810284429,-0.0011005147346866816,0.05140509638109355,-0.2598694463894892,-0.14329593847872363,0.15016699628270277,-0.012247503096580192,-0.030839428631351497,-0.1881876538851056,0.009384297181700058,-0.11663259321730267,0.08784027826283589,-0.025116352947406172,0.06593774930380353,-0.06692133143637867,0.05672500423687356,0.010035957430007422,-0.026411737212937925,0.03843357697776264,0.011513173011564905,-0.010566073812990876,0.06286050823946027,0.15846236337464356,0.08518644514476935,0.06707336729065093,-0.13112385087395073,-0.05894312581486663,-0.0007325156614255212,-0.0028375321092347847,0.07920079300775593,0.0399296231699268,0.02495346459372441,-0.03147135526377876,0.04089486717706922,-0.012037678936397053,0.06701938300759287,0.03333342530693558,-0.08456358046531615,0.040605964024352154,-0.0629260222151146,0.008876932514006775,5,6.0,2.16949992692392,0.003879221442412587,0.0016563146997929607,0.17161975218797387,18.0,5,5,1.0,14.0,25,53.4,111,107.2,235,4,13,5,200,10,5,3,3.7607625,4.079841,0
38019897,A cohort-based study of host gene expression: tumor suppressor and innate immune/inflammatory pathways associated with the HIV reservoir size.,2023,0.11960011289598985,-0.00039687045436086383,0.039587720161429134,-0.021104742488555553,0.009904478450857264,0.019939196157023897,0.05860680473307281,-0.04146149497595021,-0.02729539405107602,0.003620526376733619,-0.029304246838469775,-0.05220015505227804,0.046666920655509904,0.005463037293645136,-0.019673290327586263,0.020228519364322968,-0.02057730479414583,0.07712895786800895,0.03415427721964552,-0.06756230467481042,-0.044641527703578814,-0.039786580283783284,-0.042769142505076414,-0.011879559362383238,0.007056767302894812,-0.020227078493037322,0.04325524418152733,0.018996749962879204,-0.03304477967307237,-0.004052963107348225,-0.02758181309774312,0.0729036286952742,0.06893169899949321,0.06493652292079302,-0.05413018563658005,0.09150281747268742,-0.0007612283638857231,-0.10763267545068293,0.10938562093132354,-0.08467881810254972,0.03701955569878364,0.03326726284992623,-0.042517988966489804,0.10120541463727865,0.10904579979617803,-0.028949834615159598,-0.0698134246789495,0.07885962405276917,0.09572674308729912,0.03828543687086733,4,,,,,,,25,1,0.04,1.56,13,25.76,64,27.28,96,9,11,0,185,9,11,2,7.5054226,2.5156364,1
37979924,Detection and characterization of circulating microvesicles containing Shiga toxin type 2 in a rat model of Hemolytic Uremic Syndrome.,2023,0.3190837639443901,-0.2766216318483709,-0.218132104601345,0.0363207212057098,0.032051556132160326,-0.0013350051696712402,-0.01719384553053737,0.01816768333392213,0.016965810209621648,0.02946732691185846,-0.08449727880764918,-0.007164013319467663,-0.0341461321972935,-0.04390949546506455,-0.022315419876254235,-0.02901756151701928,-0.02112241635463029,-0.047800113421110686,0.004088869090801359,-0.04548395741737633,0.07413934378375311,0.07563754064581331,-0.02057587537388334,-0.003376955016736774,0.03540925419800106,0.06612055423434644,-0.014628528570169651,-0.005766412865703191,-0.03085361110280104,-0.04312333791709789,0.006665728718086862,0.01201017379583297,0.029956903159444968,-0.04888408212321247,-0.01950526831683654,0.0481690447939259,0.03904815633389988,-0.048461923840773746,0.12318425398627258,0.042391231391097475,0.01104371605869407,0.05789434969260928,-0.008657754008871258,-0.18935014816140056,-0.046888835910929044,-0.0762084632424673,0.005428071207073432,0.05064346837931864,-0.08317761556865565,-0.06495505462947893,5,4.0,1.1919149667452662,0.002431793922567149,0.0,0.2120741250535381,18.0,9,4,0.4444444444444444,10.0,32,45.55555555555556,126,79.22222222222223,241,7,9,5,140,9,2,1,4.930209,4.3620496,0
37852390,Feed-forward metabotropic signaling by Cav1 Ca2+ channels supports pacemaking in pedunculopontine cholinergic neurons.,2023,0.18384646245394734,0.1008164181950901,0.022690375597873527,-0.16716949981089485,-0.1414368387708119,-0.05801528762508509,-0.07240559683408727,-0.03171710524532811,0.2418366575471693,0.008173978820638517,-0.053525114418781626,0.009520041711520882,0.14689432092363702,0.07612987375952328,0.06917067581870123,-0.14175296514407854,-0.1170725149946901,-0.05315811605408499,-0.06903576728543577,-0.09878464917153047,0.06220312565529956,0.03681908924200986,0.06861935085483273,0.1449173760237125,0.21340480367733766,0.0012902927055678491,0.11962584192375086,0.10815932708605794,-0.038488007950083745,0.05449944848739877,0.08553193948128426,0.17045518021656145,-0.05692669173178108,0.04357392886642064,0.13463624079299327,0.08091733473305558,0.11814907856649633,0.035088912680426965,0.020767262745039025,0.034477432070390175,0.03173506959966517,-0.0807699719067049,0.06434283912103186,0.0484148861314654,-0.11121234503506895,0.12745246781602257,-0.024635543304894526,-0.024897220314261163,0.05562202915265901,0.08649006535381129,2,3.0,0.8159023798140309,0.002165899475189829,0.12576698663655184,0.1020603646547044,2.0,5,1,0.2,2.6,9,7.8,23,12.4,46,4,6,5,111,9,1,1,7.5729804,4.130108,1
37718031,Moving Forward Precision Medicine in Psychiatry.,2023,0.0,0.0,0.0,0.0,0.0,0.0,0.0,0.0,0.0,0.0,0.0,0.0,0.0,0.0,0.0,0.0,0.0,0.0,0.0,0.0,0.0,0.0,0.0,0.0,0.0,0.0,0.0,0.0,0.0,0.0,0.0,0.0,0.0,0.0,0.0,0.0,0.0,0.0,0.0,0.0,0.0,0.0,0.0,0.0,0.0,0.0,0.0,0.0,0.0,0.0,4,,,,,,,1,1,1.0,16.0,16,58.0,58,84.0,84,1,2,0,0,9,1,1,5.8224845,1.8982308,1
37704516,Detection of plasma anti-lipopolysaccharide (LPS) antibodies against enterohemorrhagic Escherichia coli (EHEC) in asymptomatic kindergarten teachers from Buenos Aires province.,2024,0.192926681748112,-0.1559924245554443,-0.2386655379227429,0.020726053756137362,-0.036594431252141395,0.09494632544331529,-0.0067811298451211635,-0.12778018495624396,0.041595870243990044,0.10730030383052674,-0.10352694545818344,-0.004128838615648377,0.1473955904353852,-0.002668663121291969,-0.14838553102947133,0.05477006138987084,-0.05723094702343648,-0.01714600557950071,-0.11241598304188445,0.19214647161342682,-0.010204530399207127,-0.14408951609359963,0.0946577635321349,-0.1782201543672322,-0.016162712166536617,-0.14242479167939687,-0.2596251408937075,0.0220722327234339,0.03358303672219341,0.08967592783692123,-0.01301986719024208,0.04099874701079669,0.08288469048136204,0.03936171981949415,-0.09649820785990709,0.08501339113625041,-0.12541858544764956,-0.05732843061901526,0.07708790446333888,-0.002975809825218969,-0.06950120348031304,0.033814498659810906,0.05537624545170081,-0.023514827790100747,0.029944230082169215,0.10768355683296998,-0.03253900194262276,-0.1822717548241941,0.04963065501205109,-0.10147136686568003,6,4.0,1.5275180727335271,0.0028759703984979376,0.0008658008658008658,0.062303846038304606,18.0,8,3,0.375,12.125,32,56.375,126,98.5,241,6,11,8,135,10,2,1,4.363181,4.520862,0
37683958,D2 dopamine receptors and the striatopallidal pathway modulate L-DOPA-induced dyskinesia in the mouse.,2023,0.18102799712964143,0.10058382295149591,-0.023138034455258083,-0.20763383438057895,-0.15783934893729287,-0.09364434149006601,-0.029720395172538522,0.042824245940914496,0.22785151024533012,-0.11918428324519881,0.008997721018447122,0.0713391210821254,-0.10275833190005378,-0.024975574185358923,-0.12296801734493057,-0.11360584262446836,-0.016522728023996257,0.11007485488326113,-0.00885900752973707,0.04134723176933138,0.01118956578944698,-0.17099907764368366,-0.15955711425205513,0.19112161844545944,-0.13256080195457307,0.24983753835253253,-0.021488558057782787,-0.10994040369334633,0.14557534920146273,-0.05974972409850956,0.06479740916760464,0.2043095089827968,0.008696624251515895,0.06985152128638512,0.11032184074157353,-0.008341838804501537,-0.24788497256172393,0.010169134831409936,0.043713420339053635,0.02169067641034575,-0.04131013012376576,0.1592532261533066,0.09192154899331162,0.021929671513277498,-0.13225079688765665,-0.09455050570903496,0.13584692624983402,0.013468299840267919,0.018788385379338957,-0.0785031842493724,2,3.0,1.2877156277907358,0.003932455029667997,0.0,0.27494954295580726,2.0,7,3,0.42857142857142855,6.285714285714286,27,26.857142857142858,110,39.142857142857146,175,7,8,4,118,9,1,1,6.253191,1.6303111,0
37676461,Role of Female Sex Hormones and Immune Response in Salt-Sensitive Hypertension Development: Evidence from Experimental Models.,2023,0.21167900766368036,-0.03016059547221609,0.08499220579331279,-0.0058510542202090095,0.0272520921982597,-0.07062625785829985,0.07789931507957729,0.5023659264751172,-0.031294897820056664,0.20425567512426135,-0.07578731225083457,-0.11737512983330456,0.32704814324226045,0.02396714738994199,-0.11122415128539433,-0.10728149611006713,0.07872609985358704,0.08167019292332786,-0.048646883294134705,0.08503386952036682,-0.06342843196763774,0.04343227141602526,0.015456486986894925,0.07074986722027157,-0.013104401113662222,0.018118359969979042,0.03659288587093658,-0.027242070056245245,-0.023757996553404503,0.003405702931111887,-0.03397688769026074,-0.11675549041658725,-0.09632014560866191,-0.0536317812001354,0.07613958968802167,-0.002817363524799839,-0.0442541568694694,0.04016535287875017,-0.10289738742768292,0.028317321443537376,0.02447770956478055,-0.019060521787764413,0.08501393265498935,-0.04305855495150187,0.03277518710775477,-0.12704860217434602,0.030078178893493072,-0.04384091956233385,-0.037166263587673054,0.015688636901041764,8,5.0,2.251022332963036,0.004488175302636444,0.022284961415396196,0.26497200254005177,3.0,6,2,0.3333333333333333,7.333333333333333,12,17.666666666666668,25,44.333333333333336,62,6,9,5,157,9,5,1,8.147299,6.197135,1
37466779,The Placental Function Beyond Pregnancy: Insights from Latin America.,2023,0.15505724627583678,0.025470545046382208,0.08172752603525267,0.0026102827559856155,0.04807154667421805,0.26150146241922934,-0.006848483772885091,0.009471224001708363,0.09555630716485115,0.04554771472527224,0.04283256987194467,-0.028450645403379406,-0.027005169836999916,0.09292075484264822,0.11436088767736233,0.04263306246373242,0.003546667831624295,0.099747804921531,-0.010386532990244338,0.08942186941437451,-0.06310290716696912,0.025378704809902147,0.013873251436798958,0.02767534428886337,-0.016076176702539174,-0.02727348459130443,-0.020508758523268632,-0.03186526207228267,-0.08756126026558586,0.01337369205997841,-0.053647278492078655,0.02165427795777597,-0.06003703741698875,-0.04859668364244742,0.08386950720450154,-0.0011354220180673472,-0.030449202756247705,0.014602944165822801,-0.11241659619594552,-0.13007266671093573,-0.12895221309579566,-0.007452823609144249,0.07589033075656021,0.08404666393431214,-0.010843651838919763,-0.04729218318713376,-0.032664388517402186,0.0017791904448472959,0.09758372933723734,0.03475733348421088,3,,,,,,,15,1,0.06666666666666667,5.8,45,32.733333333333334,137,49.266666666666666,267,14,8,6,56,9,0,1,5.46028,2.5056918,0
37274341,Machine learning applied in maternal and fetal health: a narrative review focused on pregnancy diseases and complications.,2023,0.13075982415714546,0.028665772936455485,-0.017518448055033144,-0.06756503169197337,0.12147918126624052,0.09045861738743065,0.006803845642181437,-0.0062357069954028,0.04152234287776178,0.0773581844556828,0.011927794997452942,-0.0698188261049991,0.003738867634846067,0.06761360338326308,0.09117478664516256,0.11156828942788614,-0.03772162100196148,0.0011151451477734952,-0.018988323868499454,0.06302522565131514,-0.015871397972432397,0.012156942188476655,-0.0725581063570947,-0.015684581270215766,0.04594115017374583,0.05740040962778238,-0.04755769830944092,-0.028538299181059566,-0.011670107477799414,-0.05547511162729908,0.08188527589765342,-0.03717546621825247,-0.026969739013289605,-0.00550900467121422,0.0641169564773458,0.04505523036821473,-0.006522440586836634,-0.005158565595754644,-0.059383949386406974,0.056421800612671685,-0.0647982457338233,0.08268069225822688,-0.04055184995659765,0.038682024602188184,0.12066171683842418,0.025827616051450376,0.06647935041254767,0.011936178692314654,-0.22761652370090388,0.09896521882539154,4,1.0,0.31138930897368516,0.001044387899352764,0.0,0.0,13.0,11,1,0.09090909090909091,5.0,45,21.545454545454547,137,33.36363636363637,267,11,9,5,215,9,24,2,5.6263976,2.8414876,0
37252991,Principles of nociceptive coding in the anterior cingulate cortex.,2023,0.13641301294688077,0.111976777701699,-0.02840190180819274,-0.08592169419201967,-0.06728173991221659,-0.04372970286650765,-0.0006005179714334784,0.023542820690055654,-0.04748571162766156,0.019984070331334824,-0.12096929896361487,0.02308247944108486,-0.10069381686997057,0.35572682592786253,-0.12009417716545788,0.16000799931188414,0.07272836779434923,-0.13873158130415805,0.23162635063763157,-0.025025704402351606,-0.14587579187886845,-0.019245911742713215,0.3000889903857021,0.1497936008212932,0.030656917957239592,-0.024216254187169068,-0.08119897826506424,-0.14909829569578034,0.039780331409464006,-0.0857362477984404,-0.0024295346386356853,-0.06317874447504115,0.037556781317165173,0.1538580088901122,0.02002588399148063,-0.016471000863162402,0.1138760517339923,0.0797290638146753,-0.029387775807452138,0.006405203190296801,0.02997919261998832,0.07042576404439242,-0.026807274394449954,-0.0846341451738003,-0.010639889680461328,0.001634984154728123,-0.005614341741230733,0.0591683585569847,-0.012872758168335661,-0.06001537660215203,4,3.0,1.2430720092768102,0.004033887478731048,0.0,0.4222799114090939,7.0,5,1,0.2,1.8,4,5.6,12,6.0,13,2,8,5,120,9,18,1,8.37697,5.1068773,1
37236391,Plasticity of Cortico-striatal Neurons of the Caudal Anterior Cingulate Cortex During Experimental Neuropathic Pain.,2023,0.2109427498784854,0.17667890159955912,-0.02422649847942593,-0.2103223835388976,-0.15708681059399998,-0.03395996294100393,-0.03158906773395832,0.009503640960884142,-0.09955577596327257,0.0322497578998813,-0.18811641140421043,0.0907033332284221,-0.1337678057292985,0.4163270432847054,-0.11305087506874283,0.05032483799668773,0.13002099620679877,-0.17129771266859498,0.1802959908034687,-0.0469815857405342,-0.06551687009381744,-0.06525808934982705,0.3108643790488813,0.157294091587335,-0.01368678125645851,0.038518128547752155,-0.07613481327488275,-0.14058041997140283,0.04769762147381064,0.000702063933997889,-0.07937704693735301,-0.07509059921693848,-0.0006137914482606038,0.04477032720794955,0.04167665307899058,0.03638631576338837,0.020620159107967804,-0.012134649546362885,0.02936476399591534,0.029466994798160773,-0.007846313010003625,0.027312243289724314,0.008848286554506557,0.029794584110120807,0.0019633483658024406,0.004748500233816665,-0.01854826301403414,-0.042542414338516285,0.01916831660523702,-0.016080700674934934,4,4.0,1.6313281556196033,0.005132810042644937,0.022473178994918123,0.21736850625006668,7.0,3,3,1.0,2.0,4,5.333333333333333,12,5.666666666666667,13,2,9,5,126,9,18,1,8.389999,5.116954,1
37036956,EFFECTS OF BACTERIAL LIPOPOLYSACCHARIDE AND SHIGA TOXIN ON INDUCED PLURIPOTENT STEM CELL-DERIVED MESENCHYMAL STEM CELLS.,2023,0.3140297817018119,-0.20694445294778907,-0.04416445191141741,0.07438699221558027,-0.029819055056732924,-0.06220601058229819,-0.011925278499308226,-0.1116479482787201,-0.001375052801868396,-0.07277546270041087,-0.022252150018725114,-0.10639126862383662,0.021202590826621022,-0.014447106326210893,-0.10606156037949752,-0.044032044486370665,-0.05001628690904134,-0.23919203775624318,-0.12818530179302584,0.14024407419911614,-0.011421618571741805,0.1305704210472508,-0.062054239949385956,0.15586841511933605,0.0017606341576639282,0.06917009258303357,-0.06909929206711254,0.003731230324130622,-0.20212460269348445,0.014991706334125342,-0.04185315871069752,-0.13943493580369412,0.039607032153530196,0.0200363722732297,0.01892559451383781,0.06947719939843003,-0.04237397642320858,-0.07937996853244732,0.01521657144875068,-0.005362222797138195,-0.06387140072467934,0.039487702065697634,-0.12418988984730026,0.071574140792226,-0.052880515693659536,-0.043611269870335166,-0.01897698911601804,-0.08296681845859206,-0.06391745212505363,-0.07658714681928785,5,6.0,1.791466431016473,0.0034908353190844757,0.030604178430265385,0.04199039244328486,19.0,16,2,0.125,3.9375,27,26.875,114,38.125,213,3,8,0,176,9,20,2,5.1214757,4.9184146,0
36878143,"Preeclampsia association of placental nucleotide variations in eNOS, VEGFA, and FLT-1 genes in Latin American pregnant women.",2023,0.20299168455443165,-0.028722055796397375,0.11258792244613608,-0.06397625915469833,0.11500962452450889,0.39118607914297343,0.008239256164713823,0.03261510678106451,0.044339634788806814,0.016772715819889865,0.028796832536844123,-0.1269244550104679,-0.0023194886025343173,0.11489624893137501,0.12649723747112013,0.1454931615444157,-0.12199185749187082,0.26514411027285784,-0.018758074192701604,0.16937283759709781,0.08128787820184175,0.08557692567378251,0.10121348417145291,0.19725010423425451,-0.16691040931018566,-0.010805976476283154,0.08047306831193371,0.15403369686265433,-0.035517053786393166,-0.01766033196120979,0.003652955709851715,-0.046838474653536695,0.10539037972670359,0.14912036357673586,-0.01403076129148859,-0.06248433182941205,-0.0008369808003745535,-0.06149448199011172,0.023467975048499023,-0.14115179242979883,0.030958589748494667,-0.06551954156345503,0.033317958589423644,0.008139683284454885,0.014704437432579704,0.030803193894870493,0.025066881923861917,0.02356927411531518,0.013592014955190176,-0.056011883047352835,3,4.0,1.3840145388452043,0.004802913281379496,0.08345567476002258,0.0,11.0,11,1,0.09090909090909091,7.636363636363637,45,34.36363636363637,137,56.90909090909091,267,9,10,6,122,9,0,1,5.234637,2.5733776,0
36717499,Aquaporins in Fetal Development.,2023,0.2597059999714309,-0.027176509939822183,0.2988400062686566,0.048483149670671376,0.04382744763453947,0.3411344085816823,-0.06481412953024278,-0.016578062962592628,0.12556894779820302,0.12421659673459975,0.04107712592214265,0.24467298472218466,-0.037704879584897544,0.019624730509517293,0.0797728216901223,-0.03059597018911878,0.16170008988988493,-0.06426793220725835,-0.051575184769345965,0.13504121889690265,-0.14922741701444997,-0.06964908664992937,-0.04664656556185461,0.03538166098423539,0.19142365126565958,-0.056131586183636256,-0.09095341947974817,-0.033996649818512456,-0.05693957758839005,-0.02332088592479464,-0.08354257417041147,0.00472416796594307,-0.043184118565861865,-0.13801262838130926,-0.09102221198197645,-0.00898208186384784,-0.10494391984694626,-0.010484113696053425,-0.07466565845672511,0.040709073546680186,0.16285141619886676,0.16361415592933504,-0.10937594635497114,-0.0018220857598319194,-0.05394320993835966,-0.07444744842088595,0.025216121152023357,0.010376220180796005,0.05069861304498655,0.018763138121699295,3,5.0,1.944695352457846,0.005133255142200332,0.015584415584415584,0.16011791453293694,15.0,2,2,1.0,29.0,45,86.0,137,167.0,267,3,8,3,100,9,0,1,4.6747603,1.6920583,0
36710956,Spatial memory deficits in Alzheimer's disease and their connection to cognitive maps' formation by place cells and grid cells.,2022,0.23134354347817804,0.25810424265165866,-0.0712908951557119,0.12244984369286313,0.062190968256037475,-0.030125493918308544,-0.05636030808560367,-0.0134690626128592,-0.007731049922487234,-0.01305421050918609,-0.06130220615481578,-0.026546820138697653,0.07694569135078166,0.07443451254534954,0.11453333711652863,0.0007523250684376525,0.0838619879114218,-0.05002139901266953,0.004832667083310222,-0.018210331075806774,0.022440609695500997,-0.004730975149041904,-0.02801981210010363,-0.11882360832944688,-0.0345526995828122,-0.026086517521591062,-0.04790026819698283,-0.046876110735000365,-0.0709980556552854,-0.04239654435104575,-0.005729835935399794,-0.0055862189816184155,0.018707518128487748,-0.051003807123706585,-0.024486171475789065,0.0516704344720387,0.10895664057581911,0.11569176667858773,-0.03980483538874677,-0.18084397358374785,-0.08095275124797034,0.13323629093860784,0.07598410484699845,0.08272616230849565,-0.18834272408484673,-0.07573196182082662,0.05730598052275264,0.001716389358450427,-0.10117763196282809,0.01349361876971274,1,2.0,0.646558140527465,0.0018943287039649456,0.0,0.31463118599306883,6.0,2,2,1.0,3.0,4,8.0,12,12.5,21,3,0,6,116,8,17,1,9.237288,4.1083527,1
36587288,Human motor sequence learning drives transient changes in network topology and hippocampal connectivity early during memory consolidation.,2023,0.224284836220479,0.3331017090682324,-0.11802535654418575,0.1508388057940535,0.048653284699340854,-0.0015788871038040012,-0.07516033987433346,-0.018161480374643536,-0.09774517098453635,0.19318597187872655,0.2733653878085771,-0.08268459064165587,-0.062384028043834666,-0.0019847056822216973,-0.1022383654652417,-0.028131213400713166,0.04525741734789723,-0.031332207827569555,0.029360096108989816,-0.010669185249637796,0.053651993194193136,0.07195660150724878,-0.004993608861303733,-0.05707055804210919,-0.013781455845926013,-0.027745013878301174,0.09371341931523773,-0.046399690717388656,0.039756825627758,0.03641418626697495,0.06926458260974026,-0.0512371381974432,0.1626688840008805,-0.12413254543428164,-0.1876850787944518,0.022485916530371106,0.11130552897553907,0.1058274009604363,-0.04272484650341932,-0.044821745327926106,-0.08438288215455857,0.022612456281725323,0.05016017081694441,-0.07070532483837429,-0.1367110061331982,-0.0017388431262590287,0.052063387811387515,-0.012502785519363844,0.029820338700699243,0.02353553023308275,1,4.0,1.6306605464861934,0.004560951642983125,0.009147374364765669,0.20441915514742012,17.0,9,4,0.4444444444444444,4.666666666666667,15,15.777777777777779,37,29.444444444444443,77,8,10,5,124,9,10,1,8.869679,3.2961268,1
36549423,Behavior of the renal kallikrein in spontaneously hypertensive rats: Influence of sexual hormones and aldosterone-sensitive distal nephron ion channels.,2023,0.24086582093964368,-0.02240756315245571,0.042027967604396206,-0.032385640492636064,0.06929022126162658,-0.10777351798018169,0.07701912777843227,0.4176591819208014,0.0016256351053757301,0.05595100303994075,-0.06834480767177578,0.06088370792212018,0.13872133334467626,-0.05987025952923643,-0.08309315450237388,-0.03848889270181514,0.02437503509710042,0.013296896438595348,0.021677021334203052,-0.022422325874640894,0.028104026456110646,0.00960287441838832,0.01984031567697646,0.013407021165383323,0.041277161243121,-0.08638423556472193,0.009571185457612829,0.041030670056667176,0.02444034446788828,-0.04686165487680006,0.015920830857394208,0.10637014876243829,0.0779948490038599,0.0007156873513127739,-0.03520913029126091,0.12955462670376883,0.012000177227667457,-0.04048806795334484,-0.004065999071637902,-0.07357524244093488,-0.05067891649603222,-0.07834990756487505,-0.052723336670229076,0.019450420445010407,-0.054878438442493745,0.018985520370318934,-0.042757318448491635,0.06556542043059038,-0.011928901150553768,0.037938260499445195,8,4.0,1.2491267799543078,0.0027813775908402437,0.0,0.3167737881005876,3.0,10,1,0.1,3.4,8,13.6,20,24.0,48,4,14,5,147,9,5,1,7.962793,5.9807277,1
36464947,Multicentre observational study on multisystem inflammatory syndrome related to COVID-19 in Argentina.,2023,0.2167995193978165,-0.036359880973640096,-0.07865040398672977,-0.1611261397851441,0.18248575711725015,0.016805465443156503,-0.0034495218060469433,-0.035999200998015214,0.010877929646002371,0.07336308000084985,0.001225193450616965,-0.04499399155277689,-0.03022801320360044,0.13878975486600542,0.0012650562707657697,0.12967943738634113,-0.15056565968306723,-0.03026431000898938,-0.0665795472744168,0.0354950015266835,0.005376381332526284,-0.0830684364357333,-0.026108402382423523,0.10367278762094456,-0.1506484564151413,-0.1230854948801728,0.07753200830437922,-0.0687504689195966,-0.008451960996370255,-0.0627189908889531,-0.05916197353669296,-0.003061380625231184,-0.01181277657631754,0.11619911333283635,0.05783672859093699,-0.030959790729597748,0.04089485419869933,0.06715665788978409,-0.0074994270215465435,0.027880926644501623,0.11735874892221392,0.04615730344250928,0.12554224614335657,0.028997853390220565,-0.04690340196590237,0.00818038061709048,-0.04132392695894811,-0.03755744341872558,0.019928062910381593,0.022539003437990725,4,,,,,,,31,2,0.06451612903225806,2.064516129032258,27,33.41935483870968,110,35.74193548387097,175,21,11,5,150,9,16,2,7.3735275,2.3692718,0
36426715,Dorsal striatum coding for the timely execution of action sequences.,2022,0.15557004633792237,0.12320618259574806,-0.039358580561278916,-0.07255253161066448,-0.023022416986971946,-0.053274473651267765,0.02530755592102729,0.10973893818470763,0.030257971273935303,0.08793538250897483,0.03930421070385454,-0.01720454997157224,-0.09824240804677647,-0.03087794581946815,-0.039901037923808495,0.2132159964382296,0.04203044815120515,-0.08368054344743486,0.007674195844774181,-0.12362895340807452,0.17727822839160798,0.0548445912197628,0.08722471185337129,-0.05316177861404532,0.06997860020015166,-0.03529309231951376,-0.0013722796844804447,0.22546529900705634,-0.013981939575386935,-0.06254716216065563,-0.07368546612306551,0.032820901767714405,-0.09212126543900973,0.014671572278154462,-0.14837989672190993,0.24923066674902147,-0.14113021839050172,-0.027079655325041432,-0.0878537738918038,0.030352749988173507,-0.12710855193075576,0.02791384639324658,-0.07776108940716506,-0.0030795978160201203,-0.01635591381680272,-0.02265762765791891,0.010145226856129862,0.12249485444406079,0.25229114662347607,0.019899943436248138,4,2.0,0.6239253367272715,0.0026851109136978974,0.0038772821381517033,0.0,17.0,5,5,1.0,9.2,27,41.2,110,57.2,175,3,8,8,90,8,17,4,5.968644,2.2293139,0
36241384,Preserved Motility after Neonatal Dopaminergic Lesion Relates to Hyperexcitability of Direct Pathway Medium Spiny Neurons.,2022,0.26756737836323785,0.16786454079163174,-0.02711372141612586,-0.2509951966979824,-0.1417632339287406,-0.053489510685618746,-0.05720304497754714,0.05359406457765252,0.011696900562885823,-0.0031321990522863454,-0.0014338529488969898,-0.02344338207550976,-0.2149760480236539,-0.07611097586249375,-0.06830829555832447,-0.08135003028680066,0.09879324592709798,0.08371609370660592,-0.07010003817655351,-0.03014840032747642,0.02330714195569686,0.04414184270293879,-0.033444924996995355,-0.18923544606089962,-0.09196942567497357,0.0422244890470479,-0.046107210970687956,0.09891986980017883,-0.06375822286801529,0.017350101764538033,-0.1555083808637344,-0.0012887967842716897,-0.015143722692302757,0.11155751098542786,0.03699759666413142,-0.011748116310181533,0.1362161292593989,0.02261984672174062,-0.10070760206549474,-0.03329624788294561,-0.0016466126875606063,0.024561027502424216,0.03321064940132794,-0.13941372730147095,-0.06603904009994666,0.05214213251716239,0.08802240695627388,-0.00790212607511968,0.03021744242014025,-0.016632298814987716,2,3.0,0.9539558550747347,0.003652149169598595,0.0031996988518727646,0.20134568947895484,2.0,7,7,1.0,10.142857142857142,27,36.0,110,57.714285714285715,175,2,9,6,241,8,1,1,7.1758485,1.3232367,0
36227397,Cognitive Deficits Found in a Pro-inflammatory State are Independent of ERK1/2 Signaling in the Murine Brain Hippocampus Treated with Shiga Toxin 2 from Enterohemorrhagic Escherichia coli.,2023,0.27065013382646097,-0.05888287270951877,-0.24753900097932074,0.03406142849342265,-0.0535334220383589,0.0439787200044701,-0.021083513441514594,-0.11605671823844528,0.0617531125378048,0.08705364984863626,-0.09151614747820579,-0.044156507845500126,0.05022543905719039,-0.023028097292113005,-0.13500812511981994,-0.10088688797848096,-0.2058814130667414,-0.25442585976038945,-0.24425744545218186,0.2965030781516767,-0.013687586374923478,-0.05052281832579581,0.11761217197348262,-0.06839962509392634,-0.021969165233545692,-0.08509800386266939,-0.07672776776921243,-0.05079716629856979,0.02685316484184149,0.10137657704856737,0.03717670255911587,-0.05089960043832524,0.03614918456005194,0.015561375757424601,0.05742913786164566,0.16885492640177566,-0.03503783440298539,-0.058841827590161856,0.1058948969270987,0.010049506783410423,-0.02587822996949984,0.08597766495651016,0.07918282600957932,-0.04711848532589541,0.05214131473365034,0.03321726673020532,-0.00243752817253371,-0.05907569320765386,-0.03809751644739647,0.11609515656374533,6,6.0,2.0882177774384947,0.004096252144437106,0.013928100884622622,0.09734565674731206,19.0,11,5,0.45454545454545453,4.363636363636363,10,18.272727272727273,38,28.636363636363637,61,10,15,7,116,9,6,2,5.5424485,4.674386,1
36117714,"Editorial: Vascular dysfunction beyond pathological pregnancies. An international effort addressed to fill the gaps in Latin America, Volume II.",2022,0.0,0.0,0.0,0.0,0.0,0.0,0.0,0.0,0.0,0.0,0.0,0.0,0.0,0.0,0.0,0.0,0.0,0.0,0.0,0.0,0.0,0.0,0.0,0.0,0.0,0.0,0.0,0.0,0.0,0.0,0.0,0.0,0.0,0.0,0.0,0.0,0.0,0.0,0.0,0.0,0.0,0.0,0.0,0.0,0.0,0.0,0.0,0.0,0.0,0.0,4,,,,,,,5,1,0.2,14.6,45,58.4,137,103.2,267,8,0,5,0,8,0,1,5.0505857,2.0850375,0
36004327,Intestinal mucus-derived metabolites modulate virulence of a clade 8 enterohemorrhagic Escherichia coli O157:H7.,2022,0.23912171002027136,-0.09873079254760399,-0.11545316784776817,0.01302559694695181,-0.040625535592892816,0.08025316811287563,-0.010025085241396387,-0.08765811287688646,0.05795690791212125,0.055551600942817136,-0.044895864933357454,-0.03550432063257848,0.04026516362377568,0.008303077876542898,-0.11093157579527,-0.005426895547849836,-0.06965747018305116,-0.03664683879746312,-0.10785604477228854,0.08879716611602266,-0.06776394948173321,-0.26731820023697916,0.01700975493413693,-0.13069702495429128,-0.003798257038002343,-0.21402858099205313,-0.16772712841582468,0.05170435211241021,0.1472042541127586,0.09553461055642759,-0.05707427143831101,-0.009499578468871936,0.07126488437093893,0.019541712560729948,-0.052314301313970815,-0.032821053335544255,-0.09284234868417104,0.0676934474259911,0.08735428756039879,-0.14494031331795487,-0.020969617819844653,-0.06557260000855407,0.028842745906772084,0.08158998449740508,-0.04214307762717438,0.13377080183300147,-0.031417250874250006,-0.0054880194961863405,0.02083196732392471,-0.05218104014396875,6,4.0,1.300863623578714,0.00242224858514167,0.00018821757952192734,0.15681586471743345,18.0,5,5,1.0,14.8,32,63.6,126,114.0,241,1,15,5,122,8,2,1,4.19481,4.539577,0
35982602,Text Mining of Biomedical Articles Using the Konstanz Information Miner (KNIME) Platform: Hemolytic Uremic Syndrome as a Case Study.,2022,0.14385094408212595,-0.02566561362109631,-0.12560583150460541,-0.005526463556446858,0.03586229779495145,0.04322773728247874,0.012341830931273114,-0.052797960376854115,0.0014992988144575628,0.12948520073919662,-0.0013503085022394399,-0.0498492227002644,0.10411782323517119,0.1622519227871376,0.03901525058224277,0.26277294101306636,-0.12313979644352896,0.021967365082510387,-0.11599894685195149,0.035456561656466504,0.09039372395453288,0.05358144755932938,-0.13579654834583538,-0.2026756395081224,0.12020727453361242,0.13612990080601434,-0.20527262580284408,-0.21582782281086474,-0.08917820967118537,-0.11269550594485156,0.04544620087984204,0.24937767358099913,0.08130126983988019,-0.05462913670062349,0.03206815614370753,-0.13144501310379467,0.09728471105803269,-0.07289485909488004,-0.007529998633626958,0.19042122836075054,-0.15422471008595037,-0.05580177145700373,0.04381472898376967,-0.042946388538142116,-0.03153022029456878,-0.058076396441839706,0.08258507481343558,-0.035690026365775056,0.09399172139273476,0.011072876185105598,4,2.0,0.8738311461710597,0.006279854985470294,3.764351590438547e-05,0.0,5.0,3,3,1.0,4.666666666666667,6,15.666666666666666,27,20.333333333333332,35,1,0,5,159,8,27,2,7.140675,2.9568443,1
35957815,Detection of Shiga Toxin-Producing Escherichia coli (STEC) in the Endocervix of Asymptomatic Pregnant Women. Can STEC Be a Risk Factor for Adverse Pregnancy Outcomes?,2022,0.30707040074707276,-0.2684163878754352,-0.21151724374091604,0.08718461498384054,-0.043030866885703,0.1932876671105335,-0.007206570259498922,-0.034386068694488604,0.035567412277761355,0.03495309481084106,-0.09863462187149016,-0.11256724354938033,-0.04736497881455143,-0.08428848046796,0.019931590064735744,0.008061295884547971,0.18240850018532007,0.15759486501310074,0.14511606483208958,-0.10657410264082934,0.021978043521830533,-0.09259704597989418,0.04432925896873003,0.008444396406021749,0.011591223635562736,-0.029263386251331337,0.13700687508441375,0.019883564674980286,0.07726514588631697,0.0050434894837284965,0.028398157102656058,0.02334960085816372,-0.02030180470142113,-0.025410097129150645,0.04054868770774968,0.023875447861040643,0.053072878985208294,-0.012950929166707766,-0.031986533448099354,-0.001071198781841033,0.007344766686336051,-0.022362318592875147,0.027952267778600957,0.06441807351560973,0.10624137958368145,-0.0702487776984531,0.031908459610221596,-0.1197868803339347,0.10024709304624825,-0.032431251546883685,6,10.0,3.2026614413581664,0.004836296657516356,7.528703180877094e-05,0.22970966608345636,18.0,10,5,0.5,9.8,32,44.6,126,76.6,241,3,17,5,141,8,2,2,4.008665,4.880052,0
35904906,[Obtaining new information on hemolytic uremic syndrome by text mining].,2022,0.21009118190468062,-0.10226841028524666,-0.19039788117818376,0.03373561177618428,0.023196077903132196,0.048973461388075706,0.007880871398923737,-0.01662506199512718,-0.005109565569478516,0.12412058105458969,0.03734699438435402,-0.0021776912661462785,0.12075245623385096,0.17326093443066823,0.05427501320537921,0.20112453570835284,-0.09237580231098806,0.06006788446127975,-0.10909696894689568,0.028108307075252047,0.0745093023406938,0.08854986700172847,-0.08374031853603904,-0.21327227870946278,0.10162315673139367,0.12162848954875087,-0.24505085727001624,-0.2356321978650305,-0.12593312016082933,-0.11682811487445575,0.08010169139496742,0.24127070968080108,0.10990411778956015,-0.0660255664323835,-0.004701616871155903,-0.09854640290209044,0.07133944852425098,-0.08777897863718422,0.005028415732448469,0.15108098295826977,-0.14540880910290055,0.020468071210218087,0.0005169298775711054,-0.08383544595116112,-0.008176673206737081,-0.044374596240365105,0.044610971911118714,-0.0017231900492257288,0.015354889525309928,0.003258752764271754,4,1.0,0.5629582357640046,0.004098446352589349,0.0,0.0,5.0,4,4,1.0,13.0,32,42.75,126,82.25,241,4,6,5,108,8,27,3,6.7452736,2.71462,0
35853718,Dopamine Modulates Adaptive Forgetting in Medial Prefrontal Cortex.,2022,0.1355789659057261,0.1694239963556206,-0.060457708784887036,0.07950248062970117,0.007501913145241763,-0.02607233494718695,-0.015892618672398346,0.08683351010615471,0.0265000662012195,-0.06818522898250738,-0.1013375114756318,0.04510544724824011,-0.08423993195663743,-0.05034039399614009,-0.04238497827389846,-0.013121607135541306,-0.015127723816257842,0.08217015799427653,-0.061693982746691745,0.021898322942519307,-0.02692641345433726,0.025153149246354894,0.005271690846025439,-0.001199866862632742,0.038608980447562044,0.0006722945582120088,-0.03155215841508177,0.007907734326965763,0.07288375750198979,-0.0037122412403012618,-0.030150615138512478,0.011156902869408238,-0.050139574387243924,0.07754537533678418,0.037297569562047786,-0.01878309526193025,0.04151868837041567,-0.003723684720502335,-0.12318413310974899,0.05199157800550214,-0.031003239178949968,0.039427890986791135,-0.0725730756357026,-0.06501117834388406,0.022179258654502102,0.14518973032499927,-0.10709643847345295,0.030890598031729197,-0.03872461524900626,0.12086226574571653,1,,,,,,,8,4,0.5,4.875,9,15.375,28,28.5,50,5,9,5,181,8,17,1,7.7578554,4.0322413,1
35835234,Cytokines expression from altered motor thalamus and behavior deficits following sublethal administration of Shiga toxin 2a involve the induction of the globotriaosylceramide receptor.,2022,0.35610626832710085,-0.07363049638282486,-0.19904583701140469,-0.08309241430380002,-0.08129170344177736,0.09474334907482487,0.023408084611479602,-0.07259418670669571,-0.061055405196096285,-0.009527416566197905,-0.005875189875972719,-0.018117716467423356,-0.0346182469974202,-0.11147636614911761,-0.17325751529460579,-0.08520823448015062,-0.22412441269308084,-0.27417395794408406,-0.17566368119995776,0.2067533590461263,-0.025556758550322738,-0.08312943475759449,0.029209045250592418,0.07653169120891627,-0.08776382960041999,-0.07868750975206318,-0.015650335141402263,-0.018835654368813914,-0.07504332064465599,0.014996999527809802,0.07062311816575935,-0.12496600948739094,-0.0037735048770176664,0.03655597704293962,0.10476207284101441,0.09421176853122815,0.058201591826013206,-0.085180700033866,0.018356526102023273,-0.06946414702942971,-0.001493589661896525,0.0032389864069073213,0.027250258246929292,0.012742466271084687,0.020058390941914937,-0.11243463589091078,-0.02733936690853404,0.0444293055463371,-0.06837559143285804,-0.013064511467435445,5,5.0,1.806519455226614,0.00405703486704977,0.00971202710333145,0.14365199286129815,19.0,9,4,0.4444444444444444,4.444444444444445,10,17.11111111111111,38,30.11111111111111,61,6,10,6,132,8,6,1,5.7229486,4.6377,1
35777525,Evaluation of drug seeking behavior on nicotine conditioned place preference in zebrafish.,2022,0.16350853365630538,0.13479767894932976,-0.03526713452871281,0.008817695283158091,0.026359960064061102,-0.008290123808861155,0.6891240409703443,-0.157449655080709,0.04136771739779846,0.038510368950717654,0.04843716724125926,0.017399433614928808,0.011620203174046299,0.0031657104941641666,0.06088122458355199,-0.01570095643283577,0.0934776448139998,-0.010669126880704732,0.010227118353941255,0.06336120338514721,0.028531585398650444,0.0389603514863842,-0.0200053494908735,-0.018433384345828356,-0.020810272645611756,-0.05720006807836053,0.009417276660435597,0.01251508261370029,0.024594707565070793,-0.02526228666826092,0.021899730353109822,6.629921495180996e-05,-0.011355845533227021,0.009607715433360834,0.02887746191142186,0.013023628933861274,0.02089871403087429,0.04116833793167016,-0.004498116453772759,-0.03349318676923443,0.005915684992430369,0.051299765049448096,0.012979693908180805,-0.05586175763311594,-0.017704297966616735,0.05224857688682607,0.0023651333351432475,-0.0017852766747614942,0.0031231185809367976,0.01335522466521883,7,7.0,3.3083848168503778,0.005135299511436323,0.0,0.43822417319922524,4.0,4,4,1.0,8.75,13,13.75,27,28.5,47,3,6,6,161,8,26,1,8.208303,7.399897,1
35752429,Oxytocin-Cholinergic Central Interaction: Implications for Non-Social Memory Formation.,2022,0.255674604872709,0.27250385515943487,-0.09960977524925636,0.08882951762522813,-0.027566161379877302,-0.05958888853794639,-0.04030160948211829,-0.0025898489086869157,0.17815281739213118,-0.020635067377553246,0.010310455989739297,-0.053713667236560916,0.12869157004877615,-0.030186539065965738,0.08505892531742372,0.0034821086571049605,-0.12495015246245293,-0.10714230681133782,0.1478608642247095,0.09615256073371391,0.14585348497916292,0.07727250854695604,0.02861313565733313,0.0015655469759958715,0.1345824577074255,0.08179138524855498,0.07709322269289749,0.005377177958148082,0.016159763655315077,-0.0029069801648026086,0.0036089250969177466,0.026988096486098415,0.020073362999854884,-0.07937173783081855,0.17230275639901116,0.05702951438615428,0.06339609405144231,0.005688666190121017,-0.024471835727971243,-0.005622500964882397,0.06083957931278434,-0.06446344931700905,-0.10697381582614235,-0.07779875468568344,0.01582656803936424,0.0877326208689524,-0.005758408627597605,-0.06364086094070405,0.09072654343227506,-0.17986392265163195,1,3.0,0.9589939580402014,0.0026922895923461323,0.0,0.21100337159789143,6.0,5,1,0.2,5.8,9,9.2,19,22.2,38,3,6,5,143,8,6,1,8.513082,3.79847,1
35705598,Vectorcardiography-derived index allows a robust quantification of ventricular electrical synchrony.,2022,0.07423926488143513,0.010273092078504317,-0.010441787929443204,-0.057050375501879864,0.08801263833108987,-0.024452197936884086,-0.013741372555082518,-0.01992544883602999,-0.010527664482045833,0.05003970570050839,-0.002475301273768702,-0.022951844168413057,0.02109211039995587,0.03843440462898483,-0.00830249302487112,0.08882861594210054,-0.07251242589755921,0.006109369298456916,-0.025389484090324186,-0.029807242432549588,0.017979130198301888,-0.0028840918054520823,-0.06632418039476318,0.03152696728736671,-0.02671182580911815,-0.0035998157552432977,0.0603157988584206,-0.01126501641700348,0.034666171723476254,-0.03300949656128207,-0.06032798236466738,0.012446160045985302,0.07045268867275453,0.02427456476094864,-0.03911275422117475,0.044821233261029436,-0.011516753486956927,-0.01291973796334821,-0.05580599882473131,0.0255708431941953,0.11806959195892798,0.068241440069584,0.004597819828846758,0.007596306025770424,-0.05658027993673786,0.024045623597138695,-0.07713362882673977,-0.15143118222134044,0.09258225208027093,0.09196467927047668,4,,,,,,,8,2,0.25,2.5,7,12.5,29,16.5,47,6,8,0,122,8,3,1,7.691644,2.9442785,1
35597334,Serotonin Type 2a Receptor in the Prefrontal Cortex Controls Perirhinal Cortex Excitability During Object Recognition Memory Recall.,2022,0.20426249368611862,0.3031798846074485,-0.08111738631766578,0.22465004382976572,0.08802021885690764,-0.03839266560872554,-0.015676349494401887,0.06293158095700244,0.04010332369827147,-0.1867495261421775,-0.2694448657071529,0.11261035805569629,-0.06032677860767779,-0.10815453657345662,-0.06866446841266025,0.16710256593459646,0.007610988572834894,0.15614547527582512,-0.22091943898014701,-0.061204722179469734,-0.12450913447485698,0.07179418016396066,0.06117552091529228,-0.026326891807305963,0.05099790908165977,-0.06008115289142528,0.04827508705956425,-0.07527713660870866,-0.0692372966911258,-0.006068590077449577,0.13130783657931627,-0.0017511111794294484,0.000715985053420715,0.0680355269020317,-0.04062042730059065,0.0062098042256518516,0.012268788667774744,0.047737155312819524,0.08674799960486335,-0.05899393382792406,-0.00926466942713633,0.0367458271853235,-0.07544648315890994,0.14623871385610934,0.09588905362938008,-0.12144992296856871,0.07029403573159154,0.1163336035027369,0.032354725928459276,-0.0682151958043944,1,5.0,2.2677682730902884,0.0044955757889103,0.0,0.3477335331557677,6.0,9,6,0.6666666666666666,5.888888888888889,9,21.88888888888889,48,35.111111111111114,54,3,7,5,136,8,17,2,9.62419,4.855185,1
35561217,Hippocampal-medial prefrontal cortex network dynamics predict performance during retrieval in a context-guided object memory task.,2022,0.2060005042809296,0.24319674908178313,-0.06783787437491803,0.14400832586472292,0.04613784058547875,-0.05492179382512979,0.05958921724418162,0.0399918483238943,-0.007752490328492942,-0.08736646159990323,-0.22766982930362148,0.05850885940413299,-0.11845060078274212,-0.06773867688668216,-0.10654593217132202,0.3024663434431541,0.07569833737348211,0.13712968308168766,-0.36059261966894585,-0.14620649805299227,-0.11633316159248067,0.059351442939245644,0.07156545803250333,0.05140088186506828,0.16780668317329228,-0.07531584769191908,0.02938491245805431,-0.07491816041527288,-0.07057182457332487,0.01012779300432112,0.15490497159513983,-0.0026403271623026353,-0.00290902118375469,-0.02793831805114366,0.06471008236849389,0.011545779577924882,-0.07582503936568726,0.04096348568167162,0.10018331453390132,-0.10206106864542316,0.08634321417627339,0.022340734716590815,-0.03224716809281773,0.04040683793493369,0.051925436336351424,0.01749170321284498,0.019247251367554334,0.026198623364819207,-0.048940848156956415,-0.053605677986019375,1,6.0,2.2021791835683597,0.004341368605645685,0.005947675512892904,0.23105335642825484,6.0,3,3,1.0,8.0,9,32.0,48,49.0,54,2,5,5,124,8,17,2,9.549906,4.9973283,1
35535012,D1/D5 Inverse Agonists Restore Striatal Cholinergic Interneuron Physiology in Dyskinetic Mice.,2022,0.2085731382851231,0.14682665990997243,-0.03259379583194226,-0.25120626835424625,-0.18146404819960008,-0.10929024801015583,-0.08012018496144785,0.0381402387157917,0.36536752710948806,-0.05704335235370584,0.16546688139487017,-0.05174285067784874,0.13420659976627292,-0.1472696388695533,0.08771362586818912,0.057568944668153835,-0.008795133145750306,-0.025184123058333622,0.03352481624060183,-0.016128949340829733,-0.08016546570206046,-0.02043242990997423,0.009732181180973654,0.07717218728373373,0.00920014630655995,-0.036974235753520955,-0.025455070705585177,-0.09074592508631978,0.06760506913496626,0.0025654898725707477,0.08070191798806514,-0.013129912462030085,-0.023221809665455315,-0.03800204654853218,-0.07591154178219894,-0.12055180716812555,-0.030123831776256396,0.08995265683466797,0.14976351987892464,-0.01317357363783515,-0.019357065580014644,0.1825299433240098,0.12169820412939002,0.08348295174121857,-0.034277969020239635,0.0555849029008563,-0.05128191937082851,-0.06876399888429488,-0.0162268065475994,0.12954163001865304,2,5.0,2.0643720326296293,0.005341065696140757,0.02367777150385846,0.24031937300075032,2.0,5,5,1.0,12.4,27,42.8,110,73.8,175,1,11,3,146,8,1,1,6.1650987,1.1767851,0
35431989,"Severe Acute Respiratory Syndrome Coronavirus 2 Infection in Pregnancy. A Non-systematic Review of Clinical Presentation, Potential Effects of Physiological Adaptations in Pregnancy, and Placental Vascular Alterations.",2022,0.22761286612651077,-0.037532762401004297,-0.025281504595640505,-0.05371952282506753,0.045230593947620294,0.2744428592978474,-0.02007816722966849,0.07759032947765664,0.11107641269810797,0.12947653924135574,-0.0016649515298508702,-0.1506014257948139,-0.13928374003453245,0.07051054082200739,0.1968582013792597,-0.01772624145534534,0.031725929536895216,0.12519389111376583,-0.0033025575490976114,0.023743615561859686,-0.09279184129857655,0.0037249927958627575,-0.08706813925637925,0.09698921678885078,-0.062267232758312724,-0.047427410553304176,-0.09682731876575787,-0.10309346566975906,0.027173955341396043,0.04358534990762416,0.02861952325454786,-0.10407777646717588,-0.1417276895190762,-0.0076237596780454825,0.10205944043417312,0.13234914690779717,0.06205365749177139,0.030316230582628362,0.09038369263421955,0.03753843350289551,-0.05044612761761517,-0.1614050365261463,0.06778237495341999,0.03081573595737141,0.020773705791597975,0.0694408654702963,-0.10679651785465913,0.025906866025246035,-0.03923406115770836,-0.03270883458265006,3,1.0,0.4037692153944955,0.0019710972102286273,0.0,0.0,11.0,8,1,0.125,9.375,45,38.625,137,65.875,267,10,0,5,86,8,0,1,5.3664446,2.3168163,0
35368282,Visuomotor Adaptation Modulates the Clustering of Sleep Spindles Into Trains.,2022,0.11765760193481528,0.20317376170650225,-0.07351656130507239,0.18862799917644843,0.07548490080062636,0.013877654020858976,-0.03823839524947637,0.004250064335121587,-0.02042250468672476,0.12733328913135625,0.2063434353166367,-0.06480593857465751,-0.06241094246602066,0.030198636788812704,-0.07927925944615903,-0.1542791492288594,0.007200525546292501,0.053454727942706476,0.04918047349738153,-0.041249707960403906,0.10463277322986693,-0.005582319537875391,-0.05750734751204097,-0.019348996196077002,0.13962128012744793,-0.15202414775034848,-0.021104535814535804,0.014491823006766602,0.057304370895836156,-0.11020494653229072,-0.03596689518556571,-0.1742445968600943,0.004815090589906996,0.32785361526598095,0.15909813770766282,-0.08674308403875293,-0.22806760689095554,-0.1788835024493187,0.11642859456019335,0.24211178630874763,-0.00330820515352545,-0.06892414253936374,0.05454579963147644,0.10940493468183571,-0.05464171005008017,-0.009561621988305017,-0.030055823576572143,0.002480476282624388,0.04956191709582385,0.13008980153440175,1,2.0,0.9971058880437184,0.0029834716339325763,0.0,0.43522590226844327,6.0,4,3,0.75,6.5,15,16.0,37,31.75,77,2,0,5,104,8,10,1,9.35048,3.3655531,1
35225229,Competition between parallel sensorimotor learning systems.,2022,0.09139539600513716,0.0904934133182672,-0.03251694567814693,0.061209784790018304,0.0156456929118652,0.001974137663066729,-0.013479481943352804,-0.009892081070605139,-0.01221253857323731,0.15698871992394717,0.14815304774872481,-0.07154316978729201,-0.03426215403336605,0.11017465417174023,-0.05734349724276867,-0.07466733493371107,-0.012935225559561125,0.008625838695476321,0.03947228180326215,-0.02551159102809347,0.045820933692226326,0.04084979148908609,-0.048438719675789034,-0.04682051961371456,0.10054404941817273,-0.028694891701743705,-0.003027539827533581,-0.0809241157137469,-0.05028753378835314,0.003804066529663747,0.07476360184759967,0.008026402155651938,0.029358383233629107,-0.05625605812970768,0.11376186075115363,0.017558171027826718,-0.05375207556487943,0.10236533655847073,0.02730977637655817,-0.03074229773117209,-0.006912029898600102,0.08045526180763485,-0.08206750370619306,-0.07188823655608946,0.12183682433901272,-0.006999524676148054,-0.06185873063200433,0.0015985436559183717,-0.04170032825578876,-0.07144243519790826,4,1.0,0.28554355140916976,0.0013245275341995746,0.0,0.0,17.0,10,2,0.2,3.0,15,13.7,37,19.6,77,8,3,7,109,8,10,1,8.5021305,3.6900203,1
35223548,Therapeutic Antibodies Against Shiga Toxins: Trends and Perspectives.,2022,0.2539470779859374,-0.18361892521547848,-0.2104278618965585,0.05659900906471878,-0.06549090873123598,0.012338115284715899,-0.006639409634902179,-0.11566099303561311,0.010126760771111819,-0.026863412684194,-0.052445280487803926,-0.0370158025501124,0.07372721675393315,-0.03005068047606449,-0.11885833924896869,-0.027695801933662,-0.03722030688448226,-0.014045838894051543,0.013236710914481444,0.012282445594650545,-0.03995977502593574,-0.036049391434850184,-0.02108961069544895,0.04405434937709876,0.032788051876988585,0.148426169944952,0.021999371368152835,0.13310408209896205,-0.02763240242510639,-0.06788916768186189,-0.09287789632888488,-0.17175150413347506,-0.03414036173503741,-0.05171427769351447,-0.036194381803235,0.033935715715896084,-0.05382559973671629,0.025737359733787327,-0.0931769325947545,0.08904073880667047,-0.05919603589655917,-0.042345324187233885,-0.1408194848098993,-0.022329911714286707,-0.03493171797797169,-0.0625345052699144,-0.022280849108783505,0.07708962378108727,-0.09293202223278879,0.021850115396171328,6,5.0,1.4064857912268738,0.0025079196373742553,0.0,0.20643810810392402,18.0,7,2,0.2857142857142857,9.142857142857142,27,45.285714285714285,114,80.0,213,2,8,5,110,8,2,1,4.937988,4.662215,0
35217797,A novel role for the lateral habenula in fear learning.,2022,0.08832035018924407,0.09624029655739261,-0.02069631540166261,0.06198262398441558,0.02547685949011274,0.0019938307294159814,-0.015180872328450813,0.01791037318720797,0.0033020188897392505,0.04289370313037382,0.01851206387227284,-0.022690318449787507,-0.017439774923873906,0.03246339918606023,-0.012720464920781003,-0.004667136665215352,0.010684326531795126,-0.008816951130125402,-0.022978395925400644,-0.037348669577028225,0.001386038596337816,0.017086934347587394,-0.03739742517571517,-0.03831476624414103,0.07611004760349746,-0.005437289087034799,0.04429649982484717,-0.0035537825628905078,0.0589519565772829,-0.033412790663824306,0.13762267436032652,0.049338432393511183,0.10363193904053229,-0.019671715544122684,-0.001933078212160086,0.013415030287800347,-0.0996399624566939,0.10249626149422283,-0.1521680571816339,-0.08659054085940805,0.01650522239366135,0.044277774045847804,0.06506343836387127,-0.07863732921159944,-0.03886390276731851,0.08584859351122132,-0.0041315252132844895,0.0917889990342653,-0.01336494081020336,-0.13159137798399978,4,2.0,0.6151046429090586,0.0029515696081753367,0.007566346696781479,0.0,6.0,7,4,0.5714285714285714,2.142857142857143,4,10.714285714285714,17,11.285714285714286,20,7,7,0,104,8,17,2,8.45739,3.3893127,1
35095555,Assessing the Role of Uric Acid as a Predictor of Preeclampsia.,2021,0.14519865862759102,-0.023242047723984718,0.08189687529191012,-0.07805878967292933,0.16736682598091596,0.22588924494870977,0.015587519190185875,0.09996082708821821,0.02703491248444465,-0.017584563613378228,0.018935269375974454,-0.0827183433579641,0.07203194166507235,0.05804205485771712,0.0036553776608220932,0.08976870416188044,-0.09025160048638975,0.19723242790160297,0.003544736798179123,0.0989077870538358,0.17013923842194031,0.04175889991547897,0.15809680965832557,0.1430504895780369,-0.14535514902309743,0.03848980538852051,0.0025641158454999756,0.2184440081851155,-0.0008179810516700558,0.04716768215164644,0.09754102453798393,-0.07236979636294942,0.16666687331976004,0.10024464245922589,-0.02083336836943171,-0.03643126054616386,-0.030677863694739526,0.059479302062694125,0.017266796602312673,0.0958076915499383,0.07460696038992826,0.023754156136946564,0.014591215122850346,-0.0545435669456974,-0.029581827771219246,0.05609148233572367,0.09514935277931759,-0.0515702001212872,-0.1065233568681499,0.015393868135429178,3,1.0,0.38983095702956677,0.001796460758288784,0.0,0.0,11.0,7,3,0.42857142857142855,12.428571428571429,45,38.57142857142857,137,71.0,267,4,0,5,167,7,0,1,4.876464,2.325438,0
34971959,Contribution of aquaporins in the transamniotic water flux.,2022,0.17560628740849882,-0.05092500150737952,0.19522175179022971,0.05692640072582476,0.01348205932777827,0.046229567813263366,-0.04529088601587697,-0.04524672668424653,0.04914672092824519,0.2555375281244235,-0.010892959266343587,0.4128374607400842,0.04148000816795908,-0.08269373421687634,-0.0532237747868221,0.08188180524153903,0.09809700920001135,-0.06764529441455011,0.0010506491984323663,0.04939871396707856,0.04810042664276213,-0.0022440329863081137,-0.061530635884162785,-0.00205516481941972,-0.07047132397893104,0.08378719037681726,0.0557133515660482,0.012063022692931906,0.020772712864257848,0.03677640573162257,-0.05610364349854095,-0.0015930294353301972,0.029250097054168665,0.14342584812301545,-0.01673024776580344,-0.11577783790665525,0.004611333614256852,0.02119893829316004,0.013742779561803616,-0.04831679094550229,-0.023356356885471965,-0.026343956719311154,-0.05350926200205593,0.020982533641210097,0.0021437883233017766,0.02298018260392319,0.009479170127695436,0.020077736170403593,0.01446865536803799,0.02412618163505962,8,5.0,1.5509430428088886,0.00344724192266513,0.00018821757952192734,0.218050286906611,15.0,5,5,1.0,17.2,45,58.4,137,110.2,267,4,9,3,66,8,0,2,4.4912567,1.9917387,0
34938200,Hyperosmolarity Impairs Human Extravillous Trophoblast Differentiation by Caveolae Internalization.,2021,0.25459066877698217,-0.07636204888255535,0.28082058865552656,0.14158414852922466,-0.010544227948895412,-0.0639770659949003,-0.059650179971413315,-0.09157198431841879,-0.004140376078859309,-0.20702419108164116,0.06158103430850555,-0.33974147524733783,0.057177985262074224,0.020694302880327864,-0.1002546567452097,0.06573967201101699,0.34890515477636874,-0.17785221097194615,-0.11518713555501747,0.06883708026442847,0.17716837720699818,-0.04189360953307166,-0.06389292747004538,0.009899141411041965,-0.02471288866780296,-0.017066213768955896,0.013910240677408307,-0.15383182730604725,0.07240781120677386,0.08415539247952185,-0.06049891768705259,0.11176361711154859,-0.16359634247069887,0.09853194178860666,-0.04535390544136245,-0.03198462636639714,0.007302904286936118,-0.04130085544664837,-0.05821064154112726,-0.00019132890897041906,0.026906535643939532,-0.03543714243608805,-0.04498270460345172,-0.025332317203644754,0.052347806536221723,0.027790756607990474,-0.08814098862771991,0.011892487285127562,-0.064158898226761,0.000779740298239213,8,5.0,2.306095800693,0.0045034346439514344,0.0,0.3477772629636184,11.0,5,4,0.8,18.2,45,58.6,137,108.4,267,3,0,5,115,7,0,1,4.5513296,3.830911,0
34935149,Colony-stimulating factor-1 receptor inhibition attenuates microgliosis and myelin loss but exacerbates neurodegeneration in the chronic cuprizone model.,2022,0.24019813366825118,0.007302331522742827,-0.027479169239905444,-0.07372620484262928,-0.03893713838456486,-0.027911037028155374,-0.015068731441099204,0.017375376180141313,-0.06027736723486049,-0.03501870130600492,-0.0756079181713667,-0.052060392035370176,-0.06868339863045836,0.0220003172380529,0.08009920121969197,-0.06679451161697623,-0.13048453727853035,-0.12499100938887665,-0.050459188920636895,0.003721234288601959,-0.11126399823067895,0.17065862224629494,-0.07531019189363954,-0.004000041988408045,0.05123293200646768,0.011951555944241625,0.06770733660638198,0.03976369918405629,0.007853575855615559,-0.051047164128174435,-0.02401301241155896,-0.02435815286310048,-0.04624579856309889,0.1454475021209698,0.07022964173306469,-0.004660575635246926,-0.07073730381327847,0.07059705527238372,-0.1092301017756667,-0.02248975902586526,0.056929179237403746,0.0020007339398947664,-0.060164939056776695,-0.056821352414500724,-0.11712018866454438,0.11436191389238551,0.07386011884836151,-0.059796172012764826,0.0310862252247028,-0.0350229211209614,4,1.0,0.30209828097299984,0.0010622646541209757,0.0,0.0,18.0,11,2,0.18181818181818182,2.727272727272727,16,17.90909090909091,63,19.636363636363637,76,5,10,6,162,8,19,2,7.2622943,3.7389674,1
34933954,Striatal Cholinergic Interneurons Are Required for Contending Strategy Selection While Solving Spatial Navigation Problems.,2022,0.16998644252856288,0.1278516055789543,-0.045871039189687254,-0.08660462218949624,-0.08395640070909308,-0.036342954746414614,-0.036486020218066975,-0.0023962939347359196,0.11618376659626525,-0.04462916054741893,0.032474691976589844,-0.017067512636428066,0.07063695308379579,-0.030151103106510063,0.07658298593700691,0.09080524524020323,0.023548017136681965,-0.04900769643142571,0.05170967421859556,0.023887969660828887,0.04743421395673543,0.060692927968195906,0.017808034265739948,-0.08379364451312558,-0.02381277960493303,-0.052307975236413444,0.0306253164991603,-0.04337283218881171,0.0013658513588730296,-0.02665330514233179,0.0445324881362945,-0.07817299090643738,-0.019834698189264352,-0.048155955026019374,0.00720955762539794,-0.022595102305574155,-0.17589447636161856,0.09457653211506666,-0.04816190311361701,-0.01585888429194292,-0.011488913868452093,0.005603514371713927,-0.1158814926165314,-0.20020750959352515,0.12257561172199744,0.08069759389981686,-0.11671372612456453,0.010378812246338501,-0.021935879660832918,0.08984118510951614,2,,,,,,,5,5,1.0,10.4,27,40.6,110,61.0,175,2,9,6,196,8,1,1,6.594253,2.0629175,0
34930957,Increased burst coding in deep layers of the ventral anterior cingulate cortex during neuropathic pain.,2021,0.14375754706083935,0.1096161982844412,-0.02313788671367445,-0.1308804166389552,-0.08766541305145917,-0.06650140026767566,-0.011909008348013412,0.0201171128546755,-0.014221709609288403,0.02912622675493276,-0.14048417622954792,0.03941943819672324,-0.08042826678188252,0.36211985710770717,-0.10956129330670568,0.1513600675196331,0.103975115013072,-0.13981728754182932,0.22320368908286461,-0.10354160743016694,-0.08471246523190568,-0.046986349027561304,0.30517960777970127,0.10730730645220184,0.053357488595871166,-0.04700269753970912,-0.11633037988106826,-0.16768071910256618,0.00944866576794381,-0.07583918729577883,-0.0352268032113628,-0.09540680227916054,0.034188821041265444,0.12309759484984037,-0.013113421431347538,-0.014854409479611076,0.11408518793224398,0.09931725643600267,0.021305135169345648,-0.020637850086327746,-0.00021391609734283407,0.016355105861899116,-0.03078765314344052,-0.05497795793702356,-0.04174831554635143,-0.0290317739357229,0.0041110445715821205,0.017540022244881437,0.008163784631736743,-0.08491440925247855,4,3.0,1.30098319268622,0.004191660875547006,0.0,0.4272730443413888,7.0,2,1,0.5,3.0,4,8.0,12,9.0,13,3,15,0,98,7,18,1,8.359425,5.138775,1
34925067,Lactic Acid Transport Mediated by Aquaporin-9: Implications on the Pathophysiology of Preeclampsia.,2021,0.2604417857252303,-0.05042558802046937,0.2573537084025505,0.01540626091370487,0.03979365541139315,0.19479747762454733,-0.019184011230325537,-0.048347648944281604,0.016598698433073163,-0.16165811035047883,0.09356043110828098,0.06995411194159118,0.10093699630135453,0.03874840319267377,-0.14053485280146977,-0.02281735280315206,-0.09099601689024675,0.06462334878397262,0.032420634233956,-0.08168153844367335,0.0676295781194444,0.03695570824738124,0.1092182854921584,-0.05665352494327147,-0.012612236538796468,0.018665830222437164,0.02447697595952643,0.042689700059714605,-0.05848021805673231,0.08468111067153729,0.08706469342288281,0.056025101334404095,0.05512438871083113,-0.08409918665273679,0.09506681142894201,-0.0035407366065712195,0.014689867536547371,0.08960590266742499,0.022318862427613773,0.09789341815865521,0.001368539492369859,-0.06406856203409313,0.06629048573902994,0.04752410050863605,-0.12763392007789134,-0.06441739289194735,0.026019121725333175,0.05258370969578123,-0.00598595657258234,0.052716779250032944,3,5.0,1.5327187573714207,0.0038165439851642145,3.764351590438547e-05,0.22474956173495983,11.0,7,5,0.7142857142857143,11.571428571428571,45,40.0,137,69.57142857142857,267,4,0,5,141,7,0,3,4.371018,2.7999997,0
34916412,Protein synthesis modulation as a therapeutic approach for amyotrophic lateral sclerosis and frontotemporal dementia.,2022,0.25033448870312414,0.08432613061738724,0.07691291447482805,-0.09785680914129624,-0.03275848648240265,0.0495719681645065,-0.03932130616663401,-0.07019634055060618,-0.16273642773628455,-0.05435770323537091,-0.07430821980575707,-0.004990117203106525,0.18756856303359504,0.04511902381374782,0.18484223847522135,-0.1269384576410347,-0.02301292704618093,-0.007886183096839137,-0.16207792613524521,-0.1360315948709321,-0.054324101928361415,-0.021065479860719282,-0.021960671531675698,-0.010584581695404051,-0.045071369286300005,-0.010660565883043947,-0.023569959139460264,-0.07459729046728217,0.07384090712367315,-0.012897248955100341,-0.012922597609911886,-0.017433556732413858,-0.03515426978233096,0.020647940395461438,-0.12513327404113092,0.07100460329807401,-0.08382211215912375,-0.1657148853582855,-0.07456243225633558,0.03211722662704919,0.020611650603164115,-0.0005857234318566024,-0.01662509292666401,-0.035317623165833006,0.00500498142985451,0.0964594892528881,0.03848272853916398,0.18026853789333586,-0.16413739721964607,-0.16405057756516847,2,1.0,0.26021366786245365,0.00319185115991437,0.0,0.0,0.0,4,4,1.0,5.0,16,18.75,63,22.25,76,1,0,11,206,8,4,1,8.232901,2.9266107,1
34900753,Human Glomerular Endothelial Cells Treated With Shiga Toxin Type 2 Activate γδ T Lymphocytes.,2021,0.3598026238144189,-0.2431817481139187,-0.008921492134933944,0.115116020757421,-0.03319440542875792,-0.12426918113155071,-0.02105039541584671,-0.04545825200784918,-0.06707962238770082,-0.07712752828329175,0.04452518409660117,0.06154519224871201,0.07939601088700493,0.048819891700835984,-0.0828084189859056,-0.013147721204838647,0.07851927162314264,0.0015393718767113722,0.02766878680891828,-0.05612851537818815,-0.03891344821385202,0.31264046702327386,-0.1543451777595503,0.15035357353526885,-0.0958657609310509,-0.0516438177512941,-0.1429643471072755,0.006938723095370194,-0.061016488194391344,0.026405237260347582,0.03956457150745983,-0.056845848373184564,0.032265854228508965,0.054383005473611676,0.04887111992612079,0.1330537948443454,-0.004581668888639001,0.06456081665088854,0.04835443378778637,-0.09296343018109604,0.02188918176972291,0.04330478933940308,-0.0507010714822188,0.16346112192550982,-0.09602174713262097,0.2172012149368957,0.10397534069991834,-0.08497478892353426,0.061035835193749034,-0.07947110663104999,5,6.0,2.280219374393777,0.0037568581893609385,0.002898550724637681,0.23195206726691678,18.0,9,4,0.4444444444444444,8.333333333333334,32,37.333333333333336,126,65.0,241,3,7,5,139,7,2,1,3.985809,5.529621,0
34823607,"A familiar study on self-limited childhood epilepsy patients using hIPSC-derived neurons shows a bias towards immaturity at the morphological, electrophysiological and gene expression levels.",2021,0.3040301490698107,0.04917765280365451,0.009068698957812397,-0.22807560974339608,0.0437164275189734,-0.039169913216117444,-0.04318595634989164,-0.07514244565843205,-0.0659563580773929,-0.030587838855890843,-0.1332256535952454,0.0159431654068535,-0.01882995459242572,0.2140154788834986,-0.049376932118092895,0.002029914495268988,-0.006484102650190112,-0.03377407505716641,-0.12125337084102741,-0.15173033356441898,0.20143440929221684,-0.12602106999910892,-0.15859388770777857,0.10796625802702571,-0.02430025796298864,-0.08130098109252022,0.056074067594418374,0.05614581144205959,-0.16781216503257668,-0.022914453739272107,-0.0953014518333646,-0.01283890860829107,0.08436699190879098,-0.01591090654064592,0.003909634781696947,0.016572163671690558,0.04403496592508392,0.02521026477642878,-0.05397179598905114,-0.047809569858891725,0.13522193430498347,0.04571754733845222,0.056397465274365746,0.0754554686354552,0.05416537959047955,-0.01550333332688369,-0.036245015771744965,-0.04117173653359261,0.17027274852805116,0.11193436774438112,4,2.0,0.561694789937742,0.0029419748417129797,0.0,0.292812416974471,9.0,17,3,0.17647058823529413,3.3529411764705883,27,24.470588235294116,110,30.11764705882353,175,10,8,0,201,7,19,2,7.6289263,2.240529,0
34822608,The Deleterious Effects of Shiga Toxin Type 2 Are Neutralized In Vitro by FabF8:Stx2 Recombinant Monoclonal Antibody.,2021,0.3731372658958813,-0.36261169062983484,-0.27622365171418306,0.12373362152116626,-0.05508224002281473,-0.063723626241216,-0.005315949497130038,-0.1054719851551803,-6.8307274512296665e-06,-0.038612081825177474,0.06643214457033988,0.05543015407124115,0.09730168125316706,0.04335825054304889,-0.021442525942507194,0.04916559742709989,0.12713740678762453,0.07837514890422155,0.06040698149890656,-0.05670606039231433,-0.0017518302574249889,0.10934405415453638,-0.018205908190920248,0.04203723450844673,-0.04227479233682654,0.05025314423813012,-0.03508104601613365,0.01430664927358188,-0.03356740986475848,-0.030652784437560584,-0.005706842295158666,-0.05520018991889082,0.055873579930611865,-0.038443451849869706,-0.006930308563116752,-0.02902225042146721,-0.047852977203528005,0.035784964241687325,-0.0776422126980566,0.0161418539765046,0.04845373273497996,-0.03367797271945045,-0.08889248893811955,0.054051626068040697,-0.045202905808553094,-0.022204462833677156,0.08537309714778828,-0.05177519116301574,-0.053124270961054446,0.07667251251929387,5,16.0,5.286541705630827,0.007539866412279466,0.0024468285337850555,0.1395056933869516,18.0,14,5,0.35714285714285715,7.714285714285714,32,39.714285714285715,126,67.35714285714286,241,5,15,4,125,7,2,1,4.0609703,5.3940234,0
34804128,Metabolic Imbalance Effect on Retinal Müller Glial Cells Reprogramming Capacity: Involvement of Histone Deacetylase SIRT6.,2021,0.35729750509941405,-0.029121438926767787,0.2431638256418159,0.027312950609591793,-0.042611279478299575,-0.09656982313315911,0.025856554866354426,-0.06910767867016732,-0.043738600806032,-0.010798622531164176,-0.14364564122863976,-0.1305835772751126,0.009467474994924008,-0.0039646843291067605,-0.059036568876683376,-0.037700498180404114,-0.10520811552338268,0.042315379382204546,0.12732012796049588,-0.07046887013549484,0.07415478868714462,-0.03703109120954931,-0.03903858913956107,0.021795675166674792,-0.012466903513996517,-0.08738241832315043,0.04265962825404694,-0.013377892848748171,-0.2118168950963413,0.18598898834841973,0.05165715128188424,0.001176803939613287,-0.019334915641709936,-0.09038326753323275,0.06799374426369637,-0.06167104776723765,0.010389652136180417,-0.06964356431567748,0.025978878851541185,-0.03995268159883296,0.01506291983334559,0.10701516488795695,-0.05963821449975173,0.0820216749480237,-0.12797394967797487,0.09879354547522415,-0.1454125967017702,0.06650413834031049,0.08734273041387103,-0.14012388107158985,8,3.0,0.9818789710655724,0.002255427327956536,0.0,0.38100749182250643,16.0,6,2,0.3333333333333333,5.0,21,17.166666666666668,65,30.166666666666668,127,4,0,5,205,7,3,1,6.6128545,5.26344,1
34741225,Sensitivity to Envelope Interaural Time Differences: Modeling Auditory Modulation Filtering.,2022,0.11396782725836631,0.049508028473114196,0.004277326309017931,-0.08402810607867427,-0.052157369415540576,-0.03342910029457977,-0.014734637267047958,0.0322289962518898,-0.052542589569379586,0.05235118054319232,-0.061450888006430636,0.03216548827309389,0.012686738214262343,0.12336088792647067,-0.030210003406917485,-0.00467546256917022,0.012621555409620554,0.014567074974994008,-0.03649760654453657,-0.030105426801004122,0.1189121540758179,-0.06803258818627589,-0.06319590069418488,0.029902396317901002,0.019358373627001775,-0.015658261051014186,-0.024294595000807443,0.07604838885628228,-0.05247910421042417,0.07308248631651793,-0.006785965933656236,0.011373923347825637,0.0487058195606997,0.031347657735011705,0.09335257900169225,0.050622112383828646,-0.040958691806906894,-0.030926208870077427,0.004237775251518821,0.05669831257806515,-0.03967791265771061,0.00036757258655891584,-0.06747472335242914,-0.09244212589941322,0.07414918821408623,-0.005329726130474131,0.11457280771782968,-0.020886253232732716,0.053185292433732524,-0.05194555906802934,4,,,,,,,3,1,0.3333333333333333,1.0,1,2.0,2,2.0,2,4,5,6,174,8,23,1,8.132074,3.9599423,1
34649283,Motor Learning Promotes the Coupling between Fast Spindles and Slow Oscillations Locally over the Contralateral Motor Network.,2022,0.178384332401562,0.29778006996189166,-0.11226176373490424,0.23082473954327998,0.07760395248866635,0.01649447670224841,-0.06689481886625666,-0.012546475091534174,-0.026813498063683428,0.16358933421307129,0.28989412121267516,-0.08718044157490268,-0.10311125743529963,-0.013404998907384657,-0.09185929475368401,-0.16524596017617868,0.001493191662805812,0.09097425673004438,0.01150216683143772,-0.07711929538214037,0.07666227883084065,-0.025869711676008305,-0.07282990299342539,0.0266692653874656,0.15275482713311844,-0.14810955834965558,-0.06291496654648138,0.008798641097893859,0.048525194816824484,-0.09924672556117776,-0.09402802961495911,-0.18760072569306088,-0.010335908695914435,0.31391387907233353,0.12460037054582519,-0.10962521882653128,-0.12932157663483593,-0.18559757150217024,0.10078716218492238,0.22078612560458843,-0.011693699614987601,-0.071406816783296,0.04817820633596728,0.10996497377259351,-0.07681944429551785,-0.00905444131707127,-0.039726593359863026,-0.001258406536352395,0.021346195406940615,0.09105640627718276,1,5.0,2.102369577586435,0.0055562175094044505,0.016073781291172595,0.14341286914827048,6.0,4,3,0.75,6.5,15,16.0,37,31.75,77,2,6,5,120,8,10,1,9.248524,3.5032306,1
34619364,Role of prediction error and the cholinergic system on memory reconsolidation processes in mice.,2021,0.20184191646724509,0.31729216026915613,-0.1344053267742627,0.23086666080675214,0.0953377989946663,-0.012518449734104214,0.0010379010814455193,0.04018356065084429,0.18223042399258585,-0.13628191432443268,-0.061507050475403564,0.008447849341003903,0.11050887744447217,-0.053652971556223256,0.10410698653030831,0.015225336000969453,-0.08336538988050873,-0.028658719661901953,0.1382164208915427,0.04297351742057396,0.09212253441026369,-0.026828093498593334,-0.004953506578116726,0.04401795222042642,-0.046781433437090104,-0.027887200123811722,-0.03491437082869492,-0.006644773534495908,0.03813642392877675,0.023495082308155137,-0.07440222073267924,-0.04883972943370502,0.06259803182529694,0.023191748043123177,-0.056590181434306594,0.0013221148092549314,0.0809451204685537,-0.05212909142978381,-0.12147131310370862,0.04173169914783295,-0.023821499118935205,-0.1188557121040467,-0.05733075894604277,-0.04219978891976491,0.0016701375117730045,-0.020366515514466464,0.03602595735305293,-0.07302718048520661,0.12433430128983579,-0.09986819976474397,1,8.0,2.5528402278321534,0.005881521304966503,0.255862977602108,0.1262075845134716,6.0,4,1,0.25,7.0,9,10.5,19,26.75,38,3,12,6,116,7,6,1,9.60677,4.0787983,1
34437406,Combined Action of Shiga Toxin Type 2 and Subtilase Cytotoxin in the Pathogenesis of Hemolytic Uremic Syndrome.,2021,0.3530626973072844,-0.22740452057345073,-0.202945681072205,0.010680251752708814,-0.08191371642235884,-0.09289206025664776,-0.03211840022323391,0.06342722445111498,-0.11160373780225082,-0.11015210483237409,0.10515119492817496,0.16329456379939267,-0.04333483375105103,0.006548771469557044,0.05099295772005267,0.03503314700334331,0.04934973976763754,0.10994103907091389,0.1957463996932321,0.04960219798814955,0.03258502477315796,0.1448413944093677,-0.07924543791740443,0.1399778913406158,0.01756129025057227,-0.09115528734043733,-0.02075299368688293,-0.047087013687947044,0.022831117093463006,0.07023560453727588,0.004434193024481746,-0.0177286600450718,-0.18112413617320794,-0.04848477316836318,-0.10122397432523583,-0.07487341923524733,-0.09030101063803112,-0.010569868231599139,-0.04373058846894611,0.049165684564726246,-0.006146060539525728,0.02319823728632798,0.18379387227215113,-0.058111348071606166,0.20378389064779998,-0.08752448765844735,-0.019871349817421734,0.05713433182871351,0.0702098484420804,0.023248373857378664,5,7.0,2.6698090132613466,0.003963499708214151,0.00015057406361754187,0.22339227924483107,18.0,8,6,0.75,15.625,32,68.5,126,128.5,241,3,17,5,111,7,2,2,3.5310395,5.584558,0
34320266,Ovariectomy and high salt increase blood pressure and alter sodium transport proteins in peripheral blood mononuclear cells of adult Wistar rats.,2021,0.17709196412799513,-0.04872666970636814,0.06397547677298077,-0.020462797787808035,0.06820985743414519,-0.046669198382530384,0.10658611305437223,0.6297565636542907,-0.08206923938770723,0.15595879569413626,-0.11752489252890175,-0.061024148344274366,0.3029896333113808,-0.06004461951396313,-0.16877511661472064,-0.11452214154331015,0.10608274742710726,-0.014983374835463834,-0.03807651617428721,-0.010130696254701834,-0.01625177696322118,0.004492288541749639,0.022984482872271134,-0.015036445463705323,-0.008915952537884481,0.003709942290021996,-0.03169106806026551,0.01840794693507442,-0.0009511621253563261,0.013307598645586163,0.00559393474338698,0.018309014528436078,0.02356273941764931,-0.020787214745153652,0.03704946853826092,-0.06030011022512445,-0.013881745636790484,-0.053800016824728104,-0.06757507802597593,-0.024680896632364974,-0.02368271919434793,0.05161786529568082,-0.0456039530154454,0.05840841184460546,-0.02359886369080404,0.032363474190894644,-0.028349936693757405,-0.04884353056936961,0.05346499088209323,-0.014119526170092017,8,5.0,2.494676735052777,0.004983633935471717,3.764351590438547e-05,0.3716598034009898,3.0,8,2,0.25,6.0,12,15.875,25,37.125,62,4,13,8,220,7,5,1,8.069568,6.181245,1
34293244,PIP aquaporin pH-sensing is regulated by the length and charge of the C-terminal region.,2022,0.09648359294918815,0.0350911008185621,0.06478901581224128,0.0021418683594326042,-0.02137931392596991,-0.0027814947298618223,-0.026000681395068323,-0.015516249211050437,0.051031913478483265,0.12810312459481246,0.000688159556005439,0.0970092378220005,0.028536097352581183,0.0048444833563679995,0.02608101454170948,0.015670950605869215,0.05988267165126891,-0.04958182063048906,0.001297177887892921,-0.0015715898655844097,-0.04631784685552682,-0.02261628962567715,-0.05511390643080784,-0.010621607427770022,0.06380374173087079,0.04618005802272117,0.09331954584524003,0.020588354626330383,0.004815998236472162,-0.021367862454644376,-0.018804110594911168,0.017703986065988123,0.023980241330539734,0.014942573930096431,-0.009375253953986064,0.08748036442194194,0.01773625547776361,0.0243899488699421,-0.035915062266607234,0.060116577954113154,0.0028512376510851775,-0.038775134181468635,0.1415180694986006,0.0513790079994295,0.05923390703901868,-0.02926804168169462,-0.03395389144101312,-0.001733063715182575,-0.018261298732106857,-0.043287742463598164,4,,,,,,,8,1,0.125,1.75,5,9.125,16,9.75,19,7,10,4,132,8,27,1,7.8074574,3.7749076,1
34279203,Epigenetic Mechanisms Mediate Nicotine-Induced Reward and Behaviour in Zebrafish.,2022,0.19669555106661052,0.11708711824443643,0.03190766181402953,-0.03439369126965239,0.0038626027631922656,-0.019307500877442287,0.6537419267705415,-0.11831695604050159,0.04624324394403046,-0.023153222732531738,0.00703968464923147,0.05653299686108775,0.011105729594946288,0.016186018915325815,0.03031885614180366,-0.08715298171176133,0.08327546437627943,0.03764291115139282,0.02394778263346665,-0.041415281468336465,-0.03486842613389888,-0.027981947936951444,-0.01842507377825631,-0.0016961017044228018,-0.02141190943155734,0.002795506415087847,-0.014284485452905454,-0.04125735887761697,-0.0019374035488381313,0.06278471347079963,-0.02454498476371895,0.006999029940274273,0.04125563468489797,-0.005783212044595799,-0.0207687236460467,0.06903133333433313,0.04700724970542623,-0.111170695767617,0.06610054142596163,-0.051542645222067376,0.026365463589882343,0.05173825681189261,-0.03877891391089468,0.04129340627756328,-0.008925280752085521,-0.022654080511730484,-0.05731132997916614,0.031537633960411836,0.07793518585139654,0.02492582735348225,7,7.0,3.1165185108871363,0.00486458123477868,0.0,0.42238015997414957,4.0,2,2,1.0,12.5,13,21.5,27,42.0,47,1,6,7,155,8,26,1,8.135448,7.4304767,1
34267676,High Levels of Tumor Necrosis Factor-Alpha Reduce Placental Aquaporin 3 Expression and Impair in vitro Trophoblastic Cell Migration.,2021,0.25423972006557893,-0.0789975872711635,0.2053553988330569,-0.002746296532938071,0.1014842180734894,0.10429742825565347,0.036392365607202486,0.10081931023459188,-0.02726191641316813,-0.12131470067883,0.00573701625894784,-0.06358543542571982,-0.002276414424255221,-0.0744486367760002,-0.10702032064668376,0.01604466693770302,-0.001954771494311937,0.011770636362028113,0.09490380628937231,-0.06774970982478498,0.07560660497305836,-0.004133502536829715,0.012127125253448256,-0.03694327315775862,-0.05802431168152518,0.07825059264013788,-0.03919658557391497,0.020855652487283396,0.016762179613758976,0.029769312951757138,0.14050558831610904,-0.06323699091024071,0.08412904788906797,0.0345920825280796,0.0558070580927817,0.013141549773843202,0.022768288660619484,0.007003036854978074,0.04849717229137679,-0.022903730837676387,-0.1191976033537138,-0.031256538969225714,-0.05602316449736413,0.11783717705412575,0.02758578859329352,0.07574794627349551,0.024614163262341806,-0.027399198342664015,0.13320558114188336,0.023094595377013315,3,,,,,,,10,3,0.3,8.6,45,37.5,137,61.0,267,5,0,5,140,7,0,1,4.855818,2.3330472,0
34263427,Aquaporin-4 Removal from the Plasma Membrane of Human Müller Cells by AQP4-IgG from Patients with Neuromyelitis Optica Induces Changes in Cell Volume Homeostasis: the First Step of Retinal Injury?,2021,0.32514274535949345,-0.10553433386276195,0.3435737765128814,0.12600572766052953,-0.027921777642679932,-0.31377644256271636,-0.03954391771853404,-0.11216553140977051,0.0005078075256515996,0.23372451630252739,-0.16183082243461028,-0.07772656960491917,-0.13527233228405033,-0.10979996129874525,0.10207869201637414,-0.010436427865249455,-0.13069951324316487,0.12454615385985131,0.07674624484754415,-0.04551912377897257,0.04968693339313681,-0.04682752810578654,0.11301317357030301,-0.04525818448542266,-0.168552304704052,-0.06202393338396864,-0.045986302295170846,-0.06106215685941926,-0.08502436500700296,0.02575951412831736,0.024712456808410752,-0.04958954629591513,-0.030291791520509675,-0.05517370133858325,0.025714628797710325,-0.04008149596358495,-0.013056995256889775,-0.06459046591886371,-0.014238021069381377,0.03680153606393588,0.026777112697130026,0.04960782309849621,0.02262238353570262,-0.09087638179279904,-0.03414856240212074,-0.016387219669347922,0.012601126813670257,-0.039702056146389525,0.028955194260257076,-0.06034277627392744,8,9.0,3.548992872871726,0.0070415665830203256,0.007340485601355166,0.19392545828892319,16.0,8,5,0.625,8.125,21,28.5,65,52.125,127,4,12,5,146,7,3,1,6.0439067,5.634561,0
34216588,Extracellular ATP hydrolysis in Caco-2 human intestinal cell line.,2021,0.2334760756891878,-0.03234619940235899,0.16753754390779801,0.05927237181899336,-0.06788633412979968,-0.13791196338196288,-0.03423500432844599,-0.06966330299826873,0.011106704443477755,-0.01104819338776949,-0.12866311651513523,-0.08043871599248528,0.016865239688776422,0.08882397226839703,0.007276166826436914,-0.09386175996642623,-0.09834203206856358,0.056261218446686426,-0.0277843787791527,0.12810273453178564,0.07180697279834937,0.17212925448453686,0.016995641136245288,0.14791888501434938,0.2778410585795387,-0.06250309957767153,-0.13301925612253684,0.11874698385415232,0.3315375463374188,-0.018076616384240143,-0.11766057054469413,0.15736723057823418,0.11045436596400524,-0.07588970926617758,-0.07174820733755226,-0.08704981952440866,0.19792832797573356,0.029107649150498852,0.029758970075639074,-0.06560229927992299,-0.037463508302800076,0.019161960450796083,-0.04548507533188954,0.1913548600518216,0.05138141070531939,-0.08161903257427211,-0.039104631323064305,0.015380991891888315,-0.007118568326616952,0.11000406686565115,8,1.0,0.7252367090983339,0.004310344827586207,0.0,0.0,8.0,12,1,0.08333333333333333,2.25,13,13.583333333333334,27,15.75,47,8,6,6,124,7,26,1,6.9779253,4.4543047,1
34155339,Eliglustat prevents Shiga toxin 2 cytotoxic effects in human renal tubular epithelial cells.,2022,0.4475716901733214,-0.3501707728098741,-0.11683736871589524,0.07066022308895542,0.05538696719194498,-0.20691000322678746,0.025175982075893055,0.13736165660376445,-0.05943786818055181,-0.1730270956269607,0.2144581209021755,0.1039721616550833,-0.1092311004240662,0.062081975216549276,0.12341724753268006,0.013380511568841007,-0.08019668089002516,-0.0731255015931385,-0.06527146560115807,0.04694954318252048,-0.01812372764994205,-0.12574809509027512,0.024512617161786734,-0.036707234075595965,-0.013877136832697647,0.038477688306184865,0.031058778658292693,-0.012806386740782532,-0.04448635054271646,-0.03122674577093271,0.02687623217005847,-0.028992833838148324,0.06713943023003094,0.01063165012631356,0.03329046147821988,-0.03823588012473304,0.009440639483772988,0.033867806651061406,0.004437166067501694,-0.013778176557215114,-0.0037889780590579804,-0.04019989690148196,-0.03440866843246623,0.026590754932717,-0.037412425534498556,-0.08040795652935721,-0.0730368654612239,0.07623058447741346,-0.03102814805743184,0.032390649774524514,5,15.0,5.321797536229056,0.007903573096477306,0.045812158855637115,0.11879668428499658,18.0,6,5,0.8333333333333334,14.166666666666666,32,50.5,126,97.66666666666667,241,4,8,0,156,8,5,2,3.5703015,5.2652073,0
34048797,Mechanisms of Antiparkinsonian Anticholinergic Therapy Revisited.,2021,0.19550863108765132,0.11724432041873888,-0.07509909866008764,-0.2411920366590921,-0.13827687318135717,-0.09256481109490602,-0.03786956783561801,0.04813047124796242,0.4557591472002275,-0.0453811241084304,0.15106468564787365,-0.032073546279540927,0.12325121128944175,-0.07318225875043434,0.082854630864206,0.03963701738788168,-0.008682521861306422,-0.03969532817439118,-0.007223024373234915,-0.06908718275159897,-0.008647955692875919,-0.04727907343884867,0.018487620804668904,0.09486093946510958,-0.09527862511967891,0.01919796632252882,0.037906874353530164,-0.08155162156636878,0.019324673241545846,-0.03549396428403307,0.050632849119473876,0.02736031640127779,-0.04308376149191497,-0.010166573086178073,-0.04395438466211008,-0.0396422953927189,-0.14406429697221348,-0.02291553296446967,0.04698097504876876,0.062433476575594705,0.026337895076701458,0.12918085732113282,0.03424708139033829,0.052123380935042755,-0.014234703189898262,-0.06313980111539165,0.03617621661115511,-0.054346049192854004,0.04210639535264575,0.020257495648650516,2,7.0,2.4662312709394727,0.006229084948665791,0.008206286467156033,0.17053121841635172,2.0,2,2,1.0,18.0,27,68.0,110,111.5,175,2,10,5,140,7,1,1,6.008258,1.1614499,0
36166246,Antiproteinuric action of amiloride in paediatric patient with corticoresistant nephrotic syndrome.,2021,0.14552602755939084,-0.025134630801914307,-0.06512860719260165,-0.2833892112801694,0.5961147482508059,-0.13547127788868563,-0.05890251414752617,-0.16308288641542493,0.04034003569264002,0.041953956391269115,-0.026120708305335257,-0.031522153955956575,0.012932286944146967,-0.04014660472532697,-0.04119000592908534,0.002872273866841272,0.08261457785185716,0.006919018920370579,0.058497552939474055,0.07153844586597174,-0.023730582939942624,-0.039365133958345094,0.03773947444441912,-0.03547203482471067,0.10840529048146136,0.26855393226611085,-0.1303316167876264,0.12398997766811293,0.09444143744394268,0.23279988815448183,0.2399249004088558,-0.17112757694298106,-0.11617398885540627,0.04950003559977956,0.006968466323939081,-0.06109359265217235,0.04862617339846932,-0.05202118310160595,-0.05368281772470499,-0.0423663385871758,0.016860926944886105,0.060466754675381484,-0.015062484699097097,0.08380509019728785,0.07416930540681754,-0.0038186166729718505,0.09043098519306997,-0.025397420116118258,0.0800356928139762,-0.011443476304660303,0,7.0,3.3821638550903637,0.004915374965780677,0.0,0.4010311608003293,13.0,4,1,0.25,8.25,25,33.0,111,67.25,235,3,8,5,104,7,7,1,4.1409297,1.2735189,0
33906140,[Text mining in scientific publications with Argentine authors].,2021,0.11039559133619824,-0.015001440380268691,-0.05255568442659484,-0.009982865749314727,0.04621031044295817,0.03241410569742022,0.026103551074210425,-0.02943670149981077,0.020881638676014006,0.06417905377406508,-0.008830000092849675,-0.05411798524123324,0.07798182256587655,0.11192085192773737,0.022712605071179826,0.19721839747168624,-0.07309776169228573,0.0011739255791884209,-0.08850032603835055,0.0532589855407171,0.007964234921359075,-0.04604600598107123,-0.11597847630721636,-0.13694386541195291,0.08552454663042565,0.09099007085836233,-0.15703823719270046,-0.16006845754374022,-0.05806434806295301,-0.060445034731827316,0.015104974048119356,0.11027732058280873,0.09768835171049375,0.004835317107898831,0.02429282742526506,-0.11382742297603579,0.012303846039365818,-0.040834005041977664,-0.05793760740715133,0.05929238779807448,-0.0605140476706536,-0.10747256278194646,0.058317621810326216,0.03632078119191809,-0.06148209121564802,-0.0357647831144545,-0.03037096528259347,-0.0769844021795789,0.11949035386641854,-0.05209042028168763,4,1.0,0.3108729104070551,0.00255273314469898,0.0,0.0,5.0,3,3,1.0,4.666666666666667,6,15.666666666666666,27,20.333333333333332,35,2,3,3,83,7,27,2,7.2363243,2.9340706,1
33822178,Early NMDA Receptor Ablation in Interneurons Causes an Activity-Dependent E/I Imbalance in vivo in Prefrontal Cortex Pyramidal Neurons of a Mouse Model Useful for the Study of Schizophrenia.,2021,0.17732647298623777,0.17001344463230766,-0.05071345936566645,-0.14669195612330807,-0.11791904807834569,-0.044568086161716945,-0.05763342062924888,0.03696852805665751,-0.014043655556685596,-0.024223535011348468,-0.12380811447703287,0.01826674323233659,-0.14025699899483032,0.13639283718892653,-0.01707436158461237,0.08853222800001594,0.1482326441907349,0.02293930020472714,-0.060967032750451025,0.09070881599319043,-0.004014996627303201,0.2270719081607663,-0.013352005914129945,-0.3302961085718779,-0.004558697050267785,0.025380208520806708,0.1654621464939144,0.07465145122868781,0.009520149155915267,0.12471558860357582,-0.15300849361177415,-0.13380722184951127,0.05310678202164656,-0.11683323240363584,-0.0063039689333207714,-0.08578457387555502,-0.013224968507037794,-0.09465478691416832,0.08201790755562001,0.08988453417225116,0.09136493517423933,-0.02088754173675672,0.02000273589279635,0.055872977747730895,-0.12825041817133495,0.022365102893536215,0.08480400919921288,0.06008342369868993,-0.04179036219597027,-0.09946921870248532,2,3.0,1.0297226740090926,0.004529087395717468,0.02341426689252776,0.0,2.0,4,4,1.0,6.0,16,23.0,58,30.25,84,1,17,6,103,7,1,1,7.0294285,2.0624352,1
33722403,Antiproteinuric action of amiloride in paediatric patient with corticoresistant nephrotic syndrome.,2021,0.14552602755939084,-0.025134630801914307,-0.06512860719260165,-0.2833892112801694,0.5961147482508059,-0.13547127788868563,-0.05890251414752617,-0.16308288641542493,0.04034003569264002,0.041953956391269115,-0.026120708305335257,-0.031522153955956575,0.012932286944146967,-0.04014660472532697,-0.04119000592908534,0.002872273866841272,0.08261457785185716,0.006919018920370579,0.058497552939474055,0.07153844586597174,-0.023730582939942624,-0.039365133958345094,0.03773947444441912,-0.03547203482471067,0.10840529048146136,0.26855393226611085,-0.1303316167876264,0.12398997766811293,0.09444143744394268,0.23279988815448183,0.2399249004088558,-0.17112757694298106,-0.11617398885540627,0.04950003559977956,0.006968466323939081,-0.06109359265217235,0.04862617339846932,-0.05202118310160595,-0.05368281772470499,-0.0423663385871758,0.016860926944886105,0.060466754675381484,-0.015062484699097097,0.08380509019728785,0.07416930540681754,-0.0038186166729718505,0.09043098519306997,-0.025397420116118258,0.0800356928139762,-0.011443476304660303,0,7.0,3.3821638550903637,0.004915374965780677,0.0,0.4010311608003293,13.0,4,1,0.25,8.25,25,33.0,111,67.25,235,3,14,6,99,7,7,1,4.3554025,1.2904702,0
33703954,"3-aryl-indolinones derivatives as antiplasmodial agents: synthesis, biological activity and computational analysis.",2022,0.12727495408699757,0.05878944162386444,-0.008031876423138205,-0.013081934510252764,0.012108857121387952,0.007752149892299606,0.052180379149884284,0.009258863812764483,0.08266843526484477,0.027862657907896576,-0.010471696235563816,-0.06077441181337379,0.07894080128250304,0.11357554362629878,0.056738114846384975,0.09750511438363561,-0.06645826165294891,0.04394579727303184,-0.02695391955797695,0.004235652196705194,-0.003998068064317493,-0.049530685094280276,-0.04201645341068709,-0.02786368698218416,0.02259039037956006,0.013215469200002848,-0.06947722899322185,0.03443567096821571,-0.005941122872772068,-0.05540802412747751,0.030539472704853545,0.020702268827877773,-0.016011817943933422,-0.02902728704341502,-0.018344490633786306,0.05715109550501012,0.013122923820609561,0.11396988701390906,-0.23451184075796833,-0.020384649101491265,0.1121126987855349,-0.28247829866594176,0.0529768747817613,0.05497146707846791,-0.08269313420368031,-0.08494664955586967,0.017922439684915283,-0.031364225412148915,0.02806862331133546,-0.05860939269641015,4,,,,,,,11,1,0.09090909090909091,1.6363636363636365,6,13.909090909090908,27,14.636363636363637,35,4,6,4,87,8,22,2,7.6569505,3.258907,1
33692740,Diagnostic Performance of MRI Volumetry in Epilepsy Patients With Hippocampal Sclerosis Supported Through a Random Forest Automatic Classification Algorithm.,2021,0.1786388122973787,0.11301255769273287,-0.004475493585201973,-0.026640312727869365,0.13419287734074561,-0.006742193145357447,-0.032547996663086276,-0.07992037624324894,-0.07197572457007144,0.18370561115333203,-0.0049107182666435385,-0.022410604792727464,-0.012716880279362817,0.03998143456684875,0.019807413003292994,0.18604451532237204,-0.06848102648120959,-0.08422860812291755,-0.034114511217129447,0.036551229821706596,0.06441668469984765,0.0474504337527566,-0.08334175848789492,-0.02980934084400963,-0.13309671526205266,0.023788381130017716,0.2720794678208585,-0.03866182813037287,0.17521432263047795,0.01532000395127983,0.09141647839584914,-0.05569353894052168,0.13702700518811411,-0.05314160256322477,-0.11088096427612806,-0.0064885915841016075,0.0036193129181917505,0.018606946720122003,-0.1062816850801489,0.05269348016272309,0.040375170561247856,0.1748268910957067,0.0676603166476173,0.06505972615396044,-0.03277686470757103,0.04663970519345499,0.11467791894518038,-0.08231304212228305,-0.036797209318334155,0.04429634706253392,4,,,,,,,10,1,0.1,1.4,4,11.1,23,11.8,29,7,0,5,222,7,10,1,7.7610807,2.9696352,1
33685676,Preservation of protective capacity of hyperimmune anti-Stx2 bovine colostrum against enterohemorrhagic Escherichia coli O157:H7 pathogenicity after pasteurization and spray-drying processes.,2021,0.2879112420506896,-0.20945762587793648,-0.2731410837321227,0.02110541177281321,-0.09354017128075638,0.08161363754380428,-0.011422858421718432,-0.1249958804126063,0.04371167427663138,0.06254365114625404,-0.08696417140407091,-0.038219640949037736,0.07100466212973763,-0.021277981328603052,-0.1473204110982959,-0.009487190389347814,-0.055349105542218204,-0.09179433435101304,-0.09577410966434885,0.1192122008782557,-0.08548964582471348,-0.13407955492144177,0.040607063218333336,-0.14607531580181957,-0.051927477858226156,-0.08553579335048452,-0.22786408457802565,0.06502478756487451,0.012225243991312598,0.05792712555459308,-0.021488069641320526,-0.03502820809178826,0.09002648576527246,-0.03647675759669424,-0.004987855707129897,-0.015570376263515156,-0.04768483696887827,-0.01981428622611049,0.05145516376526975,0.014902774738406302,-0.06867667909004188,0.005732685817892944,-0.03927307424980783,-0.057495749250095436,0.08175707503272946,0.07055584343159751,0.03215692316386568,-0.046078337715489706,-0.02733996557651,-0.00030265850624600554,6,10.0,3.057187268351356,0.005086116859589607,0.003689064558629776,0.1042719651904118,18.0,16,5,0.3125,7.125,32,39.1875,126,62.4375,241,6,12,4,131,7,2,1,4.470429,4.633122,0
33547844,Levodopa Causes Striatal Cholinergic Interneuron Burst-Pause Activity in Parkinsonian Mice.,2021,0.2216169677969847,0.16845785045025627,-0.03502243999939934,-0.26723945254404813,-0.19796641622474132,-0.13610680402942318,-0.08813730422572694,0.04975630151200122,0.5250674190705391,-0.04235302260157289,0.16658923154672606,-0.04294969938466077,0.16925609122099103,-0.13616061417932165,0.12609351174415093,0.0803865081752661,-0.015047758881568719,-0.05880956728111282,0.04710166501916824,-0.11312987202919686,-0.0037017688935309847,-1.2236756130104814e-06,0.05428882660661625,0.059518892305425904,0.04882019804441359,-0.08692991403339259,-0.0003861297192492793,-0.060978552130328316,0.03166104180958733,-0.01728323924314473,0.07214156913018853,-0.07244771849631529,0.07462066261429849,-0.01281921846667496,-0.051113752355360205,-0.02450755455212992,0.022722876832364035,-0.03525168966792655,0.04485002551132594,-0.05129292926350596,0.026119307547937686,-0.02971732446468594,-0.04451790494097885,0.04599971676489568,0.08767684073930668,-0.0008990686482241907,0.026730928045371666,-0.006901829980131612,-0.02878409923478098,-0.005680666172550215,2,7.0,2.948328075718704,0.00762044151219102,0.0932429888951628,0.16940222167620028,2.0,6,5,0.8333333333333334,10.5,27,36.5,110,62.333333333333336,175,2,7,3,161,7,1,1,6.0706544,1.0129021,0
33519685,Drosophila para bss Flies as a Screening Model for Traditional Medicine: Anticonvulsant Effects of Annona senegalensis.,2020,0.16391517565574348,0.025167922397141676,-0.04087686756913889,-0.07186284960011878,0.05117405793492811,0.013345772637402813,0.0486337389694096,-0.026228899983432953,0.02320363778246572,0.0554019951291236,0.03001213002310212,-0.07736792530962638,0.06738134962315685,0.11507763285431974,0.05007944557641944,0.19131517377019538,-0.13066551582103558,-0.05176650785991509,-0.03628191445092924,-0.00046150342411804303,-0.014113826721872249,-0.040153387006165955,-0.05724101298457224,-0.006405285537374518,-0.05997885691177357,0.07296222725558514,-0.045533834664738176,0.00916611602903629,-0.06633990127289074,-0.10819664203135951,0.027302535887860184,0.11078577873894886,0.00506835490222313,-0.05976637026798042,0.030217896612040402,-0.1865480905969198,0.014994533304353942,-0.019500743266557034,-0.034856516976951704,0.08741303040538094,0.038903708488258096,-0.03653307791086329,0.029104216713160623,0.07465908444077887,-0.04482142900476345,-0.06792244734382075,0.15975863857102868,-0.009005233670103268,0.0029397921063166405,0.06530233548789977,4,,,,,,,6,1,0.16666666666666666,1.5,4,6.166666666666667,12,6.166666666666667,12,7,0,8,125,6,17,1,7.275279,3.2194803,1
33363456,Cytoplasmic Expression of the ALS/FTD-Related Protein TDP-43 Decreases Global Translation Both in vitro and in vivo.,2020,0.23613161843231686,0.09662608610990417,0.020040408224534807,-0.1529763665078611,-0.11128579081722773,0.0024041231772293547,-0.051684564290556664,-0.049121070706571075,-0.23966479310890673,-0.0626760439991886,-0.03690198512373368,0.002075003373265138,0.09282455262386673,0.01690867902613675,0.07417899451951386,-0.04599243069021745,0.009891704298994771,-0.008355443619945325,-0.01597663852645568,-0.05489030629322102,-0.08917784681878178,0.0035345779533764686,-0.10581136341659123,0.042618940085416876,-0.010505178443454055,-0.07288601249350211,0.03266524687273181,-0.045229062747057194,0.10522575356575338,-0.023396974221463397,0.10929474657153321,-0.021442797780587934,-0.0329150546378097,0.005264210808902951,-0.13533415477456023,-0.13871151496359993,-0.06764407424897564,-0.04665352865849939,-0.10099946191686641,0.027639241744780205,-0.07007316872373527,-0.022086859601238434,-0.0041986697526022205,-0.05326637993792317,0.059715844103877654,0.06589666367896299,0.05853314976568613,0.0018311141939712844,0.02165302502616972,-0.002465158227855136,2,2.0,0.5477723374319554,0.006279854985470293,3.764351590438547e-05,0.0,0.0,5,3,0.6,4.2,16,16.2,63,19.0,76,2,0,7,158,6,4,1,8.22962,2.7882545,1
33307182,Critical role of hippocampal muscarinic acetylcholine receptors on memory reconsolidation in mice.,2021,0.21502667120136293,0.2926462669438152,-0.1095698302228117,0.1938183627827419,0.04948814290054773,-0.010281836754283305,-0.048960373067944825,0.012518412861000496,0.055658376928723434,-0.04102523890076365,-0.026163759372987344,0.024746107301102015,0.03960968747987992,0.0038772571919399334,0.007604205784709699,-0.0575972997985631,-0.09205284463738389,-0.002485676269500872,0.09223463523322153,0.1737810674620263,0.0013958485366394428,0.004388060489451329,-0.06630220102521334,0.014838566131889205,0.04048441569475024,0.029790264176436692,0.11717741085575122,-0.11002137645439805,0.14531891379108142,0.06222529735150661,0.08405946197924692,-0.010323166560633245,0.04200224866495185,-0.0772056816848404,-0.10360875299918047,0.062343699037318186,0.07455082176648942,0.035789650263099,-0.12273285672545095,0.07988104439438926,-0.12705820705789866,0.07617567752949593,0.025631195720476903,-0.029304584049243965,-0.0512497024248466,0.06673719426360375,-0.09469229542452498,0.059521062157498354,0.01050536526499886,-0.0959826117120854,1,4.0,1.0617881346334326,0.0034316408588187246,0.007566346696781479,0.09293509785921418,6.0,4,1,0.25,7.0,9,10.5,19,26.75,38,3,13,7,94,7,6,1,8.815786,3.7251012,1
33240056,Multielectrode Recordings From Identified Neurons Involved in Visually Elicited Escape Behavior.,2020,0.19559281482202734,0.1309694862546929,-0.008354606941265658,-0.1200343415330907,-0.057667247842538585,-0.03486624275349268,0.006813825565138957,-0.03746186851427935,-0.041358411554191774,0.04275717634630363,-0.14747794870412953,0.06518782128019641,-0.030012701934810697,0.203874052517052,-0.03607224717455254,0.02575718765073059,0.020957502847172165,-0.0245020792336729,-0.006704854266029002,-0.05829743716645594,0.19104847181821866,-0.0625530825022011,0.004604720074406843,0.08840024300658533,0.12548921266407218,0.023572552260612143,-0.016202427998829563,0.04923052257910541,-0.030341446458881247,0.03422974088221976,0.03585778779024001,-0.07573710582724487,0.00860391040978485,0.00796932055517093,0.149427629268687,0.011161857844574574,-0.05532378972046746,0.015100961160928548,-0.15442591470215983,-0.0026432044662598794,-0.03910509374699171,0.1039813901090844,-0.029190243248850223,0.0031777176835214994,0.12934427618498043,0.06786535493065339,0.01251301098172607,0.08819319646603133,0.030812079300144558,0.0019489676816708266,4,,,,,,,3,3,1.0,3.3333333333333335,8,12.0,32,14.666666666666666,40,4,0,7,207,6,17,1,8.203533,4.0240693,1
33126049,Endocannabinoid signaling impairs syncytialization: Using flow cytometry to evaluate forskolin-induced cell fusion.,2021,0.19627176317683423,-0.0707322247766357,0.12578785774862256,0.08228157064083988,-0.020686663530097956,0.06182293691329213,-0.04470086589485342,0.015517422428343227,0.010395030778992141,0.018018950096128885,-0.03079182941055498,-0.13674208872386032,-0.10702765382367171,-0.008334425529823176,0.11613002099536882,-0.015996440833819903,0.11098351069340517,0.014928948883637376,-0.04211851695969041,-0.037670652921619835,-0.10717319981610864,-0.08784190466527364,-0.09698106940063608,0.016409247064289128,0.004887377369228581,-0.09792595496177162,-0.09510729201312719,-0.06469007748389036,0.005554521695741705,0.053160329783429515,0.048347753982664096,-0.03501395205863851,-0.0012699550521159883,-0.15954518573343268,0.1099792618494165,0.21512769484761568,-0.018241206791260456,0.15798852350021164,-0.10065138666177526,0.1369258641476744,-0.06405488733437853,0.024733139679990128,-0.010743794696569003,0.07977175543011253,0.01781354595773787,-0.0631665439106288,0.02916142210534179,0.03778230547353549,0.05642366735959824,-0.06447645075522487,3,1.0,0.3059493646788064,0.001864394281054207,0.0,0.0,15.0,7,1,0.14285714285714285,5.142857142857143,13,15.428571428571429,35,27.428571428571427,70,4,13,6,32,7,0,1,7.5999074,3.3474543,1
33094506,Release of ATP by TRPV4 activation is dependent upon the expression of AQP2 in renal cells.,2021,0.19865963472242065,-0.0446521812872202,0.22350543630125314,0.10141100702217569,-0.06887356209825952,-0.17670905287416092,-0.05851122471791076,-0.08219035698570248,0.046215090527493737,0.0466174844170369,-0.12196905870047849,-0.06640995909310043,-0.04013580182433375,0.0309821891309651,0.03626147029087754,-0.11712535074869271,-0.07700112227224469,0.07482294742864791,-0.07837140188592188,0.17862911432985387,0.1077576494353261,0.18984160987566295,0.044158222809541,0.13924353454484767,0.26078051511590267,-0.007456320202063117,-0.11259446950641,0.08725966959034084,0.35123181911117374,-0.06732212705970603,-0.11506765143120437,0.14961119553919758,0.08630711281788721,-0.06254195301811342,-0.0031488963257910027,-0.032274366462995675,0.19625295398658968,0.017019422428892247,0.010619091299032962,-0.03420067691591909,-0.005032399229043812,-0.03434569481325828,-0.023060877318526803,0.1133340938449021,0.0498586388424223,-0.07436441699085194,-0.05709879350706056,-0.0012689089731519536,-0.02800766632060683,0.10318267018405472,8,1.0,0.7252367090983339,0.004310344827586207,0.0,0.0,8.0,8,5,0.625,8.25,21,28.375,65,54.375,127,2,16,6,87,7,3,2,6.8238826,4.4008765,1
32900965,Rapid hippocampal plasticity supports motor sequence learning.,2020,0.19939348949142918,0.25480864998834246,-0.10968348927131669,0.1215398536818517,0.028416624141495928,0.017183399985326624,-0.021870197345042648,-0.02374892029385493,-0.0391888970632726,0.18537858815069785,0.17564349627393663,-0.07165219372380141,-0.06339247927279783,0.02795583650664676,-0.09206861331395406,-0.0272638451960093,0.013816464871963538,-0.06363174784459558,-0.04259481984915762,0.047398782340646,-0.020627064246191852,0.04374575464193435,0.0483849156821243,0.01858710924570666,-0.0454515026428661,-0.023166758397265036,0.12891809576342445,-0.05438469237143919,0.07354619370534712,0.08656115671871249,0.11138043117944912,-0.0202730461701178,0.060547383845649616,-0.14274422507747403,-0.14021390513920148,0.07931088204234743,-0.032581907017600456,0.09576861631005136,-0.005952328323374635,-0.039120031581323766,-0.064116231031942,0.011078946343846083,0.11221190806862784,-0.044440208248696475,-0.09493142008979043,0.07175986602637327,-0.04433783499852654,-0.012133999846919144,0.04347696184516567,0.08284559931124395,1,2.0,0.7144896062662027,0.0023441565143105594,0.0,0.4065311472666468,17.0,8,4,0.5,5.125,15,15.625,37,31.75,77,7,11,5,81,6,10,1,8.758868,3.2362177,1
32525252,In Vivo Photodynamic Therapy With a Lipophilic Zinc(II) Phthalocyanine Inhibits Colorectal Cancer and Induces a Th1/CD8 Antitumor Immune Response.,2021,0.2798174512302525,-0.040771820144074725,0.12815618848172697,-0.05197252081858967,0.0017329401967536597,-0.050264809310282384,0.018134244680235587,-0.0030974057822776464,-0.05860671819347998,-0.08809811067374092,-0.025118481276789922,-0.10847365563118959,0.0333285600678041,-0.007295464270404823,-0.11252467116215306,0.10163129881808614,-0.19130349227410706,-0.020387890083738754,0.15288282384278498,-0.07644857996636054,-0.24867324708974392,-0.01228571734527485,-0.21441878567430986,-0.05172718274614298,0.04116242693260249,0.1013811820879339,-0.013884581651169028,0.08247847487738615,-0.020538321396026377,-0.1267351411811566,-0.05565831315221187,-0.22438089505990041,0.1072584021257677,-0.062479689960305784,0.05509559580152605,-0.15236847277105278,-0.07064492181435011,0.010826027390007101,0.01620736772825911,-0.029647174775313454,-0.06962618740376307,0.01606270327090037,-0.023012076846437725,-0.19761126595635986,0.08027511117454185,0.016534424043247068,-0.05591731532823624,0.08435758992081896,0.08338475010310487,0.0864515559888435,8,2.0,0.8574005323990033,0.002295713095435787,0.0,0.3819164515730472,16.0,10,1,0.1,3.5,25,19.8,111,32.3,235,3,14,5,133,7,21,2,5.2803836,4.005918,0
32482148,The limited knowledge of placental damage due to neglected infections: ongoing problems in Latin America.,2020,0.2934899163274954,-0.20635811726483197,-0.10014457505678341,0.029432113978929045,0.014026880392665246,0.33508277588177904,-0.021147879907902217,0.004396628851624718,0.09067814021711372,0.03294605845804249,-0.06985691875153355,-0.10563335921170958,-0.13987714702082327,0.03430609483879712,0.14329695787656682,-0.01367592156423003,-0.023820150254229157,0.0166272841398595,-0.005706849604193617,0.0529310190600367,-0.12118483447584845,0.01606747186823373,-0.10296550561199996,0.05718836202581506,0.0005179230873394172,0.06554815122187373,-0.03196253872743626,-0.05837436846374339,-0.07268542548202542,-0.06883450081128338,-0.08676904447914935,-0.14539547708841344,-0.05590420528652599,-0.018789911176173815,0.04177497986128725,-0.009253623716410612,-0.05916771185092071,-0.05584711116469461,0.04743303499148659,-0.17796159910407341,-0.14145977425116954,-0.07065811651450142,-0.03169010842685819,0.017396531402117946,-0.0279518625121042,0.07545374553186233,0.018725948173670747,-0.01425692789857906,0.05306683027980876,-0.03317290516435628,3,4.0,1.176329518558366,0.003002186579011344,0.05695463956333521,0.10185003459299291,18.0,17,3,0.17647058823529413,8.411764705882353,45,44.05882352941177,137,70.17647058823529,267,11,14,6,190,6,0,2,5.4827886,2.901553,0
32360730,Repeating or spacing learning sessions are strategies for memory improvement with shared molecular and neuronal components.,2020,0.2006610221218571,0.2908730821626152,-0.1392536846471286,0.20087981000799893,0.060535821619171114,-0.0008611406925100812,-0.03770221450443873,-0.01746179801242651,0.026253388258774237,-0.006267456545808044,0.026674454246974344,-0.039368969664917444,0.056854361565529005,0.11021890744255193,0.04991922514234718,-0.09137052288374006,0.023012706254179928,-0.0666502180066293,0.11976044493353734,0.028905631248732376,0.046454523205977455,-0.051077153674735726,0.008268268015282357,-0.03156157821581303,-0.1247690020862931,0.17303900020945134,-0.09427748455784747,0.10118128893738035,-0.04470543906467684,0.03203087439008927,-0.07220401256474898,0.1714694856622777,0.031449852238068884,-0.1945434217750779,0.09906518360449126,-0.10276570699466436,-0.14370420177130222,0.0640213606000812,0.10305075106763036,-0.15476529341362827,0.18536267341319354,-0.10096471225928885,-0.01890797832702975,-0.07022574721484379,0.10892819224091804,0.04250573698118389,-0.030032583421889806,0.025642125745166514,-0.04864074370067465,-0.01531939033190436,1,4.0,1.3570044595725825,0.00373940365340972,0.03707886316581969,0.14234340249594982,6.0,5,3,0.6,2.4,6,7.2,18,8.4,20,4,10,4,145,6,19,1,8.944706,4.219454,1
32319840,Stress-mediated hyperactivity and anhedonia resistant to diazepam and fluoxetine in drosophila.,2021,0.16717804843400608,0.07740219840385389,0.008166870643578393,-0.08323683788221818,-0.02343666530242041,0.025954412905880173,0.07120198166272494,-0.04217813369386562,-0.06061389525775588,-0.00802350174027822,0.019367401122537698,0.01943690533812672,0.10431616272623238,0.009877146294729505,0.05812870288737785,0.05515966659564317,-0.0442373798856223,-0.06189494575545164,-0.01355739341592858,-0.0012395655026619314,-0.01407449123458352,0.047785773223851705,0.07043273170613426,-0.08865429633583223,-0.041243435080283296,0.052697321895454514,-0.06866229850297353,0.16486555783107187,-0.052830781055325626,-0.1132536685498015,0.06361881095394845,0.0985782697441233,-0.22443153026416554,0.010172392735705844,0.19937784879782489,-0.10645212376027252,0.07292454273912209,0.11940609287092083,0.044273412549357995,0.143741577986817,0.048103076220233486,0.09951418637923512,-0.00361143526725563,0.15720279691465877,0.09816682735822721,0.10684242344464286,0.015040750040402824,0.025513990179322057,0.020067315903793643,-0.049844800926064775,4,,,,,,,4,3,0.75,2.5,6,13.25,29,13.75,29,3,7,6,207,7,19,2,7.499544,3.7757962,1
32311511,Hypothalamic Pomc expression restricted to GABAergic neurons suppresses Npy overexpression and restores food intake in obese mice.,2020,0.2127751281871695,0.10078575193412397,0.05626110739433943,-0.19483340677814326,-0.08632915448257474,0.025363824929749132,-0.004897933121647177,0.059735447663301335,-0.13108114909420832,-0.12241700138261791,-0.18384983882008998,0.1565289318884533,-0.03439562945387542,0.14132310511596022,-0.12767883730844742,-0.12120773908789922,-0.006785757777484879,0.0026020195138351386,0.10491981998811542,0.047676581034301696,0.3046871100811107,-0.2345133785715215,-0.21719053781373282,0.07968635819770062,0.1640772262016722,-0.08543657233564858,0.019966359752552662,-0.03357339281470146,-0.1954682463289851,0.021497510148204054,0.1159467859908212,-0.13887468201183673,0.024514284379668076,-0.22266429932535836,-0.04674875234885041,-0.09989811271493877,0.06299983807206234,-0.062059782190271175,0.044847006959133295,0.09465295121128661,0.006104584162561058,-0.06140729064360702,0.12838653880485454,0.08497515576470242,0.06946528702621656,0.10345002952996096,0.05430655230387216,0.027218424684540304,-0.05159533893794118,0.016304789894148262,2,3.0,1.2327422403061399,0.005927150682207892,0.007566346696781479,0.09760413899149034,9.0,7,4,0.5714285714285714,2.0,3,10.0,17,11.142857142857142,19,7,17,6,197,6,9,1,7.9923635,4.2575226,1
32308155,Nutritional stress timing differentially programs cognitive abilities in young adult male mice.,2022,0.2544822873198358,0.29963018654381113,-0.08483972743390851,0.08318397138787813,0.029825615008910424,0.04470725205880108,-0.004855927480717619,0.00620844046612635,-0.07118747267050164,-0.11234958852553636,-0.06189099948851899,0.0172206244805531,0.040557400743070175,-0.0493125142936218,0.01978029049315442,0.11089661075055042,-0.018599194483669708,-0.03857891596275685,0.19121581534279755,0.1812411411761879,-0.013630104862050027,0.016769135475545163,0.009733436531375143,-0.08106589855180928,-0.02735199606975405,-0.048815119144276296,-0.018273585716831003,0.11066382202870714,-0.017846921739437405,-0.18081461523372283,0.02622326145842878,0.10719897305779713,-0.16004540795923608,0.044447497827209116,-0.03334390335582685,0.09771051766739607,-0.11410001677196682,0.051982307640960505,-0.013116083321299555,0.019784252575683774,0.009970607313021254,-0.019195879301872214,-0.015960493635918737,0.01128097437037522,0.03461675027775683,0.010181649573257342,0.06709094911533023,0.017081760633167454,-0.0726325465762519,0.12691436159970557,1,3.0,0.8804423843937652,0.0028771881520564756,0.010088462262375305,0.09906500090435423,6.0,5,1,0.2,4.2,16,16.6,63,19.2,76,3,10,9,127,8,4,1,6.777917,3.25588,1
32302030,What's wrong with the striatal cholinergic interneurons in Parkinson's disease? Focus on intrinsic excitability.,2021,0.19494580663822145,0.132274479547178,-0.031280568664659794,-0.23971833375765628,-0.13274191525730655,-0.07702750864624196,-0.07815255182273662,0.037655899730225685,0.3519658104191052,0.007277530562403918,0.11149054053482713,-0.05661271176834336,0.117082131046534,-0.029727991043132476,0.07929858480130467,0.009854380632668525,0.009350977560938655,-0.006624419668190685,-0.08681252096395772,-0.13113198023983708,0.0028388429554635198,-0.05183582113729752,0.014220040941185369,0.02326296861702919,0.0013086796485680286,-0.061584211986379284,-0.02144702663966054,-0.020793010821489773,-0.08288646348335248,-0.0009671728298240219,0.03706351240164473,-0.049101868539576904,-0.050050510122263504,0.03187029909729396,-0.08504156694232257,-0.025630829658189948,0.08751561897189541,0.024950215434930596,0.04479845618626768,-0.011811667633279049,0.09850669658388311,0.06296509802196998,0.1548877561512648,0.03971094733734261,-0.0043392902463163605,0.056304880237789984,0.010569858048050156,-0.08065026358014929,-0.00804769559956718,0.1063204829144682,2,5.0,1.802724099290292,0.0045591518829312125,0.024505928853754938,0.265782721105617,2.0,2,2,1.0,18.0,27,66.5,110,110.5,175,1,7,6,104,7,1,1,5.875299,1.0461606,0
32282322,[Female hormones in renal physiology. Salt sensitivity and regulation of epithelial proliferation].,2020,0.23061616183427222,-0.08568399371326835,0.05535491060632301,-0.014085867777530136,0.06580849201964455,-0.11474341457706809,0.08756426756407062,0.6376302330721315,-0.0787993859651337,0.16397508381139775,-0.06828475581781458,-0.03773371683394436,0.2570746087218877,-0.0027107985683022576,-0.085706563609695,-0.09181833285968626,0.0718584948585309,0.045567819614728514,-0.061658667047670736,0.044443877117748665,-0.00653595728827758,-0.02718254992788872,0.05546265340777389,-0.03507879316773214,-0.014642025023848497,0.018336626510374543,0.0004397864793973305,-0.006593595292718524,-0.020131448862135914,0.0043876439059649455,-0.04181527117000598,0.01599639936834933,-0.010936683269753174,-0.00029575456151042503,0.023967611239789178,-0.012832277467110562,-0.007131750081485786,-0.022874502926103733,-0.024864691075226014,-0.005069037400800082,-0.011690972463863886,0.031166454874604017,-0.018967760770740562,0.031069666113129116,-0.019555567200204117,-0.001318806077819545,-0.020842063607915306,-0.024804845022071052,0.031658116285252086,-0.004481878971423603,8,5.0,2.4289764400211027,0.004863848733011587,0.0,0.3707265647655896,3.0,7,3,0.42857142857142855,7.142857142857143,12,17.0,25,42.142857142857146,62,3,12,5,148,6,5,1,8.155837,6.2231383,1
32259636,Exposure to growth hormone is associated with hepatic up-regulation of cPLA2α and COX.,2020,0.19907377325030956,0.04781466822797747,0.0635581112778072,-0.11161266252665765,0.008854257889319503,0.10085323049511433,0.03209875549528432,0.017803481305954032,-0.11461827013091741,-0.10846655064500105,-0.01572644954169711,0.03740904664692544,0.011270341565698085,-0.09244087922162926,-0.10968981331972542,0.03043780337924264,-0.13844176848190243,0.04333514375067175,0.2280691632307783,0.0956431114309421,-0.05465648728896629,-0.011330165937833078,-0.08450923813749571,0.0023976951296510764,0.047378505720766136,-0.17050774194765517,-0.0097839875741547,-0.06978287691388523,-0.05730026991595416,0.022734258911913465,0.13598198396669953,0.07757051607761525,-0.1042528086460803,0.026491909133539333,-0.130197931823136,0.08302902510778386,-0.0755574377603939,0.05312708984358139,0.005297820257750886,-0.028386488117418035,-0.004491720450421229,-0.059255527778788585,-0.12191707027452565,-0.0668800429588454,-0.1456401678691798,-0.08240817377459192,-0.1513359079009039,-0.12940720483507007,0.07833972528927204,0.05794875976417122,4,1.0,0.4387306156491956,0.004310344827586207,0.0,0.0,10.0,15,1,0.06666666666666667,2.6666666666666665,25,21.133333333333333,111,29.4,235,6,19,5,87,6,22,2,6.4417214,3.030994,0
32205341,Interneuron NMDA Receptor Ablation Induces Hippocampus-Prefrontal Cortex Functional Hypoconnectivity after Adolescence in a Mouse Model of Schizophrenia.,2020,0.17802892824645544,0.1522676810531162,-0.022895820235926786,-0.156700611799548,-0.11482624915799682,-0.017941243854729845,-0.04515532220899627,0.03738822091091418,0.05075149687923699,-0.07287941225519712,-0.07478104733542269,0.0005116683133751491,-0.08840025532314695,-0.029150790905592368,0.02020656098756178,0.13509703423213906,0.1081043767309425,0.01714325563371782,-0.011339272107234278,0.16729538447800932,0.0053835818873966945,0.2571896142988584,-0.0035208538224717686,-0.3054233361887515,-0.005746243520634246,-0.05915614519779298,0.1714895324428549,0.10402176478903706,0.04703148787245251,0.05058981344645177,-0.07701532078844826,-0.15856143365702222,-0.01546719234826413,-0.10338277340609706,0.06782634163533427,-0.09492672579800833,-0.04793739432510939,-0.05136391712702315,0.16064521783169083,0.09005821186266116,0.11577030625190057,-0.09274533475508855,0.05229997873605264,0.0437739893394509,-0.030836755081006795,-0.13061018392927498,-0.05304392348764074,-0.03366224386852253,0.05287670096584835,-0.1258840836778485,2,2.0,0.8528188594475432,0.004030814122095226,0.007152268021833239,0.0,2.0,4,4,1.0,8.0,16,38.0,58,48.0,84,2,14,6,210,6,1,3,7.051262,2.0405345,1
32133494,The Origins of Anterograde Interference in Visuomotor Adaptation.,2020,0.15990580128425183,0.20318030688553096,-0.08002145916519739,0.09710408698064463,0.0642779001374441,-0.013158545728652007,-0.011424336894086682,-0.010700570530995405,-0.04590789517491501,0.1895072818677824,0.16882772300408588,-0.07212170676419798,-0.06346298082666219,0.058990566874221155,-0.046235460475818786,-0.003005906288001604,-0.021107867835497115,0.0012413891514575102,0.06349329089114664,-0.032617307393808616,0.1121579308542334,0.010521955998811987,-0.010200367832981441,0.007376571576322028,0.07287079919525014,0.05029880036469023,-0.003588275792148743,0.10579841240000042,-0.06533814584698051,-0.006084639742347264,0.10129557258437147,0.04347667238903827,-0.04341445239421587,-0.09195040149506539,0.09353613996614037,0.039871892408517975,-0.11002356198962913,0.11721351702581881,0.05597617266284102,-0.12829071043099702,0.034058019379243944,-0.00536081173831234,-0.0676310148945905,-0.0373246782415878,0.12739660309587256,-0.011314551126171201,-0.1014906728394709,-0.05502208308097092,0.03755089096446169,-0.08616790254889892,4,,,,,,,7,5,0.7142857142857143,4.857142857142857,15,17.285714285714285,37,28.571428571428573,77,2,8,5,117,6,10,1,8.693484,3.8762226,1
32129110,The role of xenobiotic-metabolizing enzymes in the placenta: a growing research field.,2020,0.22757316189513646,-0.022175100857649115,0.11635531740629544,-0.015271747938518678,0.02865057796396465,0.3236574321333989,0.06134426564947983,0.037727856135019444,0.07190674113667825,0.04300360920256554,0.0424262842793034,0.007152608999432438,-0.0849935501497795,0.05244646827246506,0.1518009557803698,-0.03527838575499093,0.036985010013811805,0.04793389854660364,-0.020987373070464103,0.05679795305780897,-0.15816195879047532,-0.1198683477614593,-0.06388123636413785,-0.012119668830845236,0.03293490360755335,-0.06755647910895561,-0.10068997822951048,-0.09261116536264273,-0.04992618720665985,-0.008102977209224664,0.03171863551536834,-0.014856423689597349,0.0032328575065526804,-0.13706225084548235,-0.013671181696915315,0.16789627564963364,-0.05634098878564779,0.07524065974758895,-0.1434427645623784,0.14525537052223297,0.01830331395260605,0.012075224497328414,-0.10835715254533185,0.2322242204131412,0.02956265160561041,-0.1404344350079099,-0.034875132736365264,-0.0002246614085768242,0.044886101705103425,0.018514072000737923,3,2.0,0.633326752330899,0.0029658324641133587,0.007566346696781479,0.0,15.0,10,1,0.1,8.5,45,39.7,137,65.7,267,6,9,7,108,6,0,1,5.6242456,2.2556555,0
32077828,Therapeutic Strategies to Protect the Central Nervous System against Shiga Toxin from Enterohemorrhagic Escherichia coli.,2021,0.2824242695785863,-0.22948610994966298,-0.274931642050864,0.04994259175231174,-0.09387625188947964,0.03272597703309265,-0.019546442770747716,-0.1292875410072334,0.08284366821828999,0.0643306416919694,-0.1474901118167322,-0.07461189502078744,0.07803269210736233,-0.018315517575382953,-0.0532769201944458,-0.13242125451350842,-0.05864747879022163,-0.03418398814031791,-0.009611409766347265,0.001718255932852613,0.02863856244311638,0.06676865642267164,0.08693958810585177,0.08120453668918035,0.20883026547295486,0.175236947630663,0.20825916445453718,0.07001400695387987,-0.11499729141437437,-0.07334486995945344,-0.029067227855664582,-0.010343232608523205,-0.11082956224109924,0.03191953759742293,0.05957299482242342,0.18906789278268202,0.06970327555772539,0.019366322022259144,0.03108342681870175,0.047497684460486814,0.0008844139984536317,0.05066692558600032,-0.03288805436872692,-0.052881351719473425,-0.10637841525732189,-0.00959162735160345,0.007539786661705136,-0.05414467552483934,-0.02008193261284461,0.00999250971760097,6,11.0,3.383229790727873,0.005377113342442722,0.12866553736118952,0.1666424486232338,18.0,3,3,1.0,6.666666666666667,10,24.333333333333332,38,39.333333333333336,61,1,6,16,110,7,6,1,4.82692,5.2163763,1
32061348,Aquaporins during pregnancy.,2020,0.2479094868477753,-0.028942585201649447,0.3569053959157011,0.05342245248716841,0.03345394960271106,0.25647021759950006,-0.07238205412605003,-0.03230168491437293,0.1365220847418567,0.23034144492316783,0.0037652870955587284,0.40756278385923517,0.024631791449592634,-0.0668737572448842,0.02910285374982994,-0.016501284423648923,0.13297850082333004,-0.14812295057083602,-0.06245645122138239,0.12321913008717031,-0.05052930801057506,-0.031108329037730004,0.011494176776203,0.04023877823068082,0.10820319172792983,0.017727241163818724,0.01855386162913632,0.07127406405099607,-0.036128658007981596,-0.02288041424029647,-0.08753688667760885,0.051944610440381504,-0.04150297349432106,0.041710040275868755,-0.08868671844344828,-0.10478905608390705,-0.048084933090738344,-0.0396067577882783,-0.026026712326638186,0.0028761509179945845,0.09058761394679225,0.03864520737934811,-0.08148362205010273,-0.050740941712309806,-0.0154202046177493,0.0016854191258423405,0.017371145133052806,0.043194806245664935,0.052795290277416446,-0.01998864905938401,3,9.0,3.1691155702272353,0.006972216124051553,0.037116506681724074,0.08887374989341372,15.0,1,1,1.0,45.0,45,137.0,137,267.0,267,1,10,6,93,6,0,1,4.572955,1.7046399,0
32061044,Improving Spatial Normalization of Brain Diffusion MRI to Measure Longitudinal Changes of Tissue Microstructure in the Cortex and White Matter.,2020,0.07660707820710194,0.030536047203213526,-0.015482685200846913,-0.03360506797619467,0.04497171765465239,0.014759683326526574,0.001625799685959417,-0.012505136971246968,-0.022969055857948454,0.07013598063737868,0.023005707514895474,-0.03836386570794759,0.006239560569297126,0.050168656761209365,-0.010572744192069418,0.10803907036591723,-0.05208282708688627,0.0008324843872496459,0.020106489726815693,-0.028256611353619458,0.04359087068631423,-0.004572960339374821,-0.08008383306390664,-0.008405198961659935,0.0325825542246899,-0.005521803413292525,-0.011651935750033843,-0.007836145669308518,0.023128733189401264,0.03723288613744423,-0.011190642198088296,0.039843353603373065,0.028644602108304544,-0.04482358687909844,-0.027574450792417653,0.04354832183654449,0.000548278360761333,0.004816351259133716,-0.012351514671050438,0.016644218179953905,0.01072399166141774,0.06305042116856016,-0.04977638279237742,-0.0547783021203284,0.047978553048688845,0.005751640025759915,-0.023013538518614512,-0.07629291636925713,-0.028195575483748583,0.10718384097585704,4,,,,,,,7,3,0.42857142857142855,5.285714285714286,15,15.857142857142858,37,32.57142857142857,77,5,8,6,197,6,10,1,7.3423977,3.7755773,1
31998083,Volume-Conducted Origin of the Field Potential at the Lateral Habenula.,2019,0.09788877860124184,0.08648533714697075,-0.03351855714925954,0.021664413819878128,0.001738646911471437,-0.0016907744722924637,-0.007240793020001496,0.013302686817000777,-0.01815828683516899,0.09174160954445676,0.013203795332316796,-0.02433464703705854,-0.04374060198513831,0.056717263660853404,-0.01854175077428191,0.10440147405595299,0.03891180473286958,-0.06303723990182424,-0.06653758212320067,-0.01392337625046792,0.02760215057612316,0.05222600541519179,-0.019154921505220964,-0.08252984635958571,0.0933545569948557,-0.04063024771572025,0.11504043433397976,-0.05942381991110865,0.09692926941742082,-0.057190201667492474,0.2194750775619455,0.02746046895524055,0.16101825928334598,-0.04488815880881473,-0.061025046152597774,0.00514920247135635,-0.10872512804603071,0.10895532719386353,-0.20584545290739836,-0.07656538512946999,0.02102880508259214,0.06311845904118804,0.06882479307292871,0.026625802200975216,-0.06976839092585124,0.046620027560492806,0.06074639417576444,0.08140688100290663,-0.019216114684667683,-0.12654803098380327,4,1.0,0.3553153476354024,0.0020957858175260657,0.0,0.0,6.0,8,4,0.5,2.125,8,11.375,32,12.375,40,3,0,5,96,5,17,1,8.505951,3.233187,1
31997350,P2X7 and A2A receptor endogenous activation protects against neuronal death caused by CoCl2 -induced photoreceptor toxicity in the zebrafish retina.,2020,0.23577462265822954,-0.05284216153240666,0.1290286085461501,0.049592143565471314,-0.04047687258124287,-0.19083470449618783,0.11228700488980246,0.014088216353320367,0.022466835049218467,0.013175965526291735,-0.0839277798718117,-0.12539747295504525,-0.15423208224960047,-0.04461538067299412,0.12558365432265167,-0.1401839514693406,-0.29760836744850444,0.067814717756547,0.010591340733768054,0.03705861381684954,0.0037028244470856462,0.07618147086550307,0.18898789436947347,-0.04897234510322899,0.2009185124484472,0.13838915344961994,0.029191119255728343,-0.054136167801804004,-0.06642258096480733,-0.018279241744727562,-0.19144756616189545,0.017683484720520764,0.017396506558199427,0.0566853377580438,-0.19873153708902816,-0.09248665096420788,-0.12696477071034223,0.15406926656953324,-0.10323286943655899,-0.03519530715393496,-0.07574420204918449,-0.057717702596583105,0.04565225092179504,0.13873642930127597,0.10925529497328572,0.04767040777650882,0.03152894818309192,-0.06510229096914777,-0.027379476802435757,-0.04275196934066078,8,3.0,1.1734613893784205,0.0031298203853514788,0.001279879540749106,0.13051272803431688,16.0,4,4,1.0,9.0,13,15.25,27,30.5,47,2,10,16,150,6,26,1,7.0907903,5.0644956,1
31956716,AQP1 expression in the proximal tubule of diabetic rat kidney.,2020,0.2282577378646334,0.019878484185346074,0.1005663990348448,-0.010669137719736124,0.005853317542877738,0.016701213612961247,0.0056072087475532995,0.045627734736309704,-0.003429737431388587,0.10297766210703621,0.00667506078285301,0.22230928553944296,0.048511392075935154,0.011007820406873458,-0.08679755094098601,-0.03900151928589205,-0.00497514651095639,0.018812562126527592,0.08055039331898342,-0.02008144569500544,0.019367833208553106,-0.07295528633089317,-0.017616316345994906,0.017800815814506474,0.016105220396277823,0.05520840363183854,0.15074086569720158,-0.08613343549597115,-0.07094239423693185,0.09678584751814515,0.0579789885105136,-0.01759099622780496,0.021382965242156778,-0.040208143711564975,-0.06790250461355851,-0.002884704126040189,0.01565403930246763,0.02241302436941272,0.17222659608733926,-0.010620596847047022,-0.09888960895339421,-0.04303186210179685,-0.0006233867735952522,-0.016774337459952687,-0.09163143425848203,-0.03020084550122709,-0.11825136332261016,0.11901513638039468,-0.11246630223640769,-0.019859162576849707,8,,,,,,,4,3,0.75,18.75,45,69.25,137,134.0,267,4,0,12,50,6,0,3,4.931314,1.9397346,0
31848934,Pre-Exposure to Nicotine with Nocturnal Abstinence Induces Epigenetic Changes that Potentiate Nicotine Preference.,2020,0.17964682253836617,0.0903113404983165,0.031172858550125325,-0.03399669742859067,0.012207198139669317,-0.018759247095863088,0.8285504737014314,-0.1438040221012705,0.03796413187302492,0.022294228491610706,0.05795432832645831,0.019490505022891267,-0.011413294504824303,-0.001877735999953042,0.007461842380724313,-0.07116714767501031,0.06857145701482914,0.018692669529192307,-0.010146824794449555,0.02114788652732357,0.018676672131725396,0.0016933722902238405,-0.02928759170493456,-0.037617232303140936,-0.021955822452113544,-0.04177568025568761,0.013191170214328682,-0.01347231511767904,0.004133547003587762,-0.009321736788316094,0.020807002763167954,0.006592524668949833,-0.009629452336317623,0.022074976395488527,-0.02137642676492715,0.014092861492604847,0.06827170068255807,-0.01695524093558277,0.02579473335425335,-0.028675449441471813,0.015024744772001563,0.03797074487256391,-0.02184901449861814,-0.007557676966411011,-0.009991077795849967,0.012717584943193595,-0.0019294657326712117,0.0031626543943909895,0.03039542950473963,-0.01578567294309365,7,8.0,4.171336006664859,0.0063578490973668165,0.012158855637116507,0.39701349942284875,4.0,3,3,1.0,10.666666666666666,13,17.0,27,35.0,47,2,21,5,155,6,26,1,8.120205,7.518455,1
31833146,Behavioral sensitization and cellular responses to psychostimulants are reduced in D2R knockout mice.,2021,0.30869761939178303,0.16603774898809204,0.046282095650334976,-0.20231602813116395,-0.1342963429944678,0.022702960242554318,0.05981563634775415,0.043772747866619374,-0.011002241177392498,-0.15670522074535753,-0.05192489379019848,0.10631170446023976,-0.09093302082898377,-0.022671357645612542,-0.15577894127672304,-0.08485749184398146,-0.10043352519375863,0.07721968941699472,0.05328889290267981,0.15551487731959857,-0.014826676534079911,-0.024287355780129846,-0.06175617254880471,0.010126276147743281,-0.05227716170003435,-0.000774682071037648,0.030642566488858734,-0.07222122842024509,-0.052482572425802856,-0.07744001429828899,0.14683478337871317,0.07044461588075512,-0.045389357813874154,0.08635944552441274,-0.00667435849775876,0.16408961341981262,-0.016896894842602237,0.03693585554024332,-0.039293446996763744,0.061574582084666055,-0.02259665588291096,0.0027097630590736813,-0.12767807640021459,0.025960730178027008,0.16193414211448004,0.02445348821994838,-0.05756513447310023,0.021717230650941142,0.06738875590448955,0.03549369781536025,2,2.0,0.5444615484098863,0.00256486617069474,0.00798042537172972,0.0,2.0,10,1,0.1,4.4,27,22.1,110,30.0,175,4,12,3,111,7,1,1,6.5697684,2.568046,0
31824869,"Endocytosis, Cytotoxicity, and Translocation of Shiga Toxin-2 Are Stimulated by Infection of Human Intestinal (HCT-8) Monolayers With an Hypervirulent E. coli O157:H7 Lacking stx2 Gene.",2019,0.3053726730426517,-0.22045823586604404,-0.23929196148293952,0.07245100449673605,-0.08617800037358604,0.041736646579777485,-0.04133288454346636,-0.12985682558056239,0.0710929598709875,0.06595878075432392,-0.07120710826869948,-0.03704322508087017,0.06448356290236963,-0.01185967651402516,-0.035569907650864985,-0.023287185740909766,0.07293126348613126,0.15886224587281836,0.0005909205871467206,-0.032756222799339846,0.008573586555952983,-0.22441248786838336,0.08020940019629655,-0.08397971974583493,0.05651028272937039,-0.04284390813329456,0.021421869993554922,-0.04112050251523892,0.1562008843760947,0.007999840851386386,-0.041869990736134705,0.05771677321289945,0.027392324613540978,0.007210096940238626,-0.022538460801872058,0.01815627834291141,0.0008982850329632194,0.028823699998612114,0.046629479059332436,-0.015061265816277364,0.02397548966044848,-0.05451302233309999,0.05726936786513575,0.04541851838791539,-0.022448742729218037,0.010036718403468124,-0.03979695659137179,0.0500075145298272,-0.06738087329286996,-0.03046927695631585,6,8.0,2.556015686488488,0.004020343352661199,0.004065499717673631,0.2297097167447526,18.0,3,3,1.0,21.666666666666668,32,90.66666666666667,126,166.66666666666666,241,1,14,8,131,5,2,1,3.8585672,4.527481,0
31811544,Na+/H+ exchanger isoform 1 activity in AQP2-expressing cells can be either proliferative or anti-proliferative depending on extracellular pH.,2020,0.19522017463677455,-0.06419722182289637,0.2204887689848418,0.09329320376581615,-0.02993468912983651,-0.19233140088709308,-0.03127948648880664,-0.01854926793684645,-0.0002892661838379434,0.07171734829906723,0.0035492601810203127,-0.02206145957820577,-0.022591436504897082,-0.02828829885882699,0.04879264131777689,0.02729401538959483,-0.009136921254022911,0.03703368814068938,-0.007596215494573682,-0.020634495320768928,-0.07793513616989399,-0.05569337980972205,0.024395456954935217,-0.053601499863145156,-0.022460175417293685,0.03156290932633447,0.0066024534038647215,0.11065246342521826,-0.03313429674493558,-0.1687374438331481,0.00792388468749818,0.0037193222836132264,-0.07327416494344328,-0.04361335712318245,-0.006678433860543025,0.1450568397467145,0.09897167916749586,0.023625091382960782,0.013211635194346675,0.054500382282303445,0.026757415417501856,-0.020635136343821647,0.23313692200922453,0.08625170837919421,0.1585327923223119,0.04174200491571001,0.015645597931976042,-0.0905584467945388,0.0006627782389398403,-0.11429388512971879,8,3.0,1.071109502598291,0.0024512977456560966,0.0,0.32583640029068567,16.0,8,8,1.0,8.375,21,26.375,65,53.625,127,3,10,4,129,6,3,1,5.9160624,5.399042,0
31780897,Beneficial and Detrimental Remodeling of Glial Connexin and Pannexin Functions in Rodent Models of Nervous System Diseases.,2019,0.17606459251064344,0.0318998062258469,0.07806021319618253,0.001125610417262858,-0.05445159729074767,-0.026532085956191078,-0.03582379022172511,-0.04124383694585701,0.02661015015728308,0.05691573006441966,-0.0716559132139919,-0.049859436051161714,0.013409547014641955,0.10124324112908409,0.11962533149803856,-0.038732933955238885,0.040499811556329035,0.0072542079700974515,0.02933723073873302,-0.04519742850979275,-0.21720628894926197,0.023190826488377277,-0.0965243335376173,0.023587015209340638,0.05753504421132661,-0.14891433205735707,0.022669424491505108,0.18175067701955436,-0.06778054925306912,0.2843939973407454,-0.03891292322318299,0.14090080229982355,0.03780570775485631,0.0630354283214481,0.12566014194724226,0.043766779657998876,-0.05548719728686937,0.07013910510507113,-0.06918423287961545,0.13378470446161173,-0.09442504424032025,0.05287323381960427,-0.00852110853469527,-0.09047492171451385,0.08465262736569473,-0.06760117720387634,0.05205794611806392,0.043179117934896274,-0.11646199224031788,-0.01564356246714622,4,1.0,0.39885262203520255,0.003087626305940176,0.0,0.0,14.0,4,4,1.0,5.0,12,16.5,44,26.5,73,1,0,7,127,5,1,1,7.753481,4.561396,1
31703347,Crosstalk between Human Microvascular Endothelial Cells and Tubular Epithelial Cells Modulates Pro-Inflammatory Responses Induced by Shiga Toxin Type 2 and Subtilase Cytotoxin.,2019,0.31360903946139906,-0.29842285293401066,-0.18161969150660467,0.10790173194064277,-0.04146230025219659,-0.13163135923597502,-0.017591836295692217,0.02153875846309602,-0.07046716147123064,-0.11610169386968477,0.1477024589092037,0.2112305728481842,0.02907722745407799,0.09603426866059857,0.019132256944509814,-0.0042672367261379855,0.05062880654631796,0.06606032448116883,0.058326894556087944,0.009371282239032544,0.11705083245162093,0.36913895594992874,-0.10259296309534544,0.1789142919561626,-0.036225993057345224,-0.07975935695633837,-0.15584956622284477,-0.04857316664836331,0.024192891537068793,0.12001385163150802,0.005483207812082735,0.009862137228130915,-0.042732861631363264,-0.026196069307188017,0.0036016417620034205,0.08519667792736485,-0.04386416720327188,-0.017763840751723287,-0.020824248679558108,-0.07453873003640256,0.020402653168341108,0.08036405801396905,0.1283218026255915,0.05618234049114584,0.08845134029549107,0.0406320234885168,0.050294516167352234,0.02201107164350141,0.04143865581249286,0.019118147094131864,5,9.0,3.528028229449456,0.005232325149589335,0.0003387916431394692,0.23695403665326087,18.0,8,5,0.625,13.0,32,56.75,126,101.875,241,4,16,6,110,5,2,1,3.6369178,5.712426,0
31690927,Neural Dynamics of Associative Learning during Human Sleep.,2020,0.14269711397445495,0.13680638829240643,-0.05000709750306974,0.0738940988766029,0.016325983967064965,-0.0035920528597293937,0.0024960111471592702,-0.023091221149134478,0.011642016355772614,0.17049104267802198,0.13650372967203547,-0.08253241025897577,-0.046359909806224085,0.10299646185451806,-0.03296433728102108,-0.005193811604868835,0.08814749075655164,0.061896848254561695,-0.0060349127839777385,-0.08362900267043527,0.05535185484482725,0.06404887076589026,-0.042969166955301785,-0.0895670911313606,0.16775005350604344,-0.13094771142986134,-0.03063189116561944,-0.041012780343348876,-0.03836675304657049,-0.17173124515751342,0.15422919488153275,0.014437510242155352,0.007136928271240734,0.08176961480789166,0.08835485912102853,-0.03101382214510154,-0.10574776495211284,0.005394089436007695,0.12237427781473004,-0.15903364540257,0.11787164957066454,0.08611997613706128,-0.04364607276376396,0.08476936688704055,-0.04122697181951953,-0.07198749886516735,-0.008199814591757754,0.010113240788845389,-0.08153111638616782,-0.1524258941873356,4,1.0,0.409692162644554,0.0017084077596491404,0.0,0.0,6.0,4,1,0.25,1.75,4,5.25,12,5.25,12,5,9,5,56,6,17,1,8.7373085,3.6563683,1
31630412,Construction and reconstruction of brain circuits: normal and pathological axon guidance.,2020,0.15060879735833624,0.015458137341005132,0.009876647050780507,0.012698055972459057,-0.04346724002766045,-0.015821740782399372,0.0021950074476074664,-0.038374877164637125,0.03688780483277676,0.04857028538135155,-0.08338239776542708,-0.11310586503859016,0.022756839290699986,0.0503119679857435,0.05841619252084145,-0.10789808674905352,-0.04833915591223294,-0.0820663933943113,-0.0362843050319153,0.06284540940404335,0.011481536298160542,0.04546706229645508,0.07481859963039832,0.0232780710052728,0.23103058980492883,0.14759548632457864,0.21424153434583612,-0.021389122037097592,-0.12743271801709266,-0.004200877552784447,-0.07726747132321957,0.07480672644505491,-0.09524812102365833,0.07415185006395408,-0.05886220526034004,0.08067792278661658,-0.05143341097327379,-0.0017996573539970397,0.015191456217336724,0.07489799371392211,0.10253631514394505,0.06804172030271916,0.023521380872091303,0.028525061242349325,-0.03695547559536731,0.13028934825367858,0.06658382733073748,-0.06727687067769667,0.008337758190850201,0.05295759255515308,4,,,,,,,27,2,0.07407407407407407,1.1851851851851851,4,26.962962962962962,43,27.22222222222222,50,32,9,6,124,6,18,1,7.295566,2.467748,1
31628683,Aquaporin-2 and Na+ /H+ exchanger isoform 1 modulate the efficiency of renal cell migration.,2020,0.29865655266281443,-0.08311820576579927,0.3006159629337875,0.11946157174484326,-0.01739876148829432,-0.23447669638489332,-0.045400895786136236,-0.06842009826850697,0.0010783003158557612,-0.024418262565164113,-0.0009462355991764117,-0.19639825483870926,0.00776828309507874,-0.01604886696660932,-0.007181688429073197,0.11693488812792907,0.15837842576733444,-0.03813654031097963,-0.03265470499342933,0.026761696752624086,0.05250859898961877,-0.07467533743687889,0.028600812134926885,0.01361650640983756,0.038005045658176036,-0.027578812179438014,-0.01222183453302979,0.062322901877705054,0.023773032681945337,-0.13209187936802708,0.059257095193445,0.036151937382741174,-0.00749858302454058,0.018853079627798218,-0.015565170810742844,0.1443484263940562,0.025952643680915825,-0.09435032056701592,-0.01646059504685139,0.022081908253535787,-0.0017288854205358506,-0.03513081703088427,0.1984918670578537,0.03584695333530975,0.07649067607015725,-0.061606286814659066,0.017701817420555228,0.00325867199993594,-0.02511765193651649,-0.02962776731064821,8,10.0,3.1262041352479106,0.005985305686535781,0.014304536043666478,0.1161075986385382,16.0,7,7,1.0,9.428571428571429,21,29.0,65,60.142857142857146,127,1,14,2,81,6,3,1,5.6925716,5.461529,0
31541456,Intact caveolae are required for proper extravillous trophoblast migration and differentiation.,2020,0.3195663479906431,-0.08257232483723145,0.3057756899841976,0.14430241543886738,0.006588134285964955,-0.07421052372538894,-0.0702491515562787,-0.09798311854356195,-0.01845980146928954,-0.22431669209198002,0.05070942712023188,-0.3482705424974125,0.07372740364359984,-0.005523011153443036,-0.10018760360804793,0.08702809906082554,0.33827649345492117,-0.22027860675530342,-0.11022644995741883,0.05188124935577913,0.1579069205241323,-0.07001607934475082,-0.06562626502877855,0.022152162488720904,-0.005171264496386838,-0.007069939873441443,0.029510423548352614,-0.11386876987069701,0.036845181257672166,0.052031844381479106,-0.044977620680709055,0.11479211968423286,-0.10671522694271526,0.08477211815108643,-0.04870439298177175,-0.03386303046873619,-0.0034919841912191218,-0.04520835437699562,-0.08349727836226692,0.011270479148970666,-0.004467732028942491,-0.042458777271141245,-0.037603224479429306,-0.026670541981979184,0.06267972533471712,0.03091894430858029,-0.06738241141866305,0.025653023331273943,-0.03656955263412811,0.013890143451510977,8,7.0,2.9990135348096256,0.005658747810098579,0.0008281573498964803,0.25029202261037786,11.0,7,7,1.0,12.714285714285714,45,44.285714285714285,137,77.28571428571429,267,2,15,4,129,6,0,2,4.666044,4.0615077,0
31535145,Changes in cardiac Aquaporin expression during aortic valve replacement surgery with cardiopulmonary bypass.,2020,0.1611598732541304,0.004097807405903623,0.04978113468603094,-0.06676404806755121,0.11333383748706898,0.01661726440743307,0.00020003588493468314,-0.023925161860341833,-0.01462436735603427,0.12710976681058042,-0.036620076779971256,0.09743954719358286,0.08277671415014778,0.014786580972621973,-0.04095622467840863,0.12918620799621666,-0.13532168361687352,-0.03699398351969597,-0.03183780446334322,-0.11912433922393598,0.130668795522599,-0.005710898556663993,-0.1238072408804974,-0.03789514017115777,-0.10191993628212746,0.0880023636220609,0.03588323972785922,-0.0573835308217783,0.06982759950146672,0.10282730540266005,-0.019435480314537363,-0.05555924712088545,-0.06558081717137093,0.10485283506604269,-0.02150719227341339,0.042854066376558295,0.07478715974710493,0.144743564735425,0.07194309500061774,0.05339024155081044,-0.0959911465198145,0.04357010529926895,-0.07813919660658822,0.027980281730876043,0.09515784723223691,-0.05415291309134295,-0.19069619650550768,-0.028668049528994002,-0.13887542090652846,-0.042786809152713864,4,1.0,0.2707996659157471,0.004310344827586207,0.0,0.0,12.0,9,4,0.4444444444444444,5.777777777777778,21,25.444444444444443,65,39.333333333333336,127,5,6,6,148,6,3,2,6.818899,3.572176,1
31521941,Effects of Cross-Clamping on Vascular Mechanics: Comparing Waveform Analysis With a Numerical Model.,2019,0.15006339826039383,0.039816677343418864,0.005736576731863107,-0.07638864583063835,0.1283627724531271,-0.0016568088449730343,0.005093100810174512,0.03490043227354325,-0.057129863027179435,0.16568701674572883,-0.009201483081770842,-0.0570359454537721,0.0035170165400900317,0.06728346601206094,-0.0029089923708052945,0.24790722184444278,-0.13962521122908925,-0.01874489587492633,0.006594217548339001,-0.09262994550554972,0.09154607746119928,-0.010300379385277116,-0.20305029731604804,0.026513639671068564,-0.05151923629513748,0.10321801017603581,0.08657889570472477,-0.02319603300908453,0.12604110767347437,0.20269795018447034,-0.1295804879361749,-0.06630799728472137,-0.15699202789739183,0.037759570964355865,-0.14072994237300673,0.014839915995000875,0.06700671698395509,0.042603411814662394,0.18350699922371175,-0.05533216474105121,0.008251546790716309,0.09978592860935025,-0.11620141825558421,0.07255059002923556,0.06990090399167646,-0.01194497635112933,0.004772216127438956,0.03308200344139625,-0.03549516578036557,-0.09432597545608207,4,1.0,0.2751261255908963,0.0024650076415868006,0.0,0.0,1.0,8,3,0.375,5.375,21,20.125,65,33.875,127,7,16,5,148,5,3,1,6.7899175,3.6146154,1
31521898,Calculation of the aortic arch angles from three-dimensional reconstructions of computed tomography scans: Comparison between an automated program and visual assessment.,2019,0.0937075677764739,0.025598133415813244,-0.012497340965723918,-0.030102768830917656,0.08250101996366903,0.011196153055104944,0.0020564333813251783,-0.00703947246337367,-0.01762788595777215,0.0882975826146898,0.009297526367426064,-0.045830528554524644,0.012318508882179557,0.04070180680903687,-0.00973254472216913,0.16271771243071206,-0.08182959404363692,0.009850129623383795,-0.05027864007420242,-0.09583296825863709,0.08561368749551923,-0.05755273824860161,-0.16377567031793458,0.04041432287647642,-0.029634909443812026,0.014802871195124533,0.03353816048735696,-0.00784591530035807,0.12265505711983367,0.026095975965974225,-0.12916138498525195,-0.025823053775890063,-0.030198671890842948,0.0012428482638716714,-0.039277938115072505,0.024923549729964103,-0.010992845152572662,0.16906546954657048,0.04279762700300458,0.06228191973361069,0.04242773946478746,0.164320509342848,-0.062382244010393766,0.08521068387173505,-0.02903821930369265,-0.006656770498613653,-0.1920651495081038,-0.025577915517056467,-0.04611435956117665,-0.06991429940483908,4,,,,,,,6,3,0.5,6.666666666666667,21,23.666666666666668,65,41.166666666666664,127,6,11,5,140,5,3,1,6.778408,3.5553231,1
31396108,Editorial: Vascular Dysfunction Beyond Pathological Pregnancies. An International Effort Addressed to Fill the Gaps in Latin America.,2019,0.0,0.0,0.0,0.0,0.0,0.0,0.0,0.0,0.0,0.0,0.0,0.0,0.0,0.0,0.0,0.0,0.0,0.0,0.0,0.0,0.0,0.0,0.0,0.0,0.0,0.0,0.0,0.0,0.0,0.0,0.0,0.0,0.0,0.0,0.0,0.0,0.0,0.0,0.0,0.0,0.0,0.0,0.0,0.0,0.0,0.0,0.0,0.0,0.0,0.0,4,,,,,,,5,1,0.2,14.4,45,59.6,137,104.2,267,5,0,5,0,5,0,1,4.919921,1.7516476,0
31068973,Suppression of Conditional TDP-43 Transgene Expression Differentially Affects Early Cognitive and Social Phenotypes in TDP-43 Mice.,2019,0.25255149027172075,0.18756982721163148,-0.02665692221940146,-0.18538565198593385,-0.05868898530611572,0.07459542658721197,-0.03949317733751817,-0.08199734432952943,-0.3866505470146895,-0.048849836155032966,0.03137855149055427,-0.0011984642090517026,0.1756158364060502,-0.25795217490043476,0.18206896398407582,0.056521236105290106,0.030466998769344406,0.023661125663189345,0.07738469385634614,0.019650138994132777,0.010025789953559775,-0.04045698907479015,0.04498103348525723,0.021932033224285847,0.05641835047671008,0.15109335823286454,-0.07221348040656309,-0.08483036933430094,-0.016813928858296558,0.002952647186040714,-0.02147233802437891,-0.0010305401768825563,0.16409004398077873,0.08345162900650041,0.07814319381603917,0.08305381898123838,-0.015686158770985656,-0.06442939807128993,-0.04198218552602335,0.004252246472463096,0.075910172981274,0.04895938334942152,-0.03060528260686175,0.05804134600118341,0.04682631207999136,0.06677725113255722,0.015540144753347083,0.03332558740028446,-0.012819875874916987,0.02497222279349763,2,5.0,2.100483828648134,0.0052049814408765445,0.0,0.30166260778176485,17.0,3,3,1.0,6.666666666666667,16,23.666666666666668,63,28.666666666666668,76,1,0,7,209,5,4,1,8.542594,2.2571056,1
31057366,Relevance of ERK1/2 Post-retrieval Participation on Memory Processes: Insights in Their Particular Role on Reconsolidation and Persistence of Memories.,2019,0.214452144655224,0.3451933271856847,-0.113933918258168,0.3149968641396539,0.14890483710511118,-0.0005571865730149363,-0.06345317727506383,0.007496516941778141,0.04930399652456435,-0.12369537094214147,-0.09167653072666872,0.056608064044360834,0.07642508570337736,-0.028235422071699427,0.03780938893093173,-0.14413687793278204,-0.05993975705580757,0.003613581080282594,0.022913171142227705,-0.0323002935052243,-0.03387001219289499,-0.052764149456970735,-0.045027670836518326,0.08350678779092281,-0.0743918172927614,0.009729514301020132,-0.032715642681200856,-0.024262829332746608,0.03180141546712104,0.0469497483222993,-0.0552233577137404,-0.08310608655861774,-0.095499340032124,0.1030146472220537,-0.10258937422673024,-0.03136162111731255,0.07401551353370642,-0.1333319340630206,-0.04763685084322139,0.17974477773711348,-0.07006433167970819,0.03497406385948656,0.00830304105620519,-0.01687745939812435,0.007077297628626129,0.043103746899588825,0.03622099305233835,-0.060430926728413784,0.03717258714568941,-0.016337807143547486,1,12.0,3.8245739699968397,0.00784848797720015,0.017654808959156783,0.127193925379145,6.0,5,2,0.4,6.0,9,9.6,19,23.2,38,3,0,6,80,5,6,1,9.575217,4.3675423,1
31018904,Osmotic stress induces apoptosis in extravillous trophoblast cells. Role of TRPV-1.,2019,0.3028860652165866,-0.06345093395053855,0.2848600652016031,0.08773967646396524,-0.01192768897122063,0.038508899839827075,-0.028868140926800522,-0.06582395808849124,0.0025030052391684437,-0.1536761953587956,0.09221680053728207,-0.02342238270531941,0.0738667683120216,0.06236488425599589,-0.12145763036773041,-0.09183041586025158,0.007438443378757702,-0.05310964906857802,-0.04978159693462539,-0.05193866419482615,-0.13387259294038925,0.05222413577784063,0.010342443873632961,-0.02261678926192231,-0.024785498099453407,0.030650022636199935,-0.024807020955428874,0.09607313986553097,-0.03062718931422892,-0.10712173702431378,0.04647626913669922,0.09693118623550745,-0.07519265205831945,-0.04879709958615988,0.044522156735546325,-0.0427982589408253,0.16132746650362473,0.05691674738939514,0.0329938808116369,0.1523797954296793,0.11802602776657847,0.15125595230562944,-0.06641239959968472,0.042655351237710054,0.062218814508702494,0.11869381020294748,-0.03194653405647237,0.01818034326010836,0.0991214557093584,-0.09538370977420604,8,2.0,0.5672645881346188,0.0018057627159948275,0.0,0.0,11.0,6,4,0.6666666666666666,15.5,45,49.0,137,90.66666666666667,267,5,7,4,57,5,0,1,4.604314,2.2887151,0
30895594,Optostimulation of striatonigral terminals in substantia nigra induces dyskinesia that increases after L-DOPA in a mouse model of Parkinson's disease.,2019,0.17778950910203087,0.11471982178482357,-0.03758964863565317,-0.22982783676426466,-0.157818210814011,-0.10233281686962416,-0.03608926825703136,0.04200431095715246,0.2320466807571479,-0.08597700254868385,0.017970535524186173,0.0637314569969472,-0.11733489879164995,0.004788181923820797,-0.14687701396303302,-0.09951936812247776,-0.011803149894528258,0.10662848978663815,-0.021070732704580295,-0.012311582077459516,0.04613047554145396,-0.1629815507504738,-0.15047124323957492,0.17353647014986315,-0.12582365032057366,0.26324862327232135,0.00027568099086421917,-0.09811158770438036,0.1161918763042008,-0.05837436400360929,0.028418297723874972,0.19162060999834118,0.0021909320809696195,0.0550433104450672,0.05935138551588732,0.022583616344864166,-0.2636348992505042,-0.01637459936606978,0.019623662923512027,0.025690984196259956,-0.043488771159618064,0.119291105585265,0.07172889456626706,-0.0027031830548283854,-0.13417327846930782,-0.06464905551198633,0.14986299285226315,0.0071923325915104926,0.016478406717590145,-0.11982699315619426,2,3.0,1.310223575922774,0.00398730666321404,0.0031620553359683794,0.27494954295580726,2.0,7,4,0.5714285714285714,7.714285714285714,27,31.428571428571427,110,46.714285714285715,175,3,13,0,153,5,1,1,6.253106,1.6650198,0
30879772,Estradiol stimulates cell proliferation via classic estrogen receptor-alpha and G protein-coupled estrogen receptor-1 in human renal tubular epithelial cell primary cultures.,2019,0.22584180966332548,-0.12809978494333693,0.056016638452616535,0.09358019544087272,0.012678679816493886,-0.2495395450361005,0.020509858883833883,0.12761389581487004,-0.08007824714092654,-0.17698287021535014,0.2587777157326727,0.1584674115684863,-0.07125912024273635,0.15381359869700645,0.18258321830287585,0.06142491487683131,-0.1314120683409342,0.1146238422808842,-0.08986161908933599,0.16025071352881323,-0.052933943777033615,-0.31655468706908196,0.10890043766455007,-0.0907826375135889,0.07914066582669614,0.014430748858221983,0.20464338371910248,-0.013289699421560285,0.08401359580255327,0.024238387556482485,-0.035396143344340936,-0.03933963785199497,-0.046545746336963144,0.004682996753105913,0.13075882731253785,0.0294941915397423,0.042895093200014556,-0.030786539163511248,-0.026311064714173903,-0.03191432230923756,-0.08516372047506232,-0.0022534840754802683,-0.1568673651715634,0.00032199029952442726,-0.06642230760580696,0.09341391300675195,0.03787603361444442,-0.0983818517346641,0.03567304035552129,-0.05292101292106797,8,4.0,2.0142348524701377,0.0031744443231952538,0.0,0.508414278244432,18.0,8,4,0.5,6.25,12,15.375,25,36.0,62,5,10,4,92,5,5,1,3.1742952,5.410312,1
30842725,Kinase and Phosphatase Engagement Is Dissociated Between Memory Formation and Extinction.,2019,0.17806056467049838,0.27487001109565595,-0.0979623500554609,0.26781696618228673,0.0908232654205094,0.007033966361489598,-0.03681047752439797,0.0017406267877223608,0.06060298676066346,-0.055161976340298485,-0.054848557478156666,0.012209660306919196,0.08568775588015896,0.07672952557187976,0.10077728288076056,-0.08528558579656983,-0.0024936514886853573,-0.031017731426540567,0.12090420523757064,-0.012312842023935434,-0.015956809385440834,-0.08375495918069512,-0.01820063770168054,-0.013671013592521642,-0.07444730960528242,0.03587736301362431,-0.06770275250179086,-0.002848325682373476,-0.07877599461381027,-0.0026980546185226364,-0.08128811474712228,0.08450157011578366,-0.017432436234471306,0.04318514539313367,0.00107869742023463,-0.0005306762680595874,0.0527590057934576,0.009422104623285188,0.07919128059600256,-0.07487307289759387,0.1071542023945771,0.02665062867729554,0.0015760298175791752,-0.05295158020627844,-0.028099388486807726,-0.12643109229642924,0.05528281466640979,-0.04625220126977701,-0.015573393254536506,-0.12449444793159112,1,4.0,1.3747684949788617,0.003081390326443889,0.0,0.3397793823794102,6.0,2,2,1.0,5.0,6,15.0,18,16.0,20,2,0,6,139,5,19,2,9.214072,4.0787277,1
30826460,Sensitization-dependent nicotine place preference in the adult zebrafish.,2019,0.18867942484932548,0.11311052267047375,-0.006959092452903257,-0.05262923953446307,-0.00857669166076026,-0.025812313360986435,0.7488636536805099,-0.10206777671599208,0.04317471956068559,0.03494746823201802,0.09834339727194344,0.008963611843252854,-0.019219864929720647,-0.04366507151600201,-0.009210560521101205,-0.08650349862581075,0.05031430387195746,-0.008006983548379979,-0.002233549558962913,0.04833842062292267,0.034055416135573474,0.002475412025226272,-0.008888053956450443,0.019590917834734003,-0.00651201105818589,-0.03842029956557774,0.006370593576690634,-0.008391695821738649,0.0004589749203377357,-0.011109070326339935,0.03727903440158161,0.011772334341452423,-0.005968281644684542,0.021915698332972168,-0.01588271917217633,-3.0148253944074777e-05,0.055618861918761565,0.04977261830775111,-0.03912871175858229,0.011689784906335142,-0.0053934433213885455,-0.00589598701462783,-0.003864977195714294,-0.04789138444637621,0.04757230834244819,-0.020419922117344107,0.07368892424298688,0.044097033255637234,-0.05394107221863415,-0.03602636279651763,7,8.0,3.764444188473946,0.005811761140846239,0.002108036890645586,0.37426571365052336,4.0,4,4,1.0,8.75,13,13.75,27,28.5,47,2,12,7,128,5,26,1,8.306854,7.2705755,1
30747154,Early decrease in the podocalyxin to synaptopodin ratio in urinary Fabry podocytes.,2019,0.16688141058010764,-0.031795453663530183,-0.028911960738481797,-0.34563579667721417,0.6541989001123304,-0.1686696454736977,-0.08160701188239654,-0.1518338205365067,0.028685312366835518,-0.03539606782876736,-0.04535428604945107,0.006959932666467243,-0.013579840713026972,-0.048119126425113734,-0.05962822619979191,-0.09896136677707604,0.0653542025304963,-0.0024204193711563895,0.02214620234227503,0.008587392129107722,-0.0503517256582588,0.04189275528288489,0.01410383239419127,0.035676642864460914,-0.05161692000314687,-0.20331400160426064,0.09020384955912192,-0.0681422267659583,-0.007654837281072097,-0.15103836103504328,-0.1495264343234002,0.09165951268856243,0.042006152008811776,-0.12301770422080759,0.044563347539539076,-0.002739044883688181,-0.06570989269454447,0.006468537669790936,0.005989743802868235,0.045315067759602166,-0.06325693273544207,-0.04581117371414846,-0.0435167149530442,-0.009088665759636646,0.0255457666748674,0.03558711862985398,0.039824000418932415,-0.025749562092381478,0.022838395140658906,-0.02499030549610233,0,9.0,4.346441416235909,0.006191832237362704,7.528703180877094e-05,0.32337785155321525,13.0,15,2,0.13333333333333333,7.933333333333334,25,29.6,111,105.0,235,4,0,5,147,5,7,1,3.8007545,1.4082662,0
30746639,Changes in Dendritic Spine Density and Inhibitory Perisomatic Connectivity onto Medium Spiny Neurons in L-Dopa-Induced Dyskinesia.,2019,0.19613150588459324,0.10100629238987636,0.0548249095503562,-0.1002089960527812,-0.11017290924179221,-0.04796157114945657,-0.03798215438882028,0.0056193134095946845,0.021826555203189362,0.015443698452038294,0.007455555424212517,-0.0016855204631691517,-0.032753045506773035,0.041632742233075226,-0.0786414140252106,-0.05869900884912433,0.015909419705521195,0.07279772735413409,-0.03356825894389865,-0.02474181443522714,0.016267036516939684,-0.027090183721509675,-0.08326438865203277,-0.0969350422002522,0.013520242009985032,0.058817654957681986,0.0027188396587115183,-0.04675168832190774,0.05897700688475419,0.012811390808756984,-0.03555879607282518,0.00907033211123962,-0.04739255640405127,0.05899127026653716,-0.1461904845813848,0.07624731408360286,0.0008733222580163021,-0.05179257695918557,0.07456579927823213,0.06025233437088833,0.023547713116434086,-0.16902007832332233,-0.056012412890355114,0.0041953279409621845,-0.03148228775512986,0.02419573099218774,0.10863886367966613,-0.12520560732688088,-0.13415738872208854,-0.03895917250803014,2,1.0,0.2932838804303774,0.0016023497482394041,0.0,0.0,2.0,9,4,0.4444444444444444,8.555555555555555,27,38.22222222222222,110,55.77777777777778,175,8,17,5,136,5,1,2,6.0674915,2.8032928,0
30732602,Shiga toxin 2 from enterohemorrhagic Escherichia coli induces reactive glial cells and neurovascular disarrangements including edema and lipid peroxidation in the murine brain hippocampus.,2019,0.2830187352752286,-0.13063173739082362,-0.17170713310781383,-0.016616072407275737,-0.016746825274068865,0.032965794942566226,-0.018560078491231046,0.017967082323075038,-0.04771291125571539,-0.010783035330565936,-0.011392794788796118,-0.014605962660399131,-0.15171838000429033,-0.07751412531771404,-0.035073533110039745,-0.009015047779696679,-0.1851292343957465,-0.346261575764486,-0.07909041194911356,0.05010963705104162,0.041075855997301416,0.050130666124466074,-0.05891597650815615,0.09860548166519814,-0.14948506025517028,-0.0643057378804563,0.16563392309896105,-0.01380801312781594,0.02999924806014966,0.025715177427132262,0.07947504757284979,-0.06029771900162886,0.03627008088082217,0.012446502174856027,0.08783934956520685,-0.049215313441446036,0.03845679436107795,-0.014675253094252423,-0.06299063909457912,-0.07585627942944724,0.08986048095663762,-0.011071678194907645,0.09947302600767755,0.015504002426287338,-0.0007153889900011925,-0.05394624912137307,0.07190818837579378,0.06937704335858698,0.07617926530644836,-0.0016696576146454174,5,5.0,1.594653896420798,0.0035753289133796627,0.0031996988518727646,0.06932562057504675,19.0,8,4,0.5,4.375,10,17.875,38,29.0,61,5,10,5,206,5,6,1,5.902267,4.5072384,1
30658119,Changes in motor function and brain cortex mitochondrial active oxygen species production in aged mice.,2019,0.23797698930267858,0.14072568470309146,-0.0045117006016881425,-0.14923912039662912,-0.06186389899470147,0.04005676016682867,-0.026612570953659664,0.01678109669751676,-0.16970973177362444,0.01997579200485916,0.05646573013696346,-0.004885748255196774,0.023436798147833067,-0.1248568047508717,-0.13357383120746785,0.09107599495073208,-0.08760225689893306,0.04429519960005125,0.14216626731191212,0.009730508595136855,-0.07119643183665111,-0.007177952089972127,-0.012113939315249943,0.06622451205005551,0.0695974293081969,-0.214768486387486,0.005509618489875419,-0.0789687362840548,-0.020546311606404702,0.09485655603451715,0.11795236210515132,0.12823048062276465,-0.2690134475931072,0.012454192234667677,-0.08569755939081972,0.05683658289679111,0.012313715229437534,0.06678375977544922,-0.03408555341376791,-0.08710491016450221,0.025654275760820362,-0.16100413929555976,-0.0797014276937572,-0.0949893170557029,-0.18843345504977252,-0.0713303578122792,0.011217555326277832,-0.14366928088812275,0.046862502963751086,0.052646843515708926,2,1.0,0.4387306156491956,0.004310344827586207,0.0,0.0,10.0,5,1,0.2,2.6,4,7.8,13,12.0,18,4,10,6,99,5,8,1,6.767856,3.4623978,1
30628061,Selective Cre-mediated gene deletion identifies connexin 43 as the main connexin channel supporting olfactory ensheathing cell networks.,2019,0.1500880543876081,0.043694034663846776,0.046042434505381605,-0.06061084626126305,-0.07309029363800891,-0.022854902068895948,-0.03325342284934231,-0.011468375235180444,-0.024710464469056635,0.04966635905307213,-0.039595747168461606,-0.07967221102395558,-0.026814557937201815,0.06658820424904899,0.058259636106782864,0.016213379379668325,0.056818067172101756,0.008725019416550905,0.0919548230350814,-0.06793492866715056,-0.24110012047633006,0.03964567662463264,-0.16028656903404542,-0.01346526331978484,0.04385159041046473,-0.13577960417609647,0.06711200185502157,0.1942428772799787,-0.14105053069046541,0.3617728963063904,-0.04530314928259284,0.18344628286158926,0.2147946771979864,0.18076540701522928,0.1102313844859922,-0.05295713560060648,0.0007435326589987299,0.0967121790205829,-0.013193216412446331,0.15254833375699595,-0.20508601158332326,0.06409439776890452,0.018440673126751572,-0.13097011272500048,0.09312388529909595,-0.05935333795062457,0.11743635152718238,-0.007917115367085212,0.009791241312520163,0.0019911171033376316,4,2.0,0.8754679996851356,0.006279854985470293,3.764351590438547e-05,0.0,14.0,6,5,0.8333333333333334,7.166666666666667,21,22.833333333333332,65,40.166666666666664,127,4,19,15,119,5,1,2,7.575465,4.587051,1
30620717,Cytotoxic effects of Shiga toxin-2 on human extravillous trophoblast cell lines.,2019,0.35550017550931895,-0.17411881011404648,0.10778358970942427,0.10758673924588477,-0.020668275230912216,0.004284289887244415,-0.017473976285225682,-0.002310042415912214,0.0017907241599198925,-0.2182931445910472,0.06475292418109733,-0.2314560798510504,-0.07748624532586408,-0.05981910665964134,-0.02737604926761071,0.05842398117537621,0.27608487614863736,-0.20428226515194772,-0.030662190724690043,-0.048691041174685035,0.10708657833231787,-0.022950978119541037,-0.03753612256960678,-0.03561782652411952,-0.09020122981579791,-0.0020742307296979425,0.015337920647370516,-0.009172993128115533,0.0895013141811661,0.03762845334164364,0.025770084793592316,0.10036730263933298,-0.03747370245020126,0.014798404458811714,0.0850657429095739,-0.07769290460831205,0.0379350872666055,0.006888907707745297,-0.07474224573171856,-0.02602404850239563,0.03720379807822188,-0.07364929445342137,-0.031233303096917357,0.05924401503555733,-0.02639111289791209,-0.03666772720857037,-0.03854220714009816,-0.02786011617000184,-0.020584556363694165,-0.00806782473535373,8,5.0,1.8381632847814746,0.0035231082340397885,0.04524750611707133,0.16953960779928667,11.0,6,6,1.0,23.833333333333332,45,93.5,137,171.16666666666666,267,3,9,0,138,5,2,2,4.3753343,3.9240568,0
30619183,Relevance of Bacteriophage 933W in the Development of Hemolytic Uremic Syndrome (HUS).,2018,0.39337479796128894,-0.26222538474004287,-0.28272618954998907,-0.005200799898662328,-0.09822094190501685,0.09867591673988117,-0.0028190885142204396,-0.09912585278373273,-0.025161083389842923,-0.00104185840834543,-0.11016261017638328,-0.06116794996278833,0.07087472289339476,-0.05423510356220196,-0.02906284476495944,-0.05937311519166782,-0.02891695585655176,0.0639236935881117,0.11024039960529969,-0.06980334139236925,-0.037937532728291236,0.0014695535233274076,0.030053952866401716,0.02512108386465701,0.14161679282338124,0.022028614707820766,0.19413402550501443,0.0019080113367174736,-0.09886761729507929,-0.01932423759749509,-0.017814202543435513,0.06004579903654592,-0.04544098543508523,0.03899380025055143,-0.05759255738423131,-0.057891227304477294,0.021863543902002385,0.02067046756229723,0.04648409090876415,0.043939887960292766,0.013054321299954664,0.02884229941663726,0.04283968755688408,-0.030609635431938786,0.024039102578011513,-0.06255578665846656,-0.05796630603980128,0.006041767862409699,-0.023848790431422576,0.008022538258451265,6,14.0,4.469311405092947,0.006613448552789008,0.00026350461133069827,0.18302397179329513,18.0,10,4,0.4,6.6,25,34.5,111,55.4,235,5,0,5,113,4,6,3,4.2186084,5.114831,0
30564135,Crosstalk Between Nitric Oxide and Endocannabinoid Signaling Pathways in Normal and Pathological Placentation.,2018,0.27706264306634043,0.017454937961314497,0.13201091830633546,0.003965363275591807,0.06270666246004683,0.2818187134155873,-0.02360015762146015,0.04144204096316099,0.13867598290586985,0.0023003596492961876,0.008147413750429244,-0.09001742655832069,-0.023119084889984147,0.12221039050892506,0.12019275909330582,-0.03298902539672424,0.00022525371474128994,0.01537691488156152,0.02156013707755559,0.13334888635486497,-0.0668969114081888,-0.020028307182171422,-0.07576034802625596,0.07109579636170685,0.08511974175871036,-0.049835506703715324,-0.02888288285632188,-0.045502460089276026,0.10036225870533588,0.1372853977958137,-0.047949506156271,-0.14120819001721577,-0.047508058409266134,-0.04003959929500833,-0.009511934120323315,0.08128210649687184,-0.07302278712254757,0.12793440608078452,-0.0361664989471394,-0.0638781291748971,-0.038223852015618724,0.06132017519884489,0.011836668709966384,0.026260710355527232,-0.0246048722831434,0.036508842339536024,-0.04900699836126799,0.043358060480541125,-0.13452616096360784,0.10634628032872126,3,,,,,,,6,1,0.16666666666666666,5.666666666666667,13,20.5,42,33.0,70,5,0,6,144,4,0,1,7.3994694,4.157915,1
30539720,Oxygen regulation of aquaporin-4 in human placenta.,2018,0.27553039368023435,-0.019774574153816057,0.2832320577636284,0.00019133411138530965,0.07689771146201564,0.2565411124677424,0.015913633185317938,-0.026915068685133284,-0.03591776781048265,-0.15739085625810542,0.09105517762912783,0.0826721955317784,0.0560002492130529,-0.006163431958456448,-0.18091592454514474,-0.053906716760942046,-0.18911029997425144,0.009806481370440222,0.05064629792048781,-0.27003888799965226,0.0026298187413394637,0.034874062138051776,0.08594441519475333,-0.2078407077853593,0.08339394091691792,0.010832197276296375,0.010717430686945391,-0.18910514193068118,0.080950754527918,0.08819747174414763,-0.05156680145547767,-0.014952123579279813,-0.029646119688305238,-0.055464276450264305,0.11790100304573062,0.01652297419197457,0.009066396003462582,-0.09368283078427073,-0.05457427774277976,-0.09348067406546726,-0.06410057558234762,0.003951887152505629,0.09139427787941806,-0.06187589314058115,0.03468000146530897,-0.07563042105073405,0.01517012223301245,-0.008822719134874,-0.010022431796655344,0.0030075324877822545,3,7.0,2.479811386448738,0.0062777059382858325,0.015057406361754186,0.1507895302460564,11.0,7,5,0.7142857142857143,11.428571428571429,45,38.714285714285715,137,67.71428571428571,267,5,14,5,137,4,0,1,4.7193885,3.146506,0
30513821,Human Recombinant Fab Fragment Neutralizes Shiga Toxin Type 2 Cytotoxic Effects in vitro and in vivo.,2018,0.40613714194892137,-0.3703772336428831,-0.3015157844856698,0.08849899481989856,-0.11075260509284475,-0.043600700449034475,0.001203807430070944,-0.08614939838115178,-0.010189866538263825,-0.07089623089158978,0.06282027981287922,0.027725849579119482,0.0634303725530927,-0.012170164696751477,-0.015979535076654165,0.00030637624771070234,0.051069555399125825,0.01049899167668793,0.026381117281559258,-0.03200912099880672,-0.04906904752054411,-0.010414302935063268,-0.0042699883710798575,0.02929363977381232,-0.0283079500926897,0.06892314046161103,-0.005827308143673918,0.03862343820351676,-0.026224056120195825,-0.06608682693120221,0.030451840909936946,-0.06351678373559273,0.03705718405761176,-0.07162824877025373,0.006384704676792245,-0.09766111658915237,0.03185039645937225,0.08141108128857924,-0.061655687571412654,0.11350198864872507,0.0449308533930071,-0.09781501917816522,-0.14241644375799314,0.079148403528282,-0.06780758073241668,-0.16087767443386394,0.005806076965168456,0.006707619191605322,-0.11416468015696403,0.08042364828093612,5,22.0,7.13030197497971,0.01015729236783244,0.056766421983813285,0.10432575432017102,18.0,9,3,0.3333333333333333,11.666666666666666,32,55.44444444444444,126,98.11111111111111,241,9,12,5,91,4,2,1,4.0073647,5.3468475,0
30466042,Calcium interactions with Cx26 hemmichannel: Spatial association between MD simulations biding sites and variant pathogenicity.,2018,0.14989883394971212,0.03470100386305365,0.04179395169979767,-0.014511765289088051,-0.0012256184024601255,0.012515422573928254,0.005214641817424335,-0.03949098599777763,-0.023924600663341615,0.09388899243801575,-0.007009942462425379,-0.03370113407557776,0.040178306055706416,0.08206142299283824,0.025033375476626693,0.09243930475332607,-0.0183371012248965,0.05985664877367074,0.006492598750220428,-0.05857181069056553,-0.011210046826847333,-0.014390724625549302,-0.015279619499272694,0.013671797642925209,0.08559768975998755,-0.06404170312107957,0.019735191857435382,0.05499915082034429,-0.010829270166301655,0.08022341748131591,0.06337826006237701,0.07762569051351964,0.08628090134243314,0.05398857701018797,-0.004993773240670384,0.1535510617927122,0.033553986085141776,-0.21079295070538273,-0.05703760918153457,0.0002697073752352744,0.05499524151195687,0.030049403329645695,0.12773938638458993,-0.04439687053392874,0.050994242450608414,-0.10391600161116726,-0.0943697746177246,0.05020564445066729,-0.04852216330776305,0.0042891377827202785,4,,,,,,,6,1,0.16666666666666666,1.6666666666666667,5,6.833333333333333,16,7.333333333333333,19,3,9,4,128,4,27,1,7.9995794,3.6262233,1
30458250,Purinergic signaling in the retina: From development to disease.,2019,0.20592221002303499,-0.045291428176242675,0.13956490569297586,0.05361475992760776,-0.0603310964302133,-0.13289259916075657,0.022084870731587113,-0.03288256041005244,0.02765114493514124,0.008346175924856588,-0.1313880511669251,-0.13070649855161737,-0.08851935929313569,0.008138139786516715,0.08393348920903172,-0.15902192163420595,-0.10847565540730819,0.07478074132846584,0.0022776220720455115,0.10655106615912234,0.08795249429104646,0.07257127657028979,0.0858291762792756,0.04350830979666791,0.10583404276907374,0.0060445639262807415,-0.041939956656352195,-0.07762255864177171,-0.00965999579433934,0.04994434847303849,-0.08644133039822972,0.05725766654673815,0.014264412825250733,-0.028406038647010384,-0.06891057331343126,-0.08006770497154199,-0.008093972317848848,0.014713369158055897,-0.012689039861061999,-0.04906834901654532,-0.022752461650827616,0.10264411004942367,-0.03996871595579047,0.07224495527845984,-0.015185923420896625,0.031366713186646716,-0.06565863548834157,0.058990297304327866,0.006384471282437904,-0.0015805633120296201,8,,,,,,,4,1,0.25,4.0,13,9.0,27,14.0,47,4,12,6,108,5,26,1,7.2130246,4.5620165,1
30425647,New Insights Into the Role of Placental Aquaporins and the Pathogenesis of Preeclampsia.,2018,0.3251304400615871,-0.06852669525100619,0.34716669123534216,0.07185130716300146,0.057119781513526445,0.30674005679579863,-0.04889864452508109,-0.026940157131852393,0.05325100855852327,-0.1847481297529422,0.083453847720024,-0.07497108151861212,0.030415309159759235,0.023638004870419865,-0.05986431996469533,-0.011683838990425098,0.08423646421852835,-0.08625388045503704,-0.10528010299169183,0.0530628047918871,0.11917797958089599,0.09715012342368753,0.10261664849170588,0.015184814555068453,0.0196794815334146,0.01118028880921492,0.01729540989395643,-0.05678340837824374,0.059882976824484874,0.04052800990465489,-0.05518361322545928,0.023669152217818616,-0.0642998900638179,0.06900009608595342,-0.05449955609202871,-0.06596328692054046,-0.014408255828473033,-0.04283857986365173,0.04995249118187674,-0.04645813990152872,0.030687930718162677,0.06795415057161931,0.03363855048601317,-0.23949273427307585,-0.03416319745442161,-0.02694119737339981,0.037985177706373364,0.03351293983456838,-0.022257291504056295,0.009432022696136091,3,12.0,3.8337764323452705,0.00878718792877887,0.20481837003576134,0.06350346607548144,11.0,8,8,1.0,11.75,45,41.0,137,71.25,267,2,0,6,134,4,0,1,4.601454,3.5008101,0
30360505,Shiga Toxin-Producing Escherichia coli Infections during Pregnancy.,2018,0.33635236897232695,-0.35104672770974893,-0.36381088241726295,0.06155961405905716,-0.047792122251238515,0.24176579462472428,-0.028049166972043856,-0.0062055990605431825,0.07906340810382065,0.0751388217044825,-0.10070506246775544,-0.05084289341536974,-0.08986587618494225,-0.0663813419273361,0.05946727038201615,-0.05220987451527317,0.11723772572341802,0.07998112096661832,0.04822238701245469,-0.0969448285283712,0.04319338279316309,0.0015199947636005795,0.04633663391696919,0.013427949110034615,0.05321543651727606,0.05642753951007661,0.05157477147110286,-0.017180480942917572,-0.007591770532853141,-0.06721165318649673,0.025756787757650848,0.014428186983306897,-0.044330779636597616,-0.0448631721133564,0.02015893560533756,0.1278405358179783,0.1032540221640202,-0.041303080847832824,0.05400398868401099,0.046067664678222715,-0.06470604145955507,0.046283345693971904,-0.013366520946659615,-0.09660939456854974,0.011481663148532575,-0.06183918200765064,-0.004989579254207608,-0.04988066905042857,-0.004930907482773285,-0.04079648811895116,6,18.0,6.187011215823556,0.00938986023614493,0.08304159608507435,0.14239809330928033,18.0,6,4,0.6666666666666666,15.0,32,63.833333333333336,126,115.5,241,6,0,4,104,4,2,1,4.280766,5.0702734,0
30300837,Obesity alters the uterine environment before pregnancy.,2018,0.17957253007511173,-0.012893474885798676,0.04433063338484155,-0.02579602950381868,0.026101215511267015,0.1208070374521028,0.051075981417781274,0.20559272510496052,0.003930919253372489,0.025675298448133523,-0.0507507154942678,-0.051940676032159315,-0.14348654911913852,-0.06589686698447167,0.08888432032292022,0.018076021033523276,-0.04075074131692077,-0.042108487264752165,0.05500753848591538,-0.09983613329053026,-0.02269292750677139,-0.07190521371247237,-0.027924933598876957,-0.02226749481220525,0.042367053869713664,0.0031674208403359204,-0.09489450146153741,-0.006342006393250496,0.046015579743455756,-0.05165964027753622,0.02594415826449069,0.08897668094079966,0.01442674457982041,-0.08002044108272309,0.023082709931853698,0.024252792117103305,-0.007247859675555783,-0.08360690583891128,0.003375814415394692,0.10339277103779068,0.09609032032864567,0.08497006832647278,-0.08849697052970544,0.043235834649318405,0.0952220016423862,0.12925217154755012,0.06838058439034117,-0.07512308517694734,-0.11283346930589608,0.02069076883316049,4,,,,,,,5,5,1.0,2.4,8,11.6,42,13.8,53,5,18,6,144,4,0,1,7.55054,3.960215,1
30283405,Hypothalamic Proopiomelanocortin Is Necessary for Normal Glucose Homeostasis in Female Mice.,2018,0.11521282238073215,0.062344136593831784,0.055287802617363456,-0.08992070599059787,-0.043961610893176475,0.03526200807262869,-0.013544871241899663,0.0325619353391091,-0.07869153663824469,-0.05003090765026004,-0.12178209459086649,0.12223806865557388,-0.007317915225296308,0.05914900331896093,-0.0845243398259681,-0.06999182552245514,-0.00831675087800286,0.010103592430117717,0.1401230944257702,0.06631286178665938,0.21488176076562163,-0.203838600892352,-0.18101380011833673,0.08877566581076406,0.16599233783614686,-0.08847426166859945,0.05860652548912024,-0.031333431070367124,-0.21147276359735584,0.05236311671002767,0.10607411796021457,-0.11675119351346452,-0.005416442032998378,-0.3006285554636251,-0.07364632920496345,-0.12560602542892427,0.07516961143617411,-0.09149658781548592,0.10464785704828138,0.11967191419040378,0.023653622208470084,-0.013422986812609752,0.11409748209433351,0.11629933749880769,-0.03675710529935314,0.16563975729573666,0.028713677627890476,0.09755197850187744,-0.06650351620712477,-0.023270495196653595,4,1.0,0.6544421862640512,0.0033211856238846674,0.0,0.0,9.0,3,3,1.0,2.3333333333333335,3,9.666666666666666,17,11.666666666666666,19,2,0,6,151,4,9,1,7.877665,4.161496,1
30274180,Recent Advances in Shiga Toxin-Producing Escherichia coli Research in Latin America.,2018,0.21929915465472152,-0.1324219168763721,-0.2176602662940823,-0.0006959489821645752,-0.002000643250756932,0.19570317431699344,-0.03383045835657499,-0.06658391868978925,0.07397772403799995,0.12658937503687775,-0.07295665097793765,-0.09672191847624827,0.01639293885207562,0.1090310019262044,0.08970248956675055,0.026345117095704446,0.09341337850529029,0.23045461218088642,0.0422215731011545,0.002808159524175746,-0.03457921046881584,-0.02215146580937861,-0.011401320999831087,0.020425983971760833,-0.06513762743486866,0.029663483890282838,0.15658788334009077,-0.04744143837633255,-0.08097181779167466,-0.09259435884889729,0.019665573505541725,0.04007733756966453,-0.18188230247757434,0.05391419499656596,-0.015249035099815782,-0.13370100869690366,0.049914401377811564,-0.17633461196450984,-0.02482157238999554,-0.17397765709523785,-0.14463319873122996,-0.06149276345268174,0.0028716802931871895,-0.01571747313299733,0.008063089775838849,0.10592748890661993,-0.11452073598152383,0.10318812472527408,0.014136957263650364,0.030044391239977247,6,6.0,1.734652088952206,0.003811430310231851,0.007566346696781479,0.11792957789312336,18.0,7,2,0.2857142857142857,6.285714285714286,27,28.142857142857142,114,46.142857142857146,213,7,0,9,128,4,2,2,5.790788,2.9979563,0
30204500,Trophoblast VIP deficiency entails immune homeostasis loss and adverse pregnancy outcome in mice.,2019,0.29396369928240534,-0.04861104008339668,0.22228181633336974,-0.03588308977182873,0.029350205266457007,0.3041890892180299,-0.03802359910840498,0.09998422241964589,0.023259378629476524,-0.08776445054091413,-0.030467309699747806,-0.12639994375699395,-0.15303528764831603,-0.043608812607101144,0.07722913398616686,-0.022367679533355916,0.14061128877731854,-0.05487500510063577,0.08343099816545335,0.01421470789855451,-0.08465338662246513,0.0009504225297178295,-0.10582533134054874,0.01234228953914773,0.07899956050073789,-0.02938282532277796,-0.013755483352711276,-0.031744356484544586,0.03230988343607066,0.002535359795471463,-0.03132191988045149,-0.0577833198530926,0.03347411601597092,-0.06785598323603544,-0.03355960502242051,-0.020593809957928182,0.03508260357211876,0.000955480889393092,0.05587182970263696,0.003086503297845352,0.009759207712636291,0.09790099790889706,0.07517351045714267,-0.13681060722622213,-0.07357328896821583,0.023213383659505288,0.0546048661265892,-0.1210153463599117,0.07847528772949758,0.03137792937452336,3,5.0,1.4739859983330001,0.003497740773646609,0.02706568793525315,0.06927998983471992,18.0,11,2,0.18181818181818182,3.5454545454545454,25,22.181818181818183,111,33.72727272727273,235,4,16,3,149,5,7,1,5.2044654,3.4610283,0
30139698,Podocyturia in paediatric patients with Fabry disease.,2019,0.1488004492090248,-0.008879111863686456,-0.041678287485085154,-0.24854713469708262,0.4400131713817513,-0.08211542345328982,-0.06252194109462364,-0.07321469676024399,0.019644659365113875,0.03636633891003266,-0.036589745474168336,-0.003261339868465188,0.01415697431260823,0.005304770098320138,0.0037315619875994245,0.008503155295776221,0.026840658242705588,0.027613070888395565,0.003216002832313551,0.002437614092314426,0.02018819605071075,0.013015353375735346,-0.009818852744296542,0.02246885942197118,-0.03235710057189084,-0.10920611786369906,0.07691486519738695,0.016994830641955075,0.04193903144126959,-0.013662850454916184,-0.10371343524090204,0.028413560518987788,-0.02619779465357534,-0.02856703578455031,0.0065590765090546635,-0.03558016013661216,0.020491339056250966,0.00743048702339961,-0.04320861617347366,-0.025469334360400914,-0.053672759913395734,0.08397512486941315,-0.05509329733433328,0.0717860084434262,0.07205532548222968,0.04790376447622503,0.029486789341607332,-0.03602375679808179,-0.054665474322635785,-0.032808455525999605,0,7.0,2.364854053006029,0.0036088166393520634,0.0,0.3144972491280219,13.0,9,3,0.3333333333333333,5.0,25,25.77777777777778,111,45.44444444444444,235,4,16,9,160,5,7,1,3.8642914,1.6645987,0
30102439,"Characterization of proliferative, glial and angiogenic responses after a CoCl2 -induced injury of photoreceptor cells in the adult zebrafish retina.",2018,0.2381260074640028,-0.07282897321597222,0.033829464333654094,-0.006550419280299971,-0.006897400013793081,-0.058591744190741285,0.17057943303415365,0.04267423913848249,0.010543712821709156,0.008737223888533917,-0.07268439060564033,-0.14299133851310536,-0.1741220458539265,-0.03747730794019451,0.08824696817278219,-0.07358686121211105,-0.2072708555748687,-0.1028513407868957,0.05469172147986828,-0.010314341137434787,-0.013290549412738745,0.06434347371533258,0.07566763475765856,-0.01101604677954821,0.11819342319682812,0.11521873433045882,0.05634840320105075,-0.09907197236424597,-0.19549284330091188,0.09746648277302487,-0.15523132146935123,-0.002610085049416448,0.020651968763671986,0.1227984171323452,-0.19561424483093204,-0.1291917055243691,-0.20301155574303031,0.1258881491422218,0.0026536654017143466,-0.035551464338045534,0.020907788325688313,-0.08904783018532496,0.025739433381460907,0.11982854211747093,-0.01312620598218175,0.04653987053350614,0.06273865962747532,0.021025839656305265,0.0058397967955650665,-0.00012034789090635892,8,2.0,0.6561352062590848,0.0020549715835862944,0.0,0.3915381841029506,16.0,6,6,1.0,5.333333333333333,13,11.333333333333334,27,19.333333333333332,47,2,11,5,153,4,26,1,7.1005096,5.0482044,1
29807709,"Efficacy of a recombinant Intimin, EspB and Shiga toxin 2B vaccine in calves experimentally challenged with Escherichia coli O157:H7.",2018,0.21561437509805387,-0.13815121228865465,-0.1798901640944182,-0.010050799025975695,0.0013968887359504737,0.06886238472710535,0.01515880073900985,-0.05429762454596704,0.03065063610386425,0.026707395888584784,-0.05637325922610059,-0.01839125229786238,0.034367256475889785,-0.03182512292972209,-0.12389166710597072,0.017059082113602214,0.02770267670302042,0.02997405263177215,0.0702866404612116,-0.06445566047956962,0.03543677797769018,-0.06239503177243116,0.0006387192402178333,0.0010876890068549961,-0.0011789313845764248,0.09826815212254797,0.053536237761802836,0.0712701653683819,0.06639365877244016,-0.0026004354916393923,-0.005789322369131933,0.01198762408557801,-0.017744671787658053,-0.058470027739068314,-0.06628587934129161,-0.04739850493984009,-0.041493467401848325,-0.003448965888257885,-0.025723033308002224,0.035125501471945084,0.024560651149325194,-0.005798793430536319,-0.12759155451897186,-0.033241604011929125,-0.025151677458275706,-0.04192711604635362,-0.013343556105637155,-0.016998420719550954,-0.049083524949938825,0.07716231174761568,6,1.0,0.2731596597678598,0.0010174086435723259,0.0,0.0,18.0,10,2,0.2,6.4,32,33.5,126,54.0,241,5,21,6,154,4,2,1,5.393141,3.6896691,0
29790838,Release of taurine and glutamate contributes to cell volume regulation in human retinal Müller cells: differences in modulation by calcium.,2018,0.2396682945151758,-0.058873928128921255,0.27721716883201025,0.11177411419111749,-0.07631887424701077,-0.2490624965120469,-0.05736898102742306,-0.13769524668526595,0.017951056564751475,0.21956844831782957,-0.20106535987325783,-0.050744230879404745,-0.08996836355400736,-0.08867057693377706,0.10417758226817261,-0.04684154796422919,-0.10330311912914758,0.17020660961158676,0.04921382721132861,-0.011058258307138929,0.11510312308053196,0.05693789174857646,0.11071735760623493,0.0159540591350901,-0.14221430348402964,-0.13828920866296646,-0.11952044346176424,-0.032517842317561635,0.07252363113215447,0.05615624589248237,0.1277536123202565,-0.013649543297331774,-0.023106526771879077,-0.1203420018249807,0.08979099853091055,-0.09634307250032527,-0.047310475409232715,-0.10818372021082986,-0.04208658435747917,0.03244729104230086,0.10423229401595181,0.11257017015965505,-0.13435577208640292,-0.10294791064094069,-0.14501720080741287,-0.0733784057196934,0.025527056412384102,0.07751928592464208,0.0894142433988381,0.15695403301905586,8,6.0,2.569264232267332,0.00544226153198713,0.007566346696781479,0.2823296842173178,16.0,7,6,0.8571428571428571,7.142857142857143,21,23.714285714285715,65,44.57142857142857,127,4,17,5,202,4,3,1,6.3534694,5.388142,0
29774754,Effect of di(2-ethylhexyl) phthalate on the neuroendocrine regulation of reproduction in adult male rats and its relationship to anxiogenic behavior: Participation of GABAergic system.,2019,0.20700876520945502,0.05432789018937531,-0.02232764888265831,-0.07456420958104436,-0.008324347640753854,-0.014340940445516651,0.035598879470284214,0.09793029349904235,-0.05345751612469102,-0.009449097178613915,-0.05498530770395233,0.043581319894084376,-0.07880948671781075,-0.028758149975114347,-0.049307956402931785,0.16051027015479516,-0.0798935119781291,-0.06008638441750634,0.12172467955081842,0.04572721911180446,0.07589365057906879,0.017290348884027085,-0.03901199465387666,-0.055591112418579024,-0.01313264745541683,0.011619996965218487,-0.048151759066729534,0.15377834882770325,0.14935928798712955,0.060718987767685514,-0.0271978026549098,0.025017416793716066,-0.17829239163241078,-0.013162407484188236,-0.003802264076136517,0.034445582336748624,-0.06212337636057631,-0.13616030347924118,0.0053627373639815335,0.03597133460839204,-0.0358560756637561,-0.07010979090814443,-0.12070736570562382,0.11367579761785469,-0.0009458529600703761,-0.007705566606158327,-0.03819558354489118,-0.01683346702187867,-0.17883339297630585,-0.03307072101127708,4,,,,,,,7,2,0.2857142857142857,1.5714285714285714,4,7.285714285714286,13,8.142857142857142,18,3,17,6,142,5,8,1,7.129649,4.044878,1
29758221,Inhibition of striatal cholinergic interneuron activity by the Kv7 opener retigabine and the nonsteroidal anti-inflammatory drug diclofenac.,2018,0.189994944592272,0.17250591093797893,-0.03740112385087587,-0.23322417640844792,-0.17060495065331352,-0.11093015293588838,-0.05517591773522287,0.04689976982302945,0.46066986974361435,0.002518093842271635,0.14518178470467116,-0.014258260414677721,0.14217556715331411,-0.0983692281730218,0.11663688190490698,0.11572849930964345,0.014859871575722843,-0.06813372314373917,0.051725566397735255,-0.09257108808284582,0.06790644510764404,0.06495095678524054,0.07907154779343903,-0.029445196690172693,0.050447715695163445,-0.12258301566087842,0.02162053978846114,0.004677581917625006,-0.05793817250594681,0.026062005854772953,-0.023859745146658375,-0.10329790418570267,0.10944700295024784,-0.02185350576506104,0.004917028453565618,0.06429761559827431,0.039280266053171455,-0.10926092837328591,-0.07158959704600625,-0.019445033206737936,-0.02579838480462948,-0.141965039755254,-0.17895357552321178,-0.051969424606146744,0.10906410589553375,-0.007527813027772696,0.0002309377357098792,0.07163355767320133,0.010992776696472188,-0.10180118429460998,2,3.0,1.56358591830677,0.00398108525215052,0.0,0.4809616375463574,2.0,7,6,0.8571428571428571,9.142857142857142,27,32.285714285714285,110,54.42857142857143,175,3,15,6,132,4,1,1,6.2034636,1.1387697,0
29755331,"Immediate Early Genes, Memory and Psychiatric Disorders: Focus on c-Fos, Egr1 and Arc.",2018,0.2646397883884393,0.33118135634207896,-0.08209263833090533,0.18941151031191913,0.06908175365980161,0.08094718649641021,-0.05645434554817906,-0.010561872832884586,-0.046333061745899205,0.015727987527800084,0.017637167606661973,-0.012168116829076632,0.06512754898574967,0.0378256254697857,0.07507086753375268,-0.15047936915525026,-0.008088295847456281,-0.008163985055141067,0.10473123112514843,0.01729107471330374,-0.0006333608965079535,-0.019443273369027177,0.02379212741502486,-0.10561756680339632,-0.1037649868037517,-0.019483668683453293,0.015014965645519579,0.018727308896720654,-0.15843835318953678,0.015740943752226746,-0.028783780535648788,0.11234936139882273,-0.03311647511001584,0.03168972159339073,0.036314250837736865,0.02976552394676961,0.053686714681792695,0.05124240373925902,0.010551081074493039,-0.1321770317666646,-0.08691409143761483,0.0855537186378098,-0.040642228665639483,0.008594165944127773,0.12713386009552144,-0.121038658588751,0.023251215861535102,0.0013137277030927292,0.0202913550236912,0.05393787698700385,1,6.0,1.7128241894288043,0.003927904827838178,0.0007905138339920949,0.18341994696032426,6.0,5,3,0.6,5.6,9,17.8,28,30.8,50,3,0,7,84,4,17,1,9.163026,4.2559323,1
29717980,5-HT2a receptor in mPFC influences context-guided reconsolidation of object memory in perirhinal cortex.,2018,0.15990217629598946,0.31508632486110066,-0.13406671452703567,0.29593168601969905,0.13793098998541137,-0.02644296698271401,-0.0026689965644544327,0.07386833538979741,0.051981842592447584,-0.19219243504434338,-0.2586964841476015,0.1219632834313584,-0.07918421685146398,-0.16323615866627805,-0.054281135092565796,0.20927037104136004,0.015012161680307603,0.12181173576322765,-0.28784564961132625,-0.11049493195994861,-0.10984336508522566,0.03996455749679925,0.06118316959380733,0.1071968693462291,0.04332929821833571,-0.02949403444380655,0.014921341459652583,-0.07204718494380838,-0.03812961118090835,0.05316007038764187,0.03476251806891852,-0.04828737419333636,0.027424141844346737,0.023842865496864495,-0.04388764893158115,-0.07925962790438734,0.006160836351046901,-0.033401807048173394,0.008502778114908124,0.0989742654960582,-0.08424529815011098,-0.023848655107770858,0.016558433738259926,0.04493389942225752,0.04745864445158821,-0.01830130579335003,0.017130295339605854,-0.02316227327860331,0.06475389013871463,-0.0032819668464211253,1,10.0,3.7537088352056793,0.0072480225535897225,0.09060794278185583,0.16832310180573162,6.0,6,3,0.5,5.666666666666667,9,17.0,28,33.0,50,3,7,9,81,4,17,1,9.62753,5.029044,1
29669277,Modulation of Tau Isoforms Imbalance Precludes Tau Pathology and Cognitive Decline in a Mouse Model of Tauopathy.,2018,0.11799984808682526,0.0460277832179372,0.029561961642319962,-0.040892691749901226,-0.03426283161337727,-0.005430088898094269,-0.03375827465938026,-0.04618019913617218,-0.05343132469046809,0.062176446790883626,-0.07930204876404585,0.0077804520118920795,0.0295224164225263,0.05369697274381098,0.11146793772700966,-0.020179612221493982,-0.02256552837812449,0.03775659845637229,-0.04247600775876616,-0.05868854244805434,0.0065022434034327364,0.04355175055893843,0.06433379468547518,-0.012692283784291962,-0.0678345384598722,-0.10417590663217788,-0.03796552206149992,0.00933050298125054,0.04413530157592405,0.03755543538431568,0.07126498756918961,0.026361728300699702,-0.06533262023619425,-0.0600977002797243,0.03188416727026313,-0.05784161360493277,-0.03752768839318682,-0.028651012266143458,-0.04934832172070455,-0.027492780510709813,0.025836866323167264,0.056362228706376645,-0.24332442589744685,-0.0316846656580042,-0.0662843522514858,-0.10663097789408171,0.0681393402783538,0.08896475136328463,0.028439399613283543,0.214775169184923,4,1.0,0.3932785939637069,0.0013546498166183028,0.0,0.0,16.0,8,2,0.25,3.5,16,17.125,58,21.25,84,5,11,6,88,4,1,2,6.7782307,3.8616238,1
29605667,"EpiTools, A software suite for presurgical brain mapping in epilepsy: Intracerebral EEG.",2018,0.10283777328656747,0.026597452616381016,-0.021337892948416357,-0.054167236832739316,0.054752088148314136,-0.002906792304816821,-0.010039630467829446,-0.04116308205728834,-0.04043144046498001,0.038076589877684926,-0.022263029676887782,-0.016237244931560146,0.05495143922910592,0.07717593987092201,0.04087496422261535,0.1510275603556685,-0.0539811589723127,-0.052770275631295605,-0.05100418058233897,-0.061312889362444424,0.009164501896037647,0.015248121481747763,-0.09452264581720139,0.006280824292350241,0.039610347013298575,0.01794133455659207,0.07999122101030252,-0.07895581253284786,0.018332388340999657,-0.031973728212393554,-0.006315157050215052,-0.03857608829115973,0.18058570993363174,0.016882382152774017,0.005317135606877966,-0.054724114104943954,0.031660151635269355,0.047454796284042304,-0.11098220509346417,-0.060862969889095904,0.20640816499248685,0.039421920558375595,-0.015614359611101839,-0.018543726213089307,-0.05076181546835489,-0.0644219560590847,-0.02724370268132094,-0.13100890434626258,0.05392051003816982,0.08195601082020335,4,,,,,,,9,1,0.1111111111111111,1.8888888888888888,9,10.0,26,12.444444444444445,48,5,11,6,145,4,1,1,7.561814,3.016315,1
29567477,The blocking of aquaporin-3 (AQP3) impairs extravillous trophoblast cell migration.,2018,0.3049375056509845,-0.09065461754770847,0.3800514338602485,0.1357553866153714,0.039507930037918235,0.10297971132271241,-0.05810739571401531,-0.09418312590721374,0.03151847209797737,-0.20448307640950955,0.11287357393339002,-0.17540457429566922,0.048279512511268954,-0.018452499697884414,-0.11608179651651042,0.041682045081095284,0.3093872526938459,-0.12019217650337857,-0.07475013514665023,0.10797441830317302,0.1886825893429221,-0.045175756563304026,0.07052644126895076,0.020902715666842347,-0.023303288410023375,0.02686811632829829,0.04013583838266172,-0.06380416831844084,-0.024069877766655867,0.08531040305313675,0.042799927109240486,0.08963674240153781,0.018878236515547223,0.10142570550164724,-0.02827928407438961,-0.056514308484811086,-0.04796718430211199,0.024941725151138752,-0.020256666491662172,0.08580765692600559,-0.03048122603377557,-0.004041579957843244,-0.03388458741201947,-0.012340963817689489,-0.013073907585937048,-0.01657289265268559,-0.08142472269249107,0.05663255317799748,-0.015208531048813808,-0.0032409849872012666,3,9.0,3.369572278042646,0.00649857997145496,0.09873894221720309,0.15974762682129698,11.0,3,3,1.0,1.0,1,2.0,2,2.0,2,2,9,5,77,4,12,1,5.394636,5.038699,1
29494356,A novel penicillin derivative induces antitumor effect in melanoma cells.,2018,0.3929731181341632,-0.06822601605344658,0.21750544796051907,-0.0218877789554957,-0.011488116784314354,-0.13153166866535249,0.020140864381646143,-0.029271169080497053,-0.06637278328715034,-0.11273865363657265,-0.026966258169777883,-0.08127455813437232,0.008665222336360624,-0.025614864135447037,-0.1341480331975713,0.08450017618378937,-0.19735244999475052,-0.012499764631645063,0.0959869342302085,-0.10805444124149997,-0.24744350416014158,-0.05753118958917397,-0.1787147548917991,-0.05338858759423025,0.0326564267010334,0.029455704897218195,-0.06955876689401322,0.13009352743921396,-0.013673449075238216,-0.13151081514944493,-0.035803049235119296,-0.14451960003906836,0.018603863611886186,-0.0731000273507089,-0.04235248999630691,-0.10013861052653658,-0.0897092603267376,-0.03832638585274054,0.04634192186286542,-0.04281953100505845,-0.0017179040717005601,-0.012495922783256036,-0.11127173488851433,-0.16434119385007095,0.04231331670542226,0.04084290823558384,-0.030649753247800032,0.00854558011264362,0.03418098992346303,-0.013489998321031354,8,4.0,1.5210956813476957,0.0035377560185989865,0.004404291360813099,0.1670521301991789,16.0,8,1,0.125,4.125,25,21.0,111,36.625,235,3,15,0,126,4,21,2,5.198734,4.107275,0
29483033,Immunization of pregnant cows with Shiga toxin-2 induces high levels of specific colostral antibodies and lactoferrin able to neutralize E. coli O157:H7 pathogenicity.,2018,0.29422975676346697,-0.20848797457331772,-0.22838730953875724,0.015454519520412104,-0.07457087651948782,0.06188451618300867,0.01666945955640328,-0.07507086542915621,0.010855065701015932,0.027649639035760617,-0.07230242835388852,0.0004041023413793685,0.10233663694839104,-0.06253384705600479,-0.12719160402006352,0.035580696651383886,8.998525885578349e-05,0.06985995438354205,0.07838413331001223,-0.021003705027491753,-0.03901115222322381,-0.13710719174363306,-0.005006818919358529,-0.07616504981761849,-0.017556439144716593,-0.04535364791170783,0.021273943113019535,0.07808428854333566,0.07784847876257046,0.0058727295261010795,-0.029662950986921496,0.007682115878261647,0.06635560344492458,0.0012006274947544962,-0.02413924335446471,-0.18695210855273528,-0.03887111669626098,0.12686454866960328,-0.0925179713061571,0.05013693638864403,0.07587335632952479,-0.1259565701651179,-0.039155284535898005,0.029100409651022292,-0.03558121943583283,-0.000747179830826913,-0.040456782396103216,0.10597692223487833,0.004339697620179248,0.05583761443014944,6,5.0,1.707524715551556,0.0028554363267020893,0.0,0.2760333783693077,18.0,12,6,0.5,11.583333333333334,32,56.5,126,99.5,241,5,22,5,151,4,2,2,4.0695662,4.5190315,0
29481898,Evaluation of the rewarding properties of nicotine and caffeine by implementation of a five-choice conditioned place preference task in zebrafish.,2018,0.16021851568622492,0.06199694817574133,-0.02718205729676465,-0.020647139759297786,0.020408956913753832,-0.02417955956542913,0.7229076717389016,-0.14560345355325652,0.061110999033368064,0.043895463857989474,0.0545016187036243,-0.0008637046530835758,0.018111829754987454,0.01405682779638415,0.04995866017578981,-0.013428636570945507,0.06465086065493954,-0.010685339166264513,-0.0029383923766633426,0.03268906699046312,0.0150474578403321,0.010057701789205365,-0.03963545175287499,-0.0059728747346611336,0.006029070090686256,-0.03415585508329471,-0.014370705950601251,-0.009150998696889978,0.02704532779929196,0.01510751687353806,-0.009427042462891368,-0.006763182112308625,0.013106407353334331,0.009792102229185123,0.011010983973823387,-0.052479760504957604,0.0486779370639146,0.023595303307621118,-0.010878530473938951,0.03469956980159456,0.054047941188977384,-0.031169496367096983,0.002545639532069648,-0.04895939494754174,0.015493387442565459,-0.01938802633217735,0.04225520114522041,-0.012281177600490738,-0.036194141379805284,-0.024860729519270253,7,8.0,3.570983367713697,0.005535703428719136,0.0,0.3638402411939511,4.0,3,3,1.0,10.666666666666666,13,17.0,27,35.0,47,2,15,6,127,4,26,1,8.19551,7.330202,1
29405971,Diagnostic performance of uric acid for prediction of preeclampsia.,2018,0.0,0.0,0.0,0.0,0.0,0.0,0.0,0.0,0.0,0.0,0.0,0.0,0.0,0.0,0.0,0.0,0.0,0.0,0.0,0.0,0.0,0.0,0.0,0.0,0.0,0.0,0.0,0.0,0.0,0.0,0.0,0.0,0.0,0.0,0.0,0.0,0.0,0.0,0.0,0.0,0.0,0.0,0.0,0.0,0.0,0.0,0.0,0.0,0.0,0.0,4,,,,,,,5,2,0.4,12.0,45,41.2,137,71.0,267,3,0,0,0,4,0,1,5.2326894,1.7018143,0
29394409,Schizophrenia-Like Dopamine Release Abnormalities in a Mouse Model of NMDA Receptor Hypofunction.,2019,0.20155742124540138,0.1442019655405671,-0.008839322668923108,-0.15087895631571682,-0.15255946240914386,-0.047988630040057385,-0.0293768508722373,0.03576186129290355,-0.01703269327580718,-0.18828960744212578,-0.19418813389641215,0.08748156009553652,-0.16100604111896508,-0.060052387295108506,-0.17191937277939026,0.006590234433667817,0.011788851097195878,0.23625986000298457,-0.015951823028506548,0.2651387812698769,0.00827019452387644,0.16952938211592947,-0.1278443497937695,-0.10815455343799878,0.051623286916150216,-0.056731667474628364,0.07094074510079544,-0.008692702535895526,0.05579125869602898,0.0179182370143936,0.02434875864280537,-0.0011308420760844807,-0.01704761982916319,0.01077223590001873,0.060075468654837955,-0.057424432339465294,0.0502880711043051,-0.0399394779121342,0.09174521978044074,0.022856540412432996,0.16067503584269485,-0.07351369571163421,0.008970526764726478,-0.008883158084544616,0.07642436406282066,-0.1742459878542309,-0.09045078715585002,-0.04613719540170231,0.04900461716616185,-0.0544888605121371,2,3.0,1.0793537697464528,0.005356908998601988,0.007754564276303407,0.0,2.0,10,3,0.3,2.7,16,14.4,58,17.2,84,5,14,0,145,5,1,1,6.927623,2.4418683,1
29355695,Behavioral effects of the combined use of alcohol and energy drinks on alcohol hangover in an experimental mice model.,2018,0.13688442006817703,0.07659276619080972,-0.014777599447733785,-0.08970908776827165,-0.010244433834562406,0.025032662891943273,-0.0018730825811921242,0.014285432361806646,-0.11453944449477191,0.03999094516729016,0.07568757030061384,0.005718722737341416,-0.002651291158430745,-0.13253092987081835,-0.05288423670217786,0.11522198467120302,-0.04829330296708574,-0.04062607218313167,0.05888494496222848,0.05909335802187366,0.08865083826148762,-0.05558577391544819,0.015679483090554173,0.09400589905191509,0.08994633692438296,-0.06049564000610016,-0.04877642569534675,0.0732579718822486,-0.03697123810845333,-0.024364267914966948,-0.005870615065450808,0.048530338637809686,-0.11535188975619473,-0.06055978436424759,-0.05800131310091344,-0.09756829961118692,0.08737301685251338,-0.04439930883375907,0.035196603121814045,-0.08926072080900975,-0.04899079312046833,0.0039996048853586244,-0.024370695459814764,0.07426603375528887,-0.008548724863548553,0.003374285564156787,0.2350709437080773,0.10935424186324429,-0.07887865887028019,-0.03315587333679148,4,1.0,0.25754182795939107,0.001699138181123366,0.0,0.0,11.0,4,3,0.75,2.0,4,6.75,13,8.25,18,3,10,7,146,4,8,1,7.115806,4.0727515,1
29243846,AQP2 can modulate the pattern of Ca2+ transients induced by store-operated Ca2+ entry under TRPV4 activation.,2018,0.2387390675855936,-0.0162791726983473,0.2159045556410415,0.03794076208926479,-0.047562105359122545,-0.11501410406812007,-0.05673400841206736,-0.047653277287273546,0.10076258588069005,0.15075725523463432,-0.0641340321510252,0.13182933154468052,0.01574439227633589,-0.005397790828983086,0.046834365309977866,-0.015083799480660538,0.005974557738360622,-0.023356728770922725,-0.06712423191479457,0.06132148478287637,-0.0319835661350444,0.03983127142503232,-0.05494213528814347,0.06377651503213623,0.16227878214704786,-0.03044874026277545,-0.06053312821261543,0.11132777913032049,0.14304504375959456,-0.04413250907690482,-0.06168195781557759,0.07163896217452688,0.07503263615499013,0.06074214307546057,0.09073100612785838,0.017262879072187525,0.04131605394163969,-0.10282422318414185,0.03535522866352788,-0.012495493908182644,-0.0016895817907983002,-0.036753697702764904,0.016139181024081295,-0.16298419990136062,-0.05380003827749197,0.009338132571250952,0.01948740520842852,0.07622591495670897,-0.0657307349041631,-0.08451228347433162,8,2.0,0.5352413485492564,0.0015664757001778995,0.0,0.320966005874903,16.0,6,5,0.8333333333333334,10.166666666666666,21,30.666666666666668,65,64.33333333333333,127,2,8,5,118,4,3,1,6.5672994,4.6770525,1
29197004,Immunohistological Techniques.,2018,0.2089004546480354,-0.025997249531581473,0.13712107019273295,0.004060905692106636,0.02671294196431724,0.18347151379869198,-0.01665209149761134,0.0006390070108695479,0.031002384899062083,0.020971988106323648,0.09256276560322226,-0.02059134635236228,0.005155992813448232,0.11905175646925176,0.05072449139235966,-0.004518704852176935,-0.06492129908054815,0.14902505861803989,-0.1476230942374935,0.09934946534806935,-0.049391663162829426,-0.05298333977956971,0.09814398428844708,0.05119473555893876,-0.09242012625338059,-0.05839564767122813,-0.14801587063505647,0.05379689714639606,-0.0844305417673797,-0.03335711860744469,0.07684699763473221,-0.0687218551740754,0.013019368947574703,-0.004617418478132266,-0.10440419225289395,0.09635207756691665,-0.017219501676922856,0.16529369473915845,-0.07866143587090069,0.22896726061605588,0.1767382157356962,-0.10670626581668254,-0.01469012797962287,0.0011491033076437163,0.05556709053093156,-0.04725231622775905,-0.05110714848400196,-0.005868351306641602,-0.028335636194550536,0.0038923133640080465,3,,,,,,,2,1,0.5,4.5,8,21.5,42,27.0,53,2,11,5,42,4,0,1,7.7418895,3.3274174,1
29108637,Expression of aquaporin-3 (AQP3) in placentas from pregnancies complicated by preeclampsia.,2017,0.26144214480588684,-0.03346859339721911,0.30609019093270556,0.0040623684110143625,0.10231738224654227,0.3061675364007534,0.0026637832181244147,-0.0034730860789249666,0.013727813474661144,-0.23656494152263902,0.11964295679892335,-0.0090842802610944,0.11595279349555675,0.031307773120996085,-0.12852440986772065,0.012485175654400658,-0.12767999415197182,0.10838321497640054,-0.03484717483776191,-0.07480986110971126,0.118633068847552,0.05060724392028495,0.2124928030794782,-0.06704037789881923,-0.0595171819684439,0.08053387030646009,0.048569926768357176,0.01780169347919372,-0.027068364590206017,0.021026005462144292,0.012540124346961487,-0.06220435664471912,0.10526671910428827,0.022746610386748276,-0.0518099491997003,-0.04205041431084525,-0.05582155145539572,0.016521338930914745,0.04236104149921702,0.07872279249050523,-0.019739085174414573,0.05743527146285243,0.06982153677219759,-0.19222625145755312,-0.0014740068443125655,-0.009714049268378825,0.024751416830355814,0.0861286543017952,-0.009445960942733624,0.011798830205762856,3,9.0,2.9628029570510552,0.006949647137837247,0.0243553547901374,0.11993413657187234,11.0,2,2,1.0,25.5,45,77.5,137,149.5,267,2,9,3,61,3,0,1,4.4261565,3.0222347,0
29085903,"Molecular Mechanisms in Perirhinal Cortex Selectively Necessary for Discrimination of Overlapping Memories, but Independent of Memory Persistence.",2017,0.21453576905333926,0.3306107322709813,-0.11838610662378879,0.2846762469679228,0.13190488351267257,-0.00660768584365233,-0.0020287982767419753,0.043355748146329226,0.012087576721643664,-0.09076633331406281,-0.11176644647273366,0.0795181038451112,-0.02467190472927923,-0.05999540233384518,0.0047583858368536605,0.09309321463614158,0.03309734657501024,0.012181322215536155,-0.12351014139321871,-0.15393401589544262,-0.04377370332967637,-0.06121504808880457,0.07601888783482125,0.15607357284026613,0.01355930901420371,0.0029622963323530527,-0.03355246846507417,-0.017020979775028623,-0.004024466661871541,0.0662645514487747,-0.08148523800353909,-0.04463134663958586,-0.05461242583756869,-0.015239945411955141,-0.0007960260699565805,-1.2180533918848893e-05,-0.08483827563417796,-0.0976825138399082,0.013727883017049278,0.11636788495461464,-0.050575396550128195,0.0054798093390959896,0.07216778115572775,-0.053963529751269675,-0.018816512971192374,0.04202007386552259,-0.055085818357017195,-0.033748832992601605,-0.05547479306054539,0.12044719756612773,1,7.0,2.1803146852013624,0.004524834273326162,0.07916431394692264,0.10808994233374383,6.0,8,3,0.375,4.5,9,14.75,28,26.75,50,6,15,5,137,3,17,1,9.294853,5.052277,1
29068360,Soluble CD40 Ligand and Oxidative Response Are Reciprocally Stimulated during Shiga Toxin-Associated Hemolytic Uremic Syndrome.,2017,0.2917218584516305,-0.20014751922426752,-0.13381781257014416,0.049733047442359825,-0.040061925344916434,-0.042311281036946646,-0.030306080490035404,-0.04193024780769157,0.021475118322372512,-0.013086407837196539,-0.04333426730681976,0.04983484011604489,0.03070536761852731,0.045456826217557665,-0.08836002147018954,-0.08988753710628875,-0.10820236193910977,-0.04332300699646768,-0.07868530641258932,-0.02825631244683781,0.0361896864976013,0.28487399833461713,-0.04328277912547511,0.010378566780771703,0.042311059669450875,-0.010561972330703941,-0.09462814852646816,-0.012517815769330882,-0.034236709704422226,0.02039470075136425,-0.07254032245757124,0.006148531804308325,0.033794069215140776,-0.01827671415304847,0.01323456449479748,-0.0014458541253411542,0.07037395861207801,-0.10292107824007052,-0.01119515527231263,0.012291849174516038,0.06045964047664396,0.03483840545422638,-0.0682358408760798,-0.08695345476366285,-0.1774398860929492,0.09781323986889832,0.0042295893156271205,-0.0004857629065501863,-0.053056697919026126,-0.1044949695773756,5,2.0,0.5632367663671256,0.0014757413512302983,0.0,0.2878760597451472,18.0,12,3,0.25,7.0,32,36.583333333333336,126,58.166666666666664,241,12,17,5,116,3,2,2,5.0487447,4.073347,0
28986756,Vascular Dysfunction in Mother and Offspring During Preeclampsia: Contributions from Latin-American Countries.,2017,0.2109996270056521,-0.004986134070625695,0.0171431322063329,-0.06342772579599026,0.0847087235449239,0.32900696033847954,-0.011010907136157553,0.12914329610084313,0.08842111516197891,0.12024807034825187,-0.021214283533916474,-0.19430919021323229,-0.11019697175931109,0.15610508958173988,0.2378303742974698,0.0860477635422448,-0.014761020013036839,0.11753234015691515,-0.03796570758705662,0.0958333075067843,-0.03767832032224761,0.07595594771448062,-0.07097937168204954,0.07659595570473783,-0.12768162171716482,0.03262246502599129,-0.0498786207329946,-0.09854623323587845,-0.06077357909734665,-0.02668861042723611,0.04132565542538856,-0.041252851090050904,-0.11075635550075492,0.023091612423869985,0.0577515645767275,0.0219807901678009,0.03739852547348774,0.010224766804916305,0.08937948459985945,0.003351673331773955,-0.06452210524086989,-0.1858232186054917,0.04523358831399239,0.009977936906326283,-0.053165483971173114,0.08469162715650486,-0.020766640057292587,0.03257131381652467,-0.03142680989693205,-0.05841048255825768,3,3.0,0.9923530038711903,0.003829832578943173,0.06181065311500094,0.0,11.0,18,2,0.1111111111111111,5.611111111111111,45,34.666666666666664,137,49.833333333333336,267,11,9,5,131,3,0,1,5.5618377,2.685864,0
28947572,The Timing of Reward-Seeking Action Tracks Visually Cued Theta Oscillations in Primary Visual Cortex.,2017,0.1091687310355053,0.09272058562419848,-0.04251558303914793,0.004605646656074176,-0.005424304957617825,-0.0079169872643496,0.003716311145065176,0.05555357486022061,-0.036979777288961464,0.053319738964586874,0.045033697594176025,0.009233896002979643,-0.04903655559517703,0.06341902903374473,-0.0264027003068494,0.08938257154476913,0.03440853170434177,0.01663678652805789,-0.03397292374745193,-0.010783067660663424,0.12438013039499335,0.042471684220807465,0.008748338950893941,-0.12843167630474406,0.13939486164969095,-0.04768500479872621,-0.010635931657244363,0.011292246104922025,-0.010640527341368425,-0.07462596191627892,0.008947672444949366,-0.05851899983035138,-0.051961291965073576,0.10060772411888315,0.026071238275023577,0.026069283908597654,-0.14025025531847324,0.010775921522068261,-0.03976646924798789,0.12050790132582176,-0.0862964281807171,0.11700143579300938,-0.02108107639589326,0.10527191177946889,-0.0977258140658932,0.03356364261023783,-0.0278957583763068,0.168123782441424,0.08834276366398985,0.0049471806983401225,4,,,,,,,4,1,0.25,2.5,7,14.25,48,15.75,54,5,12,6,127,3,16,1,8.163961,3.9231305,1
28888654,Shiga toxin-producing Escherichia coli (STEC) O22:H8 isolated from cattle reduces E. coli O157:H7 adherence in vitro and in vivo.,2017,0.26985814279887244,-0.24630127940095953,-0.2985107403188665,0.04517638080372612,-0.04727692501469823,0.11034800188573259,-0.02216869820603066,-0.16348356078817208,0.02487130444157432,0.07826587616841715,-0.10110776240905507,-0.05346921392818345,0.12925077730557968,-0.08300970650278555,-0.0981084979185016,0.0100188705073327,0.14250894350228063,0.18278585376243284,0.11124893582751567,-0.11413257507806972,0.016343695691479986,-0.18487156523061685,0.07899381415238128,-0.0793500536102119,0.05326857808368907,-0.029959811511815444,0.15468046846198916,0.06193250284233095,0.12965227709391683,0.020807671863766728,-0.01819970845103801,0.020283236758963957,0.003964927672695199,0.04050511855356481,-0.0603291220747413,-0.07309993575756628,-0.026602474446087397,0.08382705511005593,-0.05879828862288851,-0.015477636032440279,0.07851992521397237,0.007703043956833099,0.04212669820537629,0.06066507543069984,0.04023938546148531,0.05668262839302419,0.08094880648850537,0.05813875565552709,0.06907605446241347,0.0340964032845742,6,12.0,3.9716774301249553,0.006343851994284703,0.010577827969132316,0.17015308529612563,18.0,11,2,0.18181818181818182,5.181818181818182,32,28.90909090909091,126,44.90909090909091,241,6,19,6,133,3,2,1,3.8836718,4.857242,0
28718802,Ouabain Protects Human Renal Cells against the Cytotoxic Effects of Shiga Toxin Type 2 and Subtilase Cytotoxin.,2017,0.4003822897808188,-0.41848347140072734,-0.3112989667313045,0.13997853487498635,-0.058535991290689975,-0.06701261366542859,-0.027367261110823028,-0.058622232410553074,-0.012765008963756184,-0.039569527229881114,0.11504041494611567,0.17885411502309262,0.06108857259083834,0.062362858357158955,0.027142217848086268,0.005213162921377804,0.07593549248800627,0.11552721772764345,0.060226176279556225,-0.08518425716153499,0.06935120297525363,0.263202786327086,-0.029242505832678085,0.05781836162492726,-0.054139333908392095,-0.004018361773683887,-0.15033053214922884,-0.06676495287734116,-0.014848679178805965,0.04427539924625695,-0.014520574977379795,-0.037416101729469665,-0.02835976400813131,-0.056364864603606527,-0.05518208422931533,0.09758279637887053,-0.09398807243086489,0.011389756199702745,0.001449648030715621,-0.011587917215360703,-0.0016356659647066534,0.030399847696231077,0.09343849316956541,-0.015384377105110153,0.09465889266753763,0.040088424382961924,0.04231437215311128,-0.027337213759623027,0.011941696689777395,-0.00879757557128287,5,22.0,7.904650166293319,0.011356676336695258,0.07325428194993412,0.10967276263306332,18.0,8,5,0.625,12.625,32,53.25,126,97.5,241,8,14,5,122,3,2,1,3.7487447,5.6706543,0
28710541,Injury-induced purinergic signalling molecules upregulate pluripotency gene expression and mitotic activity of progenitor cells in the zebrafish retina.,2017,0.259867301338403,-0.0695182500212931,0.22168775081534586,0.07883558326278245,-0.022757017210764438,-0.20250202380656981,0.06922578324776786,-0.032348441203372845,-0.04054982445419706,0.029469906778923794,-0.08786109112612696,-0.15298870736853648,-0.1372173540427523,-0.07798049453219391,0.07917042268007643,-0.08501321899480281,-0.23578343196970938,0.06969664251072724,0.054407248749794655,-0.062088261572149715,0.032508155499201455,0.0037698364029157333,0.20089233788587832,-0.09829799383624183,0.08886658405201582,0.08087557648378518,0.05507009616213153,-0.07562419944394268,-0.18312334160832533,0.03780796475514698,-0.11042918168447699,0.011101011082505139,0.009548750213243709,0.0691874554531057,-0.19470848012841907,-0.07943783238981666,-0.1759353316736214,0.1069551408403597,-0.0355271620378945,-0.01466388621510286,-0.06689763898126788,-0.04090154411433575,0.021985895209184005,0.09998541143770448,0.09303018011586793,0.028767782590971177,0.0735006894678504,-0.07014808779513136,-0.003946051727909826,-0.06636264502708784,8,5.0,1.8006031307406731,0.0042758109662716075,0.010276679841897233,0.14871031442387755,16.0,6,4,0.6666666666666666,5.333333333333333,13,11.333333333333334,27,19.333333333333332,47,7,12,6,156,3,26,1,6.935808,5.166922,1
28643674,Microbiological and serological control of Escherichia coli O157: H7 in kindergarten staff in Buenos Aires city and suburban areas.,2017,0.2734510899902835,-0.270697034687441,-0.29465742301849984,0.06857632464110547,-0.05619545468417075,0.1352910674187486,-0.028972246444315827,-0.14443686237232178,0.055403604089521406,0.14888826960449306,-0.10901420180065909,0.07628561288860188,0.0798475815705749,-0.06415326842607419,-0.0784237432357348,0.021956498881174326,0.08022939690486876,0.015445981586674158,0.006249125202992868,0.060405560244413535,0.07778230857075807,-0.003675453552949964,0.09174273541217266,-0.078964619740857,0.037375662598565756,0.10153707135291144,0.01959890208468618,-0.0265022064877146,-0.06148522969886435,-0.035952425408043026,-0.010898111641967169,0.025368707588368112,0.004094141300995431,-0.02083239341069058,-0.01920326646337459,0.04922165099704021,0.0076469918491587595,-0.10127516852673087,0.05056503661054757,0.09912966558378003,-0.11918309646216756,0.05977590510055487,-0.0024792194126402652,-0.0984388977558812,0.02559942506663689,-0.05239682416833441,-0.052071903208873435,-0.1751098214204687,0.0510613707019178,-0.01015875021088828,6,12.0,3.592550755611041,0.005603165552392698,0.0035008469791078483,0.1547725022346917,18.0,11,2,0.18181818181818182,7.2727272727272725,32,36.09090909090909,126,59.18181818181818,241,8,12,5,112,3,2,1,4.562404,4.8967524,0
28523190,Expression of uPAR in Urinary Podocytes of Patients with Fabry Disease.,2017,0.15586494744540708,-0.03220513463673563,0.004382337485733129,-0.2497260744492335,0.48132706153964233,-0.10882900848044787,-0.05325985674568311,-0.08073028049197095,0.015867136133352874,-0.06034944652227925,-0.01536990809883841,0.0530973894620857,0.014997870979733442,-0.028418683065411933,-0.07906311956290107,-0.10152629194876553,-0.007381438000679291,0.0032392922522891943,-0.013197453607594006,-0.03796799059957509,-0.008701209972337398,0.04525936155727731,0.026267484962890168,0.04298310606886492,-0.11912973178540956,-0.2707033846190042,0.1483738733962246,-0.12410191343630872,-0.0352307214411104,-0.23518736689601577,-0.2371860773134819,0.15988280021586518,0.10664788762442817,-0.13509672057344663,0.06291704144599952,0.06232978488525773,-0.06028412888957349,0.00730370386331513,0.03891108164959695,0.0839884531178074,-0.08373935527848601,-0.051184412121956846,-0.01939605998892975,-0.0026626522967785017,0.038073821355967215,0.04225530866750822,0.01135662469616188,0.00829413876061631,-0.0331285483525808,-0.021317648926172862,0,5.0,2.2950716958090625,0.0035255379552997838,0.0,0.44877203580781294,13.0,17,2,0.11764705882352941,7.235294117647059,25,28.352941176470587,111,96.52941176470588,235,6,0,0,145,3,7,1,3.7618818,1.4804384,0
28486763,Tonoplast (BvTIP1;2) and plasma membrane (BvPIP2;1) aquaporins show different mechanosensitive properties.,2017,0.1654403453184128,0.020612885649131277,0.13491264552489468,0.013942787187751205,-0.017638646146353475,-0.0034910796975411475,-0.016849212140477663,-0.05322584311171987,0.09686105110673635,0.23451997771204153,-0.07587649872497379,0.35246880237784206,0.056548959312494346,-0.07146060442989367,-0.002816247139712259,0.0774880622596415,0.03039650671894958,-0.13111174122449018,0.005110579132763316,0.007636603689441341,0.04173040025323635,-0.0023994285088301684,-0.050215359634251534,0.023328555100364832,0.0064739206476145,0.0076056183812669605,0.08401207391285076,0.009220653829618604,-0.05258052519289187,0.086534797242418,0.03440512835527472,0.008897568728555792,0.07309522238878781,0.13972011927035902,0.12285503835297851,-0.04627462989999069,0.005420383269396508,0.021148356075986884,-0.046943227494279934,-0.004088890202701389,-0.0904291290981269,-0.1917047363062195,-0.02406877115340364,0.005508005366743364,0.021604429148602593,0.0017785466108067981,-0.13137468425459647,0.06513988353336295,-0.11246235159186993,0.020785443513231663,8,2.0,0.6494705763192279,0.001818770113757915,0.0,0.31263873000435644,15.0,6,2,0.3333333333333333,1.6666666666666667,2,8.0,11,8.666666666666666,12,3,5,6,64,3,27,1,7.2946663,4.495604,1
28476642,Properties of the corticostriatal long term depression induced by medial prefrontal cortex high frequency stimulation in vivo.,2017,0.20636595943365205,0.16131424704697947,-0.0719527218997795,-0.16164713994849253,-0.1404849209918164,-0.07466820700235306,-0.011275778697003387,0.031951533781035574,0.12641790813828174,-0.02034908231902192,0.03988381807388028,-0.0002931944969285264,-0.14276768672054105,0.023492793640981342,-0.13740315313751442,-0.00980804441537136,0.044353359086100594,0.05301252240604418,-0.12223567814397146,0.08337922968338435,-0.1621783876398566,0.038604672556361665,0.08725860690710045,-0.05085017984587653,-0.11327115646609259,0.09656802089175065,0.06320751434479661,-0.03532267242176528,0.005824456721125387,0.04221737421897517,-0.02106939211985763,0.05827057194907342,0.05121828358402368,-0.07404757006430271,0.07824137596806115,-0.06883566203403452,0.0039416242478858,-0.04726415630472012,-0.06965614760635143,-0.048769016749791554,-0.03160900154091076,0.11508571983821311,-0.08268742916960863,0.0837031617160566,0.03388208720723205,0.04324202724156752,-0.08992438243538858,0.002047869263899646,-0.02654385715787973,0.15508944832190708,2,2.0,0.5770961621174588,0.002650665553126782,0.0,0.27459565037703465,2.0,4,4,1.0,12.5,27,47.25,110,72.75,175,4,22,7,118,3,1,1,6.890846,1.5287874,0
28473934,"In Acute IgA Nephropathy, Proteinuria and Creatinine Are in the Spot, but Podocyturia Operates in Silence: Any Place for Amiloride?",2017,0.15626643264784312,-0.06313676213596828,-0.05343842142786121,-0.21799390270992355,0.43292903235743846,-0.1390572798358085,-0.05290282014507526,-0.011099251162406152,0.015159647197491292,-0.033695020585139936,0.026642099987736888,0.017486148776072404,-0.010113325523022337,-0.007256995859231024,0.03666027885618931,-0.04841245677274571,0.05007198306384198,0.006191786232964628,0.029951246866204262,0.051147154624258645,-0.043404169899946554,-0.0018862712436023463,0.05216411561923959,-0.07635817613324686,0.1491541627492628,0.16259777391450958,-0.08432735159920016,0.0367807206626691,-0.03078056125416067,0.07283742468255068,0.14398373636377967,-0.02778925746106615,-0.032484356479779423,0.05807948731471622,-0.08831375959810389,0.03172804876769623,-0.0011359925969944527,-0.0028303898949991026,0.01537899869536487,-0.00208542498434328,0.04482049836500545,-0.028595366707578,0.021631161040826116,-0.06118203010087975,-0.11468468340209477,-0.09727173783938241,-0.10139509409550804,0.03880362408587152,0.027141237262988654,0.038792748832253074,0,6.0,2.2825214109094927,0.003501402157588008,0.0,0.4032241350827718,13.0,15,2,0.13333333333333333,7.666666666666667,25,29.133333333333333,111,100.86666666666666,235,4,0,0,105,3,7,1,4.271142,1.0762929,0
28439227,Requirement of NF-kappa B Activation in Different Mice Brain Areas during Long-Term Memory Consolidation in Two Contextual One-Trial Tasks with Opposing Valences.,2017,0.21270534923312776,0.2531852239609193,-0.09582997964749078,0.1929985511465555,0.0869298582607859,-0.031776961108745706,-0.007256520234816201,-0.014646742538817578,0.01327021281709614,-0.0065839614017065866,0.03834746398478543,-0.04447550830207971,-0.023314149903945543,0.044414595553998786,-0.08397767740898503,-0.0003445424625528491,0.009670371332088066,-0.019896361439781886,0.060323314305564285,0.045604648611926285,0.02956523789391799,0.027949328019503252,-0.04511663904420546,-0.0013380235578283658,0.0906180764059478,0.0010992145223831786,0.057095830913238665,0.02946786970751246,0.04654832651747644,-0.07044912067975785,0.1706984589098417,0.009453278838724117,-0.0017115209355926576,0.03137295751107583,0.01394410943261136,0.022718243432444683,-0.07622279277664266,0.04376027688957163,-0.09397239930360136,-0.037295183706297315,0.08234199121090291,-0.16248476399488254,-0.017341621257166193,-0.1749125505561798,0.03742437627218355,0.2382682039222383,0.028309111872246454,-0.019101607189705216,0.03895463843166176,0.09970771281362142,1,2.0,0.666009570250002,0.0018997462388388063,0.0,0.0,6.0,6,4,0.6666666666666666,4.666666666666667,9,9.0,19,18.833333333333332,38,4,0,6,120,3,6,1,8.450513,3.4702168,1
28432141,The Spacing Effect for Structural Synaptic Plasticity Provides Specificity and Precision in Plastic Changes.,2017,0.16970480471549038,0.226891605742677,-0.07092272761169854,0.050423084055822534,-0.014400590065437036,-0.032604342589641025,-0.03136401859386914,-0.010279597345260448,-0.0007598525480828873,0.04161407764695677,0.01851726767424146,-0.0035546669922297694,-0.05472880718906443,0.20334583165106832,-0.0622732616965652,-0.06259368384612352,0.05326930042451825,-0.0679619770821376,0.12285228115300569,-0.02539185596827257,-0.044613052061467914,-0.05876792492071363,0.11440961911375222,0.07798985493965391,-0.16008511046820825,0.28310035662933875,-0.04251032472202972,0.0799105425558765,0.012117108907416142,0.14064650000898038,-0.1245777577284665,0.20155886991864114,0.06588923580935925,-0.2584559416773505,0.06628182436842067,-0.03590040269451832,-0.18983600651737453,-0.07309889813189546,0.13701247585159188,-0.08031090577740244,0.14178168916898387,-0.11976094983410752,0.007966644431167385,-0.0009295332379594245,0.06420494298805487,0.018401055363052993,-0.07504003069353211,-0.00564989563135046,-0.007919929057935557,-0.07609360041964629,1,2.0,0.8262309040189424,0.0026697916216157054,0.02981366459627329,0.0,6.0,4,3,0.75,5.5,12,18.0,44,26.75,73,3,11,4,224,3,19,2,8.744123,4.304039,1
28258575,Aquaporins in Fetal Development.,2017,0.17603844976467414,-0.020056545500101997,0.244524125293451,0.026652136172669816,0.028091124161407948,0.28784219863740645,-0.05919691816374687,0.016241188100591126,0.12405297297103224,0.16557743478751716,-0.02343472617135013,0.29226685403610503,-0.11075848278094631,-0.04276848642115922,0.11475892306988114,-0.03667436733653365,0.16510556575503696,-0.10116563175027957,-0.008202033594147723,0.14958938161425356,-0.14629086097169997,-0.07206022427629735,-0.10923398780053852,0.020147708033562778,0.18792886867514147,0.015896325807182022,-0.01839128065125808,-0.0008559042599260306,-0.0695835199539481,-0.06805119791562746,-0.10049677014906132,-0.016779775953764176,0.006497025369660044,-0.09928637451841496,-0.11525346629627675,-0.03182119350643843,-0.057449932740293766,0.0167039727675487,0.013204123108190417,-0.0066695301802007344,0.109771101352577,0.13047006454812415,-0.0356940113381634,0.0007462649175657406,-0.07916594013548733,-0.0021120747568269347,0.012422480397247315,-0.029555272287697547,0.03895594002042415,0.023163158864085848,3,4.0,1.6153823468672432,0.003929025353222165,0.00015057406361754187,0.26832103578596694,15.0,2,2,1.0,29.0,45,86.0,137,167.0,267,3,16,4,53,3,0,1,4.6131253,1.704185,0
28213811,Basal Forebrain Cholinergic System and Memory.,2018,0.21686670284872758,0.2397896712786338,-0.05148738846512669,-0.038335766328665914,-0.08751992818188445,-0.05573197641775844,-0.07116680293099581,0.011917394241239183,0.09341989106153847,-0.02868909282619402,-0.05411171675325982,0.04259032013347052,0.022893025299989912,0.14070137173441785,0.04912110129220752,-0.13600990752659958,0.022170083012324607,-0.05162169720168608,-0.02267455788397239,0.004915325851318897,0.2232572633394269,-0.0741039284551966,-0.04108527630769441,-0.07372357343687204,0.07203358727806083,-0.01941837457329022,0.028066468457807574,-0.07126036704861059,-0.07341446609450357,0.03012177072547686,-0.033742642505003105,-0.11644429122684716,0.08358723940069077,-0.0522045265576222,0.09604268962912843,0.1031968084978867,0.03935377577037568,-0.037575525631955126,-0.06860728145606385,-0.03131159986894836,0.05840946121581076,0.0420575068277908,-0.02660541356990919,-0.0046351816049411566,0.063735240068619,0.011000410900760167,0.11943660824425759,0.009015930583236848,-0.06243480133784208,-0.05580311010467811,2,1.0,0.27855766086745054,0.0017848377498370354,0.0,0.0,9.0,2,1,0.5,8.5,9,14.0,19,33.0,38,2,6,12,87,4,6,1,8.301233,4.052205,1
28193688,Compulsive Social Behavior Emerges after Selective Ablation of Striatal Cholinergic Interneurons.,2017,0.18242320706848053,0.1633092425269278,-0.04531055254716782,-0.18490309123532495,-0.1424170431713029,-0.01620183999123499,-0.04679341159716968,0.007044181135609282,0.029321579876918476,-0.02729112576641963,0.09967145751396458,-0.017714654643296333,0.06423010511210656,-0.14712310748579818,0.07888313381359201,0.13491719154203358,0.0749012114552497,0.0015042658052603101,0.02418717253272776,0.119454957861294,0.013416710859379772,0.10456914826846307,0.08042732160643498,-0.14927457809842068,0.001252904446091258,-0.0008987412981359406,-0.010050832649132766,0.0007612573575126264,-0.005010295623369957,-0.013874620357428097,-0.057102323448338585,-0.10734446082734356,-0.036146141017796424,-0.11505710234716733,0.07653063857991119,-0.16420670458228806,0.0075759998241776835,0.16955080799820726,0.12168035893949894,0.07566808287781242,-0.08031062090056193,0.2144417277557325,0.08555398569442421,0.015879356576654898,-0.04085850432264362,0.09013706909389729,-0.16462315835059196,-0.07937764139961197,0.03584347739546014,0.01964383666533562,2,2.0,0.7682986510463821,0.0024880510662246107,0.021306230001882174,0.0,2.0,5,5,1.0,10.0,27,37.6,110,57.6,175,2,13,6,230,3,1,1,6.8525815,1.8278924,0
28130648,Short- and long-term effects of nicotine and the histone deacetylase inhibitor phenylbutyrate on novel object recognition in zebrafish.,2017,0.14096009360823683,0.13974212116923426,-0.043822086026200385,0.05947887357124699,0.060803863599481825,-0.03237530398748042,0.5131872709025801,-0.08840547794888955,0.0009466270936419075,-0.01601229137758456,-0.021024481491676402,0.023121138050020924,-0.019373935581209735,-0.0998775959025251,0.01631539235054835,0.15066341983883677,0.09226856457378607,0.04184683092378121,-0.16048994778743933,-0.0729462508487575,-0.02053794855814964,-0.004168738748752201,0.05045011642079913,0.19461070849120599,0.08127528185811538,0.029001695092099565,-0.007027066481406196,-0.0006296779630854496,-0.015578347357292025,0.03739547863071302,-0.08518865283147102,-0.025514804278198255,-0.036210386012938876,-0.09238336190258327,0.11627645659622193,-0.10125605631920259,-0.06293126866756003,0.03973402152199859,0.06699622606066873,0.020431037643428088,-0.007892414076863242,-0.0731398771653644,0.07504410293484973,-0.10898520073576821,-0.007628683421424016,0.07387057732267584,-0.0005423853670040074,-0.14671891410899082,-0.07359559663932264,0.07348868196633074,7,11.0,3.538319174937952,0.006032379436386497,0.10058347449651797,0.1423430810786573,4.0,5,5,1.0,7.4,13,13.0,27,25.2,47,2,15,5,146,3,26,1,9.228705,5.5518665,1
28118493,Anticonvulsant effect of sodium cyclamate and propylparaben on pentylenetetrazol-induced seizures in zebrafish.,2017,0.1429958623987999,0.030237697398253265,0.01702546187235529,-0.04132806867401466,0.019135598596564354,-0.027840559029073817,0.3497740791575756,0.14503051302674635,0.007949242958163962,0.09923598778931277,-0.02630757815741641,-0.07149233108664968,0.1799639526498175,0.013025802398009535,-0.024203261428136953,-0.05228804427118659,0.03627581390540225,0.0396443930843059,-0.09340596406809337,0.010074474207579074,-0.035465525283719525,0.035073296282055036,0.021847648994734167,0.05251406237173005,-0.011066527133768812,0.032694636591837564,0.03984764357629908,-0.03998599564630376,0.0006561997490611056,0.00128441229769588,-0.07412972634264844,-0.1235584906536623,-0.03306215928279088,-0.03321489935477261,0.045527042013628845,-0.09272241249804572,-0.09349717206236645,0.12400793976138713,-0.16433765912719955,0.07793183005701235,0.12208767034438588,-0.1173191664710819,0.12634365636306255,-0.020733764320275377,0.07905094022900397,-0.21928439209385225,0.08049534516342188,-0.062098668671307276,-0.08838805324078156,-0.025715441483176955,4,6.0,1.7399637197302356,0.003209216425664298,0.044268774703557306,0.16125011463838165,4.0,5,3,0.6,4.4,12,7.2,16,14.0,37,2,12,4,75,3,26,1,8.26357,6.3599734,1
28098409,TRPV4 Contributes to Resting Membrane Potential in Retinal Müller Cells: Implications in Cell Volume Regulation.,2017,0.26586792497903466,-0.034970049024715746,0.28784898333906034,0.09704502971952643,-0.07867013287381193,-0.26507479688613844,-0.060400982423210146,-0.1077441142871502,0.06945725031358109,0.25199411701849417,-0.15547074603512218,-0.012431496545096031,-0.0769204735168616,-0.08557443668975431,0.07160172154777165,-0.01905777263130128,-0.09355442183253397,0.12962671917265925,0.042240971383003735,-0.024406736949987465,0.06541006908564613,0.013032188570091285,0.08556851482957434,0.0389441745731151,-0.14206675379837796,-0.08971851352919458,-0.09354681696344232,-0.01943426118517607,0.09008206086887911,0.01490667728980569,0.12426326953986104,0.007270150688439156,0.017829096449400332,-0.09725832611651661,0.13628124109731773,0.002471576718262261,0.03566712033138172,-0.08994323961469423,0.010470181953512885,0.05692318742188319,0.0775427175760493,0.023009410320695527,-0.0421699071093431,-0.11777975174337703,-0.10677506317621996,-0.037184364351838084,0.019889849083980712,0.08319490438459723,-0.0007543055611794469,0.06606429009981502,8,6.0,2.3911772992455234,0.00491733690849192,0.0009787314135140221,0.29796534038092204,16.0,8,8,1.0,9.375,21,30.625,65,59.875,127,1,14,5,151,3,3,1,6.21583,5.514178,0
28069463,Extinction and recovery of an avoidance memory impaired by scopolamine.,2017,0.21852335937933592,0.38480632786167185,-0.1526442039237542,0.2878082424075089,0.10438067555559782,-0.017562784815173284,-0.07361029926347877,-0.008008889835899435,0.13351335388011681,-0.12106491584395772,-0.038613699334570095,0.026796988097191943,0.15267708939623753,-0.023083874439788845,0.14914112374833638,-0.05310030757463904,-0.04554463087350021,-0.11538570860559941,0.17616825003542458,0.07335249851521951,0.09559506504946251,-0.0755449771408833,-0.04812494579705697,-0.022028319018647352,-0.0805242229001085,-0.010965831436476434,-0.06132638135012562,0.05083142115768805,-0.042682834390043854,-0.029747378707997034,-0.06927214291692144,0.03411236499514162,0.012049668170155629,0.06161130877025105,0.040585278157652616,-0.05527233021278875,0.0656714675172663,0.007932741397367892,0.004511067925133505,-0.040898316853592964,0.039196803606058414,-0.0348265795997171,-0.023279807897682747,-0.07042636899547663,0.018452336972050183,-0.13695962485244267,0.0793033245000886,-0.06381835801398897,0.03439580168206997,-0.06623838296348904,1,11.0,3.7371750278534304,0.008198138066974732,0.12403538490495011,0.13240866018677364,6.0,4,2,0.5,6.5,9,10.5,19,25.25,38,3,13,0,76,3,6,1,9.689979,4.1768513,1
28066234,Early Cognitive/Social Deficits and Late Motor Phenotype in Conditional Wild-Type TDP-43 Transgenic Mice.,2016,0.29773520978273327,0.2678999482329725,-0.08520449987717046,-0.19594616339713117,-0.10314888483432418,0.05481451848654137,-0.05942097687242237,-0.10456575623840021,-0.43010288442102895,-0.024797333888593016,0.06909629937394136,-0.0022880084279997014,0.16691408215901368,-0.33445859433864883,0.15603615859093953,0.09490831730640634,0.021674817656981017,0.01147021254323066,0.05489479204525526,0.10003605399978927,0.0035640713085143857,-0.0493491259497633,0.060852316995194645,0.09128591278339453,0.04199253577736012,0.049126761932945934,-0.08216243273293983,-0.06287112185480023,0.0009663395534560812,-0.07391405981209927,-0.0583847590044538,0.009597374933175846,0.07088619314422523,0.031419092953027375,0.07807040439587752,0.0038117821372895115,0.03182795478558379,-0.001208596084420035,-0.0350928461488715,-0.0009413285785221106,0.03905485686246487,0.01203562229268172,0.02493934440155162,-0.006384529863147679,-0.0032248228474838145,0.03491687245408498,0.02301303804834002,0.03970617875287487,-0.057497896907994714,0.01118861991769806,2,6.0,2.5503829802854323,0.0061970925472689805,0.015320910973084885,0.25544453695970154,17.0,3,3,1.0,6.666666666666667,16,23.0,63,28.0,76,1,0,7,169,2,4,1,8.5992365,2.2763174,1
28057514,Systemic effects of Subtilase cytotoxin produced by Escherichia coli O113:H21.,2017,0.32797175855873406,-0.2665449600053548,-0.28464169868599487,0.01000206698214525,0.022546500437147083,-0.0629340098412268,0.013543231361005909,0.13123032907466065,-0.04478885797013197,-0.07900623132951791,0.1038817686280931,0.18900732057676106,-0.046197763327624854,0.034876126190750686,0.10637342783879306,0.01157176715151578,-0.021795175558341557,-0.024875015855970992,0.01887512530512818,-0.0361824453768035,0.061359711671890436,0.14012212185058726,-0.008801440726896639,0.052560055400711965,-0.03991550345216781,-0.11535067425433111,-0.13639945586443644,-0.02780412609703032,0.06794829058211443,0.11130593911556055,-0.03591135740043143,0.09619884406667084,-0.0959711812120535,-0.048630779602051644,-0.12236346300066311,-0.06299944328695956,-0.0762055448106668,-0.07528236705265987,-0.00723590831693496,0.003081454965632357,0.08594978329443198,0.03542753031357259,0.23206763604416905,-0.06691106903938403,0.1877998034027664,-0.014673080607256594,-0.060670260328566455,0.15853668177348937,-0.01098341337528795,0.0014544729264969118,5,8.0,3.0465625030917822,0.004608405663711408,0.0012422360248447203,0.21031467834209883,18.0,12,8,0.6666666666666666,10.75,45,46.0,137,80.58333333333333,267,5,14,4,145,3,2,3,3.591595,5.5231795,0
28042026,Dexamethasone prevents motor deficits and neurovascular damage produced by shiga toxin 2 and lipopolysaccharide in the mouse striatum.,2017,0.2858311333760053,-0.07663838465731075,-0.2166506420697366,-0.09275963968803808,-0.07878700073101516,0.05309901661072228,0.00995556406092974,0.012263239130972303,0.03473082969365438,0.09894780805612713,-0.011680828189934874,-0.06362754978776232,-0.03144360985510116,-0.08150013758696069,-0.08433615127885126,-0.04896797569084582,-0.22482848932534397,-0.31742383463831714,-0.21784743475513932,0.2019605872914529,-0.038948973714197574,-0.03490189086828583,0.11892494020961063,-0.017786318037440258,-0.15639983638782834,-0.11926910651876063,-0.01536304869186545,-0.02497330337978776,-0.07843088101671891,0.04458206050620904,0.07358576000079511,-0.034125189071794626,-0.057922388971173744,0.047920501605945284,0.025108693611326817,0.004457553873764444,-0.00035984990740221346,-0.021893207743205606,0.05860976825379213,-0.04312334472598879,-0.01881282008786007,0.01839560924248032,0.061330325363858094,-0.000724621233944042,0.11946563005804357,-0.0535788129479531,0.04595013311162676,0.09656718078799002,0.07749911281321364,0.06456185171799048,5,4.0,1.4127259298817412,0.003112169236710519,0.00015057406361754187,0.18277045451990345,19.0,4,2,0.5,7.25,10,26.25,38,46.5,61,3,18,6,109,3,6,1,5.8371525,4.6289487,1
26842625,Podocyturia is significantly elevated in untreated vs treated Fabry adult patients.,2016,0.15010519734493172,-0.03300584359254899,-0.05395180725479629,-0.34313184154768156,0.6780398869036499,-0.15676399925954235,-0.08631371577280243,-0.12751920937335187,0.05450240239463105,-0.012846457073095053,-0.019550438471120552,-0.009996722369750603,-0.010533683830152381,-0.06058992169030383,-0.007129815682454873,-0.09920846973209285,0.1340065576643524,0.017343599553524835,0.03954809116747961,0.06811528551941277,-0.05892564137147753,0.01427894831431236,0.04460954448629026,-0.009250281350827467,0.06093065512008482,0.0355119815576106,-0.038234150339670134,0.01713935395804206,0.021773453074115733,0.01583084661417794,0.07871154764976493,-0.029757190923262962,-0.01107135636750416,-0.024228006843012014,0.0486523267918188,-0.011647275586236867,-0.021381264003546483,-0.028423747375980045,-0.031549965915849985,0.023600426822493453,-0.0358357971856864,-0.005874617551110691,-0.012970573531843688,0.02587646719960665,0.04021768538351055,0.026598950434383723,0.09745923103289605,0.0028366893482681976,-0.023660995252624436,0.02495439564361306,0,10.0,4.720237823161322,0.007094887738704434,0.0006022962544701675,0.26915724733887053,13.0,16,2,0.125,7.625,25,28.3125,111,101.375,235,7,24,5,152,2,7,1,3.9270723,1.3039681,0
27733175,Increased urinary CD80 excretion and podocyturia in Fabry disease.,2016,0.13711124718789014,-0.024854563574956915,-0.02175499297774647,-0.29177306984535384,0.5425748819351734,-0.12459930436481519,-0.06820279925340107,-0.11354182224402476,0.02155179091963015,-0.03555057613955975,-0.037311869801721936,0.030063170898028627,-0.00983546909097218,-0.029853153815856234,-0.06979272098511057,-0.11371357452810152,0.027767952536569905,0.01999978389522147,-0.00842375657695734,-0.02283151159830816,-0.022278434308966248,0.0493053558542486,0.0197616491600814,0.03389460548062317,-0.1115404410478616,-0.2924707416544213,0.15650797627393256,-0.12188019486988282,-0.03121772182429279,-0.21682197350305307,-0.2557462332654391,0.14638723635545528,0.10194910825017671,-0.1364762145092129,0.07115779493041041,0.035865379067647175,-0.04767338394610054,0.028964214045938175,0.02070139544607922,0.052992692778966,-0.07285934340493352,-0.05771005040885927,-0.02643824218037011,0.0007575008378147855,0.02288774750384917,0.053281971823885874,0.0146187673683661,-0.0009979695398293759,-0.020090185989632452,-0.021593648876774188,0,5.0,2.730924635955189,0.004092991204194912,0.0,0.4947003996305373,13.0,17,2,0.11764705882352941,7.117647058823529,25,28.176470588235293,111,94.88235294117646,235,9,17,7,142,2,7,1,3.696903,1.4928322,0
27695468,The Water to Solute Permeability Ratio Governs the Osmotic Volume Dynamics in Beetroot Vacuoles.,2016,0.19047805936190376,-0.03149101613374725,0.2558022402352867,0.08975375053041997,-0.002321819100591956,-0.09341978860368783,-0.059278603116767095,-0.08371035866112903,0.06301282551004801,0.3944960604477408,-0.0826798053877891,0.31522686349358015,-0.02862672461316452,-0.13688417254920157,0.0332365274925338,0.06736999193637029,0.05294836882383679,-0.03181173916660947,0.0581168206266653,0.020774977035499007,0.02916781455273691,-0.05388272652113907,-0.03296981271660777,-0.04219006507514149,-0.13952260043165707,0.03328266060911678,0.06662975803833757,-0.05220927805187089,-0.03584710758341755,0.0059786821233676155,0.04063036028133592,-0.025983350248487982,-0.034884012817991555,0.08213950648152402,0.05477788774264075,-0.011375932283506411,0.02014798083275941,0.07513180346861237,-0.0066964755064583565,-0.028702614447761083,-0.027973123823358252,-0.10463497985882242,0.05413365969591234,-0.02480348206140375,0.04454976543304526,0.0008603180014021509,-0.017008269204560812,-0.062154757609526566,-0.0718395241104267,0.06320214900224642,8,9.0,2.8193196364163677,0.005813784055774329,0.009260304912478826,0.10699023151104199,15.0,5,1,0.2,1.6,2,7.0,11,7.4,11,3,0,8,185,2,27,2,7.044014,4.735355,1
27625602,Observing Grasping Actions Directed to Emotion-Laden Objects: Effects upon Corticospinal Excitability.,2016,0.1707170343299271,0.169730616821413,-0.07597797699229711,-0.01884815698688655,0.0022657272623188692,-0.040103752391856255,0.04015796032496801,-0.017603440692408098,-0.08631329243767567,0.07632127647377106,0.111530692028789,-0.010838111085070585,-0.1390805395810915,-0.16978065658454242,-0.13981747088971205,0.2611243297185785,0.010723296531738015,0.03144765083287196,-0.23074204442795573,-0.16527004325812217,0.00924654668237193,-0.09020991023944316,0.0774858912096767,0.3406555627255429,0.11994216377461768,0.08171105264993483,-0.06562742410459968,0.11655442777146585,-0.03354316064496879,0.07144798862363981,-0.15855011998727409,0.02013057110726498,-0.029211387394133877,-0.18941277113132268,0.09391555323283678,-0.023355190224083913,-0.04025197371598669,-0.043852986099280726,0.0054394626296550095,-0.006253502021958892,-0.10271469444570396,-0.07638414313854103,0.07127555729958866,-0.06632370726271396,-0.09072525658268228,0.0096402583203629,-0.0626068058820449,-0.02913682000656203,0.030024514585073863,0.001154907494115101,4,4.0,1.3149198951911656,0.003392910793042699,0.03948804818370036,0.10518724109795445,17.0,6,1,0.16666666666666666,3.3333333333333335,15,10.333333333333334,37,17.0,77,5,0,5,116,2,10,1,9.106843,5.0291514,1
27568555,Decrease of a Current Mediated by Kv1.3 Channels Causes Striatal Cholinergic Interneuron Hyperexcitability in Experimental Parkinsonism.,2016,0.1668883684312861,0.144913954551496,-0.018113097554583908,-0.2343586356385856,-0.1660061617523481,-0.11251776561163207,-0.09415808864525706,0.051852484990246736,0.5264951720746937,-0.010701475501733311,0.12846643977416528,-0.017302592275432745,0.17335510399020557,-0.07491993558684638,0.1699539142511872,0.08768154000441364,0.018821062939704744,-0.08182831310571922,0.04406921523130018,-0.12040165323084494,0.04960908019581575,0.06113518500835989,0.07085647562751347,-0.004115496657569954,0.07807097870194193,-0.14026365977049346,0.04006444447661643,-0.008972257689138079,-0.04749146439376481,0.04695798774914915,0.025031202366341265,-0.1417520305975213,0.09597978148054015,-0.03132575226296611,-0.034041299367084416,0.03330998947035531,0.04879271575714265,-0.13054142843613786,0.03781155126161989,0.01659405847485575,0.02230293885732926,-0.13541729270680483,-0.11461413655042903,-0.004464114112092939,0.12619073240188292,0.027007625931460208,-0.010552063819662089,-0.014099282791937008,0.0005352305679473692,-0.014351906347485904,2,6.0,2.521701266974971,0.006143929775670591,0.09666854884246188,0.2474778282980794,2.0,9,5,0.5555555555555556,6.666666666666667,27,27.666666666666668,110,42.333333333333336,175,5,15,0,87,2,1,1,6.0323005,0.98362017,0
27527816,Immunization with BLS-Stx2B chimera totally protects dams from early pregnancy loss induced by Shiga toxin type 2 (Stx2) and confers anti-Stx2 immunity to the offspring.,2016,0.2902166025422409,-0.23436892234998752,-0.22737275227207182,0.011567981067181689,-0.012701020163015019,0.2199530702763038,0.0064825601193648314,0.19819950472846534,0.039882330783181236,0.03415482316534325,-0.10511791909756418,-0.0835891539990885,-0.3042654219982343,-0.18085144070177683,0.10022732575487958,-0.0689340533437639,0.08992790648561234,-0.12536554347210904,0.04652296792553821,-0.14774305504223284,0.027406659272508578,-0.02770168959927141,-0.032442858329130235,-0.05059662286844531,-0.04985478925376562,-0.009491920828431312,-0.03848580612129427,0.001968419586341437,0.0998546853149885,-0.01580913181618941,0.04043019688947825,0.038764284259938595,0.050024028871316545,-0.03643033877558773,0.14483476350588895,0.02856180058254936,0.12372258204251897,-0.00043240326137503613,-0.03705489684047363,0.04588787394260841,0.021397023305643317,-0.029288827408091123,-0.033933383668541664,0.02788243381797601,-0.0025434704000537036,0.05819604491597258,0.047445513726641984,0.007382909505528588,0.0227314909521933,-0.04935915952295242,5,8.0,2.6735100355632917,0.0049031609146532665,0.008432147562582345,0.10227718924646831,18.0,7,4,0.5714285714285714,14.0,32,64.14285714285714,126,112.28571428571429,241,3,19,5,123,2,2,1,3.9257321,4.052608,0
27521227,Effects of shiga toxin 2 on cellular regeneration mechanisms in primary and three-dimensional cultures of human renal tubular epithelial cells.,2016,0.3542640856053633,-0.2943118517242567,-0.0624712962280468,0.12455488330945386,0.014799056595765022,-0.2633334819558117,0.00040961103378299706,0.15325814839944202,-0.10933119618192402,-0.18388830409274945,0.2817611736706244,0.1334419279612103,-0.056995902304476986,0.16219355690665108,0.20951178424573208,0.06839036847759007,-0.03216656411357898,0.07144346166943602,-0.07837625740308408,0.1361508127372745,-0.01721543808009047,-0.25711679476809923,0.08025810965717874,-0.05454743212660351,0.046536057775229824,-0.03325981044027751,0.17490796848667145,0.011917611943672836,-0.008179635398212079,0.0653911695278715,-0.025162038206198615,-0.006749950677605748,-0.021440338298054376,0.03768154015965862,0.07418044227938406,-0.025358746904179642,0.057351970042447936,-0.05276378256747538,0.05065722418868158,-0.030148938041319354,-0.02217236339326245,0.049193420488995096,-0.16772686302406445,-0.013005232374710272,-0.07119977267575192,0.0014526697183958,0.03732270900728837,-0.08379366885059379,0.009780089892628914,-0.034579083079486074,5,6.0,2.9578929568742693,0.004424916088750294,0.0002258610954263128,0.34226864724109257,18.0,5,4,0.8,5.8,12,16.6,25,33.8,62,5,10,5,146,2,2,3,3.1613452,5.393043,1
27488203,Endocannabinoids participate in placental apoptosis induced by hypoxia inducible factor-1.,2016,0.31099928846552527,-0.018506144151502167,0.2514143062156563,0.03300438574123132,0.04115672247609037,0.15694507244228725,-0.0079119633099316,-0.0095861110589679,0.005016705003323457,-0.13129847819476526,0.09407147098986225,0.04649981661055772,-0.00385292685343164,0.034593485384271205,-0.09245815726168527,-0.06441770682451779,-0.17908981574599567,0.021125441447128347,0.002619700997608171,-0.19875638867915196,-0.08906518670335659,0.022558544009617914,0.04122567913838887,-0.14915337708930734,0.04129911820983607,0.05085339187527775,-0.006256400629622599,-0.16047683950128688,0.14237978005243013,0.054892143337995095,-0.043455844040497744,-0.15762973213567189,-0.07023741530497585,-0.10119471411101419,0.1614295416162915,0.10950666323275535,-0.015483078567114526,-0.04189752048854671,-0.06913218482034988,-0.010003299212365936,-0.06387664960080895,-0.013586082309911486,0.045246824747635854,-0.0087759032715334,0.012207531072403818,-0.03082230534726718,0.04057083375287144,-0.027505793231704035,-0.08355746622439013,-0.03203117935700745,3,5.0,1.5648700820090822,0.004275028909679211,0.0,0.1706927418405141,11.0,11,3,0.2727272727272727,7.636363636363637,45,29.363636363636363,137,47.63636363636363,267,9,13,4,103,2,0,3,4.824522,3.1507316,0
27431292,"Inducible ablation of dopamine D2 receptors in adult mice impairs locomotion, motor skill learning and leads to severe parkinsonism.",2017,0.2663307255645118,0.24084705409109977,-0.09556047828141605,-0.17704151524150438,-0.14074480233529213,-0.0016552798013663625,-0.07623812841514578,-0.019893513379269628,-0.11227193129443473,0.10543957087441816,0.26281225206809433,-0.054650266907637565,-0.08681311094625582,-0.20604962485207268,-0.06252992187167451,-0.05990524394958661,0.0005276041899005582,0.1005075191486087,-0.053727713371020974,0.04391612533645687,-0.06206564866289482,-0.032361302905709946,0.03129155312814829,0.12438549950606052,0.0014805495540497202,0.010500575753957747,-0.09229964887472474,0.028511666849102838,-0.030629412136119093,0.012810632972653318,-0.09066883142593568,0.06218892778232607,-0.04173107208395748,-0.0758004035120561,0.04574239025639428,-0.10759437285316072,0.17481317333045968,0.07812554863381443,-0.0656219428906974,-0.08041129513922504,-0.06126501406266552,-0.01820934154274219,0.005328082699811365,0.03115723744016894,-0.05200905987273989,-0.05898233265821037,0.0011111637185630236,0.16664214213365028,-0.008582623431242435,-0.13311867320434673,2,8.0,2.3127910616277734,0.00619982872820378,0.1238095238095238,0.060943344549712355,17.0,9,4,0.4444444444444444,5.222222222222222,27,23.77777777777778,110,32.55555555555556,175,4,16,0,133,3,9,3,9.648879,3.5551205,0
27419661,Chronic pregabalin treatment decreases excitability of dentate gyrus and accelerates maturation of adult-born granule cells.,2017,0.19213880548460227,0.07689954579977956,-0.019845313284823023,-0.08370768325718489,-0.09430697909826871,-0.08232214622569678,0.02735708043622545,-0.013479738458684082,0.018071051864582695,-0.0002476703282538427,-0.03855718140683587,-0.01847980027104531,-0.04366860387109284,0.22682996795739674,-0.06023618754131214,0.13931961831720108,0.05133178894073172,-0.15110934294955602,0.13814248114955932,-0.04274171633989922,-0.2112478782060282,0.032778757565548974,0.06720691529344996,0.02375687712516441,-0.09310199337360088,-0.002312517735452879,-0.030523652088841655,0.1164361996262816,0.08319832319530412,0.007663364766538693,0.0009762645392920625,0.008329547245736117,0.041212150940700756,-0.04960220742350428,-0.05233663299145312,-0.05817706652811299,-0.005232432402052262,-0.1827096545876993,-0.04026409777394381,0.037569695166973734,-0.056641586256206786,-0.061863038446097494,0.10182125703025262,0.12296889405293188,-0.07651000736855419,-0.1268542702877278,-0.06993156759269482,0.08460208591430513,0.022438412781009106,0.09387002997994065,4,2.0,0.5899207822923047,0.0022528901680335103,0.005533596837944663,0.0,4.0,5,4,0.8,1.4,3,6.6,17,6.6,17,3,11,4,84,3,17,1,8.104831,4.818164,1
27342375,The unfavorable lipid environment reduced caveolin-1 expression in apical membranes from human preeclamptic placentas.,2016,0.0,0.0,0.0,0.0,0.0,0.0,0.0,0.0,0.0,0.0,0.0,0.0,0.0,0.0,0.0,0.0,0.0,0.0,0.0,0.0,0.0,0.0,0.0,0.0,0.0,0.0,0.0,0.0,0.0,0.0,0.0,0.0,0.0,0.0,0.0,0.0,0.0,0.0,0.0,0.0,0.0,0.0,0.0,0.0,0.0,0.0,0.0,0.0,0.0,0.0,4,,,,,,,9,2,0.2222222222222222,8.88888888888889,45,29.11111111111111,137,51.888888888888886,267,6,11,5,0,2,0,1,5.4283314,2.2398317,0
27321160,Reconsolidation-induced memory persistence: Participation of late phase hippocampal ERK activation.,2016,0.1543885401646166,0.28330806147470594,-0.12829245252333785,0.2616738636424946,0.12418885813162234,-0.010085121245400282,-0.03192635864544003,0.017438130732194648,0.118127250290253,-0.09912853458119728,-0.06628609088834017,0.02873737251132629,0.05771593038095106,-0.01898534148573045,0.08676340003196154,-0.004304246354177334,-0.06430575167736985,-0.008314581141784334,0.04608317234602276,-0.03279654022036674,-0.009734454596406511,-0.04846697416416768,-0.036666419102879544,0.1041637779175787,-0.09926441050140729,0.07522590822780317,-0.054871829507518614,0.030172602702162293,0.019765276340710937,0.07384910241510341,-0.06100122626651241,-0.04016409884438023,-0.0269338525803125,-0.03206118509194667,-0.11042787292430949,0.0020632692178581273,0.09984538078696353,-0.013476026206418789,-0.1311191976728914,0.1298741962302702,-0.019394775972900777,-0.05818851776136384,0.06982866906986158,-0.07310405665535545,-0.015119183407177729,0.14716279808107843,-0.07396840929068411,-0.06361742097631849,0.17111647280717723,-0.025708735966726525,1,6.0,1.9614419688153242,0.004309459914340341,0.0044795783926218705,0.14667338347226974,6.0,6,4,0.6666666666666666,5.0,9,9.166666666666666,19,20.0,38,5,11,6,72,2,6,1,9.368461,4.556218,1
27225760,Loss of Homeostasis in the Direct Pathway in a Mouse Model of Asymptomatic Parkinson's Disease.,2016,0.27114241250892956,0.19891616399996515,-0.04484785587443801,-0.28479651601731726,-0.16732892905595947,-0.06739211389281563,-0.08043477496644696,0.019377951847067518,0.021170180048671553,-0.007278938351918528,0.0681180083757193,-0.018927580946454973,-0.11091542746499874,-0.023502007257626335,-0.07016852382180878,-0.014882452927357131,0.08892585900808726,0.12020610255131377,-0.09527040851764056,-0.05625673050922506,0.07318801985259007,0.008082508663839206,-0.04437199649565971,-0.1456728095863455,-0.022268344358677597,-0.04039515193261829,-0.12220471485960449,0.014318978536271017,-0.14079281391641366,0.04211134199176763,-0.15580235682412033,-0.0589347495751294,-0.07953805407243145,0.08468995714179951,-0.17547356943806164,0.015832195858100227,0.1796728289623922,0.006207332666996595,-0.08703008022031032,-0.060441967634097614,0.053877682676849406,-0.051670866557813847,-0.008987153441000102,-0.06825190602667722,-0.11783718829936286,0.04537180885111407,0.1690839545373383,0.08755806750468681,-0.12015457346946294,0.03196116470059404,2,7.0,2.0572281804569483,0.007887517875982446,0.13476378693769997,0.01388815954240916,2.0,5,4,0.8,11.6,27,50.0,110,73.0,175,3,13,5,201,2,1,2,7.363596,1.2053477,0
27191152,AQP2-Induced Acceleration of Renal Cell Proliferation Involves the Activation of a Regulatory Volume Increase Mechanism Dependent on NHE2.,2017,0.3542414710939808,-0.09737472553902095,0.3484580058322351,0.1497788867650761,-0.02912613073840327,-0.3118429698196427,-0.03976405144410682,-0.023941843731536423,-0.019010822819682565,0.1746315609406545,-0.05324038473498964,0.02221536084337708,-0.07957021592873197,-0.09735381806038204,0.07198755156733476,0.048934427428168975,-0.0688040546333182,0.07906454277590651,0.0039988723572562685,-0.05463045723406111,0.020505158737008113,-0.08344343366353904,0.08039206107666211,-0.09035100863193972,-0.07759380786507841,0.021991442712450182,-0.027850158017794165,-0.02968313002415728,0.008332883625243273,-0.08760343338468993,0.020740935472699982,-0.0778184657641506,-0.06381067971494009,-0.041373165320792125,-0.02018278699105086,0.13089962586300638,-0.018903279649589256,-0.018369366951959648,0.014023779565766599,0.002470250636056137,0.03666413805075478,-0.01462709600158472,0.07608276616266038,-0.07036242283716518,0.08467358552212066,0.026615811568165323,0.062365916563597294,-0.07071226108783275,-0.06132292489125361,-0.046463757137977485,8,12.0,4.028376260436495,0.0078078656890025865,0.018784114436288347,0.10371279969104051,16.0,5,5,1.0,11.0,21,33.0,65,69.4,127,1,10,4,130,3,3,1,5.8434086,5.7063413,0
27130259,Memory consolidation and expression of object recognition are susceptible to retroactive interference.,2017,0.18577232152369993,0.2693289278699542,-0.09225115385865408,0.21548643189139438,0.09674743398251032,0.0032788875210889973,0.03631847078272251,0.029335066107528195,-0.03006787171156044,-0.04357989910615617,-0.06579402062214465,0.04288256020261114,-0.08556862066503888,-0.08934284737567444,-0.06489526726697575,0.18630318219706038,0.05874454943854954,0.029492836334626692,-0.18495464327982752,-0.12070753711404898,-0.031526515100999554,-0.021827988568945692,0.0735130234027175,0.19716762989359446,0.0757411813347887,0.06811819113833195,0.014711752078530298,0.03309861292994275,-0.04336300544191999,0.04718526071211977,0.008184985906281587,0.0478540228063048,0.019092548969139304,-0.13817577250804058,0.06818629461709674,-0.002194390918078735,-0.055624667595873964,0.005200372884873381,0.11178277847467713,-0.07121553968501354,0.025177711655844662,-0.10160595695581645,-0.007401484470627337,-0.09955779674125662,-0.049344723369852836,0.13056284606216192,-0.018705634902366156,-0.16986296317694255,-0.07245822231982113,0.08874783246840204,1,6.0,1.8652453508188174,0.0038932847200907218,0.018294748729531338,0.14859834429865934,6.0,5,1,0.2,2.0,3,7.6,11,8.2,13,5,12,6,108,3,4,1,9.235851,5.1661525,1
27016779,TPRV-1 expression in human preeclamptic placenta.,2016,0.23577189916819502,-0.01573465996086481,0.20102071062305296,-0.010668394261724152,0.04164746331418651,0.302610377070558,-0.004652464812328313,0.0254807322505654,0.027269202733088117,-0.15088987574369728,0.09678616955448216,0.00843778159672731,0.005389273501892912,0.025284422472772718,0.003703223312339796,-0.03546279019016814,-0.025870455715506037,0.15843394579316822,-0.039094897520871925,0.030185804822002945,0.06311680304703393,0.0019680159457430607,0.16541584687240463,0.07129693841356478,-0.14683480544908042,0.0062858663777061495,-0.03475453374720014,0.09317406248524261,-0.0780062956845928,0.010279049582628298,0.14554410536462492,0.01830361284415366,0.1752110546478097,-0.06648078167351354,-0.010712184870232264,0.005097667834307314,0.06882807288612504,0.10478107857762624,0.1352380547918844,0.17527063042218016,0.003365708888504212,-0.019372707432133957,-0.069767126480216,0.02523331935151985,-0.04748561747283128,0.026743817985795594,-0.013186997467385567,0.12192619425444123,0.005597922060267285,-0.03619832203049768,3,4.0,1.3020997576438897,0.0032261557558028796,0.0,0.21843955058611508,11.0,5,2,0.4,15.4,45,46.2,137,88.4,267,4,9,3,43,2,0,1,4.497636,2.5927384,0
27016670,The dicrotic notch analyzed by a numerical model.,2016,0.11033209520519939,0.018282184739414283,0.013132643165151331,-0.030912535611748025,0.03397631380558974,-0.013143814026801115,0.009824728403941963,0.11176587308993785,0.0001726502288770832,0.1403839910302146,-0.03728765887379693,-0.09240225712183966,0.06715517247397909,0.08335248292467155,0.023519503334731812,0.10936752403101409,-0.055040065076124994,-0.008638849506807324,-0.03850080797200687,0.01157814894535124,0.018122607009648996,-0.016520087154839096,-0.17633820127990096,-0.019390894614740587,-0.03266793429131844,0.13296100775654485,0.03306749632972205,-0.1774211553272876,0.14691924320422278,0.11196956174694113,-0.20510244463024274,-0.02664133697227701,-0.08344721079336678,0.008098782843334833,-0.019378244000239887,0.11705706211642734,0.03890155221122187,0.18973240226040236,0.3622081618813479,0.06223620368861941,0.06459077891664004,-0.12231462464775217,-0.11338941270429756,-0.03858281361900104,0.018966172889425464,0.02343544260399774,0.2264791811885984,0.24426652884544067,0.2196042459150188,0.14808841958216143,4,2.0,0.8106584767005365,0.006279854985470294,3.764351590438547e-05,0.0,1.0,7,2,0.2857142857142857,3.2857142857142856,7,13.714285714285714,29,21.0,47,6,4,4,109,2,3,1,7.035735,3.9068801,1
27015899,Erratum to: Podocyturia is significantly elevated in untreated vs treated Fabry adult patients.,2016,0.0,0.0,0.0,0.0,0.0,0.0,0.0,0.0,0.0,0.0,0.0,0.0,0.0,0.0,0.0,0.0,0.0,0.0,0.0,0.0,0.0,0.0,0.0,0.0,0.0,0.0,0.0,0.0,0.0,0.0,0.0,0.0,0.0,0.0,0.0,0.0,0.0,0.0,0.0,0.0,0.0,0.0,0.0,0.0,0.0,0.0,0.0,0.0,0.0,0.0,4,,,,,,,16,2,0.125,7.625,25,28.3125,111,101.375,235,7,0,0,0,2,7,1,5.51829,1.9379611,0
26942026,Podocyturia: A Clue for the Rational Use of Amiloride in Alport Renal Disease.,2016,0.20408918835469825,-0.06517084427269684,-0.08613667096088602,-0.22329249808485419,0.3762595229613895,-0.140084259249689,-0.06431821872513348,-0.011735075450883311,0.06663512847675417,0.002377519385211779,0.002992531967806758,0.004645729094096531,-0.05017159537967036,0.022700602873781554,0.09364640592083114,-0.10964236538766588,0.04823399419473223,-0.004150785740413555,-0.07758690361417091,0.03307984863219421,-0.07823557129584456,-0.012705581769757984,0.028861330172014376,-0.06369892951444174,0.07277741426118886,0.10191353936083726,-0.1503884160069652,-0.032604498453562704,-0.11350307826809788,0.06467655466454136,0.09531488675206093,-0.0034927470009485807,0.007126197642167502,0.10258426142763702,-0.032822435169029364,0.06572078642318441,0.04400735326862416,0.021527349248809176,0.026538450921978603,-0.02752028729448204,0.0786561177268181,-0.13819590921129293,0.10513044326839398,-0.11283825143378731,-0.14781754506329592,-0.04181404135378044,-0.10126446870172694,0.09055759746131467,0.0021512825920152667,0.022454348279303024,0,6.0,2.1240108540988185,0.003301311464041181,0.0,0.38458999080388623,13.0,13,2,0.15384615384615385,8.461538461538462,25,30.46153846153846,111,109.46153846153847,235,3,0,0,121,2,7,1,4.276058,1.1302816,0
26779016,Serotonin 2a Receptor and Serotonin 1a Receptor Interact Within the Medial Prefrontal Cortex During Recognition Memory in Mice.,2015,0.23203609903256706,0.3491636266708175,-0.14261304816800593,0.25515292580826254,0.0658751325104136,-0.006203033808788365,-0.05247606476181344,-0.007834562487478922,0.03262377914821588,-0.08528884338255706,-0.08603533787825961,0.029343479576051153,0.05282182282708919,-0.001551681332283736,0.09976762319478207,-0.10704332304755759,-0.026540979153976886,-0.07070770303018666,0.07048016218655136,0.1297473800367297,0.003815797278252598,-0.016067278786377738,0.00018762352769477616,-0.04633233017475439,-0.0560931364675969,0.0358149270872691,-0.022713677714360635,0.007368720923622017,-0.0029792746499393715,0.0019603900561033765,-0.03492604969293302,0.03937724509832379,-0.019633037031542393,-0.07611035181684064,0.05678812474388222,0.012095034189928126,-0.02600743036941874,0.09042307384669465,0.052551690991479286,-0.13443541505659784,-0.06168609106536431,0.08653760402269188,-0.028955764498735277,0.01365723510941486,0.015151468566850785,-0.11216818577645371,-0.03248329717782121,0.02178866295744028,-0.08587241321621063,0.15478691332242217,1,7.0,2.2660927713829833,0.005235846373757879,0.00399021268586486,0.18529928663074577,6.0,6,3,0.5,4.5,9,14.333333333333334,28,25.166666666666668,50,4,0,5,107,1,17,1,9.371282,4.2646456,1
26656723,Functional Evidence for Memory Stabilization in Sensorimotor Adaptation: A 24-h Resting-State fMRI Study.,2017,0.2218068313012447,0.4026231285968047,-0.16637610512286904,0.2959538141916597,0.1333522482073815,0.00480307852137373,-0.07968668776631199,-0.00680152042068733,-0.0028549061790831996,0.10003856169309455,0.1637042973065571,-0.03789278210686852,-0.014929251709297084,0.019926167203845758,-0.02406946670635181,-0.11298326719447296,-0.006239466440457726,-0.007367804928979207,0.10812556076498361,-0.03691862253295499,0.0678846203634182,-0.04163763211095687,-0.06825485213646623,-0.005549810549453646,0.019423213378478216,0.0045700422660975865,-0.05044873232632525,0.03805918844057537,0.013704023187287166,0.008838236048259188,-0.052006557717709484,-0.056135331917041946,-0.007243465154389409,0.01157457198304054,0.01844828252231666,-0.07970539448541539,-0.006011101127850781,0.04361875349345521,-0.006854546680695628,-0.022718936945897657,0.0020227821508107644,0.03021740725242635,0.04100137213126919,-0.02799541709644854,-0.058694447521814935,-0.01814667193437974,0.00848272815040769,0.04410316339610079,-0.006026944121224376,0.017884045290758207,1,14.0,4.211070102270771,0.009985024362310465,0.11315640880858271,0.07230075716769045,6.0,4,2,0.5,5.0,15,13.5,37,24.0,77,2,19,5,118,3,10,1,9.763552,3.8669736,1
26568619,Placental programmed cell death: insights into the role of aquaporins.,2016,0.3075477251034802,-0.03646987269254748,0.3011903944983196,0.016823922292957764,0.07694045494157759,0.2232423052257955,0.009868805896601524,-0.06854976451634047,0.06121694413401718,-0.10328953082517252,0.1343331714903127,0.18211130529707212,0.10146165215261216,0.009491585581837892,-0.18093654743437318,0.022560111671326183,-0.08507495056317788,-0.04736661935033684,0.019581014757468453,-0.14376626311747887,-0.03008744536310245,0.036168514639256084,0.07540367738622401,-0.19329611390929163,0.08208021437485681,0.04084698497846368,0.027867312121669954,-0.041982924865429996,0.05332537752651338,-0.009814199486405118,-0.08339738411592858,0.024655036848482557,-0.0479501996893826,0.0038320260369827863,0.11384406024577572,-0.05850280486469854,0.03246462730410459,-0.03115389455514239,-0.048808736622290884,-0.16936175083138347,-0.009761344555534075,0.05057530662754858,0.11875062989779661,-0.02718514059926928,0.020452213115415292,-0.04808255797015635,0.06976088621894437,0.01319448793457963,0.07591388945507392,0.038057984243866735,3,8.0,2.5388074757742194,0.005916580695353578,0.012497647280255975,0.12790055413912363,11.0,7,4,0.5714285714285714,11.142857142857142,45,41.42857142857143,137,69.0,267,5,19,6,351,2,0,1,4.6541033,3.1855142,0
26493441,Dorsal medial prefrontal cortex contributes to conditioned taste aversion memory consolidation and retrieval.,2015,0.20606859230620095,0.3846697973235202,-0.13807829153474296,0.3646509041085393,0.12677484717393353,-0.023368407017982363,-0.041927964525567435,0.03292453035157259,0.09101053790862547,-0.18007559920706315,-0.1874177304738302,0.07089115386670419,-0.02523584804758485,-0.024120821670216994,-0.03983771586004746,0.04696739200291381,0.06905539478308666,0.09422996341511813,-0.11200458563718119,-0.02000322241753068,-0.12196022231076319,0.0266495618059142,0.01589162200626124,-0.03909137392795922,0.004738005449046089,-0.05171266864526916,0.0158411583978288,-0.047038335242746664,-0.09130428944995261,-0.02382479578742633,0.040419911431479605,0.005077940778816684,-0.0008384522137795088,0.07811288046377439,-0.008802676274956015,-0.00038108870260272114,0.03801147995624161,0.012053485496687758,0.06566313314844904,-0.0846018416018886,0.08782592646871265,0.07665696700635445,-0.03184440885347973,0.08507058393673401,0.02133135096185587,-0.11798713137929762,0.055730310559674666,0.10573052772447368,-0.04437944329360916,-0.04446491363994766,1,12.0,4.262301294854382,0.008368482615974612,0.008018068887634105,0.13430879431858753,6.0,5,1,0.2,5.4,16,21.4,63,25.4,76,3,19,5,60,1,4,2,9.705772,4.7874656,1
26484945,Modulation of GABA release from the thalamic reticular nucleus by cocaine and caffeine: role of serotonin receptors.,2016,0.19365381218870129,0.10158340496178579,-0.0025805022536093836,-0.10631502122019396,-0.12286454280010554,-0.07054621372169492,0.017580630684051076,0.00927398573629648,0.056296078106439815,-0.09681069257664351,-0.10882863990045481,0.07135925395620502,-0.029315879918452255,-0.01024968396854006,-0.07168582453267575,-0.09347720123370719,-0.12057227570662721,0.09986880315925124,0.065529034519663,0.2484622149617269,0.05184759497400008,-0.008269652481116095,-0.13066159044051315,0.09189489982609968,0.1050442068069302,0.04782083962261197,-0.00795167381120831,0.0015409750768472091,0.22742646158327856,-0.018619949903129415,0.08881392567604955,0.11780506825029324,0.0009819001511240694,0.019545786677146258,0.03608025567001595,0.03842086212703086,0.0022743528934992784,0.07557091681345775,-0.08766734148364591,0.0174032809971515,-0.11305619826194563,-0.10435420331703503,-0.009566691530794367,-0.06157102558196285,-0.010690363770450502,0.07532743509392743,-0.09479460860748534,0.0404884457239233,-0.03215030952188357,-0.0749854064294416,2,1.0,0.26276213039186214,0.0013684001046200436,0.0,0.0,6.0,7,4,0.5714285714285714,2.4285714285714284,9,12.0,28,15.285714285714286,50,5,20,5,156,2,17,2,7.6590304,3.961041,1
26470817,Activity of NA(+)/H(+) exchangers alters aquaporin-mediated water transport in human placenta.,2015,0.20244116547394012,-0.03220914875617862,0.2756817549197905,0.07310385701345808,-0.014552249692344189,0.06403625190620477,-0.06150766046640331,-0.054009864518062015,0.0990294418672293,0.27261693739660814,-0.023529035473029387,0.38878933359750745,-0.016411980986414807,-0.10705386163568678,0.010139997685881228,0.023407341845953486,0.1182839427276024,-0.08425079074173678,-0.014157468209559312,0.10241014685418989,-0.07506624053952203,-0.035582941734287235,-0.03729737703386896,-0.004645999854014341,0.023271646338222693,0.09407531682621238,0.08091925686432072,0.06771291509425055,0.01732297471057121,-0.11249236881450239,-0.07667248133483254,0.031330501246168124,-0.006380797875199071,0.07750093375229672,0.0020415170364039754,-0.01936072078054572,0.050810367691387116,0.03626570484718782,-0.019909206598779105,-0.026284554848353143,0.017334044607183678,-0.076858533490364,0.05699149606678828,0.006502737664459904,0.03682614897560777,0.03240911717487191,0.025921034952873317,-0.05160268099863584,0.07389858750057714,-0.02233545096382267,8,6.0,1.9348029692574749,0.00428878682230739,0.007792207792207792,0.1840271829149259,15.0,2,2,1.0,23.0,45,69.0,137,134.0,267,2,9,4,67,1,0,1,4.518838,1.7520341,0
26335361,Prevention of renal damage caused by Shiga toxin type 2: Action of Miglustat on human endothelial and epithelial cells.,2015,0.3486480730611594,-0.2987229187279066,-0.14159348773713357,0.06733530990305972,0.013016954319608288,-0.1908394143303995,-0.008035600402641547,0.04466671893401909,-0.04491457686858883,-0.08745604290001971,0.10551610902924738,0.11109364712967419,0.015208781592736375,0.07736020296743044,0.013273324907723812,0.0018667471260347655,0.010079729613244047,-0.008424170787503599,0.02030225502428433,-0.016703552115428004,-0.04405882370291213,0.18290860382199808,-0.09014096910921313,0.04781888960499411,-0.06922642614695311,-0.04892948934412866,-0.13493781541209138,0.008379507336665423,-0.059045689550441004,0.008123410008514194,0.00561418835159938,0.008178419345049183,0.08992894936911265,0.08100623628086069,-0.04871575818899538,0.03459364196942655,-0.09316493232286695,0.09661027076619134,-0.027673796795243084,-0.016089441488153923,0.060105304492517574,0.0041177216283287054,-0.07579908140301361,0.04918924479038218,-0.16080429151399986,0.10942646904773368,-0.025074200758617875,-0.049835653742891645,0.04422554008155877,-0.041515852816075234,5,10.0,3.3247925887661802,0.005382674575484334,0.007754564276303407,0.15956488433165925,18.0,6,5,0.8333333333333334,14.666666666666666,32,62.0,126,113.33333333333333,241,3,7,5,109,1,2,1,3.879135,5.4692144,0
26192095,Alcohol hangover induces mitochondrial dysfunction and free radical production in mouse cerebellum.,2015,0.1540278407228837,0.04170672822042915,0.036850749286096995,-0.07645620887601215,-0.01301657746778105,0.025671415678182773,-0.0161939460763647,-0.015206310109759175,-0.021834243098769315,-0.015886104663879297,-0.00042094268078647726,0.022383710114388715,0.0692744481525596,-0.020571869672728144,-0.03532149844556551,0.046814006741526054,-0.07937399081954777,-0.04410495186230316,0.05089781437300773,-0.051828892205901436,0.004621412119547026,0.0023740396595845325,0.02171870191084394,-0.016696629311087993,0.04212626851753715,-0.13674598123170711,0.012681415603081956,0.019181724408746256,-0.009120129296694863,0.11296890776004616,0.11156031715686875,0.13857677898992143,-0.19862424338825369,0.009241530269385463,0.04978238131780799,0.015747426632034933,-0.025713294560920644,0.059537424097261135,0.033286935644426925,-0.0377928736880037,0.003530320375399516,-0.16815675101814292,0.016160891700989444,0.010351303179608244,-0.16201332040039604,-0.010799829000111883,0.16494791621166838,-0.0877902044793725,-0.07619933020192399,0.0669474530797374,4,,,,,,,6,1,0.16666666666666666,2.3333333333333335,4,7.333333333333333,13,10.833333333333334,18,3,13,4,148,1,8,1,7.058326,4.088323,1
26064721,Copious Podocyturia without Proteinuria and with Normal Renal Function in a Young Adult with Fabry Disease.,2015,0.15439708549733544,-0.06364640069305043,-0.09678096814755005,-0.2899076556676708,0.5259853927621888,-0.17356983255465155,-0.06776254642934387,-0.04587393341178805,0.04681180210567332,-0.016667888213711207,-0.009055334831244776,0.005285063059654159,-0.04839004307040757,-0.03335641743671327,0.06648790719393698,-0.15284773579896832,0.10176111165467577,0.013645797626745072,-0.022887352782724395,0.005437440814895297,-0.050050305076949346,0.05066802487894685,0.05375959872330805,-0.02576872320876012,0.05770966402372031,0.037110543191553755,-0.034338159460699805,-0.035479227690002224,-0.07745888826686219,0.014127307182392905,-0.013788139920337568,0.009844371208739367,0.007788966421402565,0.015784073117292668,-0.04542769836070017,0.049832351659773094,0.005276027677469813,0.018268555939758478,0.05277271711406013,-0.013053269243458258,0.0372127909402972,-0.08641061029677768,0.053705035479982836,-0.10085914355167666,-0.1130998847991602,-0.08895406503901722,-0.11222651587021355,0.07806945443663417,-0.017624103846752424,-0.019376130761175413,0,9.0,3.5918923246882413,0.005221875875991082,3.764351590438547e-05,0.29692988487579824,13.0,12,2,0.16666666666666666,8.083333333333334,25,29.916666666666668,111,102.5,235,3,0,0,81,1,7,1,4.102558,1.2052108,0
26030198,Clade 8 and Clade 6 Strains of Escherichia coli O157:H7 from Cattle in Argentina have Hypervirulent-Like Phenotypes.,2015,0.2529410639212121,-0.19866612386785393,-0.1967156537926875,0.02551083367329076,-0.04502410748088825,0.047237337489462544,-0.01616393912401694,-0.08916863771348375,0.04310205587210971,0.07329892756717796,-0.05992793190357971,0.011498843438343344,0.17529664659117955,-0.006141236553963949,-0.15023257261817966,0.011061323603380255,0.06284670895006098,0.09244379925719394,-0.023831424722827912,-0.008375164759694685,-0.014207397372038525,-0.16162665761959022,0.07813528599372058,-0.1519252596650945,-0.02544398964970147,-0.19633823870833156,-0.1279767861229284,0.06544144197566659,0.12597660223531867,0.06682751061754116,-0.05986207633188554,0.046886500807308024,0.09575719821383742,0.05602959121136097,-0.10765362537419981,-0.040503772747476165,-0.07946697039540677,0.06980852035471752,0.011280946258318348,-0.11274583726732842,0.04636294230098716,-0.004718324478276181,0.10434486672466453,0.07016321547550712,-0.04302876085255605,0.21123560854952833,0.0399806965911585,0.03247247497179113,0.08613225421525274,-0.0816116446395122,6,6.0,1.98427082291999,0.003392151429996793,0.00026350461133069827,0.1280756973763316,18.0,11,3,0.2727272727272727,7.181818181818182,32,35.63636363636363,126,62.72727272727273,241,5,21,0,160,1,2,2,4.0171003,4.69518,0
25981209,Effects of combined nicotine and fluoxetine treatment on adult hippocampal neurogenesis and conditioned place preference.,2015,0.17671431496494086,0.06117750138398823,0.03479880430188825,-0.024265371873245102,0.007956629297013618,-0.0530698679316048,0.4676264632483977,-0.07258174217266289,0.01241061960176712,-0.010425188131167235,-0.00806156129560986,0.027966487926230212,-0.021873935517139034,0.06556567023344473,0.04464271987249859,0.008814097302534907,0.017061998518307347,-0.08534522772400938,0.04711892999897178,-0.020810594721030768,-0.03222223293809626,0.025137363076518378,-0.017999573311886122,-0.09366650085961344,-0.09033987358806625,-0.00311428427044824,0.006068446921069769,0.10148318103829095,0.05752286934493474,-0.021192126569702992,0.05199791406327359,-0.017214137463846146,0.02417673168802505,-0.03122323756623128,-0.041470247387868996,0.02738992203466578,0.02799398488137265,-0.15845981097535147,0.023690002149578726,0.0716722228319803,-0.09656404471185148,-0.011409608236960165,0.014660206426217829,0.054471092264897644,-0.07840866375893889,0.007621115917643531,-0.009637760934408391,0.033663568754922386,0.024770370115849254,-0.008087562773897935,7,7.0,2.3410854310642684,0.004306660821452865,0.008695652173913044,0.28148910300033814,4.0,3,2,0.6666666666666666,8.666666666666666,13,15.0,27,28.666666666666668,47,3,19,6,142,1,26,1,8.051988,7.3423824,1
25980432,TRPV4 mediates flow-induced increases in intracellular Ca in medullary thick ascending limbs.,2015,0.07885077616782374,-0.0011302150353269028,0.04285298293781784,-0.00957429433011971,0.0007350941649665021,-0.03591578977381324,0.015926936536821444,0.014403655833465796,0.00010734691171788047,0.026671035125764513,-0.03867668091520969,-0.007908807460057881,-0.005026396976365185,0.005479886925576859,0.002435442776119863,-0.01006777240080498,-0.04831510180600809,0.015068242541763009,-0.01984203902803975,-0.009618733932425357,0.022876923263310957,-0.002466918364934319,-0.03395229090582378,0.013944250717667573,0.039546547605821415,0.006885284274241693,-0.0019179036901214917,0.019561258665841543,0.0901600956002502,-0.004497251788724958,-0.022716763835055262,0.008806080880394428,0.04304105378287621,0.002961123211680605,0.03115117058437178,0.026622774980361613,-0.00019291163648140625,0.03348533314589172,0.019216461184954993,0.027260422766763718,-0.07335561598946873,-0.030439181550934287,0.014041374501703813,0.013205906556003408,0.08730238688284525,-0.0432008978804176,0.0659031537704309,0.045430772487964934,-0.06735830874852658,0.1316115907809227,4,,,,,,,3,2,0.6666666666666666,7.666666666666667,21,23.0,65,43.666666666666664,127,2,10,3,158,1,3,1,7.1026735,4.3870444,1
25963416,Contrasting gene expression patterns induced by levodopa and pramipexole treatments in the rat model of Parkinson's disease.,2016,0.22479220618425735,0.07950007096272493,0.023352487527994164,-0.16274946545201238,-0.052718072814001406,0.0003776774620612227,-0.0032728666461333284,0.025030902648961302,0.13888623453207158,-0.028377136479655108,0.10652754936981149,-0.021098263977637755,0.05291368899044268,-0.00022099047551693,-0.03202163514506658,0.008582283822268165,-0.06237652390129004,0.014624703800513218,0.04109764216455854,-0.1311772052361472,-0.09424263802526114,0.01044908101019549,-0.0018473625597407893,-0.026622569085314466,0.01942059802760354,0.027787015314878358,-0.03437376214062751,-0.03834949132003743,-0.07718594743636281,0.060715918556483964,0.02894544642564201,0.055941041791999976,-0.0400877467839138,-0.044092070757120766,-0.07345996616303385,0.027893658304464594,0.07371200325528583,-0.07157154384485793,0.07735552129531922,-0.1035711706391214,-0.03844013305526434,-0.043599008761622676,-0.09202064499945777,0.15036974345273849,-0.026781360457071364,0.014302142026449999,-0.06598640490381867,0.07424342600206225,-0.09305725476268838,0.15972171276395666,2,1.0,0.2554694511256924,0.0012078105400144608,0.0,0.0,2.0,10,1,0.1,4.6,27,27.5,110,36.6,175,10,17,6,143,2,1,3,5.9147396,3.3014545,0
25872916,Altered Corticostriatal Connectivity and Exploration/Exploitation Imbalance Emerge as Intermediate Phenotypes for a Neonatal Dopamine Dysfunction.,2015,0.2013000018093655,0.20431661851262,-0.04879226769148723,-0.2154726639541438,-0.16178422696780523,-0.0012380883989398241,-0.0585748997909244,0.011179661221868066,-0.050508809863188536,0.00044819196212912563,0.013906965834900871,0.01804146841701466,-0.11817859477947273,0.0527515468433819,-0.005241934198035166,-0.04086191567722087,0.1492625311101883,0.08808582524048307,-0.14403673607902975,0.06312839528162009,0.08935215511894432,0.08705641552083043,0.031911333434456235,-0.20171267139065838,-0.08827312411681414,0.02641394381117425,-0.06740110275407056,0.12839789847221877,-0.13799272809350144,0.0011911245920482598,-0.11930544969859125,-0.10105568505740058,-0.0360961037332554,-0.0402275053712758,0.04231739003339051,0.04827443990506433,0.07005682918330021,0.10026663664414441,-0.08077319063814929,-0.04630654279230981,-0.019558786312828588,0.04348632157756698,-0.0033447354673563877,-0.030351022993802605,0.013767334721774108,0.037623799439084095,-0.07575880006909005,-0.02629087395244992,-0.03882981961618649,0.1052867540789317,2,3.0,0.8084154307994492,0.0034664943387675826,0.0035008469791078483,0.09153188345901155,2.0,5,4,0.8,11.2,27,42.8,110,66.2,175,2,17,0,151,1,1,1,7.265904,1.432625,0
25856239,Voltage-dependent K+ currents contribute to heterogeneity of olfactory ensheathing cells.,2015,0.15318497742458512,-0.034032719522886536,0.10276789135487971,0.014254701060876562,-0.06058697385049999,-0.08500560947747668,-0.026064161937100882,-0.0418130148648473,0.045310419826921716,0.002658511407686558,-0.021490460325763103,-0.09403627096660486,0.00308992119923208,0.059052033892774,0.034740742578840036,0.012331297940624418,0.07507313640815147,-0.059858032360641744,0.087673095493898,-0.03924346018096716,-0.237989406633169,0.01933797665924695,-0.14952690619857845,0.05614714141791517,0.06604239368530179,-0.12646304680598133,0.02803187752380975,0.1481476260962586,-0.15244177462376968,0.3195686700210474,-0.024094489762806384,0.1274174966245779,0.19424326519913065,0.15184756913759329,0.0972529561854619,-0.06271173384275686,-0.015406509685534439,0.09127095292192407,0.03613293428663875,0.08443819786841378,-0.20756710836764858,0.06562630346171411,0.030344820987780012,-0.05410098740216975,0.009484000118688525,0.02674925331827421,0.052643696867711934,0.01068670036748858,-0.04956908325583385,-0.023384812721606665,4,1.0,0.476615377649933,0.003563553191348152,0.0,0.0,14.0,4,2,0.5,4.5,12,14.75,44,23.75,73,5,14,3,92,1,1,1,7.6033783,4.487514,1
25819809,Involvement of hypoxia and inflammation in early pregnancy loss mediated by Shiga toxin type 2.,2015,0.28482422954754105,-0.13842239913191037,-0.013881076221264369,-0.030196318279693848,0.06470755368198985,0.2266767705616367,0.034639303066508045,0.22678279098482376,0.013499485467121724,-0.03087994611358539,-0.09581298339932727,-0.06105003757276511,-0.33014701062693447,-0.1838461042935353,0.07545435999307112,-0.05774212445354076,-0.03932584133698115,-0.11510775405207509,0.10096682965744345,-0.2218945240524276,0.041190387163999725,0.005373064184487125,-0.06892829948770811,-0.10240445516499912,-0.026595240594567787,0.0028408966783753163,-0.030825624596408585,-0.026248624713640773,0.11236243532468493,0.01662522424787479,0.03924435030582019,0.00409132051405705,0.07067062158521632,0.010991208793226195,0.04781109238386356,-0.015600208568217797,0.05450095504542496,0.05187857400331053,-0.0014258578993797044,-0.01546764167285208,0.02002663404213129,0.006745790042384141,-0.06282812358431666,-0.0175005814898018,-0.00925905246693748,0.05837012469222476,-0.04639481965725262,-0.10013662141839014,0.007221799756217802,-0.021045103920439387,5,4.0,1.4562784751758913,0.0030668599645081143,0.0,0.2482474482828112,18.0,6,3,0.5,14.5,32,62.333333333333336,126,112.5,241,3,12,5,153,1,2,1,3.9694326,3.8891418,0
25810483,Direct mapping rather than motor prediction subserves modulation of corticospinal excitability during observation of actions in real time.,2015,0.17899212129525965,0.15710601253378892,-0.03853250829800369,-0.07523465419539528,-0.031991392151837786,-0.024455046290103505,-0.04351749451435008,-0.020911853025166405,-0.11317594867448667,0.18715281586681956,0.20360815421976544,-0.029564060606801324,-0.10546815726536608,-0.09766878233464196,-0.08830808863777145,0.1446187930748205,-0.0299304447247373,-0.003600061002665631,-0.09913329018680961,-0.11906907863884923,0.10304532062636355,-0.038810816842551395,0.010360644482784186,0.13459065096673492,0.10406723445810971,0.037890332223441424,-0.05142647416281379,0.15183956991950365,-0.04919105307134972,0.04971024374996565,-0.16218000469585966,-0.03214799207038073,-0.07107093670399067,-0.10514158836191971,-0.05433403701866547,0.10246720387253584,0.05691025776031429,0.02205201964299485,-0.1340888258067136,0.010380274226591317,-0.15685852752242682,0.05078689973400209,0.029665353528456624,-0.009539014416462672,-0.0394548744062094,-0.10872676298802608,-0.0476202783168209,0.1002960165476148,0.15406348477863674,-0.0973544136783696,4,3.0,0.8749572091769485,0.0030001678269677965,0.006437041219649915,0.09772563334414595,17.0,5,4,0.8,4.2,15,12.0,37,20.4,77,3,19,6,148,1,10,1,8.675765,4.5716615,1
25794836,Inhibition of water absorption and selective damage to human colonic mucosa induced by Shiga toxin-2 are enhanced by Escherichia coli O157:H7 infection.,2015,0.373115443273154,-0.3019631406294979,-0.2810831206028146,0.0766957588550854,-0.11172879932135035,0.12522270352383227,-0.04838566104231511,-0.1524055383901257,0.05820562804932384,0.0986351690918657,-0.11428885748865544,-0.03029635400595069,0.053082026590069324,-0.07576747857119019,-0.06398887058217327,-0.04382758396116229,0.0858641429739124,0.13411004768514057,0.02558653096509855,-0.08401451472915215,-0.04236065369355103,-0.1718767422994161,0.0434247911131784,-0.057334229316810585,-0.015287276051370181,-0.06101238747721263,0.07293965941708373,0.0498593758732499,0.13208695069245893,-0.0050155504343231735,-0.04641337623293191,-0.01721724870603649,0.0009588663199690252,0.0168816461161938,0.037596235605030885,-0.020221350482836974,0.008442160007930738,0.11827359395176412,-0.026558639992828415,-0.029743573556590273,0.0461661804496264,-0.04094510383326987,0.0017615029628195698,0.04196753870816705,-0.005333212902638013,0.054230607724910396,0.020437080351428764,0.09738905788564681,0.00928263639640933,-0.047735074597960656,6,18.0,5.8479991785614605,0.008670703762557725,0.013589309241483154,0.13642352779504877,18.0,7,4,0.5714285714285714,10.142857142857142,32,46.285714285714285,126,86.0,241,4,9,4,120,1,2,2,3.8399923,4.9445567,0
25506318,Medial prefrontal cortex dopamine controls the persistent storage of aversive memories.,2014,0.1946516344238302,0.3418178844354834,-0.11453376401531273,0.27261741679790463,0.10351923206237279,-0.055043910336812996,-0.028482576609759797,0.0439686710617342,0.07935462861000171,-0.1399561047724821,-0.15004835691360585,0.06994698662877383,-0.12214049843267777,-0.033415744741714964,-0.14674539013045468,0.04486584340221142,0.01505309001802675,0.14658133989534383,-0.1337057270085728,0.03788025389732919,-0.13160318737314475,0.07119041676058296,-0.0001150816448529414,-0.044915192400219704,0.03148704070866216,-0.003873285745289317,0.05716966959993634,-0.08181603408097105,0.020857314636060293,-0.01577520151496828,0.1475996368757249,-0.02889154520154648,0.04112932552605382,0.06837034280051893,-0.004918446639381216,0.02280736799613347,0.05128180473046891,0.07928451444950645,-0.04735352483226855,-0.01653795322071836,0.10284927621776196,-0.030442263264924566,-0.061583305517919344,-0.02548326396357499,0.09644395424914852,0.08644536700528602,-0.014556713517979464,0.06315180461992569,0.025115180895683417,-0.02161617079262227,1,6.0,2.266730416392845,0.004782355668328438,0.004893657067570111,0.18519362902727096,6.0,7,1,0.14285714285714285,2.857142857142857,9,11.428571428571429,28,15.428571428571429,50,4,0,5,70,0,17,1,9.642332,4.8243184,1
25392493,Reversible behavioral phenotypes in a conditional mouse model of TDP-43 proteinopathies.,2014,0.27951946376274417,0.2948236037210872,-0.0764167457487084,-0.22538507932089336,-0.1430600658139839,0.04732431948103091,-0.0590451541751144,-0.07858820162320221,-0.44291697765685506,-0.04098624265748711,0.027996425342878887,0.019415727242239816,0.16051214005849987,-0.30847051327603775,0.20495317587696063,0.02728383999624321,0.033999705241903946,0.010522267785462192,0.0014658999591652113,0.046271014655842074,0.02832013042045883,-0.05721175323103726,0.05618945699128473,0.05626731208539123,0.02453236581561772,0.08259267679989156,-0.08414574514677861,-0.06741335452701522,-0.0391466098052979,-0.05190235491530504,-0.08094734281500751,-0.02619012605373348,0.0651074814676142,0.02089739962120966,0.10863947032907653,0.04089292395673941,0.020136049106685167,0.031008668088029857,-0.010414856479728668,-0.002540384262662721,4.9283312870443646e-05,0.026357361161668792,0.02589074157107283,0.016556044502362192,-0.006285034732974458,0.048339596265429635,0.015346919324913631,0.053213325754621864,-0.037853494738526,-0.0070896278882617925,2,6.0,2.61737568503198,0.006344641159427643,0.01720308676830416,0.2601500666574904,17.0,3,3,1.0,6.333333333333333,16,22.666666666666668,63,27.333333333333332,76,2,19,6,158,0,4,1,8.656707,2.242111,1
25157355,Effects of Shiga toxin type 2 on maternal and fetal status in rats in the early stage of pregnancy.,2014,0.24448728951544854,-0.1396428643265229,-0.055078529026510434,-0.03161005013693751,0.06121864804867786,0.23725180845612984,0.022494344987793947,0.29221449623986767,0.03060920071414201,-0.0020735195244286323,-0.06968771835530156,-0.03314639737786462,-0.3913066649312856,-0.172085920442924,0.1531411016647062,-0.054195958268592075,0.11055230151829609,-0.1319872347154246,0.059640880663909025,-0.12272130189379978,0.07328532143790911,-0.010862946862262057,-0.02994168059985581,-0.03861001364435825,-0.0060867589150306114,0.00211624762276553,-0.06161006381524953,0.055212661552891576,0.12944746406888402,-0.04182915528711745,0.0705813762628859,0.07192961925648675,0.08583898715005828,0.018668694095260226,0.05313815303592853,-0.051495287237646535,0.11183462101137868,-0.0051224709333214675,0.018320104648133825,0.018929192413753015,0.04715193234378791,0.023831457243986612,0.0034493555670303574,-0.053465293996136136,0.023660450466175764,0.029740350128486127,0.048955154232548696,-0.06585492552065368,0.010338295767180592,-0.012449112530411246,5,6.0,2.137623756241957,0.004091533983562829,0.0220214568040655,0.15262078406439528,18.0,5,4,0.8,22.0,32,95.0,126,180.0,241,2,16,0,112,0,2,2,4.0031366,3.8649623,0
24859216,Understanding intellectual disability through RASopathies.,2014,0.10729101541093147,0.08556280939694393,-0.02124662031843759,0.0009033789131899788,0.021444414322012238,0.02473383242918839,-0.02112792545880476,-0.014205135790982478,0.02744744600201164,0.08445050236060483,0.06382451440782705,-0.05227812354579703,-0.0008296683938530441,0.08820160438252217,0.022026438572141458,-0.0790298260628397,0.03742257643228108,0.0031851519808503573,0.0036749166759517497,-0.011437926917445742,-0.014732960120072787,0.003931814443293831,0.03267295027685857,-0.039329999736858204,0.0146783646944918,0.05474446510895964,-0.04270547054856173,0.026897822157270993,-0.0741156096207351,0.030018635419305807,0.014335456600156709,0.049045866427416915,-0.0025825433323894303,-0.08811154680739354,0.05300343964580915,-0.0457202422854529,-0.19674577569780155,0.026610414345570856,0.024576852567761858,-0.0884938682282114,0.16433863917790079,-0.02094879857414158,-0.023363069683427384,-0.008568204854042099,0.13448996413582778,-0.000956198184762576,-0.12807343134877008,0.045716512293088374,-0.025777174194711268,-0.027595371776786514,4,,,,,,,2,2,1.0,3.5,6,9.5,18,10.5,20,2,8,5,108,0,19,1,8.64139,4.142226,1
24466317,Effects of Escherichia coli subtilase cytotoxin and Shiga toxin 2 on primary cultures of human renal tubular epithelial cells.,2014,0.31239181653442566,-0.31330935706686125,-0.15085102478033705,0.12262445410626234,-0.012716703931896545,-0.21991483436384762,-0.021277989704255953,0.10239213037516844,-0.09298257522751914,-0.1994190546306236,0.3050002772014028,0.221283277909731,-0.059102843090832115,0.15197719956215333,0.17007328395643445,0.09249988811461099,-0.009843507008843323,0.13543087691231262,-0.017680909786800987,0.08976225933441595,0.054786777805766615,-0.08204884313598143,0.07186736906099819,-0.005412389916525474,0.02369461187000016,-0.06655179773121354,0.0939040956481328,-0.02828998673969613,0.0675656232070089,0.12615221178648842,-0.052065438406372636,-0.004006951205763254,-0.1222546003896542,-0.058752284148881305,0.05661974679545795,0.020682897551162805,-0.04055063151725666,-0.07276013411682986,-0.03597847410264178,-0.036106639597357326,-0.016292053586173454,0.06678455088677207,0.07465531505844931,-0.06658996939640614,0.11221619048402552,0.01309000633200745,0.09706340802235106,-0.040705928374095875,0.08441321879252385,0.018522172914931277,5,9.0,4.079015028394629,0.005821821686315968,0.005759457933370977,0.2224824187425722,18.0,7,4,0.5714285714285714,8.714285714285714,32,31.714285714285715,126,59.57142857142857,241,4,14,0,133,0,2,2,3.2404833,5.4584136,0
