id,texto,textos_originales,autores,pmids,n_autores,n_papers
aff_006a67a31f5e64be,"Clem Jones Centre for Ageing Dementia Research, Queensland Brain Institute, The University of Queensland, St Lucia, QLD, 4072, Australia. adam.walker@sydney.edu.au.","[""Clem Jones Centre for Ageing Dementia Research, Queensland Brain Institute, The University of Queensland, St Lucia, QLD, 4072, Australia. adam.walker@sydney.edu.au.""]","[""Walker A""]","[""41423699""]",1,1
aff_006f54e77981bbc8,"Laboratorio de Fisiopatogenia, Departamento de Fisiología, Instituto de Fisiología y Biofísica Bernardo Houssay (IFIBIO Houssay-CONICET), Facultad de Medicina, Universidad de Buenos Aires, Buenos Aires C1121, Argentina. cristinaadrianaibarra@gmail.com.","[""Laboratorio de Fisiopatogenia, Departamento de Fisiología, Instituto de Fisiología y Biofísica Bernardo Houssay (IFIBIO Houssay-CONICET), Facultad de Medicina, Universidad de Buenos Aires, Buenos Aires C1121, Argentina. cristinaadrianaibarra@gmail.com.""]","[""Ibarra C""]","[""30513821""]",1,1
aff_0097f4bcedede33a,"Laboratorio de Nefrología Experimental y Bioquímica Molecular, Instituto de Investigaciones Médicas A. Lanari, Universidad de Buenos Aires, Argentina.","[""Laboratorio de Nefrología Experimental y Bioquímica Molecular, Instituto de Investigaciones Médicas A. Lanari, Universidad de Buenos Aires, Argentina.""]","[""Azurmendi P"", ""Di Ciano L"", ""Ibarra F"", ""Oddo E""]","[""32282322""]",4,1
aff_00dd5270a70efe18,"Universidad de Buenos Aires, Facultad de Farmacia y Bioquímica, Cátedra de Inmunología e Instituto de Estudios de La Inmunidad Humoral (IDEHU), UBA-CONICET, Junín 956 Piso 4, 1113, Ciudad de Buenos Aires, Argentina.","[""Universidad de Buenos Aires, Facultad de Farmacia y Bioquímica, Cátedra de Inmunología e Instituto de Estudios de La Inmunidad Humoral (IDEHU), UBA-CONICET, Junín 956 Piso 4, 1113, Ciudad de Buenos Aires, Argentina.""]","[""Cerny N""]","[""39553573""]",1,1
aff_00f73494364c1707,"Centro Nacional de Control de Calidad de Biológicos (CNCCB), ANLIS ""Dr. Carlos G. Malbrán"", Ciudad Autónoma de Buenos Aires, Argentina.","[""Centro Nacional de Control de Calidad de Biológicos (CNCCB), ANLIS \""Dr. Carlos G. Malbrán\"", Ciudad Autónoma de Buenos Aires, Argentina.""]","[""Cangelosi A"", ""Geoghegan P""]","[""30732602""]",2,1
aff_0211bfda88182203,"Laboratorio de Biología de la Reproducción, Instituto de Fisiología y Biofísica Bernardo Houssay (IFIBIO)-CONICET, Facultad de Medicina, Universidad de Buenos Aires, Buenos Aires, Argentina.","[""Laboratorio de Biología de la Reproducción, Instituto de Fisiología y Biofísica Bernardo Houssay (IFIBIO)-CONICET, Facultad de Medicina, Universidad de Buenos Aires, Buenos Aires, Argentina.""]","[""Martinez N"", ""Szpilbarg N""]","[""26568619""]",2,1
aff_022d1e64f078b3df,"Universidad de Buenos Aires, Facultad de Medicina, Instituto de Investigaciones Médicas Alfredo Lanari, Laboratorio de Riñón Experimental y Bioquímica Molecular, Buenos Aires, Argentina.","[""Universidad de Buenos Aires, Facultad de Medicina, Instituto de Investigaciones Médicas Alfredo Lanari, Laboratorio de Riñón Experimental y Bioquímica Molecular, Buenos Aires, Argentina.""]","[""Azurmendi P"", ""Oddo E"", ""Vlachovsky S""]","[""30879772""]",3,1
aff_0247b809e16a8a45,"Universidad de Buenos Aires, Facultad de Ciencias Médicas, Departamento de Ciencias Fisiológicas, Laboratorio de Fisiopatogenia, Buenos Aires C1121ABG, Argentina; CONICET - Universidad de Buenos Aires, Instituto de Fisiología y Biofísica Bernardo Houssay (IFIBIO Houssay), Buenos Aires C1121ABG, Argentina. Electronic address: mamaral@fmed.uba.ar.","[""Universidad de Buenos Aires, Facultad de Ciencias Médicas, Departamento de Ciencias Fisiológicas, Laboratorio de Fisiopatogenia, Buenos Aires C1121ABG, Argentina; CONICET - Universidad de Buenos Aires, Instituto de Fisiología y Biofísica Bernardo Houssay (IFIBIO Houssay), Buenos Aires C1121ABG, Argentina. Electronic address: mamaral@fmed.uba.ar.""]","[""Amaral M""]","[""39442808""]",1,1
aff_0290d2bdd75ce963,"Institute of Physiology and Biophysics Bernardo Houssay (IFIBIO Houssay), Department of Physiology and Biophysics, School of Medicine, University of Buenos Aires, Buenos Aires, Argentina; and vdellamaggiore@fmed.uba.ar.","[""Institute of Physiology and Biophysics Bernardo Houssay (IFIBIO Houssay), Department of Physiology and Biophysics, School of Medicine, University of Buenos Aires, Buenos Aires, Argentina; and vdellamaggiore@fmed.uba.ar.""]","[""Della-Maggiore V""]","[""25810483""]",1,1
aff_02db6c081cc77452,"Departamento de Ciencias Fisiológicas, Laboratorio de Biomembranas, Instituto de Fisiología y Biofísica ""Bernardo Houssay"" (IFIBIO-HOUSSAY), Consejo Nacional de Investigaciones Científicas y Técnicas (CONICET), Universidad de Buenos Aires, Buenos Aires, Argentina.","[""Departamento de Ciencias Fisiológicas, Laboratorio de Biomembranas, Instituto de Fisiología y Biofísica \""Bernardo Houssay\"" (IFIBIO-HOUSSAY), Consejo Nacional de Investigaciones Científicas y Técnicas (CONICET), Universidad de Buenos Aires, Buenos Aires, Argentina.""]","[""Beltramone N"", ""Capurro C""]","[""34804128""]",2,1
aff_02dcb411a26a5fd0,"Laboratorio de Biomembranas. Instituto de Fisiología y Biofísica Bernardo Houssay (IFIBIO Houssay). Facultad de Medicina, Universidad de Buenos Aires, Paraguay 2155, C1121ABG Buenos Aires, Argentina.","[""Laboratorio de Biomembranas. Instituto de Fisiología y Biofísica Bernardo Houssay (IFIBIO Houssay). Facultad de Medicina, Universidad de Buenos Aires, Paraguay 2155, C1121ABG Buenos Aires, Argentina.""]","[""Fernandez J""]","[""27016670""]",1,1
aff_030479e2ce3470c0,"Instituto de Investigaciones en Ingeniería Genética y Biología Molecular (INGEBI), CONICET, Buenos Aires 1428, Argentina.","[""Instituto de Investigaciones en Ingeniería Genética y Biología Molecular (INGEBI), CONICET, Buenos Aires 1428, Argentina.""]","[""Avale M""]","[""27568555""]",1,1
aff_0348daa324e368d4,"Laboratorio de Fisiopatogenia, Departamento de Fisiología, Facultad de Medicina, Instituto de Fisiología y Biofísica Bernardo Houssay (CONICET), Universidad de Buenos Aires, Buenos Aires, Argentina.","[""Laboratorio de Fisiopatogenia, Departamento de Fisiología, Facultad de Medicina, Instituto de Fisiología y Biofísica Bernardo Houssay (CONICET), Universidad de Buenos Aires, Buenos Aires, Argentina.""]","[""Ochoa F"", ""Zotta E""]","[""30619183""]",2,1
aff_03494a1f040dd060,"Consejo Nacional de Investigaciones Científicas y Técnicas (CONICET), Instituto de Fisiología y Biofísica Houssay, Facultad de Medicina, Universidad de Buenos Aires, Buenos Aires C1121ABG, Argentina. jogol@fmed.uba.ar.","[""Consejo Nacional de Investigaciones Científicas y Técnicas (CONICET), Instituto de Fisiología y Biofísica Houssay, Facultad de Medicina, Universidad de Buenos Aires, Buenos Aires C1121ABG, Argentina. jogol@fmed.uba.ar.""]","[""Goldstein J""]","[""30274180""]",1,1
aff_03e2d56d2286973e,"Universidad de Buenos Aires, Instituto de Investigaciones Medicas A. Lanari, Laboratorio de Nefrología Experimental y Bioquímica Molecular, Combatientes de Malvinas 3150, Buenos Aires, 1427, Argentina. ibarraf@hotmail.com.","[""Universidad de Buenos Aires, Instituto de Investigaciones Medicas A. Lanari, Laboratorio de Nefrología Experimental y Bioquímica Molecular, Combatientes de Malvinas 3150, Buenos Aires, 1427, Argentina. ibarraf@hotmail.com.""]","[""Ibarra F""]","[""37676461""]",1,1
aff_03ead5288da3ca93,"Laboratorio de Neurofisiopatología, Departamento de Fisiología, Facultad de Medicina, Instituto de Fisiología y Biofísica Bernardo Houssay (CONICET), Universidad de Buenos Aires, Buenos Aires, Argentina.","[""Laboratorio de Neurofisiopatología, Departamento de Fisiología, Facultad de Medicina, Instituto de Fisiología y Biofísica Bernardo Houssay (CONICET), Universidad de Buenos Aires, Buenos Aires, Argentina.""]","[""Goldstein J"", ""Pinto A""]","[""30619183""]",2,1
aff_04209ae6772bdd1b,"CONICET-Universidad de Buenos Aires, Instituto de Investigaciones Biomédicas (INBIOMED), Laboratorio de Efectos Biológicos de Contaminantes Ambientales, Buenos Aires, Argentina; Universidad de Buenos Aires, Facultad de Farmacia y Bioquímica, Departamento de Físico-matemática, Buenos Aires, Argentina. Electronic address: noeliamiret@hotmail.com.ar.","[""CONICET-Universidad de Buenos Aires, Instituto de Investigaciones Biomédicas (INBIOMED), Laboratorio de Efectos Biológicos de Contaminantes Ambientales, Buenos Aires, Argentina; Universidad de Buenos Aires, Facultad de Farmacia y Bioquímica, Departamento de Físico-matemática, Buenos Aires, Argentina. Electronic address: noeliamiret@hotmail.com.ar.""]","[""Miret N""]","[""40617562""]",1,1
aff_044d6005de17a336,"Alzheimer's Association, Chicago, Illinois, USA.","[""Alzheimer's Association, Chicago, Illinois, USA.""]","[""Daven M"", ""Deaner N""]","[""42675027""]",2,1
aff_0481bba69fd0c0a4,"Red Iberoamericana de Alteraciones Vasculares en Trastornos del Embarazo, Chillán, Chile; Facultad de Medicina, Pontificia Universidad Javeriana, Bogotá, Colombia.","[""Red Iberoamericana de Alteraciones Vasculares en Trastornos del Embarazo, Chillán, Chile; Facultad de Medicina, Pontificia Universidad Javeriana, Bogotá, Colombia.""]","[""Garcia-Robles R""]","[""41242030""]",1,1
aff_0497b348a8eb9b11,"Universidad de Buenos Aires, Facultad de Medicina, Departamento de Ciencias Fisiológicas, Grupo de Neurociencia de Sistemas, Buenos Aires, Argentina; Universidad de Buenos Aires, CONICET, Instituto de Fisiología y Biofísica (IFIBIO) Houssay, Buenos Aires, Argentina. Electronic address: gregorio.galinanes@unige.ch.","[""Universidad de Buenos Aires, Facultad de Medicina, Departamento de Ciencias Fisiológicas, Grupo de Neurociencia de Sistemas, Buenos Aires, Argentina; Universidad de Buenos Aires, CONICET, Instituto de Fisiología y Biofísica (IFIBIO) Houssay, Buenos Aires, Argentina. Electronic address: gregorio.galinanes@unige.ch.""]","[""Galinanes G""]","[""28476642""]",1,1
aff_05111e08ca7b6bf2,"University of Buenos Aires, Faculty of Medicine, Center of Pharmacological and Botanical Studies [Centro de Estudios Farmacológicos y Botánicos (CEFYBO)-Consejo Nacional de Investigaciones Científicas y Técnicas (CONICET)], Buenos Aires, Argentina.","[""University of Buenos Aires, Faculty of Medicine, Center of Pharmacological and Botanical Studies [Centro de Estudios Farmacológicos y Botánicos (CEFYBO)-Consejo Nacional de Investigaciones Científicas y Técnicas (CONICET)], Buenos Aires, Argentina.""]","[""Farina M""]","[""40642510""]",1,1
aff_0583d5ae97783aaa,"Cátedra de Fisiopatología, Facultad de Farmacia y Bioquímica, Universidad de Buenos Aires, Buenos Aires 1113, Argentina.","[""Cátedra de Fisiopatología, Facultad de Farmacia y Bioquímica, Universidad de Buenos Aires, Buenos Aires 1113, Argentina.""]","[""Zotta E""]","[""34437406""]",1,1
aff_05c0608ea7b8a62d,"Clínica Pediátrica, Hospital de Niños Dr. Ricardo Gutiérrez, Buenos Aires, Argentina.","[""Clínica Pediátrica, Hospital de Niños Dr. Ricardo Gutiérrez, Buenos Aires, Argentina.""]","[""Baleani S"", ""Vainstein E""]","[""36464947""]",2,1
aff_05cd3718da2b1b3a,"Cátedra de Biología Celular y Molecular, Departamento de Ciencias Biológicas, Facultad de Farmacia y Bioquímica, Universidad de Buenos Aires, Argentina.","[""Cátedra de Biología Celular y Molecular, Departamento de Ciencias Biológicas, Facultad de Farmacia y Bioquímica, Universidad de Buenos Aires, Argentina.""]","[""Sierra M""]","[""31018904""]",1,1
aff_060898f8edfee759,"Kelsey Research Foundation, MHSA, Houston, Texas, USA.","[""Kelsey Research Foundation, MHSA, Houston, Texas, USA.""]","[""Alexander A""]","[""42675027""]",1,1
aff_0685d4d5069d0a09,"Laboratorio de Investigaciones en Biotecnología Sustentable (LIBioS), Departamento de Ciencia y Tecnología, Universidad Nacional de Quilmes, Buenos Aires, Argentina.","[""Laboratorio de Investigaciones en Biotecnología Sustentable (LIBioS), Departamento de Ciencia y Tecnología, Universidad Nacional de Quilmes, Buenos Aires, Argentina.""]","[""Trelles J""]","[""28643674""]",1,1
aff_06a0edf925701fdf,"Douglas Mental Health Research Institute, McGill University, Montreal, QC H4H 1R3, Canada.","[""Douglas Mental Health Research Institute, McGill University, Montreal, QC H4H 1R3, Canada.""]","[""Armony J""]","[""36587288""]",1,1
aff_070354f43eb57274,"Departamento de Fisiologia e Biofísica, Instituto de Ciências Biológicas, Universidade Federal de Minas Gerais, Belo Horizonte, Brazil.","[""Departamento de Fisiologia e Biofísica, Instituto de Ciências Biológicas, Universidade Federal de Minas Gerais, Belo Horizonte, Brazil.""]","[""Verano-Braga T""]","[""41709136""]",1,1
aff_075fd74b0cc4e63f,"Instituto de Biomedicina de Sevilla (IBiS), Hospital Universitario Virgen del Rocío/CSIC, Universidad de Sevilla, Seville, Spain.","[""Instituto de Biomedicina de Sevilla (IBiS), Hospital Universitario Virgen del Rocío/CSIC, Universidad de Sevilla, Seville, Spain.""]","[""Echevarria M"", ""Garcia-Miranda P""]","[""34263427""]",2,1
aff_0795be649c6b7425,"CONICET-Universidad de Buenos Aires, Instituto de Fisiología y Biofísica Bernardo Houssay (IFIBIO Houssay), Buenos Aires C1121 ABG, Argentina.","[""CONICET-Universidad de Buenos Aires, Instituto de Fisiología y Biofísica Bernardo Houssay (IFIBIO Houssay), Buenos Aires C1121 ABG, Argentina.""]","[""Amaral M"", ""Giron D"", ""Gomez F"", ""Marques da Silva W"", ""Sacerdoti F""]","[""42347511""]",5,1
aff_07a0677273bc7e0d,"Department of Internal Medicine, Pulmonary and Sleep Medicine Service, Austral University Hospital, Buenos Aires, Argentina.","[""Department of Internal Medicine, Pulmonary and Sleep Medicine Service, Austral University Hospital, Buenos Aires, Argentina.""]","[""Perez-Chada D""]","[""35368282""]",1,1
aff_07a7d8ddbf990adc,"Universidad de Buenos Aires, Facultad de Ciencias Médicas, Departamento de Ciencias Fisiológicas, Instituto de Fisiología y Biofísica B. Houssay IFIBIO-Houssay-CONICET, Laboratorio de Fisiología Renal, Buenos Aires, Argentina.","[""Universidad de Buenos Aires, Facultad de Ciencias Médicas, Departamento de Ciencias Fisiológicas, Instituto de Fisiología y Biofísica B. Houssay IFIBIO-Houssay-CONICET, Laboratorio de Fisiología Renal, Buenos Aires, Argentina.""]","[""Ibarra F""]","[""40577142""]",1,1
aff_07bee886c037745e,"Laboratorio de Neurofarmacología de la Memoria, Cátedra de Farmacología, Facultad de Farmacia y Bioquímica, UBA. Junín, 5th Floor (C1113AAD), 956, Buenos Aires, Argentina. mboccia@ffyb.uba.ar.","[""Laboratorio de Neurofarmacología de la Memoria, Cátedra de Farmacología, Facultad de Farmacia y Bioquímica, UBA. Junín, 5th Floor (C1113AAD), 956, Buenos Aires, Argentina. mboccia@ffyb.uba.ar.""]","[""Boccia M""]","[""28213811""]",1,1
aff_07bf92a9139dfeda,"IFIBIO Houssay, Systems Neuroscience Group, Department of Physiology and Biophysics, School of Medicine, University of Buenos Aires, Buenos Aires, Argentina.","[""IFIBIO Houssay, Systems Neuroscience Group, Department of Physiology and Biophysics, School of Medicine, University of Buenos Aires, Buenos Aires, Argentina.""]","[""Della-Maggiore V"", ""Villalta J""]","[""26656723""]",2,1
aff_07e60caea64fcd26,"Hospital Nacional Prof. A Posadas, Argentina.","[""Hospital Nacional Prof. A Posadas, Argentina.""]","[""Balconi S"", ""Corominas A"", ""Ortiz M""]","[""29405971""]",3,1
aff_080c88aabeead937,"Departamento de Obstetricia y Puericultura, Facultad de Ciencias de la Salud, Universidad de Atacama, Copiapó, Chile.","[""Departamento de Obstetricia y Puericultura, Facultad de Ciencias de la Salud, Universidad de Atacama, Copiapó, Chile.""]","[""Castro E""]","[""37274341""]",1,1
aff_08117b784c69e778,"Instituto de Química, Pontificia Universidad Católica de Valparaíso, Valparaíso, Chile.","[""Instituto de Química, Pontificia Universidad Católica de Valparaíso, Valparaíso, Chile.""]","[""Aguilar L"", ""Mellado M""]","[""33703954""]",2,1
aff_083ec23f412eaf11,"Instituto de Fisiología y Biofísica Prof. Bernardo Houssay (IFIBIO-Houssay), UBA y Consejo Nacional de Investigaciones Científicas y Técnicas (CONICET), Buenos Aires, Argentina. pfaillace@qb.ffyb.uba.ar.","[""Instituto de Fisiología y Biofísica Prof. Bernardo Houssay (IFIBIO-Houssay), UBA y Consejo Nacional de Investigaciones Científicas y Técnicas (CONICET), Buenos Aires, Argentina. pfaillace@qb.ffyb.uba.ar.""]","[""Faillace M""]","[""28710541""]",1,1
aff_08498a86af13ef24,"Department of Biomedical Informatics, The University of Utah, 421 Wakara Way, Suite 140, Salt Lake City, UT 84108, USA. Electronic address: julio.facelli@utah.edu.","[""Department of Biomedical Informatics, The University of Utah, 421 Wakara Way, Suite 140, Salt Lake City, UT 84108, USA. Electronic address: julio.facelli@utah.edu.""]","[""Facelli J""]","[""30466042""]",1,1
aff_085c8dbcfdcf5aea,"Laboratorio de Parkinson Experimental, Instituto de Investigaciones Farmacológicas (ININFA-CONICET-UBA), Ciudad Autónoma de Buenos Aires, Argentina. Electronic address: celialarramendy@gmail.com.","[""Laboratorio de Parkinson Experimental, Instituto de Investigaciones Farmacológicas (ININFA-CONICET-UBA), Ciudad Autónoma de Buenos Aires, Argentina. Electronic address: celialarramendy@gmail.com.""]","[""Larramendy C""]","[""25963416""]",1,1
aff_0864a01dd26b2da3,"Instituto de Fisiología y Biofísica Bernardo Houssay (IFIBIO Houssay CONICET), Paraguay, 2155, Buenos Aires, 1121, Argentina.","[""Instituto de Fisiología y Biofísica Bernardo Houssay (IFIBIO Houssay CONICET), Paraguay, 2155, Buenos Aires, 1121, Argentina.""]","[""Katz M""]","[""40603573""]",1,1
aff_0874cfce70575f5f,"Cardiff University Brain Research Imaging Centre (CUBRIC), School of Psychology and School of Computer Science and Informatics, Cardiff University, Cardiff, United Kingdom.","[""Cardiff University Brain Research Imaging Centre (CUBRIC), School of Psychology and School of Computer Science and Informatics, Cardiff University, Cardiff, United Kingdom.""]","[""Palombo M""]","[""42313886""]",1,1
aff_08b48b366bbd1b54,"Grupo de Neurociencia de Sistemas, Instituto de Fisiología y Biofísica ""Bernardo Houssay"" (IFIBIO-Houssay), Departamento de Ciencias Fisiológicas, Facultad de Medicina, CONICET-Universidad de Buenos Aires, Buenos Aires C1121, Argentina.","[""Grupo de Neurociencia de Sistemas, Instituto de Fisiología y Biofísica \""Bernardo Houssay\"" (IFIBIO-Houssay), Departamento de Ciencias Fisiológicas, Facultad de Medicina, CONICET-Universidad de Buenos Aires, Buenos Aires C1121, Argentina.""]","[""Valverde E""]","[""39851628""]",1,1
aff_08ca75b3ceb7596c,"Consejo Nacional de Investigaciones Científicas y Técnicas (CONICET), Laboratorio de Neurofisiopatología, Facultad de Medicina, Universidad de Buenos Aires, Instituto de Fisiología y Biofísica ""Houssay"" (IFIBIO), Ciudad de Buenos Aires, Argentina.","[""Consejo Nacional de Investigaciones Científicas y Técnicas (CONICET), Laboratorio de Neurofisiopatología, Facultad de Medicina, Universidad de Buenos Aires, Instituto de Fisiología y Biofísica \""Houssay\"" (IFIBIO), Ciudad de Buenos Aires, Argentina.""]","[""Goldstein J"", ""Pinto A"", ""Ramos-Aloi A""]","[""41489386""]",3,1
aff_08dfbc32dbf6da8c,"Laboratorio de Cronobiología, Departamento de Ciencia y Tecnología, Universidad Nacional de Quilmes/ Consejo Nacional de Investigaciones Científicas y Técnicas (CONICET), Buenos Aires, Argentina.","[""Laboratorio de Cronobiología, Departamento de Ciencia y Tecnología, Universidad Nacional de Quilmes/ Consejo Nacional de Investigaciones Científicas y Técnicas (CONICET), Buenos Aires, Argentina.""]","[""Agostino P""]","[""41605341""]",1,1
aff_08e1e3ae9c5aec56,"Department of Biomedical Engineering, Boston University, Boston, MA, USA. andrew.brughera@mq.edu.au.","[""Department of Biomedical Engineering, Boston University, Boston, MA, USA. andrew.brughera@mq.edu.au.""]","[""Brughera A""]","[""34741225""]",1,1
aff_08e828390736715f,"Grupo de Neurociencia de Sistemas, Departamento de Ciencias Fisiológicas, Facultad de Ciencias Médicas, Universidad de Buenos Aires, Buenos Aires, Argentina. estefania.bello@gmail.com.","[""Grupo de Neurociencia de Sistemas, Departamento de Ciencias Fisiológicas, Facultad de Ciencias Médicas, Universidad de Buenos Aires, Buenos Aires, Argentina. estefania.bello@gmail.com.""]","[""Bello E""]","[""39833563""]",1,1
aff_091dc03894b4b08c,"School of Psychology, University of Sussex, Brighton, United Kingdom.","[""School of Psychology, University of Sussex, Brighton, United Kingdom.""]","[""Merlo E""]","[""33519685""]",1,1
aff_093812e66c22cd56,"Laboratorio de Neuroinmunomodulación y Oncología Molecular, Instituto de Investigaciones Biomédicas (BIOMED), Pontificia Universidad Católica Argentina (UCA), Consejo Nacional de Investigaciones Científicas y Técnicas (CONICET), Ciudad Autónoma de Buenos Aires, Argentina.","[""Laboratorio de Neuroinmunomodulación y Oncología Molecular, Instituto de Investigaciones Biomédicas (BIOMED), Pontificia Universidad Católica Argentina (UCA), Consejo Nacional de Investigaciones Científicas y Técnicas (CONICET), Ciudad Autónoma de Buenos Aires, Argentina.""]","[""Cremaschi G""]","[""38827994""]",1,1
aff_09404bf9fd3ac417,"Human Genetics Institute, Facultad De Medicina, Pontificia Universidad Javeriana , Bogotá, Colombia.","[""Human Genetics Institute, Facultad De Medicina, Pontificia Universidad Javeriana , Bogotá, Colombia.""]","[""Ayala-Ramirez P""]","[""32482148""]",1,1
aff_0954eb3b22360885,"Instituto de Neurociencias y Centro Interdisciplinario de Neurociencia de Valparaíso, Facultad de Ciencias, Universidad de Valparaíso, Valparaíso 2340000, Chile.","[""Instituto de Neurociencias y Centro Interdisciplinario de Neurociencia de Valparaíso, Facultad de Ciencias, Universidad de Valparaíso, Valparaíso 2340000, Chile.""]","[""Chavez A""]","[""39855537""]",1,1
aff_09585924ce1b00ce,"Pathology Services, Hospital Británico de Buenos Aires, Buenos Aires, Argentina.","[""Pathology Services, Hospital Británico de Buenos Aires, Buenos Aires, Argentina.""]","[""Iotti A"", ""Zotta E""]","[""28473934""]",2,1
aff_09c035911b86ae00,"CONICET - Universidad de Buenos Aires, Instituto de Fisiología y Biofísica Bernardo Houssay (IFIBIO Houssay), Grupo de Neurociencias de Sistemas, Buenos Aires, Argentina.","[""CONICET - Universidad de Buenos Aires, Instituto de Fisiología y Biofísica Bernardo Houssay (IFIBIO Houssay), Grupo de Neurociencias de Sistemas, Buenos Aires, Argentina.""]","[""Vassallu F""]","[""41571758""]",1,1
aff_09d5ca6c7f06ed0c,"Laboratorio de Patogénesis e Inmunología de Procesos Infecciosos, Instituto de Medicina Experimental (IMEX)-CONICET, Academia Nacional de Medicina, J.A. Pacheo de Melo 3081, C1425 CABA, Argentina.","[""Laboratorio de Patogénesis e Inmunología de Procesos Infecciosos, Instituto de Medicina Experimental (IMEX)-CONICET, Academia Nacional de Medicina, J.A. Pacheo de Melo 3081, C1425 CABA, Argentina.""]","[""Bernal A"", ""Fernandez-Brando R""]","[""37704516""]",2,1
aff_0a22ef151a307c94,"Universidad de Buenos Aires, Consejo Nacional de lnvestigaciones Científicas y Técnicas, Instituto de Química y Fisicoquímica Biológicas (IQUIFIB), Departamento de Química Biológica, Facultad de Farmacia y Bioquímica, Buenos Aires, Argentina. Electronic address: jmiquet@qb.ffyb.uba.ar.","[""Universidad de Buenos Aires, Consejo Nacional de lnvestigaciones Científicas y Técnicas, Instituto de Química y Fisicoquímica Biológicas (IQUIFIB), Departamento de Química Biológica, Facultad de Farmacia y Bioquímica, Buenos Aires, Argentina. Electronic address: jmiquet@qb.ffyb.uba.ar.""]","[""Miquet J""]","[""32259636""]",1,1
aff_0a4eb0fde292260f,"Laboratorio de Biomembranas, Instituto de Fisiología y Biofísica Bernardo Houssay (IFIBIO Houssay), Facultad de Medicina, Universidad de Buenos Aires-CONICET, Buenos Aires, Argentina. E-mail: rdorr@fmed.uba.ar.","[""Laboratorio de Biomembranas, Instituto de Fisiología y Biofísica Bernardo Houssay (IFIBIO Houssay), Facultad de Medicina, Universidad de Buenos Aires-CONICET, Buenos Aires, Argentina. E-mail: rdorr@fmed.uba.ar.""]","[""Dorr R""]","[""33906140""]",1,1
aff_0a5c427088f59e74,"Departamento de Ciencias Biológicas, Facultad de Farmacia y Bioquímica, Universidad de Buenos Aires, Buenos Aires C1113AAD, Argentina.","[""Departamento de Ciencias Biológicas, Facultad de Farmacia y Bioquímica, Universidad de Buenos Aires, Buenos Aires C1113AAD, Argentina.""]","[""Damiano A""]","[""42123443""]",1,1
aff_0a7ad559aae333cd,"Laboratory of Vascular Biology, Institute of Health Sciences and Health, Universidad Federal De Mato Grosso, Barra Do Garcas, Brazil.","[""Laboratory of Vascular Biology, Institute of Health Sciences and Health, Universidad Federal De Mato Grosso, Barra Do Garcas, Brazil.""]","[""Giachini F"", ""Lima V"", ""Souto P""]","[""32129110""]",3,1
aff_0ab2c57121296919,"Department of Physiology, University of Bern, Bern 3012, Switzerland.","[""Department of Physiology, University of Bern, Bern 3012, Switzerland.""]","[""Acuna M"", ""De Luna P"", ""Falkowska M"", ""Kasanetz F"", ""Nevian T""]","[""37252991""]",5,1
aff_0ab9a1c91151e2e2,"Universidad de Buenos Aires, CONICET, Instituto de Fisiología y Biofísica Bernardo Houssay, Grupo de Neurociencia de Sistemas, 2155 Paraguay St, Buenos Aires, 1121, Argentina.","[""Universidad de Buenos Aires, CONICET, Instituto de Fisiología y Biofísica Bernardo Houssay, Grupo de Neurociencia de Sistemas, 2155 Paraguay St, Buenos Aires, 1121, Argentina.""]","[""Belforte J"", ""Coll C"", ""Keifman E"", ""Paz R"", ""Tubert C""]","[""36241384""]",5,1
aff_0b32686ff7c79632,"Instituto de Genética Humana, Facultad de Medicina, Pontificia Universidad Javeriana, Bogotá, Colombia; Red Iberoamericana de Alteraciones Vasculares en Trastornos del Embarazo, Chillán, Chile. Electronic address: payala@javeriana.edu.co.","[""Instituto de Genética Humana, Facultad de Medicina, Pontificia Universidad Javeriana, Bogotá, Colombia; Red Iberoamericana de Alteraciones Vasculares en Trastornos del Embarazo, Chillán, Chile. Electronic address: payala@javeriana.edu.co.""]","[""Ayala-Ramirez P""]","[""41242030""]",1,1
aff_0bb962fc100154b9,"Unidad Académica Fisiología, Facultad de Medicina, Universidad de la República Urugua, Gral. Flores 2125, Montevideo 11800, Uruguay. Electronic address: dolazabal@fmed.edu.uy.","[""Unidad Académica Fisiología, Facultad de Medicina, Universidad de la República Urugua, Gral. Flores 2125, Montevideo 11800, Uruguay. Electronic address: dolazabal@fmed.edu.uy.""]","[""Olazabal D""]","[""42097396""]",1,1
aff_0c0d06b026218758,"Universidad de Buenos Aires, Laboratorio de Riñón Experimental y Bioquímica Molecular, Instituto de Investigaciones Médicas A. Lanari, Buenos Aires, Argentina.","[""Universidad de Buenos Aires, Laboratorio de Riñón Experimental y Bioquímica Molecular, Instituto de Investigaciones Médicas A. Lanari, Buenos Aires, Argentina.""]","[""Arrizurieta E"", ""Azurmendi P"", ""Di Ciano L"", ""Ibarra F"", ""Oddo E"", ""Vlachovsky S""]","[""34320266""]",6,1
aff_0c86d5e689f513e2,"Instituto de Virología/INVIT-CICVyA, National Institute of Agricultural Technology (INTA)-Castelar, Buenos Aires, Argentina, 1686.","[""Instituto de Virología/INVIT-CICVyA, National Institute of Agricultural Technology (INTA)-Castelar, Buenos Aires, Argentina, 1686.""]","[""Gonzalez D""]","[""33685676""]",1,1
aff_0c8e5b6df46e8872,"Universidad de Buenos Aires, Facultad de Medicina, Instituto de Fisiología y Biofísica IFIBIO Houssay-CONICET, Argentina; Universidad de Buenos Aires, Facultad de Farmacia y Bioquímica, Cátedra de Fisiopatología, Buenos Aires, Argentina. Electronic address: ezotta@fmed.uba.ar.","[""Universidad de Buenos Aires, Facultad de Medicina, Instituto de Fisiología y Biofísica IFIBIO Houssay-CONICET, Argentina; Universidad de Buenos Aires, Facultad de Farmacia y Bioquímica, Cátedra de Fisiopatología, Buenos Aires, Argentina. Electronic address: ezotta@fmed.uba.ar.""]","[""Zotta E""]","[""28057514""]",1,1
aff_0cff9a85c87f91e3,"McConnell Brain Imaging Center, Montreal Neurological Institute and Department of Neurology and Neurosurgery, McGill University, Montreal, Quebec, Canada.","[""McConnell Brain Imaging Center, Montreal Neurological Institute and Department of Neurology and Neurosurgery, McGill University, Montreal, Quebec, Canada.""]","[""Doyon J""]","[""32061044""]",1,1
aff_0d01a913a8cf6def,"Universidad de Buenos Aires, Facultad de Ciencias Médicas, Departamento de Ciencias Fisiológicas, Grupo de Neurociencia de Sistemas, Buenos Aires, Argentina; CONICET - Universidad de Buenos Aires, Instituto de Fisiología y Biofísica Bernardo Houssay (IFIBIO Houssay), Buenos Aires, Argentina.","[""Universidad de Buenos Aires, Facultad de Ciencias Médicas, Departamento de Ciencias Fisiológicas, Grupo de Neurociencia de Sistemas, Buenos Aires, Argentina; CONICET - Universidad de Buenos Aires, Instituto de Fisiología y Biofísica Bernardo Houssay (IFIBIO Houssay), Buenos Aires, Argentina.""]","[""Ilarraz C"", ""Trujillo M""]","[""37236391""]",2,1
aff_0d4a066729caa8ed,Department of Psychiatry and.,"[""Department of Psychiatry and.""]","[""Namboodiri V""]","[""28947572""]",1,1
aff_0dc8facd07e6e2f2,"Universidad de Buenos Aires, CONICET, Instituto de Fisiología y Biofísica ""Bernardo Houssay"" (IFIBIO), Buenos Aires, Argentina. Electronic address: rcutrera@fmed.uba.ar.","[""Universidad de Buenos Aires, CONICET, Instituto de Fisiología y Biofísica \""Bernardo Houssay\"" (IFIBIO), Buenos Aires, Argentina. Electronic address: rcutrera@fmed.uba.ar.""]","[""Cutrera R""]","[""29355695""]",1,1
aff_0e3d48147ff4a8c9,"Instituto de Fisiología y Biofísica Bernardo Houssay (IFIBIO-Houssay), Grupo de Neurociencia de Sistemas, Universidad de Buenos Aires y Consejo Nacional de Investigaciones Científicas y Técnicas, Buenos Aires 1121, Argentina.","[""Instituto de Fisiología y Biofísica Bernardo Houssay (IFIBIO-Houssay), Grupo de Neurociencia de Sistemas, Universidad de Buenos Aires y Consejo Nacional de Investigaciones Científicas y Técnicas, Buenos Aires 1121, Argentina.""]","[""Zold C""]","[""35561217""]",1,1
aff_0f36299427c1292e,"Microbiología, Facultad de Ciencias Veterinarias, Universidad de Buenos Aires, Buenos Aires, Argentina.","[""Microbiología, Facultad de Ciencias Veterinarias, Universidad de Buenos Aires, Buenos Aires, Argentina.""]","[""Bentancor A""]","[""26030198""]",1,1
aff_0f678194300b4103,"Group of Research and Innovation in Vascular Health (GRIVAS Health), Chillan, Chile. cescudero@ubiobio.cl.","[""Group of Research and Innovation in Vascular Health (GRIVAS Health), Chillan, Chile. cescudero@ubiobio.cl.""]","[""Escudero C""]","[""37466779""]",1,1
aff_0f6f958d2667a186,"Red Iberoamericana de Alteraciones Vasculares en Transtornos del Embarazo (RIVATREM), Chillan, Chile; Department of Physiological Sciences, School of Medicine, Pontificia Universidad Javeriana, Bogotá, Colombia.","[""Red Iberoamericana de Alteraciones Vasculares en Transtornos del Embarazo (RIVATREM), Chillan, Chile; Department of Physiological Sciences, School of Medicine, Pontificia Universidad Javeriana, Bogotá, Colombia.""]","[""Garcia-Robles R""]","[""36878143""]",1,1
aff_0fa2cdb133d14994,"Biochemistry Services, Hospital Británico de Buenos Aires, Buenos Aires, Argentina.","[""Biochemistry Services, Hospital Británico de Buenos Aires, Buenos Aires, Argentina.""]","[""Canzonieri R"", ""Muryan A"", ""Schiel A"", ""Stern A""]","[""26842625"", ""27015899""]",4,2
aff_0ff30223dba683af,"Laboratorio de Patogénesis e Inmunología de Procesos Infecciosos, Instituto de Medicina Experimental, Consejo Nacional de Investigaciones Científicas y Técnicas-Academia Nacional de Medicina, 1425 Buenos Aires, Argentina. Mspalermo@hematologia.anm.edu.ar.","[""Laboratorio de Patogénesis e Inmunología de Procesos Infecciosos, Instituto de Medicina Experimental, Consejo Nacional de Investigaciones Científicas y Técnicas-Academia Nacional de Medicina, 1425 Buenos Aires, Argentina. Mspalermo@hematologia.anm.edu.ar.""]","[""Palermo M""]","[""29068360""]",1,1
aff_0ff74788f5411c76,"Departamento de Ginecología y Obstetricia, Unidad de Embarazo de Alto Riesgo, Centro de Estudios Médicos e Investigaciones Clínicas (CEMIC), Buenos Aires, Argentina.","[""Departamento de Ginecología y Obstetricia, Unidad de Embarazo de Alto Riesgo, Centro de Estudios Médicos e Investigaciones Clínicas (CEMIC), Buenos Aires, Argentina.""]","[""Leguizamon G""]","[""27016779""]",1,1
aff_1007b2e6587aeb19,"Department of Physiology and Institute of Physiology and Biophysics (IFIBIO-Houssay, UBA-CONICET), School of Medicine, University of Buenos Aires, Buenos Aires, Argentina.","[""Department of Physiology and Institute of Physiology and Biophysics (IFIBIO-Houssay, UBA-CONICET), School of Medicine, University of Buenos Aires, Buenos Aires, Argentina.""]","[""Faillace M"", ""Pisera-Fuster A"", ""Rocco L""]","[""30826460"", ""35777525""]",3,2
aff_11033125744a4a2c,"Departamento de Bioquímica and Centro de Investigaciones Biomédicas (Ceinbio), Facultad de Medicina, Universidad de la República, Montevideo, Uruguay.","[""Departamento de Bioquímica and Centro de Investigaciones Biomédicas (Ceinbio), Facultad de Medicina, Universidad de la República, Montevideo, Uruguay.""]","[""Zeida A""]","[""34293244""]",1,1
aff_1183af058051246d,"Universidad de Buenos Aires. Facultad de Medicina. Departamento de fisiología y biofísica. Consejo Nacional de Investigaciones Científicas y Técnicas (CONICET). Instituto de Fisiología y Biofísica (IFIBIO) Houssay, Buenos Aires, Argentina.","[""Universidad de Buenos Aires. Facultad de Medicina. Departamento de fisiología y biofísica. Consejo Nacional de Investigaciones Científicas y Técnicas (CONICET). Instituto de Fisiología y Biofísica (IFIBIO) Houssay, Buenos Aires, Argentina.""]","[""Della-Maggiore V"", ""Jacobacci F"", ""Lerner G""]","[""32061044""]",3,1
aff_11ed18e97e2fe311,"Instituto de Química y Fisicoquímica Biológicas (IQUIFIB) Prof. Alejandro Paladini, UBA-CONICET, Buenos Aires, Argentina.","[""Instituto de Química y Fisicoquímica Biológicas (IQUIFIB) Prof. Alejandro Paladini, UBA-CONICET, Buenos Aires, Argentina.""]","[""Battista A"", ""Medrano M""]","[""28710541""]",2,1
aff_121a02d5aa406bb6,"IFIBIO Houssay, Grupo de Neurociencia de Sistemas, Facultad de Medicina, Universidad de Buenos Aires - CONICET, Buenos Aires, Argentina.","[""IFIBIO Houssay, Grupo de Neurociencia de Sistemas, Facultad de Medicina, Universidad de Buenos Aires - CONICET, Buenos Aires, Argentina.""]","[""Igaz L"", ""Silva Pinto P"", ""Vassallu F""]","[""34935149"", ""39327159""]",3,2
aff_125efcb0a19992a8,"Laboratory of Biology of Reproduction, IFIBIO, CONICET, School of Medicine, University of Buenos Aires, Buenos Aires, Argentina.","[""Laboratory of Biology of Reproduction, IFIBIO, CONICET, School of Medicine, University of Buenos Aires, Buenos Aires, Argentina.""]","[""Martinez N""]","[""29197004""]",1,1
aff_126b3693f1f70e9b,"Hospital de Agudos Juan A. Fernandez, Laboratorio Central, Argentina.","[""Hospital de Agudos Juan A. Fernandez, Laboratorio Central, Argentina.""]","[""Hermes R""]","[""28057514""]",1,1
aff_12767b187b9ad69d,"IFIBIO Bernardo Houssay, Grupo de Neurociencia de Sistemas, Facultad de Medicina, Universidad de Buenos Aires-CONICET, 2155 Paraguay Street, Buenos Aires 1121, Argentina.","[""IFIBIO Bernardo Houssay, Grupo de Neurociencia de Sistemas, Facultad de Medicina, Universidad de Buenos Aires-CONICET, 2155 Paraguay Street, Buenos Aires 1121, Argentina.""]","[""Paz R""]","[""29605667""]",1,1
aff_12ac3af70018e9a3,"Laboratorio de Fisiopatogenia, Instituto de Fisiología y Biofísica Bernardo Houssay (IFIBIO)- CONICET- Departamento de Fisiología, Facultad de Medicina, Universidad de Buenos Aires, Buenos Aires, Argentina.","[""Laboratorio de Fisiopatogenia, Instituto de Fisiología y Biofísica Bernardo Houssay (IFIBIO)- CONICET- Departamento de Fisiología, Facultad de Medicina, Universidad de Buenos Aires, Buenos Aires, Argentina.""]","[""Ibarra C""]","[""34971959""]",1,1
aff_12bc9b23d2520f2e,"Servicio de Pediatría, Hospital Nacional Profesor Alejandro Posadas, Buenos Aires 1684, Argentina. harepetto@yahoo.com.ar.","[""Servicio de Pediatría, Hospital Nacional Profesor Alejandro Posadas, Buenos Aires 1684, Argentina. harepetto@yahoo.com.ar.""]","[""Repetto H""]","[""28718802""]",1,1
aff_12c570ee4eddb01e,"Pharmacogenomics Academia, Instituto Politécnico Nacional-CIIDIR Durango, Mexico.","[""Pharmacogenomics Academia, Instituto Politécnico Nacional-CIIDIR Durango, Mexico.""]","[""Barragan-Zuniga L"", ""Blanco-Castaneda R"", ""Macias-Salas A""]","[""36878143""]",3,1
aff_12e52ce62007af48,"Genetics of Learning Laboratory, Systems Neuroscience Section, Department of Physiology and Biophysics, School of Medicine, University of Buenos Aires, IFIBIO-Houssay-CONICET, C1121ABG Buenos Aires, Argentina. Electronic address: pagani@fmed.uba.ar.","[""Genetics of Learning Laboratory, Systems Neuroscience Section, Department of Physiology and Biophysics, School of Medicine, University of Buenos Aires, IFIBIO-Houssay-CONICET, C1121ABG Buenos Aires, Argentina. Electronic address: pagani@fmed.uba.ar.""]","[""Pagani M""]","[""24859216""]",1,1
aff_133890e35e9024be,"Laboratorio de Fisiopatogenia, Departamento de Fisiología, IFIBIO-Houssay UBA-CONICET, Facultad de Medicina, Universidad de Buenos Aires, Buenos Aires, Argentina.","[""Laboratorio de Fisiopatogenia, Departamento de Fisiología, IFIBIO-Houssay UBA-CONICET, Facultad de Medicina, Universidad de Buenos Aires, Buenos Aires, Argentina.""]","[""Girard M"", ""Ibarra C"", ""Rivera F"", ""Sacerdoti F""]","[""26335361""]",4,1
aff_140781061fdfbb79,"Departamento de Patología, Hospital de Pediatría S.A.M.I.C Prof. Dr. Juan P. Garrahan, Buenos Aires, Argentina.","[""Departamento de Patología, Hospital de Pediatría S.A.M.I.C Prof. Dr. Juan P. Garrahan, Buenos Aires, Argentina.""]","[""Marti J""]","[""42611393""]",1,1
aff_1409abf96921209a,"Departamento de Endocrinología, Hospital de Pediatría Garrahan, Buenos Aires, Argentina.","[""Departamento de Endocrinología, Hospital de Pediatría Garrahan, Buenos Aires, Argentina.""]","[""Palligas M"", ""Saraco N""]","[""33126049""]",2,1
aff_140c136b97d0eb17,"Institute of Biological Sciences, Federal University of Goias, Goiânia, Brazil.","[""Institute of Biological Sciences, Federal University of Goias, Goiânia, Brazil.""]","[""Alves de Freitas R"", ""Dela Justina V"", ""Dos Passos Junior R"", ""Giachini F"", ""de Freitas R""]","[""34267676"", ""35431989""]",5,2
aff_149cd4acc8e487f8,"Centro Estatal de Cancerología, Secretaria de Salud de Durango, Durango 34000, Mexico.","[""Centro Estatal de Cancerología, Secretaria de Salud de Durango, Durango 34000, Mexico.""]","[""Barragan-Zuniga L""]","[""42123443""]",1,1
aff_14bc7e9ad50a692c,"Yale University School of Medicine, Departments of Cellular and Molecular Physiology, New Haven, Connecticut.","[""Yale University School of Medicine, Departments of Cellular and Molecular Physiology, New Haven, Connecticut.""]","[""Bordey A""]","[""25856239""]",1,1
aff_14f00333d118f1d3,"Laboratorio de Biología de la Reproducción, Instituto de Fisiología y Biofísica Bernardo Houssay (IFIBIO) - CONICET- Facultad de Medicina, Universidad de Buenos Aires, Buenos Aires, Argentina.","[""Laboratorio de Biología de la Reproducción, Instituto de Fisiología y Biofísica Bernardo Houssay (IFIBIO) - CONICET- Facultad de Medicina, Universidad de Buenos Aires, Buenos Aires, Argentina.""]","[""Damiano A"", ""Martinez N"", ""Medina Y"", ""Reppetti J"", ""Seyahian A""]","[""27488203"", ""34938200""]",5,2
aff_14f4c08569899194,"Universidad de Buenos Aires, Facultad de Farmacia y Bioquímica, Departamento de Química Analítica y Fisicoquímica, Cátedra de Química General e Inorgánica, Buenos Aires, Argentina.","[""Universidad de Buenos Aires, Facultad de Farmacia y Bioquímica, Departamento de Química Analítica y Fisicoquímica, Cátedra de Química General e Inorgánica, Buenos Aires, Argentina.""]","[""Evelson P""]","[""30732602""]",1,1
aff_152e8ad6e2c59f7d,"Instituto de Ciencias Naturales, Facultad de Medicina Veterinaria y Agronomía, Universidad de Las Américas, Santiago, Chile.","[""Instituto de Ciencias Naturales, Facultad de Medicina Veterinaria y Agronomía, Universidad de Las Américas, Santiago, Chile.""]","[""Opazo M""]","[""37274341""]",1,1
aff_156eeb45c47fc123,"Department of Physiology and Institute of Physiology and Biophysics (IFIBIO-Houssay, UBA-CONICET), School of Medicine, University of Buenos Aires, Buenos Aires, Argentina. Electronic address: mfaillace@fmed.uba.ar.","[""Department of Physiology and Institute of Physiology and Biophysics (IFIBIO-Houssay, UBA-CONICET), School of Medicine, University of Buenos Aires, Buenos Aires, Argentina. Electronic address: mfaillace@fmed.uba.ar.""]","[""Faillace M""]","[""35777525""]",1,1
aff_159c515b0f14b80a,"Laboratório de Bacteriologia, Instituto Butantan, São Paulo 05503900, Brasil. roxane@butantan.gov.br.","[""Laboratório de Bacteriologia, Instituto Butantan, São Paulo 05503900, Brasil. roxane@butantan.gov.br.""]","[""Piazza R""]","[""30513821""]",1,1
aff_15a54d093dac5480,"CIVETAN-Centro de Investigación Veterinaria Tandil (CONICET, CICPBA), Facultad de Ciencias Veterinarias, Tandil, Argentina.","[""CIVETAN-Centro de Investigación Veterinaria Tandil (CONICET, CICPBA), Facultad de Ciencias Veterinarias, Tandil, Argentina.""]","[""Padola N"", ""Sanz M""]","[""35957815""]",2,1
aff_15be64a871c4ddaf,"School of Life Sciences, University of Warwick, Coventry, UK.","[""School of Life Sciences, University of Warwick, Coventry, UK.""]","[""Karikari T""]","[""31630412""]",1,1
aff_15fa33aa0c71b1c8,"Departamento de Neurología, Fleni, Buenos Aires, Argentina.","[""Departamento de Neurología, Fleni, Buenos Aires, Argentina.""]","[""Correale J""]","[""34935149""]",1,1
aff_162753459549e1f1,"Laboratory of Vascular Biology, Institute of Health Sciences and Health, Universidade Federal de Mato Grosso, Barra do Garcas, Brazil.","[""Laboratory of Vascular Biology, Institute of Health Sciences and Health, Universidade Federal de Mato Grosso, Barra do Garcas, Brazil.""]","[""Araujo G"", ""Giachini F"", ""Lima V""]","[""37466779""]",3,1
aff_1634010af039ed03,"Servicio de Pediatría [H.A.R.], Hospital Nacional Profesor Alejandro Posadas, BueCos Aires, Argentina.","[""Servicio de Pediatría [H.A.R.], Hospital Nacional Profesor Alejandro Posadas, BueCos Aires, Argentina.""]","[""Repetto H""]","[""26335361""]",1,1
aff_1642627823f6abd2,"Departamento de Ciencias Fisiológicas, Universidad de Buenos Aires, Facultad de Medicina, Laboratorio de Biomembranas, Buenos Aires, Argentina; CONICET-Universidad de Buenos Aires, Instituto de Fisiología y Biofísica Bernardo Houssay, Buenos Aires, Argentina. Electronic address: mpoliti@fmed.uba.ar.","[""Departamento de Ciencias Fisiológicas, Universidad de Buenos Aires, Facultad de Medicina, Laboratorio de Biomembranas, Buenos Aires, Argentina; CONICET-Universidad de Buenos Aires, Instituto de Fisiología y Biofísica Bernardo Houssay, Buenos Aires, Argentina. Electronic address: mpoliti@fmed.uba.ar.""]","[""Politi M""]","[""31521941""]",1,1
aff_1647eacb1e099609,"Instituto de Biotecnología, Instituto Nacional de Tecnología Agropecuaria (INTA-Castelar), Buenos Aires, Argentina.","[""Instituto de Biotecnología, Instituto Nacional de Tecnología Agropecuaria (INTA-Castelar), Buenos Aires, Argentina.""]","[""Amigo N"", ""Cataldi A""]","[""25794836""]",2,1
aff_165331cabbe62142,"Laboratorio de Fisiopatogenia, Instituto de Fisiología y Biofísica Bernardo Houssay (IFIBIO Houssay-CONICET), Departamento de Fisiología, Facultad de Medicina, Universidad de Buenos Aires, Paraguay 2155, Buenos Aires 1121, Argentina. mmamaral74@gmail.com.","[""Laboratorio de Fisiopatogenia, Instituto de Fisiología y Biofísica Bernardo Houssay (IFIBIO Houssay-CONICET), Departamento de Fisiología, Facultad de Medicina, Universidad de Buenos Aires, Paraguay 2155, Buenos Aires 1121, Argentina. mmamaral74@gmail.com.""]","[""Amaral M""]","[""30360505""]",1,1
aff_16c47262ce39acb1,"Departamento de Ciencias Biológicas, Facultad de Farmacia y Bioquímica, Universidad de Buenos Aires, Buenos Aires, Argentina.","[""Departamento de Ciencias Biológicas, Facultad de Farmacia y Bioquímica, Universidad de Buenos Aires, Buenos Aires, Argentina.""]","[""Castro-Parodi M"", ""Damiano A"", ""Levi L"", ""Reppetti J""]","[""26568619"", ""27342375"", ""27488203""]",4,3
aff_1743cc8c7020d2af,"Departamento de Ciencias Fisiológicas, Instituto de Fisiología y Biofísica Bernardo Houssay, Facultad de Medicina, Universidad de Buenos Aires, CONICET, Buenos Aires, Argentina.","[""Departamento de Ciencias Fisiológicas, Instituto de Fisiología y Biofísica Bernardo Houssay, Facultad de Medicina, Universidad de Buenos Aires, CONICET, Buenos Aires, Argentina.""]","[""Morici J"", ""Weisstaub N""]","[""29717980""]",2,1
aff_179c57c338aa1280,"IFIBIO Houssay, UBA CONICET, Facultad de Medicina, Universidad de Buenos Aires, Paraguay 2155, 1425 Buenos Aires, Argentina.","[""IFIBIO Houssay, UBA CONICET, Facultad de Medicina, Universidad de Buenos Aires, Paraguay 2155, 1425 Buenos Aires, Argentina.""]","[""Araoz A"", ""Zotta E""]","[""26064721"", ""26942026""]",2,2
aff_17b1544dfcd34f05,"Department of Physiology (IFIBIO-Houssay, UBA-CONICET), School of Medicine, University of Buenos Aires, Buenos Aires, Argentina.","[""Department of Physiology (IFIBIO-Houssay, UBA-CONICET), School of Medicine, University of Buenos Aires, Buenos Aires, Argentina.""]","[""Faillace M"", ""Pisera-Fuster A""]","[""29481898""]",2,1
aff_17cff9d429023f4e,"Laboratorio de Patogénesis e Inmunología de Procesos Infecciones, Instituto de Medicina Experimental (CONICET), Academia Nacional de Medicina, Buenos Aires, Argentina.","[""Laboratorio de Patogénesis e Inmunología de Procesos Infecciones, Instituto de Medicina Experimental (CONICET), Academia Nacional de Medicina, Buenos Aires, Argentina.""]","[""Fernandez-Brando R"", ""Palermo M""]","[""30619183""]",2,1
aff_17d960832bed61b8,"Instituto Cajal, Consejo Superior de Investigaciones Científicas, CSIC, Madrid, Spain.","[""Instituto Cajal, Consejo Superior de Investigaciones Científicas, CSIC, Madrid, Spain.""]","[""Keifman E"", ""Moratalla R"", ""Ruiz-DeDiego I"", ""Solis O""]","[""30895594""]",4,1
aff_17fd5602cf34c02a,"CONICET - Universidad de Buenos Aires, Instituto de Biología Celular y Neurociencias ""Profesor Eduardo De Robertis"" (IBCN), Buenos Aires, Argentina. hviola@fmed.uba.ar.","[""CONICET - Universidad de Buenos Aires, Instituto de Biología Celular y Neurociencias \""Profesor Eduardo De Robertis\"" (IBCN), Buenos Aires, Argentina. hviola@fmed.uba.ar.""]","[""Viola H""]","[""42086667""]",1,1
aff_18205d6edd2b2f30,"Department of Internal Medicine, Geriatrics Research, Southern Illinois University School of Medicine, Springfield, IL, USA.","[""Department of Internal Medicine, Geriatrics Research, Southern Illinois University School of Medicine, Springfield, IL, USA.""]","[""Bartke A"", ""Fang Y""]","[""32259636""]",2,1
aff_18364756813db116,"Department of Neurobiology and Developmental Sciences, Center for Translational Neuroscience, University of Arkansas for Medical Sciences, Little Rock, Arkansas, USA.","[""Department of Neurobiology and Developmental Sciences, Center for Translational Neuroscience, University of Arkansas for Medical Sciences, Little Rock, Arkansas, USA.""]","[""Garcia-Rill E""]","[""26484945""]",1,1
aff_189a05fa4ae9b3ab,"Universidad de Buenos Aires (UBA), Facultad de Ciencias Exactas y Naturales (FCEN), Buenos Aires, Argentina; Consejo Nacional de Investigaciones Científicas y Técnicas (CONICET)-UBA-Instituto de Fisiología, Biología Molecular y Neurociencias (IFIBYNE), Buenos Aires, Argentina; UBA, FCEN, Departamento de Biodiversidad y Bilogía Experimental, Buenos Aires, Argentina. Electronic address: evelinmariel@gmail.com.ar.","[""Universidad de Buenos Aires (UBA), Facultad de Ciencias Exactas y Naturales (FCEN), Buenos Aires, Argentina; Consejo Nacional de Investigaciones Científicas y Técnicas (CONICET)-UBA-Instituto de Fisiología, Biología Molecular y Neurociencias (IFIBYNE), Buenos Aires, Argentina; UBA, FCEN, Departamento de Biodiversidad y Bilogía Experimental, Buenos Aires, Argentina. Electronic address: evelinmariel@gmail.com.ar.""]","[""Elia E""]","[""30300837""]",1,1
aff_18a3d469a2a0fe29,"Instituto de Biología y Medicina Experimental (IBYME), CONICET, Buenos Aires, Argentina; Universidad de Buenos Aires, Facultad de Medicina, Departamento de Bioquímica Humana, Buenos Aires, Argentina.","[""Instituto de Biología y Medicina Experimental (IBYME), CONICET, Buenos Aires, Argentina; Universidad de Buenos Aires, Facultad de Medicina, Departamento de Bioquímica Humana, Buenos Aires, Argentina.""]","[""Matzkin M""]","[""32259636""]",1,1
aff_18c4f371625298dc,"Microbiology Section, Department of Genetics, Microbiology and Statistics, Faculty of Biology, University of Barcelona, Barcelona, Spain.","[""Microbiology Section, Department of Genetics, Microbiology and Statistics, Faculty of Biology, University of Barcelona, Barcelona, Spain.""]","[""Muniesa M""]","[""30619183""]",1,1
aff_1913ae31d7106341,"Universidad de Buenos Aires - Consejo Nacional de Investigaciones Científicas y Tecnológicas (CONICET), Instituto de Fisiología y Biofísica Bernardo Houssay (IFIBIO Houssay), Buenos Aires, Argentina; Universidad de Buenos Aires, Facultad de Ciencias Médicas, Departamento de Ciencias Fisiológicas, Laboratorio de Fisiopatogenia, Buenos Aires, Argentina; Universidad de Buenos Aires, Facultad de Ciencias Médicas, Departamento de Ciencias Fisiológicas. Laboratorio de Patología, and Facultad de Farmacia y Bioquímica, Cátedra de Fisiopatología, Buenos Aires, Argentina.","[""Universidad de Buenos Aires - Consejo Nacional de Investigaciones Científicas y Tecnológicas (CONICET), Instituto de Fisiología y Biofísica Bernardo Houssay (IFIBIO Houssay), Buenos Aires, Argentina; Universidad de Buenos Aires, Facultad de Ciencias Médicas, Departamento de Ciencias Fisiológicas, Laboratorio de Fisiopatogenia, Buenos Aires, Argentina; Universidad de Buenos Aires, Facultad de Ciencias Médicas, Departamento de Ciencias Fisiológicas. Laboratorio de Patología, and Facultad de Farmacia y Bioquímica, Cátedra de Fisiopatología, Buenos Aires, Argentina.""]","[""Zotta E""]","[""38086442""]",1,1
aff_1977e38a2e737773,"Department of Physiology (IFIBIO-Houssay, UBA-CONICET), School of Medicine, University of Buenos Aires, Buenos Aires, Argentina. Electronic address: rbernabeu@fmed.uba.ar.","[""Department of Physiology (IFIBIO-Houssay, UBA-CONICET), School of Medicine, University of Buenos Aires, Buenos Aires, Argentina. Electronic address: rbernabeu@fmed.uba.ar.""]","[""Bernabeu R""]","[""29481898""]",1,1
aff_19d406a511925123,"Red Iberoamericana de Alteraciones Vasculares en Transtornos del Embarazo (RIVATREM), Chillan, Chile; Human Genetics Institute, School of Medicine, Pontificia Universidad Javeriana, Bogotá, Colombia.","[""Red Iberoamericana de Alteraciones Vasculares en Transtornos del Embarazo (RIVATREM), Chillan, Chile; Human Genetics Institute, School of Medicine, Pontificia Universidad Javeriana, Bogotá, Colombia.""]","[""Ayala-Ramirez P""]","[""36878143""]",1,1
aff_1a0a99f6d0a6a226,"Instituto de Investigación Médica Mercedes y Martin Ferreyra (INIMEC-CONICET-Universidad Nacional de Córdoba), Córdoba, Argentina.","[""Instituto de Investigación Médica Mercedes y Martin Ferreyra (INIMEC-CONICET-Universidad Nacional de Córdoba), Córdoba, Argentina.""]","[""de Olmos S""]","[""34935149""]",1,1
aff_1a12fec5ff3f588b,"Laboratorio de Biología de la Reproducción, IFIBIO Houssay-UBA- CONICET, Buenos Aires, Argentina.","[""Laboratorio de Biología de la Reproducción, IFIBIO Houssay-UBA- CONICET, Buenos Aires, Argentina.""]","[""Damiano A""]","[""31396108""]",1,1
aff_1a333170077d1f46,"Genetics of Learning Laboratory, Systems Neuroscience Section, Department of Physiology and Biophysics, School of Medicine, University of Buenos Aires, IFIBIO-Houssay-CONICET, C1121ABG Buenos Aires, Argentina.","[""Genetics of Learning Laboratory, Systems Neuroscience Section, Department of Physiology and Biophysics, School of Medicine, University of Buenos Aires, IFIBIO-Houssay-CONICET, C1121ABG Buenos Aires, Argentina.""]","[""San Martin A""]","[""24859216""]",1,1
aff_1ac9a29bb43f178e,"Departamento de Fisiología, Biología Molecular y Celular Dr. Héctor Maldonado, Facultad de Ciencias Exactas y Naturales, Universidad de Buenos Aires, Buenos Aires, Argentina.","[""Departamento de Fisiología, Biología Molecular y Celular Dr. Héctor Maldonado, Facultad de Ciencias Exactas y Naturales, Universidad de Buenos Aires, Buenos Aires, Argentina.""]","[""Tomsic D""]","[""33240056""]",1,1
aff_1aea4b70cd0f1de3,"Departamento de Ciencias Fisiológicas, Facultad de Medicina, Universidad de Buenos Aires, Buenos Aires, Argentina. jogol@fmed.uba.ar.","[""Departamento de Ciencias Fisiológicas, Facultad de Medicina, Universidad de Buenos Aires, Buenos Aires, Argentina. jogol@fmed.uba.ar.""]","[""Goldstein J""]","[""36227397""]",1,1
aff_1b1659026162c6ab,"Fundación Instituto Leloir, Instituto de Investigaciones Bioquímicas de Buenos Aires (IIBBA) - CONICET, Argentina.","[""Fundación Instituto Leloir, Instituto de Investigaciones Bioquímicas de Buenos Aires (IIBBA) - CONICET, Argentina.""]","[""Pascuale C""]","[""37979924""]",1,1
aff_1b25778737a2a0be,"Universidad de Buenos Aires, Instituto de Investigaciones Médicas A. Lanari, Servicio de Anatomía Patológica, Combatientes de Malvinas 3150, Buenos Aires, 1427, Argentina; Universidad de Buenos Aires, Consejo Nacional de Investigaciones Científicas y Técnicas (CONICET), Instituto de Investigaciones Médicas A. Lanari, Combatientes de Malvinas 3150, Buenos Aires, 1427, Argentina. Electronic address: paz.leonardo@lanari.uba.ar.","[""Universidad de Buenos Aires, Instituto de Investigaciones Médicas A. Lanari, Servicio de Anatomía Patológica, Combatientes de Malvinas 3150, Buenos Aires, 1427, Argentina; Universidad de Buenos Aires, Consejo Nacional de Investigaciones Científicas y Técnicas (CONICET), Instituto de Investigaciones Médicas A. Lanari, Combatientes de Malvinas 3150, Buenos Aires, 1427, Argentina. Electronic address: paz.leonardo@lanari.uba.ar.""]","[""Paz L""]","[""38788356""]",1,1
aff_1b8e5f52e1fb48ea,"Consortium for Research and Innovation Neurovascular, (NEUROVAS), Chillán, Chile.","[""Consortium for Research and Innovation Neurovascular, (NEUROVAS), Chillán, Chile.""]","[""Acurio J"", ""Escudero C""]","[""42601945""]",2,1
aff_1bbdbdfcef89d25c,"Laboratorio de Fisiopatogenia, Departamento de Fisiología, Instituto de Fisiología y Biofísica Bernardo Houssay (IFIBIO Houssay-CONICET), Facultad de Medicina, Universidad de Buenos Aires, Buenos Aires 1121, Argentina. mmamaral74@gmail.com.","[""Laboratorio de Fisiopatogenia, Departamento de Fisiología, Instituto de Fisiología y Biofísica Bernardo Houssay (IFIBIO Houssay-CONICET), Facultad de Medicina, Universidad de Buenos Aires, Buenos Aires 1121, Argentina. mmamaral74@gmail.com.""]","[""Amaral M""]","[""28718802""]",1,1
aff_1c0294c5728adabc,"Institute of Scientific Research and High Technology Services of Panama, Republic of Panama. Electronic address: mariabcarreirafranceschi@gmail.com.","[""Institute of Scientific Research and High Technology Services of Panama, Republic of Panama. Electronic address: mariabcarreirafranceschi@gmail.com.""]","[""Carreira M""]","[""42097396""]",1,1
aff_1c0d65d3200f6917,"Laboratorio de Fisiopatología Placentaria, CEFYBO-CONICET, Facultad de Medicina, Universidad de Buenos Aires, Buenos Aires, Argentina.","[""Laboratorio de Fisiopatología Placentaria, CEFYBO-CONICET, Facultad de Medicina, Universidad de Buenos Aires, Buenos Aires, Argentina.""]","[""Aban C"", ""Farina M""]","[""27016779""]",2,1
aff_1c29c0f7385b0b01,"Instituto de Fisiología y Biofísica (IFIBIO-Houssay), Facultad de Medicina, Universidad de Buenos Aires, Buenos Aires, Argentina.","[""Instituto de Fisiología y Biofísica (IFIBIO-Houssay), Facultad de Medicina, Universidad de Buenos Aires, Buenos Aires, Argentina.""]","[""Bernabeu R"", ""Otero S"", ""Pisera-Fuster A""]","[""28118493""]",3,1
aff_1c30aae8b4374179,"Instituto de Patobiología, Instituto Nacional de Tecnología Agropecuaria, Nicolás Repetto y De los Reseros, 1686 Hurlingham, Buenos Aires, Argentina.","[""Instituto de Patobiología, Instituto Nacional de Tecnología Agropecuaria, Nicolás Repetto y De los Reseros, 1686 Hurlingham, Buenos Aires, Argentina.""]","[""Mercado E"", ""Vilte D""]","[""29483033""]",2,1
aff_1c3b2e65cc5db0d1,"Universidad de Buenos Aires, CONICET, Instituto de Bioquímica y Medicina Molecular (IBIMOL), Facultad de Farmacia y Bioquímica, Buenos Aires, Argentina.","[""Universidad de Buenos Aires, CONICET, Instituto de Bioquímica y Medicina Molecular (IBIMOL), Facultad de Farmacia y Bioquímica, Buenos Aires, Argentina.""]","[""Calabro V"", ""Evelson P""]","[""30732602""]",2,1
aff_1c49743935125c8a,"Department of Neuroscience, The Johns Hopkins University, Baltimore, Maryland 21205.","[""Department of Neuroscience, The Johns Hopkins University, Baltimore, Maryland 21205.""]","[""Levy J""]","[""28947572""]",1,1
aff_1c56a7716ccf4ddc,"Department of Neuroscience, Feinberg School of Medicine, Northwestern University, Chicago, IL 60611, USA; Max Planck Florida Institute for Neuroscience, 1 Max Planck Way, Jupiter, FL 33458, USA.","[""Department of Neuroscience, Feinberg School of Medicine, Northwestern University, Chicago, IL 60611, USA; Max Planck Florida Institute for Neuroscience, 1 Max Planck Way, Jupiter, FL 33458, USA.""]","[""Pancani T""]","[""37852390""]",1,1
aff_1c9413fd0141924e,"Instituto de Investigaciones en Ingeniería Genética y Biología Molecular, Consejo Nacional de Investigaciones Científicas y Técnicas, Vuelta de Obligado 2490, 1428, Ciudad Autónoma de Buenos Aires, Argentina; Departamento de Fisiología, Biología Molecular y Celular, Facultad de Ciencias Exactas y Naturales, Universidad de Buenos Aires, Intendente Güiraldes 2160, Ciudad Universitaria, C1428EGA, Ciudad Autónoma de Buenos Aires, Argentina. Electronic address: mrubins@dna.uba.ar.","[""Instituto de Investigaciones en Ingeniería Genética y Biología Molecular, Consejo Nacional de Investigaciones Científicas y Técnicas, Vuelta de Obligado 2490, 1428, Ciudad Autónoma de Buenos Aires, Argentina; Departamento de Fisiología, Biología Molecular y Celular, Facultad de Ciencias Exactas y Naturales, Universidad de Buenos Aires, Intendente Güiraldes 2160, Ciudad Universitaria, C1428EGA, Ciudad Autónoma de Buenos Aires, Argentina. Electronic address: mrubins@dna.uba.ar.""]","[""Rubinstein M""]","[""32311511""]",1,1
aff_1cae7d78a5c3305c,"Universidad de Buenos Aires, Instituto de Investigaciones Médicas A. Lanari, Laboratorio de Nefrología Experimental y Bioquímica Molecular, Combatientes de Malvinas 3150, Buenos Aires, 1427, Argentina; Universidad de Buenos Aires, Consejo Nacional de Investigaciones Científicas y Técnicas (CONICET), Instituto de Investigaciones Médicas A. Lanari, Combatientes de Malvinas 3150, Buenos Aires, 1427, Argentina. Electronic address: oddo.elisabet@lanari.uba.ar.","[""Universidad de Buenos Aires, Instituto de Investigaciones Médicas A. Lanari, Laboratorio de Nefrología Experimental y Bioquímica Molecular, Combatientes de Malvinas 3150, Buenos Aires, 1427, Argentina; Universidad de Buenos Aires, Consejo Nacional de Investigaciones Científicas y Técnicas (CONICET), Instituto de Investigaciones Médicas A. Lanari, Combatientes de Malvinas 3150, Buenos Aires, 1427, Argentina. Electronic address: oddo.elisabet@lanari.uba.ar.""]","[""Oddo E""]","[""38788356""]",1,1
aff_1cc9679f42059533,"Université de Toulouse, Institut de Mécanique des Fluides de Toulouse (IMFT). CNRS, INPT, UPS, Toulouse, France.","[""Université de Toulouse, Institut de Mécanique des Fluides de Toulouse (IMFT). CNRS, INPT, UPS, Toulouse, France.""]","[""Ghigo A""]","[""31521941""]",1,1
aff_1cd98c6256c9099c,"Universidad de Buenos Aires, Facultad de Medicina. Departamento de Ciencias Fisiológicas, Laboratorio de Biomembranas, Paraguay 2155, C1121 ABG, Buenos Aires, Argentina; CONICET-Universidad de Buenos Aires. Instituto de Fisiología y Biofísica Bernardo Houssay, Paraguay 2155, C1121 ABG, Buenos Aires, Argentina. Electronic address: jmfbur@gmail.com.","[""Universidad de Buenos Aires, Facultad de Medicina. Departamento de Ciencias Fisiológicas, Laboratorio de Biomembranas, Paraguay 2155, C1121 ABG, Buenos Aires, Argentina; CONICET-Universidad de Buenos Aires. Instituto de Fisiología y Biofísica Bernardo Houssay, Paraguay 2155, C1121 ABG, Buenos Aires, Argentina. Electronic address: jmfbur@gmail.com.""]","[""Fernandez J""]","[""31521898""]",1,1
aff_1d9442f567adf0ab,"Universidad de Buenos Aires - CONICET. Instituto de Fisiología y Biofísica Bernardo Houssay (IFIBIO Houssay), Facultad de Medicina, Departamento de Ciencias Fisiológicas. Grupo de Neurociencia de Sistemas, Buenos Aires, Argentina. Electronic address: jbelforte@fmed.uba.ar.","[""Universidad de Buenos Aires - CONICET. Instituto de Fisiología y Biofísica Bernardo Houssay (IFIBIO Houssay), Facultad de Medicina, Departamento de Ciencias Fisiológicas. Grupo de Neurociencia de Sistemas, Buenos Aires, Argentina. Electronic address: jbelforte@fmed.uba.ar.""]","[""Belforte J""]","[""37718031""]",1,1
aff_1e0ba8eb89ee6465,"Laboratorio de Patogénesis e Inmunología de Procesos Infecciosos, Instituto de Medicina Experimental, Consejo Nacional de Investigaciones Científicas y Técnicas-Academia Nacional de Medicina, 1425 Buenos Aires, Argentina. jimena.abrey@gmail.com.","[""Laboratorio de Patogénesis e Inmunología de Procesos Infecciosos, Instituto de Medicina Experimental, Consejo Nacional de Investigaciones Científicas y Técnicas-Academia Nacional de Medicina, 1425 Buenos Aires, Argentina. jimena.abrey@gmail.com.""]","[""Abrey Recalde M""]","[""29068360""]",1,1
aff_1e11e073b9333a57,"Laboratorio de Neurofarmacología de los Procesos de Memoria, Cátedra de Farmacología, Facultad de Farmacia y Bioquímica, Universidad de Buenos Aires (UBA) - CONICET, Buenos Aires, Argentina. Electronic address: mboccia@ffyb.uba.ar.","[""Laboratorio de Neurofarmacología de los Procesos de Memoria, Cátedra de Farmacología, Facultad de Farmacia y Bioquímica, Universidad de Buenos Aires (UBA) - CONICET, Buenos Aires, Argentina. Electronic address: mboccia@ffyb.uba.ar.""]","[""Boccia M""]","[""33307182""]",1,1
aff_1ed9c50c0e34d815,"Facultad de Ciencias de la Salud, Universidad Continental, Av. Alfredo Mendiola 5210, Lima, Peru. Electronic address: laguilar@continental.edu.pe.","[""Facultad de Ciencias de la Salud, Universidad Continental, Av. Alfredo Mendiola 5210, Lima, Peru. Electronic address: laguilar@continental.edu.pe.""]","[""Aguilar L""]","[""42097396""]",1,1
aff_1ee1a593793b00b3,"Instituto Mexicano del Seguro Social, Unidad de Investigación Durango, Durango, Mexico.","[""Instituto Mexicano del Seguro Social, Unidad de Investigación Durango, Durango, Mexico.""]","[""Simental-Mendia L""]","[""42601945""]",1,1
aff_1f01facd1ca0d1c5,"Catedra de Fisiopatología, Facultad de Farmacia y Bioquímica, Universidad de Buenos Aires, Buenos Aires, Argentina.","[""Catedra de Fisiopatología, Facultad de Farmacia y Bioquímica, Universidad de Buenos Aires, Buenos Aires, Argentina.""]","[""Zotta E""]","[""30204500""]",1,1
aff_1f0da6583f4def16,"Facultad de Farmacia y Bioquímica, Instituto de Investigaciones Farmacológicas (ININFA-UBA-CONICET), Universidad de Buenos Aires, Ciudad de Buenos Aires, Argentina.","[""Facultad de Farmacia y Bioquímica, Instituto de Investigaciones Farmacológicas (ININFA-UBA-CONICET), Universidad de Buenos Aires, Ciudad de Buenos Aires, Argentina.""]","[""Bisagno V"", ""Goitia B"", ""Rivero-Echeto M""]","[""26484945""]",3,1
aff_1f1abed56b5cbb62,"Universidad de Buenos Aires, Consejo Nacional de Investigaciones Científicas y Técnicas (CONICET), Facultad de Ciencias Médicas, Departamento de Ciencias Fisiológicas. Instituto de Fisiología y Biofísica B. Houssay (IFIBIO-Houssay), Laboratorio de Fisiología Renal, Paraguay 2155, piso 4, Buenos Aires, 1121, Argentina. csilber@fmed.uba.ar.","[""Universidad de Buenos Aires, Consejo Nacional de Investigaciones Científicas y Técnicas (CONICET), Facultad de Ciencias Médicas, Departamento de Ciencias Fisiológicas. Instituto de Fisiología y Biofísica B. Houssay (IFIBIO-Houssay), Laboratorio de Fisiología Renal, Paraguay 2155, piso 4, Buenos Aires, 1121, Argentina. csilber@fmed.uba.ar.""]","[""Silberstein C""]","[""37676461""]",1,1
aff_1f3851b68845cf1f,"CONICET - Universidad de Buenos Aires, Instituto de Fisiología y Biofísica Bernardo Houssay (IFIBIO Houssay), Buenos Aires C1121ABG, Argentina; Universidad de Buenos Aires, Facultad de Ciencias Médicas, Laboratorio de Biología de la Reproducción, Buenos Aires C1121ABG, Argentina; Universidad de Buenos Aires, Facultad de Farmacia y Bioquímica, Departamento de Ciencias Biológicas, Cátedra de Biología Celular y Molecular, Buenos Aires C1113AAD, Argentina.","[""CONICET - Universidad de Buenos Aires, Instituto de Fisiología y Biofísica Bernardo Houssay (IFIBIO Houssay), Buenos Aires C1121ABG, Argentina; Universidad de Buenos Aires, Facultad de Ciencias Médicas, Laboratorio de Biología de la Reproducción, Buenos Aires C1121ABG, Argentina; Universidad de Buenos Aires, Facultad de Farmacia y Bioquímica, Departamento de Ciencias Biológicas, Cátedra de Biología Celular y Molecular, Buenos Aires C1113AAD, Argentina.""]","[""Damiano A""]","[""39442808""]",1,1
aff_1f559e033880a58d,"Instituto de Biotecnología, Instituto Nacional de Tecnología Agropecuaria, Nicolás Repetto y De los Reseros, 1686 Hurlingham, Buenos Aires, Argentina.","[""Instituto de Biotecnología, Instituto Nacional de Tecnología Agropecuaria, Nicolás Repetto y De los Reseros, 1686 Hurlingham, Buenos Aires, Argentina.""]","[""Cataldi A""]","[""29483033""]",1,1
aff_1f61b7d1e8047012,"Departamento de Química Biológica, Facultad de Farmacia y Bioquímica, Cátedra de Química Biológica Patológica, Universidad de Buenos Aires, Buenos Aires, Argentina.","[""Departamento de Química Biológica, Facultad de Farmacia y Bioquímica, Cátedra de Química Biológica Patológica, Universidad de Buenos Aires, Buenos Aires, Argentina.""]","[""Di Pietro A"", ""Marcora M"", ""Pasquini J"", ""Pasquini L"", ""Wies Mancini V""]","[""34935149""]",5,1
aff_1f709089357dee21,"Universidad de Buenos Aires, Facultad de Farmacia y Bioquímica, Fisicoquímica, Buenos Aires, Argentina; CONICET - Universidad de Buenos Aires, Instituto de Bioquímica y Medicina Molecular (IBIMOL), Buenos Aires, Argentina.","[""Universidad de Buenos Aires, Facultad de Farmacia y Bioquímica, Fisicoquímica, Buenos Aires, Argentina; CONICET - Universidad de Buenos Aires, Instituto de Bioquímica y Medicina Molecular (IBIMOL), Buenos Aires, Argentina.""]","[""Karadayian A"", ""Lombardi P""]","[""30658119""]",2,1
aff_1fa9a60243ecf340,"Universidad de Buenos Aires, Facultad de Medicina, Departamento de Ciencias Fisiológicas, Instituto de Fisiología y Biofísica ""Bernardo Houssay"" (IFIBIO-Houssay) UBA-CONICET, Buenos Aires, Argentina. Electronic address: csilber@fmed.uba.ar.","[""Universidad de Buenos Aires, Facultad de Medicina, Departamento de Ciencias Fisiológicas, Instituto de Fisiología y Biofísica \""Bernardo Houssay\"" (IFIBIO-Houssay) UBA-CONICET, Buenos Aires, Argentina. Electronic address: csilber@fmed.uba.ar.""]","[""Silberstein C""]","[""30879772""]",1,1
aff_2015c56965ebf48c,"Grupo de Neurociencia de Sistemas, Instituto de Fisiología y Biofísica ""Bernardo Houssay"" (IFIBIO HOUSSAY), Facultad de Medicina, Universidad de Buenos Aires, Consejo Nacional de Investigaciones Científicas y Técnicas, Paraguay 2155, C1121ABG, Ciudad Autónoma de Buenos Aires, Argentina; Departamento de Ciencias Fisiológicas, Facultad de Medicina. Universidad de Buenos Aires, Paraguay 2155, C1121ABG, Ciudad Autónoma de Buenos Aires, Argentina. Electronic address: vbumaschny@fmed.uba.ar.","[""Grupo de Neurociencia de Sistemas, Instituto de Fisiología y Biofísica \""Bernardo Houssay\"" (IFIBIO HOUSSAY), Facultad de Medicina, Universidad de Buenos Aires, Consejo Nacional de Investigaciones Científicas y Técnicas, Paraguay 2155, C1121ABG, Ciudad Autónoma de Buenos Aires, Argentina; Departamento de Ciencias Fisiológicas, Facultad de Medicina. Universidad de Buenos Aires, Paraguay 2155, C1121ABG, Ciudad Autónoma de Buenos Aires, Argentina. Electronic address: vbumaschny@fmed.uba.ar.""]","[""Bumaschny V""]","[""32311511""]",1,1
aff_203b3a8e5a498a35,"Department of Obstetrics and Gynecology, University of Washington, Seattle, Washington, USA.","[""Department of Obstetrics and Gynecology, University of Washington, Seattle, Washington, USA.""]","[""German G""]","[""40527250""]",1,1
aff_209c5d4e00c323a6,"Instituto de Agrobiotecnología y Biología Molecular (INTA-CONICET), Buenos Aires, Argentina.","[""Instituto de Agrobiotecnología y Biología Molecular (INTA-CONICET), Buenos Aires, Argentina.""]","[""Soto G""]","[""34293244""]",1,1
aff_20b77bcd704663d1,"Laboratorio de Patogénesis e Inmunología de Procesos Infecciosos, Instituto de Medicina Experimental, (IMEX-CONICET), Academia Nacional de Medicina, Buenos Aires, Argentina.","[""Laboratorio de Patogénesis e Inmunología de Procesos Infecciosos, Instituto de Medicina Experimental, (IMEX-CONICET), Academia Nacional de Medicina, Buenos Aires, Argentina.""]","[""Bruballa A"", ""Mejias M"", ""Palermo M""]","[""27527816""]",3,1
aff_20bf2e253658e8b1,"McConnell Brain Imaging Center, Montreal Neurological Institute, McGill University, Montreal, QC H3A 2B4, Canada.","[""McConnell Brain Imaging Center, Montreal Neurological Institute, McGill University, Montreal, QC H3A 2B4, Canada.""]","[""Doyon J""]","[""36587288""]",1,1
aff_20fead52e9a4af72,"Clínica Pediátrica, Clínica del Niño de Quilmes, Provincia de Buenos Aires, Argentina.","[""Clínica Pediátrica, Clínica del Niño de Quilmes, Provincia de Buenos Aires, Argentina.""]","[""De Carli D"", ""De Carli M""]","[""36464947""]",2,1
aff_217bef4cd0cdab8a,"Institute of Physiology and Biophysics Bernardo Houssay (IFIBIO Houssay), Department of Physiology and Biophysics, School of Medicine, University of Buenos Aires, Buenos Aires, Argentina; and.","[""Institute of Physiology and Biophysics Bernardo Houssay (IFIBIO Houssay), Department of Physiology and Biophysics, School of Medicine, University of Buenos Aires, Buenos Aires, Argentina; and.""]","[""Gueugneau N"", ""Mc Cabe S"", ""Villalta J""]","[""25810483""]",3,1
aff_218bce40e9121f2c,"Hospital J.M Ramos Mejía, Centro de Epilepsia, Buenos Aires, Argentina.","[""Hospital J.M Ramos Mejía, Centro de Epilepsia, Buenos Aires, Argentina.""]","[""Nasimbera A"", ""Seoane P""]","[""33692740""]",2,1
aff_21bd3f49d6be930d,"Laboratorio de Fisiología de los Procesos Inflamatorios. Instituto de Medicina Experimental (IMEX-CONICET). Academia Nacional de Medicina, Buenos Aires, Argentina.","[""Laboratorio de Fisiología de los Procesos Inflamatorios. Instituto de Medicina Experimental (IMEX-CONICET). Academia Nacional de Medicina, Buenos Aires, Argentina.""]","[""Birnberg-Weiss F"", ""Castillo Montanez L"", ""Fernandez G"", ""Landoni V"", ""Martire-Greco D"", ""Pittaluga J"", ""Rodrigues-Rodriguez N""]","[""37036956""]",7,1
aff_21db1d70fad0d3d7,"Unidad de Nefrología, Hospital General de Niños Ricardo Gutiérrez, Buenos Aires, Argentina. Electronic address: jliern@yahoo.com.","[""Unidad de Nefrología, Hospital General de Niños Ricardo Gutiérrez, Buenos Aires, Argentina. Electronic address: jliern@yahoo.com.""]","[""Liern M""]","[""30139698""]",1,1
aff_22520c387a4f4e3b,"Department of Physiological Sciences, CCB, Federal University of Santa Catarina, Florianópolis, Brazil.","[""Department of Physiological Sciences, CCB, Federal University of Santa Catarina, Florianópolis, Brazil.""]","[""Lino-de-Oliveira C""]","[""32319840""]",1,1
aff_22dff2e49acff8fe,"Instituto de Fisiología y Biofísica (IFIBIO) Houssay, Consejo Nacional de Investigaciones Científicas y Técnicas (CONICET), Departamento de Fisiología y Biofísica, Universidad de Buenos Aires, Buenos Aires, 1121, Argentina; vdellamaggiore@fmed.uba.ar.","[""Instituto de Fisiología y Biofísica (IFIBIO) Houssay, Consejo Nacional de Investigaciones Científicas y Técnicas (CONICET), Departamento de Fisiología y Biofísica, Universidad de Buenos Aires, Buenos Aires, 1121, Argentina; vdellamaggiore@fmed.uba.ar.""]","[""Della-Maggiore V""]","[""32900965""]",1,1
aff_23127281358a4075,"Lyon Neuroscience Research Center, Centre National de la Recherche Scientifique UMR 5292 - Institut National de la Santé et de la Recherche Médicale U1028 - Université Claude Bernard Lyon1 Lyon, France.","[""Lyon Neuroscience Research Center, Centre National de la Recherche Scientifique UMR 5292 - Institut National de la Santé et de la Recherche Médicale U1028 - Université Claude Bernard Lyon1 Lyon, France.""]","[""Malleret G""]","[""26779016""]",1,1
aff_23313e0c19d215c7,"Departamento de Análisis Instrumental, Facultad de Farmacia, Universidad de Concepción, Concepción, Chile.","[""Departamento de Análisis Instrumental, Facultad de Farmacia, Universidad de Concepción, Concepción, Chile.""]","[""Araya J"", ""Mennickent D""]","[""37274341""]",2,1
aff_234d495e582015a6,"CONICET-Universidad de Buenos Aires. Instituto de Fisiología y Biofísica ""Bernardo Houssay,"" Buenos Aires, Argentina.","[""CONICET-Universidad de Buenos Aires. Instituto de Fisiología y Biofísica \""Bernardo Houssay,\"" Buenos Aires, Argentina.""]","[""Capurro C"", ""Ford P"", ""Netti V"", ""Pizzoni A""]","[""29790838""]",4,1
aff_234f94ad003faf17,"Departamento de Ciencias Fisiológicas. Laboratorio de Biomembranas, Universidad de Buenos Aires, Facultad de Ciencias Médicas, Buenos Aires, Argentina.","[""Departamento de Ciencias Fisiológicas. Laboratorio de Biomembranas, Universidad de Buenos Aires, Facultad de Ciencias Médicas, Buenos Aires, Argentina.""]","[""Beltramone N"", ""Capurro C"", ""Casal J"", ""Celi A"", ""Di Giusto G"", ""Ford P"", ""Rivarola V"", ""Sterba J""]","[""41457365""]",8,1
aff_235ab606c50eadfb,"Cajal Neuroscience Center, Consejo Superior de Investigaciones Científicas (CSIC), Alcalá de Henares, Madrid, Spain; Centro de Investigación Biomédica en Red sobre Enfermedades Neurodegenerativas (CIBERNED), Instituto de Salud Carlos III, Madrid, Spain.","[""Cajal Neuroscience Center, Consejo Superior de Investigaciones Científicas (CSIC), Alcalá de Henares, Madrid, Spain; Centro de Investigación Biomédica en Red sobre Enfermedades Neurodegenerativas (CIBERNED), Instituto de Salud Carlos III, Madrid, Spain.""]","[""Alberquilla S"", ""Salas-Prieto C""]","[""42570776""]",2,1
aff_23868cf4421c32c1,"Universidad de Buenos Aires (UBA-CONICET), Instituto de Fisiología y Biofísica Bernardo Houssay (IFIBIO-Houssay), Laboratorio de Biología de la Reproducción, Facultad de Medicina, Buenos Aires, Argentina.","[""Universidad de Buenos Aires (UBA-CONICET), Instituto de Fisiología y Biofísica Bernardo Houssay (IFIBIO-Houssay), Laboratorio de Biología de la Reproducción, Facultad de Medicina, Buenos Aires, Argentina.""]","[""Reppetti J""]","[""40527250"", ""40882494"", ""41950695""]",1,3
aff_2390250633232927,"Universidad Nacional de Luján, Departamento de Ciencias Básicas, Ruta 5 y Avenida Constitución (6700) Luján, Buenos Aires, Argentina; Universidad Nacional de Luján, Instituto de Ecología y Desarrollo Sustentable (INEDES)-CONICET, Laboratorio de Inmunología, Ruta 5 y Avenida Constitución (6700) Luján, Buenos Aires, Argentina.","[""Universidad Nacional de Luján, Departamento de Ciencias Básicas, Ruta 5 y Avenida Constitución (6700) Luján, Buenos Aires, Argentina; Universidad Nacional de Luján, Instituto de Ecología y Desarrollo Sustentable (INEDES)-CONICET, Laboratorio de Inmunología, Ruta 5 y Avenida Constitución (6700) Luján, Buenos Aires, Argentina.""]","[""De Marzi M""]","[""35835234""]",1,1
aff_2415f7279b61bf72,"Laboratório de Biofármacos em Células Animais, Instituto Butantan, São Paulo, SP 05503-900, Brazil. ana.moro@butantan.gov.br.","[""Laboratório de Biofármacos em Células Animais, Instituto Butantan, São Paulo, SP 05503-900, Brazil. ana.moro@butantan.gov.br.""]","[""Moro A""]","[""30513821""]",1,1
aff_24ce7c53e152bf8d,"CEFYBO-CONICET, Universidad de Buenos Aires, Buenos Aires 1121, Argentina. anafranchi2000@gmail.com.","[""CEFYBO-CONICET, Universidad de Buenos Aires, Buenos Aires 1121, Argentina. anafranchi2000@gmail.com.""]","[""Franchi A""]","[""30360505""]",1,1
aff_24d08dca71002849,"Grupo de Neurociencia de Sistemas, Instituto de Fisiología y Biofísica ""Bernardo Houssay"" (IFIBIO HOUSSAY), Facultad de Medicina, Universidad de Buenos Aires, Consejo Nacional de Investigaciones Científicas y Técnicas, Paraguay 2155, C1121ABG, Ciudad Autónoma de Buenos Aires, Argentina. Electronic address: estefania.bello@gmail.com.","[""Grupo de Neurociencia de Sistemas, Instituto de Fisiología y Biofísica \""Bernardo Houssay\"" (IFIBIO HOUSSAY), Facultad de Medicina, Universidad de Buenos Aires, Consejo Nacional de Investigaciones Científicas y Técnicas, Paraguay 2155, C1121ABG, Ciudad Autónoma de Buenos Aires, Argentina. Electronic address: estefania.bello@gmail.com.""]","[""Bello E""]","[""32311511""]",1,1
aff_258502add63482a2,"Research Centre for Infectious Diseases, School of Molecular and Biomedical Science, University of Adelaide, Adelaide, S.A., Australia.","[""Research Centre for Infectious Diseases, School of Molecular and Biomedical Science, University of Adelaide, Adelaide, S.A., Australia.""]","[""Paton A"", ""Paton J""]","[""24466317""]",2,1
aff_2665c3c0f87d53ff,"Departamento de Fisiología, Biología Molecular y Celular ""Dr. Héctor Maldonado"" (DFBMC) Facultad de Ciencias Exactas y Naturales, Instituto de Fisiología, Biología Molecular y Neurociencias (IFIBYNE-CONICET-UBA), Universidad de Buenos Aires, Ciudad Universitaria, Ciudad de Buenos Aires, Argentina.","[""Departamento de Fisiología, Biología Molecular y Celular \""Dr. Héctor Maldonado\"" (DFBMC) Facultad de Ciencias Exactas y Naturales, Instituto de Fisiología, Biología Molecular y Neurociencias (IFIBYNE-CONICET-UBA), Universidad de Buenos Aires, Ciudad Universitaria, Ciudad de Buenos Aires, Argentina.""]","[""Goitia B"", ""Rivero-Echeto M"", ""Urbano F""]","[""26484945""]",3,1
aff_267d8b1ab2df8257,"Institute Leloir Foundation- IIBBA-CONICET, Buenos Aires, Argentina. fpitossi@leloir.org.ar.","[""Institute Leloir Foundation- IIBBA-CONICET, Buenos Aires, Argentina. fpitossi@leloir.org.ar.""]","[""Pitossi F""]","[""34823607""]",1,1
aff_2691fdc14f90d42d,"IFIBIO Bernardo Houssay, Grupo de Neurociencia de Sistemas, Facultad de Medicina, Universidad de Buenos Aires-CONICET, Buenos Aires, Argentina.","[""IFIBIO Bernardo Houssay, Grupo de Neurociencia de Sistemas, Facultad de Medicina, Universidad de Buenos Aires-CONICET, Buenos Aires, Argentina.""]","[""Igaz L"", ""Nieva G"", ""Silva P""]","[""31068973""]",3,1
aff_26d016fa90f43311,"Department of Physiology and Institute of Physiology and Biophysics (IFIBIO-Houssay, UBA-CONICET), School of Medicine, University of Buenos Aires, Paraguay 2155 7th floor (C1121ABG), Ciudad Autónoma de Buenos Aires, Argentina. mfaillace@fmed.uba.ar.","[""Department of Physiology and Institute of Physiology and Biophysics (IFIBIO-Houssay, UBA-CONICET), School of Medicine, University of Buenos Aires, Paraguay 2155 7th floor (C1121ABG), Ciudad Autónoma de Buenos Aires, Argentina. mfaillace@fmed.uba.ar.""]","[""Faillace M""]","[""38289455""]",1,1
aff_26f32e8cd0c26593,"Universidad de Buenos Aires, Facultad de Ciencias Médicas, Departamento de Ciencias Fisiológicas. Laboratorio de Patología y Nefrología Experimental, Buenos Aires, Argentina.","[""Universidad de Buenos Aires, Facultad de Ciencias Médicas, Departamento de Ciencias Fisiológicas. Laboratorio de Patología y Nefrología Experimental, Buenos Aires, Argentina.""]","[""Zotta E""]","[""41800087""]",1,1
aff_27640c7d308e68c5,"Universidad de Buenos Aires, Consejo Nacional de Investigaciones Científicas y Técnicas (CONICET). Instituto de Investigaciones Médicas A. Lanari, Buenos Aires, Argentina.","[""Universidad de Buenos Aires, Consejo Nacional de Investigaciones Científicas y Técnicas (CONICET). Instituto de Investigaciones Médicas A. Lanari, Buenos Aires, Argentina.""]","[""Azurmendi P"", ""Oddo E"", ""Vlachovsky S""]","[""37676461""]",3,1
aff_28022c07b7d14f83,"Instituto de Investigaciones Bioquímicas de La Plata (INIBIOLP), CCT-La Plata, CONICET, Facultad de Ciencias Médicas, Universidad Nacional de La Plata, Buenos Aires, Argentina.","[""Instituto de Investigaciones Bioquímicas de La Plata (INIBIOLP), CCT-La Plata, CONICET, Facultad de Ciencias Médicas, Universidad Nacional de La Plata, Buenos Aires, Argentina.""]","[""Herlax V"", ""Mate S""]","[""27342375""]",2,1
aff_2845dcbd2dcb5767,"Grupo de Neurofisiología, Instituto Multidisciplinario de Biología Celular (IMBICE), Universidad Nacional La Plata (UNLP), Consejo Nacional de Investigaciones Científicas y Técnicas (CONICET), Comisión de Investigaciones Científicas de la Provincia de Buenos Aires (CICPBA)), La Plata, Buenos Aires, Argentina.","[""Grupo de Neurofisiología, Instituto Multidisciplinario de Biología Celular (IMBICE), Universidad Nacional La Plata (UNLP), Consejo Nacional de Investigaciones Científicas y Técnicas (CONICET), Comisión de Investigaciones Científicas de la Provincia de Buenos Aires (CICPBA)), La Plata, Buenos Aires, Argentina.""]","[""Reynaldo M""]","[""41605341""]",1,1
aff_28ab0e2471b0a7f8,"Instituto de Patobiología, Centro de Investigación en Ciencias Veterinarias y Agronómicas, Instituto Nacional de Tecnología Agropecuaria (INTA), Hurlingham, Argentina.","[""Instituto de Patobiología, Centro de Investigación en Ciencias Veterinarias y Agronómicas, Instituto Nacional de Tecnología Agropecuaria (INTA), Hurlingham, Argentina.""]","[""Garbaccio S"", ""Martorelli L"", ""Vilte D""]","[""29807709""]",3,1
aff_28c50e49d737513d,"Departamento de Química Orgánica, Facultad de Farmacia y Bioquímica, Universidad de Buenos Aires, Buenos Aires, Argentina.","[""Departamento de Química Orgánica, Facultad de Farmacia y Bioquímica, Universidad de Buenos Aires, Buenos Aires, Argentina.""]","[""Asis S"", ""Casal J"", ""Gonzalez L"", ""Luczywo A""]","[""33703954""]",4,1
aff_28d0bbbda0195d6a,"Universidad de Buenos Aires, Consejo Nacional de Investigaciones Científicas y Técnicas (CONICET). Instituto de Investigaciones Médicas A. Lanari, Buenos Aires, Argentina. ibarraf@hotmail.com.","[""Universidad de Buenos Aires, Consejo Nacional de Investigaciones Científicas y Técnicas (CONICET). Instituto de Investigaciones Médicas A. Lanari, Buenos Aires, Argentina. ibarraf@hotmail.com.""]","[""Ibarra F""]","[""37676461""]",1,1
aff_28f56a705bedde3e,"Laboratorio de Fisiología de Circuitos Neuronales, Grupo de Neurociencia de Sistemas, Instituto de Fisiología y Biofísica ""Dr. Bernardo Houssay"" (IFIBIO-Houssay), Universidad de Buenos Aires - CONICET, Buenos Aires, Argentina.","[""Laboratorio de Fisiología de Circuitos Neuronales, Grupo de Neurociencia de Sistemas, Instituto de Fisiología y Biofísica \""Dr. Bernardo Houssay\"" (IFIBIO-Houssay), Universidad de Buenos Aires - CONICET, Buenos Aires, Argentina.""]","[""Belluscio M"", ""Marini M"", ""Martinez M"", ""Murer M""]","[""41743514""]",4,1
aff_28f9dde996930b0b,"Instituto de Fisiología y Biofísica Prof. Bernardo Houssay (IFIBIO-Houssay), UBA y Consejo Nacional de Investigaciones Científicas y Técnicas (CONICET), Buenos Aires, Argentina.","[""Instituto de Fisiología y Biofísica Prof. Bernardo Houssay (IFIBIO-Houssay), UBA y Consejo Nacional de Investigaciones Científicas y Técnicas (CONICET), Buenos Aires, Argentina.""]","[""Bejarano C"", ""Bernabeu R"", ""Medrano M""]","[""28710541""]",3,1
aff_290ab18d5e62e5f9,"Hospital Nacional Prof. A Posadas, Buenos Aires, Argentina.","[""Hospital Nacional Prof. A Posadas, Buenos Aires, Argentina.""]","[""Corominas A""]","[""34925067""]",1,1
aff_293851581585c31e,"Laboratorio de Regulación Hipofisaria, Instituto de Biología y Medicina Experimental (IBYME CONICET), Vuelta de Obligado 2490, Buenos Aires, 1428, Argentina.","[""Laboratorio de Regulación Hipofisaria, Instituto de Biología y Medicina Experimental (IBYME CONICET), Vuelta de Obligado 2490, Buenos Aires, 1428, Argentina.""]","[""Sorianello E""]","[""40603573""]",1,1
aff_293d3be8c45688f9,"Instituto de Investigaciones en Ingeniería Genética y Biología Molecular, Consejo Nacional de Investigaciones Científicas y Técnicas (INGEBI-CONICET), Buenos Aires, Argentina. Electronic address: elena.avale@conicet.gov.ar.","[""Instituto de Investigaciones en Ingeniería Genética y Biología Molecular, Consejo Nacional de Investigaciones Científicas y Técnicas (INGEBI-CONICET), Buenos Aires, Argentina. Electronic address: elena.avale@conicet.gov.ar.""]","[""Avale M""]","[""29669277""]",1,1
aff_29aa327838cdd8ab,"Research Centre for Infectious Diseases, Department of Molecular and Cellular Biology, University of Adelaide, Adelaide 5005, Australia. adrienne.paton@adelaide.edu.au.","[""Research Centre for Infectious Diseases, Department of Molecular and Cellular Biology, University of Adelaide, Adelaide 5005, Australia. adrienne.paton@adelaide.edu.au.""]","[""Paton A""]","[""28718802""]",1,1
aff_2a78f560666218b0,"Aix Marseille Univ, INSERM, INS, Inst Neurosci Syst, Marseille, France; APHM, Timone Hospital, Clinical Neurophysiology, Marseille, France.","[""Aix Marseille Univ, INSERM, INS, Inst Neurosci Syst, Marseille, France; APHM, Timone Hospital, Clinical Neurophysiology, Marseille, France.""]","[""Bartolomei F"", ""Lagarde S"", ""Medina Villalon S""]","[""29605667""]",3,1
aff_2aa41b5d0d38493e,"Grupo de Neurociencias de Sistemas, IFIBIO Houssay - CONICET, Universidad de Buenos Aires, Paraguay 2155 piso 7, (1121), Buenos Aires, Argentina. fkasanetz@fmed.uba.ar.","[""Grupo de Neurociencias de Sistemas, IFIBIO Houssay - CONICET, Universidad de Buenos Aires, Paraguay 2155 piso 7, (1121), Buenos Aires, Argentina. fkasanetz@fmed.uba.ar.""]","[""Kasanetz F""]","[""34930957""]",1,1
aff_2ad34fc7a9525e73,"CONICET - Universidad de Buenos Aires. Instituto de Fisiología y Biofísica Bernardo Houssay (IFIBIO Houssay), Buenos Aires, Argentina; Pontificia Universidad Católica Argentina, Buenos Aires, Argentina.","[""CONICET - Universidad de Buenos Aires. Instituto de Fisiología y Biofísica Bernardo Houssay (IFIBIO Houssay), Buenos Aires, Argentina; Pontificia Universidad Católica Argentina, Buenos Aires, Argentina.""]","[""Casal J""]","[""42134656""]",1,1
aff_2ae1f804569d71aa,"Universidad de Buenos Aires, Facultad de Medicina, Departamento de Ciencias Fisiológicas, Argentina; Universidad de Buenos Aires and CONICET, Instituto de Fisiología y Biofísica Bernardo Houssay (IFIBIO Houssay), 2155 Paraguay St, Buenos Aires 1121, Argentina.","[""Universidad de Buenos Aires, Facultad de Medicina, Departamento de Ciencias Fisiológicas, Argentina; Universidad de Buenos Aires and CONICET, Instituto de Fisiología y Biofísica Bernardo Houssay (IFIBIO Houssay), 2155 Paraguay St, Buenos Aires 1121, Argentina.""]","[""Keifman E""]","[""37683958""]",1,1
aff_2b2397cf9a636559,"3 Facultad de Ciencias Médicas, Universidad Favaloro. Buenos Aires, Argentina.","[""3 Facultad de Ciencias Médicas, Universidad Favaloro. Buenos Aires, Argentina.""]","[""Moguilevsky J""]","[""29774754""]",1,1
aff_2b43aaeeb6afe199,"Research Centre for Infectious Diseases, Department of Molecular and Biomedical Science, University of Adelaide, Adelaide 5005, Australia.","[""Research Centre for Infectious Diseases, Department of Molecular and Biomedical Science, University of Adelaide, Adelaide 5005, Australia.""]","[""Paton A"", ""Paton J""]","[""31703347"", ""34437406""]",2,2
aff_2b484cfe4722d8d4,"Laboratorio de Fisiopatología Placentaria, CEFyBO, Facultad de Medicina, Universidad de Buenos Aires. Paraguay 2155 (1121) Buenos Aires, Argentina.","[""Laboratorio de Fisiopatología Placentaria, CEFyBO, Facultad de Medicina, Universidad de Buenos Aires. Paraguay 2155 (1121) Buenos Aires, Argentina.""]","[""Farina M""]","[""30539720""]",1,1
aff_2b6e40460f25a0af,"Instituto de Ciencias Fisicas (ICIFI), Escuela de Ciencia y Tecnología (ECyT), Universidad Nacional de San Martin (UNSAM), Buenos Aires CP 1650, Argentina.","[""Instituto de Ciencias Fisicas (ICIFI), Escuela de Ciencia y Tecnología (ECyT), Universidad Nacional de San Martin (UNSAM), Buenos Aires CP 1650, Argentina.""]","[""De Pino G"", ""Della-Maggiore V""]","[""40744730""]",2,1
aff_2b89bc840ddf09b3,"Laboratorio de Fisiopatogenia, Instituto de Fisiología y Biofísica Bernardo Houssay (IFIBIO Houssay-CONICET), Departamento de Fisiología, Facultad de Medicina, Universidad de Buenos Aires, Paraguay 2155, Buenos Aires 1121, Argentina. ibarra@fmed.uba.ar.","[""Laboratorio de Fisiopatogenia, Instituto de Fisiología y Biofísica Bernardo Houssay (IFIBIO Houssay-CONICET), Departamento de Fisiología, Facultad de Medicina, Universidad de Buenos Aires, Paraguay 2155, Buenos Aires 1121, Argentina. ibarra@fmed.uba.ar.""]","[""Ibarra C""]","[""30360505""]",1,1
aff_2b96a3a001f83643,"Departamento de Fisiología, Facultad de Medicina, Universidad de Buenos Aires (UBA), Buenos Aires, Argentina. pfaillace@qb.ffyb.uba.ar.","[""Departamento de Fisiología, Facultad de Medicina, Universidad de Buenos Aires (UBA), Buenos Aires, Argentina. pfaillace@qb.ffyb.uba.ar.""]","[""Faillace M""]","[""28710541""]",1,1
aff_2bf7cc5fb38f2450,"Universidad de Buenos Aires, Facultad de Medicina, Instituto de Fisiología y Biofísica IFIBIO Houssay-CONICET, Argentina.","[""Universidad de Buenos Aires, Facultad de Medicina, Instituto de Fisiología y Biofísica IFIBIO Houssay-CONICET, Argentina.""]","[""Castro Parodi M"", ""Damiano A"", ""Ibarra C"", ""Melendi S"", ""Ochoa F"", ""Oltra G"", ""Seyahian E""]","[""28057514""]",7,1
aff_2c7f8897d11435f4,"School of Biological Sciences and Centre for Brain Research, University of Auckland, Auckland, 1010, New Zealand.","[""School of Biological Sciences and Centre for Brain Research, University of Auckland, Auckland, 1010, New Zealand.""]","[""Cao M"", ""Scotter E""]","[""41423699""]",2,1
aff_2cf1eb064e9a077e,"Department of Obstetrics and Gynecology, University of Washington, Seattle, WA, USA.","[""Department of Obstetrics and Gynecology, University of Washington, Seattle, WA, USA.""]","[""Gornalusse G""]","[""40882494"", ""41950695""]",1,2
aff_2d69482a1f682698,"Laboratorio de Inmunidad Innata, Instituto de Medicina Experimental (IMEX-CONICET), Academia Nacional de Medicina, Buenos Aires 1425, Argentina.","[""Laboratorio de Inmunidad Innata, Instituto de Medicina Experimental (IMEX-CONICET), Academia Nacional de Medicina, Buenos Aires 1425, Argentina.""]","[""Jancic C""]","[""31703347""]",1,1
aff_2d837627df81b02b,"Laboratorio de Fisiopatología de la Preñez y el Parto, (CEFYBO, CONICET), Facultad de Medicina, UBA, Buenos Aires, Argentina.","[""Laboratorio de Fisiopatología de la Preñez y el Parto, (CEFYBO, CONICET), Facultad de Medicina, UBA, Buenos Aires, Argentina.""]","[""Franchi A""]","[""27488203""]",1,1
aff_2d8900d2768afa78,"Menzies Institute for Medical Research, University of Tasmania, Hobart, TAS, 7000, Australia.","[""Menzies Institute for Medical Research, University of Tasmania, Hobart, TAS, 7000, Australia.""]","[""Blizzard C""]","[""41423699""]",1,1
aff_2da7ed3b66cc1960,"Facultad de Ingeniería, Universidad Católica de Córdoba, CONICET, Córdoba, Argentina. Electronic address: efernandez@bdmg.com.ar.","[""Facultad de Ingeniería, Universidad Católica de Córdoba, CONICET, Córdoba, Argentina. Electronic address: efernandez@bdmg.com.ar.""]","[""Fernandez E""]","[""25963416""]",1,1
aff_2db4123a90143a16,"Laboratorio de Biomembranas, Departamento de Ciencias Fisiológicas, Facultad de Ciencias Médicas, Universidad de Buenos Aires, Buenos Aires, Argentina. mariv@fmed.uba.ar.","[""Laboratorio de Biomembranas, Departamento de Ciencias Fisiológicas, Facultad de Ciencias Médicas, Universidad de Buenos Aires, Buenos Aires, Argentina. mariv@fmed.uba.ar.""]","[""Rivarola V""]","[""41824201""]",1,1
aff_2dc5cd1ce2805174,"Instituto de Física de São Carlos, Universidade de São Paulo, São Carlos, Brasil.","[""Instituto de Física de São Carlos, Universidade de São Paulo, São Carlos, Brasil.""]","[""Aguiar A"", ""Guido R"", ""Oliva G"", ""Oliveira de Souza J"", ""Souza G""]","[""33703954""]",5,1
aff_2dd1bb076cf95d05,"Laboratorio de Hematología, Hospital Universitario Austral, Pilar, Buenos Aires 1629, Argentina. julianaburdet@yahoo.com.ar.","[""Laboratorio de Hematología, Hospital Universitario Austral, Pilar, Buenos Aires 1629, Argentina. julianaburdet@yahoo.com.ar.""]","[""Burdet J""]","[""30360505""]",1,1
aff_2defcc597060fc62,"Grupo de Neurociencia de Sistemas, Departamento de Ciencias Fisiológicas, Facultad de Ciencias Médicas, Universidad de Buenos Aires, Buenos Aires, Argentina. jbelforte@fmed.uba.ar.","[""Grupo de Neurociencia de Sistemas, Departamento de Ciencias Fisiológicas, Facultad de Ciencias Médicas, Universidad de Buenos Aires, Buenos Aires, Argentina. jbelforte@fmed.uba.ar.""]","[""Belforte J""]","[""39833563""]",1,1
aff_2e05406c637afc62,"Laboratorio de Fisiología de la Preñez y el Parto, Facultad de Medicina, Centro de Estudios Farmacológicos y Botánicos - CONICET (CEFyBO), CONICET - Universidad de Buenos Aires, Buenos Aires, Argentina.","[""Laboratorio de Fisiología de la Preñez y el Parto, Facultad de Medicina, Centro de Estudios Farmacológicos y Botánicos - CONICET (CEFyBO), CONICET - Universidad de Buenos Aires, Buenos Aires, Argentina.""]","[""Correa F""]","[""36227397""]",1,1
aff_2e26b742398afd5b,"Servicio de Inmunología, Hospital H. Notti, Provincia de Mendoza, Argentina.","[""Servicio de Inmunología, Hospital H. Notti, Provincia de Mendoza, Argentina.""]","[""Ballester C"", ""Pena S"", ""Tolin A"", ""Triguy J""]","[""36464947""]",4,1
aff_2e5420e0a1047618,"Universidad de Buenos Aires, CONICET, Instituto de Fisiología y Biofísica Bernardo Houssay, Grupo de Neurociencia de Sistemas, Buenos Aires, Argentina.","[""Universidad de Buenos Aires, CONICET, Instituto de Fisiología y Biofísica Bernardo Houssay, Grupo de Neurociencia de Sistemas, Buenos Aires, Argentina.""]","[""Murer M"", ""Paz R"", ""Rela L"", ""Sanchez Armijos K"", ""Stahl A"", ""Tubert C""]","[""40553107""]",6,1
aff_2ee24db3a253275f,"Consejo Nacional de Investigaciones Científicas y Técnicas, Facultad de Farmacia y Bioquímica, Instituto de Química y Fisicoquímica Biológicas Prof. Dr. Alejandro C. Paladini, Universidad de Buenos Aires, Buenos Aires, Argentina.","[""Consejo Nacional de Investigaciones Científicas y Técnicas, Facultad de Farmacia y Bioquímica, Instituto de Química y Fisicoquímica Biológicas Prof. Dr. Alejandro C. Paladini, Universidad de Buenos Aires, Buenos Aires, Argentina.""]","[""Di Pietro A"", ""Marcora M"", ""Marder M"", ""Pasquini J"", ""Pasquini L"", ""Vence M"", ""Wies Mancini V""]","[""34935149""]",7,1
aff_2f34fecc1226ccb1,"IFIBIO-Houssay, Grupo de Neurociencia de Sistemas, Facultad de Medicina, Universidad de Buenos Aires - CONICET, 2155 Paraguay Street, Buenos Aires, Argentina. Electronic address: pagani@fmed.uba.ar.","[""IFIBIO-Houssay, Grupo de Neurociencia de Sistemas, Facultad de Medicina, Universidad de Buenos Aires - CONICET, 2155 Paraguay Street, Buenos Aires, Argentina. Electronic address: pagani@fmed.uba.ar.""]","[""Pagani M""]","[""32360730""]",1,1
aff_2fdf6c506b16ca3b,"Griffith Institute of Drug Discovery, Griffith University, Brisbane, QLD, Australia.","[""Griffith Institute of Drug Discovery, Griffith University, Brisbane, QLD, Australia.""]","[""Hryciw D""]","[""39055061""]",1,1
aff_2fe1c297ffd88b23,"Vascular Physiology Laboratory, Department of Basic Sciences, Faculty of Basic Sciences, University of Bío-Bío, Chillán, Chile.","[""Vascular Physiology Laboratory, Department of Basic Sciences, Faculty of Basic Sciences, University of Bío-Bío, Chillán, Chile.""]","[""Escudero C""]","[""36117714""]",1,1
aff_2fe6d617a93437db,"Instituto Leloir, Patricias Argentinas 435, Buenos Aires, Argentina. pwappner@leloir.org.ar.","[""Instituto Leloir, Patricias Argentinas 435, Buenos Aires, Argentina. pwappner@leloir.org.ar.""]","[""Wappner P""]","[""40595449""]",1,1
aff_303affa4f4fb01f0,"Universidad de Buenos Aires, Facultad de Farmacia y Bioquímica, Depto. de Ciencias Biológicas, Cátedra de Biología Celular y Molecular, Buenos Aires, Argentina.","[""Universidad de Buenos Aires, Facultad de Farmacia y Bioquímica, Depto. de Ciencias Biológicas, Cátedra de Biología Celular y Molecular, Buenos Aires, Argentina.""]","[""Castro-Parodi M"", ""Damiano A""]","[""39055061""]",2,1
aff_305c528cd4ad1af7,"Institute for Biological and Medical Engineering, Schools of Engineering, Medicine and Biological Sciences, Pontificia Universidad Católica de Chile, Santiago, Chile.","[""Institute for Biological and Medical Engineering, Schools of Engineering, Medicine and Biological Sciences, Pontificia Universidad Católica de Chile, Santiago, Chile.""]","[""Solomons D""]","[""39853576""]",1,1
aff_3080499bd91d2a29,"National Polytechnic Institute (IPN), CIIDIR-Durango, Academia de Genómica, Durango, Mexico.","[""National Polytechnic Institute (IPN), CIIDIR-Durango, Academia de Genómica, Durango, Mexico.""]","[""Galaviz-Hernandez C"", ""Sosa-Macias M"", ""Valenzuela-Torres P""]","[""42601945""]",3,1
aff_308e979de150e66e,"Cell Biology Laboratory, Institute of Biological and Health Sciences, Federal University of Alagoas, Maceio, Brazil.","[""Cell Biology Laboratory, Institute of Biological and Health Sciences, Federal University of Alagoas, Maceio, Brazil.""]","[""Borbely A""]","[""40976751""]",1,1
aff_3096e1df35581be8,"Nephrology Service, Hospital Británico de Buenos Aires, Perdriel 74, 1280, Buenos Aires, Argentina.","[""Nephrology Service, Hospital Británico de Buenos Aires, Perdriel 74, 1280, Buenos Aires, Argentina.""]","[""Andrews J"", ""Forrester M"", ""Iriarte R"", ""Lombi M"", ""Paulero M"", ""Pomeranz V"", ""Rengel T""]","[""27733175""]",7,1
aff_30999dad88c48570,"Asociación Lucha contra el Síndrome Urémico Hemolítico (LUSUH), Carlos Pellegrini 781 Piso 8, C1009 CABA, Argentina.","[""Asociación Lucha contra el Síndrome Urémico Hemolítico (LUSUH), Carlos Pellegrini 781 Piso 8, C1009 CABA, Argentina.""]","[""Da Rocha M""]","[""37704516""]",1,1
aff_30be19c77b7fe9ec,"Facultad de Medicina, IFIBIO-HOUSSAY, UBA-CONICET, Departamento de Ciencias Fisiológicas, Ciudad Autónoma de Buenos Aires, Universidad de Buenos Aires, Buenos Aires, Argentina.","[""Facultad de Medicina, IFIBIO-HOUSSAY, UBA-CONICET, Departamento de Ciencias Fisiológicas, Ciudad Autónoma de Buenos Aires, Universidad de Buenos Aires, Buenos Aires, Argentina.""]","[""Cabral P"", ""Capurro C""]","[""25980432""]",2,1
aff_30c8abd41e24c198,"Departamento de Fisiología, Facultad de Medicina, Universidad de Buenos Aires (UBA), Buenos Aires, Argentina.","[""Departamento de Fisiología, Facultad de Medicina, Universidad de Buenos Aires (UBA), Buenos Aires, Argentina.""]","[""Bejarano C"", ""Bernabeu R"", ""Faillace M""]","[""28710541"", ""30102439"", ""31997350""]",3,3
aff_31270dcc04180389,"Departamento de Biodiversidad y Biología Experimental, Facultad de Ciencias Exactas y Naturales, Instituto de Biodiversidad y Biología Experimental y Aplicada, Universidad de Buenos Aires and Consejo Nacional de Investigaciones Científicas y Técnicas Buenos Aires, Argentina.","[""Departamento de Biodiversidad y Biología Experimental, Facultad de Ciencias Exactas y Naturales, Instituto de Biodiversidad y Biología Experimental y Aplicada, Universidad de Buenos Aires and Consejo Nacional de Investigaciones Científicas y Técnicas Buenos Aires, Argentina.""]","[""Amodeo G"", ""Sutka M"", ""Vitali V""]","[""27695468""]",3,1
aff_314259d4a47e9112,"CONICET-Universidad de Buenos Aires, Instituto de Fisiología y Biofísica Bernardo Houssay (IFIBIO HOUSSAY), Buenos Aires, Argentina.","[""CONICET-Universidad de Buenos Aires, Instituto de Fisiología y Biofísica Bernardo Houssay (IFIBIO HOUSSAY), Buenos Aires, Argentina.""]","[""Marques da Silva W""]","[""42611393""]",1,1
aff_31978df891cc1f80,"Instituto de Bioquímica y Medicina Molecular, Facultad de Farmacia y Bioquímica, Universidad de Buenos Aires, C1113AAD Buenos Aires, Argentina.","[""Instituto de Bioquímica y Medicina Molecular, Facultad de Farmacia y Bioquímica, Universidad de Buenos Aires, C1113AAD Buenos Aires, Argentina.""]","[""Bustamante J"", ""Czerniczyniec A"", ""Karadayian A"", ""Lombardi P""]","[""26192095""]",4,1
aff_320455ea214b3afe,"Universidad de Buenos Aires, Facultad de Ciencias Médicas, Instituto de Investigaciones Médicas Alfredo Lanari, Servicio de Nefrología Experimental y Bioquímica Molecular IDIM UBA-CONICET, Buenos Aires, Argentina.","[""Universidad de Buenos Aires, Facultad de Ciencias Médicas, Instituto de Investigaciones Médicas Alfredo Lanari, Servicio de Nefrología Experimental y Bioquímica Molecular IDIM UBA-CONICET, Buenos Aires, Argentina.""]","[""Di Ciano L"", ""Ibarra F""]","[""40577142""]",2,1
aff_3217373d8b1494d6,"IFIBIO Houssay, Grupo de Neurociencia de Sistemas, Facultad de Medicina, Universidad de Buenos Aires - CONICET, Buenos Aires, Argentina. Electronic address: lmuller@fmed.uba.ar.","[""IFIBIO Houssay, Grupo de Neurociencia de Sistemas, Facultad de Medicina, Universidad de Buenos Aires - CONICET, Buenos Aires, Argentina. Electronic address: lmuller@fmed.uba.ar.""]","[""Igaz L""]","[""39327159""]",1,1
aff_3277ce55b19887d8,"Universidad de Buenos Aires, CONICET, Instituto de Fisiología y Biofísica (IFIBIO) Bernardo Houssay, Buenos Aires, Argentina.","[""Universidad de Buenos Aires, CONICET, Instituto de Fisiología y Biofísica (IFIBIO) Bernardo Houssay, Buenos Aires, Argentina.""]","[""Murer M"", ""Zold C""]","[""36464947""]",2,1
aff_327b0e04b1986e2a,"Servicio de Neurología, Centro Universitario de Neurología Dr. J.M. Ramos Mejía, Facultad de Medicina, Universidad de Buenos Aires, Buenos Aires, Argentina.","[""Servicio de Neurología, Centro Universitario de Neurología Dr. J.M. Ramos Mejía, Facultad de Medicina, Universidad de Buenos Aires, Buenos Aires, Argentina.""]","[""Melamud L""]","[""34263427""]",1,1
aff_328c6697b101faf3,"Facultad de Ciencias Exactas y Naturales, Departamento de Biodiversidad y Biología Experimental, Laboratorio de Neuroetología de Insectos, Universidad de Buenos Aires (UBA), Buenos Aires, Argentina.","[""Facultad de Ciencias Exactas y Naturales, Departamento de Biodiversidad y Biología Experimental, Laboratorio de Neuroetología de Insectos, Universidad de Buenos Aires (UBA), Buenos Aires, Argentina.""]","[""Bochicchio P"", ""Bodin D""]","[""41208638""]",2,1
aff_3294c07e1816b6ec,"Universidad de Buenos Aires, Facultad de Medicina. Departamento de Ciencias Fisiológicas, Laboratorio de Biomembranas, Paraguay 2155, C1121 ABG, Buenos Aires, Argentina; CONICET-Universidad de Buenos Aires. Instituto de Fisiología y Biofísica Bernardo Houssay, Paraguay 2155, C1121 ABG, Buenos Aires, Argentina. Electronic address: capurroclaudia@yahoo.com.ar.","[""Universidad de Buenos Aires, Facultad de Medicina. Departamento de Ciencias Fisiológicas, Laboratorio de Biomembranas, Paraguay 2155, C1121 ABG, Buenos Aires, Argentina; CONICET-Universidad de Buenos Aires. Instituto de Fisiología y Biofísica Bernardo Houssay, Paraguay 2155, C1121 ABG, Buenos Aires, Argentina. Electronic address: capurroclaudia@yahoo.com.ar.""]","[""Capurro C""]","[""31521898""]",1,1
aff_32a4f194af1f3f3d,"Centro de Investigaciones Cardiovasculares Horacio Cingolani, CONICET La Plata, Facultad de Ciencias Médicas, Universidad Nacional de La Plata, La Plata, Argentina.","[""Centro de Investigaciones Cardiovasculares Horacio Cingolani, CONICET La Plata, Facultad de Ciencias Médicas, Universidad Nacional de La Plata, La Plata, Argentina.""]","[""Vila Petroff M""]","[""38827994""]",1,1
aff_330185d41cffdf97,"Universidad de Buenos Aires, Facultad de Ciencias Exactas y Naturales, Departamento de Fisiología, Biología Molecular y Celular ""Dr. Héctor Maldonado"", Buenos Aires, Argentina.","[""Universidad de Buenos Aires, Facultad de Ciencias Exactas y Naturales, Departamento de Fisiología, Biología Molecular y Celular \""Dr. Héctor Maldonado\"", Buenos Aires, Argentina.""]","[""Martinez M""]","[""36426715""]",1,1
aff_3303d001c7b11acb,"Department of Psychology, University of Cambridge, Cambridge, United Kingdom.","[""Department of Psychology, University of Cambridge, Cambridge, United Kingdom.""]","[""Merlo E""]","[""30842725""]",1,1
aff_333fa58bbbfec23e,"Laboratorio de Biología de La Reproducción, Instituto de Fisiología y Biofísica Bernardo Houssay (IFIBIO)- CONICET- Facultad de Medicina, Universidad de Buenos Aires. Buenos Aires, Argentina.","[""Laboratorio de Biología de La Reproducción, Instituto de Fisiología y Biofísica Bernardo Houssay (IFIBIO)- CONICET- Facultad de Medicina, Universidad de Buenos Aires. Buenos Aires, Argentina.""]","[""Reppetti J""]","[""31018904""]",1,1
aff_336d559d0a93ab0f,"Centro de Estudios Biomédicos, Biotecnológicos, Ambientales y Diagnóstico - CEBBAD, Universidad Maimónides, Buenos Aires, Argentina.","[""Centro de Estudios Biomédicos, Biotecnológicos, Ambientales y Diagnóstico - CEBBAD, Universidad Maimónides, Buenos Aires, Argentina.""]","[""Albamonte I""]","[""27488203""]",1,1
aff_33703390530c752c,"Consejo Nacional de Investigaciones Cientificas y Técnicas (CONICET), Buenos Aires, Argentina.","[""Consejo Nacional de Investigaciones Cientificas y Técnicas (CONICET), Buenos Aires, Argentina.""]","[""Arrizurieta E""]","[""34320266""]",1,1
aff_337ca8bfb8191fcf,"Departamento de Genética, Ecologia e Evolução, Instituto de Ciências Biológicas, Universidade Federal de Minas Gerais, Belo Horizonte, Brazil.","[""Departamento de Genética, Ecologia e Evolução, Instituto de Ciências Biológicas, Universidade Federal de Minas Gerais, Belo Horizonte, Brazil.""]","[""Azevedo V"", ""Ferrary Americo M"", ""Vilela Rodrigues T""]","[""41709136""]",3,1
aff_3383ecbb44166433,"Laboratorio de Fisiología de Circuitos Neuronales, Instituto de Fisiología y Biofísica (IFIBIO Houssay), CONICET. Facultad de Medicina, Universidad de Buenos Aires, Ciudad Autónoma de Buenos Aires, Argentina. Electronic address: gmurer@gmail.com.","[""Laboratorio de Fisiología de Circuitos Neuronales, Instituto de Fisiología y Biofísica (IFIBIO Houssay), CONICET. Facultad de Medicina, Universidad de Buenos Aires, Ciudad Autónoma de Buenos Aires, Argentina. Electronic address: gmurer@gmail.com.""]","[""Murer M""]","[""25963416""]",1,1
aff_347ed524c56d4304,"Laboratorio de Biología de la Reproducción, Instituto de Fisiología y Biofísica Bernardo Houssay (IFIBIO)- CONICET- Facultad de Medicina, Universidad de Buenos Aires. Paraguay 2155 (1121) Buenos Aires, Argentina; Cátedra de Biología Celular y Molecular, Departamento de Ciencias Biológicas, Facultad de Farmacia y Bioquímica, Universidad de Buenos Aires. Junín 956 (1113) Buenos Aires, Argentina. Electronic address: adamiano@ffyb.uba.ar.","[""Laboratorio de Biología de la Reproducción, Instituto de Fisiología y Biofísica Bernardo Houssay (IFIBIO)- CONICET- Facultad de Medicina, Universidad de Buenos Aires. Paraguay 2155 (1121) Buenos Aires, Argentina; Cátedra de Biología Celular y Molecular, Departamento de Ciencias Biológicas, Facultad de Farmacia y Bioquímica, Universidad de Buenos Aires. Junín 956 (1113) Buenos Aires, Argentina. Electronic address: adamiano@ffyb.uba.ar.""]","[""Damiano A""]","[""30539720""]",1,1
aff_347fefd2a3c11b92,"Centre de Recherche du CHU de Québec-Université Laval, Québec, QC, Canada; Département de Microbiologie-Infectiologie et d'Immunologie, Faculté de Médecine, Université Laval, Québec, QC, Canada.","[""Centre de Recherche du CHU de Québec-Université Laval, Québec, QC, Canada; Département de Microbiologie-Infectiologie et d'Immunologie, Faculté de Médecine, Université Laval, Québec, QC, Canada.""]","[""Sevigny J""]","[""34216588""]",1,1
aff_3484e45d5c25fa94,"Laboratory Services, Hospital Británico de Buenos Aires, Perdriel 74, 1280 Buenos Aires, Argentina.","[""Laboratory Services, Hospital Británico de Buenos Aires, Perdriel 74, 1280 Buenos Aires, Argentina.""]","[""Canzonieri R"", ""Muryan A"", ""Schiel A""]","[""26064721""]",3,1
aff_34a26bcc33150d46,"Universidad de Buenos Aires, Facultad de Ciencias Médicas, Departamento de Ciencias Fisiológicas. Laboratorio de Fisiopatogenia. Buenos Aires, Argentina; CONICET - Universidad de Buenos Aires, Instituto de Fisiología y Biofísica Bernardo Houssay (IFIBIO Houssay). Buenos Aires, Argentina.","[""Universidad de Buenos Aires, Facultad de Ciencias Médicas, Departamento de Ciencias Fisiológicas. Laboratorio de Fisiopatogenia. Buenos Aires, Argentina; CONICET - Universidad de Buenos Aires, Instituto de Fisiología y Biofísica Bernardo Houssay (IFIBIO Houssay). Buenos Aires, Argentina.""]","[""Gomez F"", ""Ibarra C""]","[""37979924""]",2,1
aff_34ae008b6fce664d,"Universidad de Buenos Aires (UBA), Facultad de Ciencias Exactas y Naturales (FCEN), Buenos Aires, Argentina; Consejo Nacional de Investigaciones Científicas y Técnicas (CONICET)-UBA-Instituto de Fisiología, Biología Molecular y Neurociencias (IFIBYNE), Buenos Aires, Argentina; UBA, FCEN, Departamento de Biodiversidad y Bilogía Experimental, Buenos Aires, Argentina.","[""Universidad de Buenos Aires (UBA), Facultad de Ciencias Exactas y Naturales (FCEN), Buenos Aires, Argentina; Consejo Nacional de Investigaciones Científicas y Técnicas (CONICET)-UBA-Instituto de Fisiología, Biología Molecular y Neurociencias (IFIBYNE), Buenos Aires, Argentina; UBA, FCEN, Departamento de Biodiversidad y Bilogía Experimental, Buenos Aires, Argentina.""]","[""Sarrible G""]","[""30300837""]",1,1
aff_34d230244c82198c,"Grupo de Neurociencias de Sistemas, IFIBIO Houssay, Facultad de Medicina, Universidad de Buenos Aires, Buenos Aires C1121ABG, Argentina.","[""Grupo de Neurociencias de Sistemas, IFIBIO Houssay, Facultad de Medicina, Universidad de Buenos Aires, Buenos Aires C1121ABG, Argentina.""]","[""Igaz L""]","[""26493441""]",1,1
aff_34f2b01921c04dbe,"Instituto Cajal, CSIC, Madrid, España.","[""Instituto Cajal, CSIC, Madrid, España.""]","[""Mendez P""]","[""35217797""]",1,1
aff_359e4207bf941d5d,"Systems Biology Group (SysBio), Institute of Physics of Liquids and Biological Systems (IFLySIB), National Scientific and Technical Research Council (CONICET), University of La Plata, La Plata, Argentina. osvaldo.chara@tu-dresden.de.","[""Systems Biology Group (SysBio), Institute of Physics of Liquids and Biological Systems (IFLySIB), National Scientific and Technical Research Council (CONICET), University of La Plata, La Plata, Argentina. osvaldo.chara@tu-dresden.de.""]","[""Chara O""]","[""35705598""]",1,1
aff_35af8b21ccc80a8d,"Instituto de Química y Fisicoquímica Biológica (IQUIFIB), Facultad de Farmacia y Bioquímica, CONICET, Universidad de Buenos Aires, Argentina.","[""Instituto de Química y Fisicoquímica Biológica (IQUIFIB), Facultad de Farmacia y Bioquímica, CONICET, Universidad de Buenos Aires, Argentina.""]","[""Alleva K"", ""Chevriau J"", ""Zerbetto De Palma G""]","[""34293244""]",3,1
aff_35b4b21674b69eea,"Internal Medicine, Hospital Británico de Buenos Aires, Buenos Aires, Argentina.","[""Internal Medicine, Hospital Británico de Buenos Aires, Buenos Aires, Argentina.""]","[""Young P""]","[""26842625"", ""27015899""]",1,2
aff_35db0d4197a4ad32,"Instituto de Fisiología Biología Molecular y Neurociencias (IFIBYNE), Universidad de Buenos Aires y Consejo Nacional de Investigaciones Científicas y Técnicas (CONICET), Buenos Aires, Argentina. pirizjoaquin@gmail.com.","[""Instituto de Fisiología Biología Molecular y Neurociencias (IFIBYNE), Universidad de Buenos Aires y Consejo Nacional de Investigaciones Científicas y Técnicas (CONICET), Buenos Aires, Argentina. pirizjoaquin@gmail.com.""]","[""Piriz J""]","[""35217797""]",1,1
aff_35e8118072fa08c0,"Facultad de Medicina UBA, CONICET. Paraguay, Instituto de Fisiología y Biofísica Bernardo Houssay, 7th Floor (C1121ABG), 2155, Buenos Aires, Argentina.","[""Facultad de Medicina UBA, CONICET. Paraguay, Instituto de Fisiología y Biofísica Bernardo Houssay, 7th Floor (C1121ABG), 2155, Buenos Aires, Argentina.""]","[""Blake M""]","[""28213811""]",1,1
aff_35eb4f3a5a5d8b4e,"Departamento de Ciencias Fisiológicas, Instituto de Fisiología y Biofísica Bernardo Houssay (IFIBIO Houssay-CONICET), Facultad de Medicina, Universidad de Buenos Aires, Paraguay 2155, Piso 4, Buenos Aires, 1121, Argentina. Electronic address: csilber@fmed.uba.ar.","[""Departamento de Ciencias Fisiológicas, Instituto de Fisiología y Biofísica Bernardo Houssay (IFIBIO Houssay-CONICET), Facultad de Medicina, Universidad de Buenos Aires, Paraguay 2155, Piso 4, Buenos Aires, 1121, Argentina. Electronic address: csilber@fmed.uba.ar.""]","[""Silberstein C""]","[""27521227""]",1,1
aff_361a75cd489d2577,"Department of Physiology, Federal University of Juiz de Fora Minas Gerais, Brazil.","[""Department of Physiology, Federal University of Juiz de Fora Minas Gerais, Brazil.""]","[""Nogueira-Campos A""]","[""27625602""]",1,1
aff_3690f2c27abd4930,"ICIFI School of Science and Technology (ECyT), University of San Martín, Buenos Aires, Argentina.","[""ICIFI School of Science and Technology (ECyT), University of San Martín, Buenos Aires, Argentina.""]","[""Della-Maggiore V"", ""Solano A"", ""Yeffal A""]","[""42313886""]",3,1
aff_36af6c7fc8e47b2b,"Universidad de Buenos Aires, Instituto de Investigaciones Médicas A. Lanari, Laboratorio de Nefrología Experimental y Bioquímica Molecular, Combatientes de Malvinas 3150, Buenos Aires, 1427, Argentina; Universidad de Buenos Aires, Consejo Nacional de Investigaciones Científicas y Técnicas (CONICET), Instituto de Investigaciones Médicas A. Lanari, Combatientes de Malvinas 3150, Buenos Aires, 1427, Argentina. Electronic address: ldiciano@fvet.uba.ar.","[""Universidad de Buenos Aires, Instituto de Investigaciones Médicas A. Lanari, Laboratorio de Nefrología Experimental y Bioquímica Molecular, Combatientes de Malvinas 3150, Buenos Aires, 1427, Argentina; Universidad de Buenos Aires, Consejo Nacional de Investigaciones Científicas y Técnicas (CONICET), Instituto de Investigaciones Médicas A. Lanari, Combatientes de Malvinas 3150, Buenos Aires, 1427, Argentina. Electronic address: ldiciano@fvet.uba.ar.""]","[""Di Ciano L""]","[""38788356""]",1,1
aff_36bf9922da4ec2cc,"Consejo Nacional de Investigaciones Científicas y Técnicas (CONICET), University of Buenos Aires, Institute of Physiology and Biophysics Bernardo Houssay 018 (Instituto de Fisiología y Biofísica (IFIBIO) Houssay), Buenos Aires, Argentina.","[""Consejo Nacional de Investigaciones Científicas y Técnicas (CONICET), University of Buenos Aires, Institute of Physiology and Biophysics Bernardo Houssay 018 (Instituto de Fisiología y Biofísica (IFIBIO) Houssay), Buenos Aires, Argentina.""]","[""Damiano A""]","[""40642510""]",1,1
aff_3722a6d3d1befe40,"CONICET - Universidad de Buenos Aires, Instituto de Fisiología y Biofísica Bernardo Houssay (IFIBIO Houssay), Grupo de Neurociencias de Sistemas, Buenos Aires, Argentina. lmuller@fmed.uba.ar.","[""CONICET - Universidad de Buenos Aires, Instituto de Fisiología y Biofísica Bernardo Houssay (IFIBIO Houssay), Grupo de Neurociencias de Sistemas, Buenos Aires, Argentina. lmuller@fmed.uba.ar.""]","[""Igaz L""]","[""41571758""]",1,1
aff_37419cc03f42717c,"Department of Laboratory Medicine and Pathology, University of Washington, Seattle, Washington, United States of America.","[""Department of Laboratory Medicine and Pathology, University of Washington, Seattle, Washington, United States of America.""]","[""Huang M"", ""Jerome K"", ""Roychoudhury P""]","[""38019897""]",3,1
aff_375631e1c5122c13,"Departamento de Fisiología, Facultad de Medicina, Universidad de Buenos Aires and Instituto de Fisiología y Biofísica ""Bernardo Houssay"" (IFIBIO-Houssay), Grupo de Neurociencia de Sistemas, CONICET-Universidad de Buenos Aires, Buenos Aires, Argentina.","[""Departamento de Fisiología, Facultad de Medicina, Universidad de Buenos Aires and Instituto de Fisiología y Biofísica \""Bernardo Houssay\"" (IFIBIO-Houssay), Grupo de Neurociencia de Sistemas, CONICET-Universidad de Buenos Aires, Buenos Aires, Argentina.""]","[""Belforte J"", ""Diaz N"", ""Pretell Annan C""]","[""29394409""]",3,1
aff_37c4a1ceb20e96d3,"Universidad de Buenos Aires, CONICET, Instituto de Fisiología y Biofísica (IFIBIO) Bernardo Houssay, Grupo de Neurociencia de Sistemas, 2155 Paraguay Street, Buenos Aires, 1121, Argentina.","[""Universidad de Buenos Aires, CONICET, Instituto de Fisiología y Biofísica (IFIBIO) Bernardo Houssay, Grupo de Neurociencia de Sistemas, 2155 Paraguay Street, Buenos Aires, 1121, Argentina.""]","[""Murer M"", ""Paz R"", ""Rela L"", ""Stahl A"", ""Tubert C""]","[""33547844""]",5,1
aff_37f5451bedadbaf9,"ENyS (Estudios en Neurociencias y Sistemas Complejos), Consejo Nacional de Investigaciones Científicas y Técnicas, Universidad Nacional Arturo Jauretche y Hospital El Cruce, Florencio Varela, Argentina.","[""ENyS (Estudios en Neurociencias y Sistemas Complejos), Consejo Nacional de Investigaciones Científicas y Técnicas, Universidad Nacional Arturo Jauretche y Hospital El Cruce, Florencio Varela, Argentina.""]","[""Collavini S"", ""Kochen S"", ""Nasimbera A"", ""Princich J"", ""Seoane P"", ""Vallejo-Azar M"", ""Veron Do Santos J""]","[""33692740""]",7,1
aff_3804ca8ac6f8c511,"Laboratorio de Neurofarmacología de los Procesos de Memoria, Cátedra de Farmacología, Facultad de Farmacia y Bioquímica, Universidad de Buenos Aires (UBA), Buenos Aires, Argentina. Electronic address: mboccia@ffyb.uba.ar.","[""Laboratorio de Neurofarmacología de los Procesos de Memoria, Cátedra de Farmacología, Facultad de Farmacia y Bioquímica, Universidad de Buenos Aires (UBA), Buenos Aires, Argentina. Electronic address: mboccia@ffyb.uba.ar.""]","[""Boccia M""]","[""34619364"", ""35752429""]",1,2
aff_380f0b28f5efd945,"Systems Neuroscience Group, Laboratory of Experimental Cognition and Behavior, Institute of Physiology and Biophysics, IFIBIO ""Houssay,"" CONICET and University of Buenos Aires Medical School Buenos Aires, Argentina.","[""Systems Neuroscience Group, Laboratory of Experimental Cognition and Behavior, Institute of Physiology and Biophysics, IFIBIO \""Houssay,\"" CONICET and University of Buenos Aires Medical School Buenos Aires, Argentina.""]","[""Ciccia L"", ""Morici J"", ""Weisstaub N""]","[""26779016""]",3,1
aff_3813dc13e55ed604,"2 Laboratorio de Neurobiologí y Ritmos, Instituto de Fisiologí y Biofísica Bernardo Houssay (IFIBIO), Universidad de Buenos Aires and CONICET, Buenos Aires, Argentina.","[""2 Laboratorio de Neurobiologí y Ritmos, Instituto de Fisiologí y Biofísica Bernardo Houssay (IFIBIO), Universidad de Buenos Aires and CONICET, Buenos Aires, Argentina.""]","[""Carbone S"", ""Cutrera R""]","[""29774754""]",2,1
aff_385bd095785cb599,"Cátedra de Biología Celular y Molecular, Departamento de Ciencias Biológicas, Facultad de Farmacia y Bioquímica, Universidad de Buenos Aires, Buenos Aires, Argentina.","[""Cátedra de Biología Celular y Molecular, Departamento de Ciencias Biológicas, Facultad de Farmacia y Bioquímica, Universidad de Buenos Aires, Buenos Aires, Argentina.""]","[""Castro Parodi M"", ""Damiano A"", ""Di Paola M"", ""Fernandez N"", ""Sierra M""]","[""30425647"", ""30620717"", ""31396108"", ""31541456"", ""31956716"", ""34925067"", ""34938200"", ""34971959"", ""35431989"", ""36117714"", ""37274341"", ""37466779""]",5,12
aff_38607abed355923a,"Institute Leloir Foundation- IIBBA-CONICET, Buenos Aires, Argentina.","[""Institute Leloir Foundation- IIBBA-CONICET, Buenos Aires, Argentina.""]","[""Casabona J"", ""Casalia M"", ""Cavaliere Candedo V"", ""Farias M"", ""Garcia C"", ""Gonzalez J""]","[""34823607""]",6,1
aff_38c3c3c215f657b5,"Universidad de Buenos Aires (UBA), Consejo Nacional de Investigaciones Científicas y Técnicas (CONICET), Instituto de Fisiología y Biofísica Bernardo Houssay (IFIBIO- Houssay), Buenos Aires, Argentina.","[""Universidad de Buenos Aires (UBA), Consejo Nacional de Investigaciones Científicas y Técnicas (CONICET), Instituto de Fisiología y Biofísica Bernardo Houssay (IFIBIO- Houssay), Buenos Aires, Argentina.""]","[""Reppetti J""]","[""38019897""]",1,1
aff_38c6744abfe62a7f,"Universidad de Buenos Aires, Facultad de Medicina. Departamento de Ciencias Fisiológicas, Laboratorio de Biomembranas, Paraguay 2155, C1121 ABG, Buenos Aires, Argentina; CONICET-Universidad de Buenos Aires. Instituto de Fisiología y Biofísica Bernardo Houssay, Paraguay 2155, C1121 ABG, Buenos Aires, Argentina. Electronic address: mpoliti@fmed.uba.ar.","[""Universidad de Buenos Aires, Facultad de Medicina. Departamento de Ciencias Fisiológicas, Laboratorio de Biomembranas, Paraguay 2155, C1121 ABG, Buenos Aires, Argentina; CONICET-Universidad de Buenos Aires. Instituto de Fisiología y Biofísica Bernardo Houssay, Paraguay 2155, C1121 ABG, Buenos Aires, Argentina. Electronic address: mpoliti@fmed.uba.ar.""]","[""Politi M""]","[""31521898""]",1,1
aff_38c7cbdea0e5929d,"Laboratorio de Neurofarmacología de los Procesos de Memoria, Cátedra de Farmacología, Fac. Farmacia y Bioquímica, UBA, Junín 956, C1113AAD CABA, Argentina.","[""Laboratorio de Neurofarmacología de los Procesos de Memoria, Cátedra de Farmacología, Fac. Farmacia y Bioquímica, UBA, Junín 956, C1113AAD CABA, Argentina.""]","[""Krawczyk M"", ""Navarro N""]","[""27321160""]",2,1
aff_3934ba44d29eec9c,"Universidad de Buenos Aires, Facultad de Medicina, Departamento de Ciencias Fisiológicas, 2155 Paraguay St, Buenos Aires, 1121, Argentina. agostinastahl@yahoo.com.","[""Universidad de Buenos Aires, Facultad de Medicina, Departamento de Ciencias Fisiológicas, 2155 Paraguay St, Buenos Aires, 1121, Argentina. agostinastahl@yahoo.com.""]","[""Stahl A""]","[""41817828""]",1,1
aff_39e9696618ee188a,"Facultad de Ciencias Exactas y Naturales, Departamento de Biodiversidad y Biología Experimental, Universidad de Buenos Aires, Buenos Aires, Argentina.","[""Facultad de Ciencias Exactas y Naturales, Departamento de Biodiversidad y Biología Experimental, Universidad de Buenos Aires, Buenos Aires, Argentina.""]","[""Depino A""]","[""42404802""]",1,1
aff_3a26936a62e60903,"Clem Jones Centre for Ageing Dementia Research, Queensland Brain Institute, The University of Queensland, St Lucia, QLD, 4072, Australia. rebecca.sangil@sydney.edu.au.","[""Clem Jones Centre for Ageing Dementia Research, Queensland Brain Institute, The University of Queensland, St Lucia, QLD, 4072, Australia. rebecca.sangil@sydney.edu.au.""]","[""San Gil R""]","[""41423699""]",1,1
aff_3a479c80ad9dea31,"Department of Anatomy, Kampala International University, Kampala, Uganda.","[""Department of Anatomy, Kampala International University, Kampala, Uganda.""]","[""Dare S""]","[""33519685""]",1,1
aff_3ac5c6f57b74ba5a,"Universidad de Buenos Aires (UBA-CONICET), Instituto de Fisiología y Biofísica Bernardo Houssay (IFIBIO-Houssay), Laboratorio de Biología de la Reproducción, Facultad de Medicina, Buenos Aires, Argentina. Electronic address: noraalicia.martinez@gmail.com.","[""Universidad de Buenos Aires (UBA-CONICET), Instituto de Fisiología y Biofísica Bernardo Houssay (IFIBIO-Houssay), Laboratorio de Biología de la Reproducción, Facultad de Medicina, Buenos Aires, Argentina. Electronic address: noraalicia.martinez@gmail.com.""]","[""Martinez N"", ""Nora M""]","[""40527250"", ""40882494"", ""41950695""]",2,3
aff_3b994d984444414f,"Universidad de Buenos Aires, Facultad de Medicina, Departamento de Ciencias Fisiológicas, 2155 Paraguay St, Buenos Aires, 1121, Argentina. gmurer@fmed.uba.ar.","[""Universidad de Buenos Aires, Facultad de Medicina, Departamento de Ciencias Fisiológicas, 2155 Paraguay St, Buenos Aires, 1121, Argentina. gmurer@fmed.uba.ar.""]","[""Murer M""]","[""41817828""]",1,1
aff_3be13da2c3543ca9,"Laboratorio de Parkinson Experimental, Instituto de Investigaciones Farmacológicas (ININFA-CONICET-UBA), Ciudad Autónoma de Buenos Aires, Argentina. Electronic address: marianosaborido@gmail.com.","[""Laboratorio de Parkinson Experimental, Instituto de Investigaciones Farmacológicas (ININFA-CONICET-UBA), Ciudad Autónoma de Buenos Aires, Argentina. Electronic address: marianosaborido@gmail.com.""]","[""Saborido M""]","[""25963416""]",1,1
aff_3beb38a791af4687,"Instituto de Investigaciones Bioquímicas de Buenos Aires, CONICET, Patricias Argentinas 435, Buenos Aires, 1405, Argentina. PWAPPNER@LELOIR.ORG.AR.","[""Instituto de Investigaciones Bioquímicas de Buenos Aires, CONICET, Patricias Argentinas 435, Buenos Aires, 1405, Argentina. PWAPPNER@LELOIR.ORG.AR.""]","[""Wappner P""]","[""40603573""]",1,1
aff_3bf25a30ebbca5d3,"Banting and Best Department of Medical Research, Terrence Donnelly Centre for Cellular and Biomolecular Research, University of Toronto, Toronto, OT M5S 3E1, Canada.","[""Banting and Best Department of Medical Research, Terrence Donnelly Centre for Cellular and Biomolecular Research, University of Toronto, Toronto, OT M5S 3E1, Canada.""]","[""Chen G"", ""Sidhu S""]","[""34822608""]",2,1
aff_3c15b18649cefc81,"Systems Neuroscience Section, Department of Physiology and Biophysics, School of Medicine, University of Buenos Aires, Argentina.","[""Systems Neuroscience Section, Department of Physiology and Biophysics, School of Medicine, University of Buenos Aires, Argentina.""]","[""Piantanida A"", ""Rela L""]","[""25856239""]",2,1
aff_3c1f1aa6a5d6ee60,"Instituto de Fisiología y Biofísica Prof. Bernardo Houssay (IFIBIO-Houssay) UBA y Consejo Nacional de Investigaciones Científicas y Técnicas (CONICET), Buenos Aires, Argentina.","[""Instituto de Fisiología y Biofísica Prof. Bernardo Houssay (IFIBIO-Houssay) UBA y Consejo Nacional de Investigaciones Científicas y Técnicas (CONICET), Buenos Aires, Argentina.""]","[""Bernabeu R"", ""Faillace M"", ""Medrano M"", ""Paez N"", ""Pisera Fuster A"", ""Pisera-Fuster A"", ""Sanchis P""]","[""30102439"", ""31997350""]",7,2
aff_3c43c18269feb5ef,"Department of Medical Biotechnology and Translational Medicin, University of Milano, Segrate, Italy.","[""Department of Medical Biotechnology and Translational Medicin, University of Milano, Segrate, Italy.""]","[""Lunghi G""]","[""31630412""]",1,1
aff_3cca1a26b7ad8bc3,"Laboratorio de Biología de la Reproducción, Departamento de Ciencias Fisiológicas, Instituto de Fisiología y Biofísica (IFIBIO) Houssay, Facultad de Medicina, Universidad de Buenos Aires, Buenos Aires, Argentina.","[""Laboratorio de Biología de la Reproducción, Departamento de Ciencias Fisiológicas, Instituto de Fisiología y Biofísica (IFIBIO) Houssay, Facultad de Medicina, Universidad de Buenos Aires, Buenos Aires, Argentina.""]","[""Damiano A"", ""Reppetti J""]","[""30620717""]",2,1
aff_3d00a58bac42ad69,"Departments of Neurosurgery, Yale University School of Medicine, New Haven, Connecticut.","[""Departments of Neurosurgery, Yale University School of Medicine, New Haven, Connecticut.""]","[""Bordey A"", ""Greer C"", ""Rela L""]","[""25856239""]",3,1
aff_3d16ae11d34f972d,"Cátedra de Nutrición, Carrera de Tecnología de Alimentos, Universidad Nacional de Lanús, Buenos Aires, Argentina.","[""Cátedra de Nutrición, Carrera de Tecnología de Alimentos, Universidad Nacional de Lanús, Buenos Aires, Argentina.""]","[""Landriel M"", ""Ugarte M""]","[""28643674""]",2,1
aff_3d1f5223a91c7ecf,"Department of Psychology and MRC/Wellcome Trust Behavioural and Clinical Neuroscience Institute, University of Cambridge, Cambridge, UK.","[""Department of Psychology and MRC/Wellcome Trust Behavioural and Clinical Neuroscience Institute, University of Cambridge, Cambridge, UK.""]","[""Bussey T"", ""Saksida L""]","[""29085903""]",2,1
aff_3d1f532e83990432,"IIS-Fundación Jimenez Diaz, School of Medicine, UAM, Madrid, Spain.","[""IIS-Fundación Jimenez Diaz, School of Medicine, UAM, Madrid, Spain.""]","[""Ortiz A"", ""Sanchez-Nino M"", ""Valino-Rivas L""]","[""28523190""]",3,1
aff_3d7aa84cd5afe69d,"School of Medicine, University of California San Diego (UCSD), San Diego, California, USA.","[""School of Medicine, University of California San Diego (UCSD), San Diego, California, USA.""]","[""Di Benedetto S""]","[""40451786""]",1,1
aff_3d8223fbb96e1135,"Laboratorio de Neurofisiopatología, Facultad de Medicina, Instituto de Fisiología y Biofísica ""Houssay"" (IFIBIO), Universidad de Buenos Aires, Consejo Nacional de Investigaciones Científicas y Técnicas (CONICET), Buenos Aires, Argentina.","[""Laboratorio de Neurofisiopatología, Facultad de Medicina, Instituto de Fisiología y Biofísica \""Houssay\"" (IFIBIO), Universidad de Buenos Aires, Consejo Nacional de Investigaciones Científicas y Técnicas (CONICET), Buenos Aires, Argentina.""]","[""Alipio P"", ""Jorge G""]","[""40012853""]",2,1
aff_3dc2cc8e35bbd071,"Laboratory of Reproduction and Metabolism, CEFYBO, CONICET, School of Medicine, University of Buenos Aires, Paraguay 2155 (1121), Buenos Aires, Argentina. evacapobianco@yahoo.com.ar.","[""Laboratory of Reproduction and Metabolism, CEFYBO, CONICET, School of Medicine, University of Buenos Aires, Paraguay 2155 (1121), Buenos Aires, Argentina. evacapobianco@yahoo.com.ar.""]","[""Capobianco E""]","[""29197004""]",1,1
aff_3e1e5a30e7a63365,"Universidad de Buenos Aires, Facultad de Medicina, Departamento de Ciencias Fisiológicas, Instituto de Fisiología y Biofísica ""Bernardo Houssay"" (IFIBIO-Houssay) UBA-CONICET, Buenos Aires, Argentina.","[""Universidad de Buenos Aires, Facultad de Medicina, Departamento de Ciencias Fisiológicas, Instituto de Fisiología y Biofísica \""Bernardo Houssay\"" (IFIBIO-Houssay) UBA-CONICET, Buenos Aires, Argentina.""]","[""Fischer Sigel L"", ""Sanchez D""]","[""30879772""]",2,1
aff_3e239ecd11c68bf1,"Grupo Reproducción, Facultad De Medicina Universidad De Antioquia , Medellin, Colombia.","[""Grupo Reproducción, Facultad De Medicina Universidad De Antioquia , Medellin, Colombia.""]","[""Alvarez A"", ""Bueno J"", ""Cadavid A""]","[""32482148""]",3,1
aff_3e518a1ad80af884,"CIBERNED, ISCIII, Madrid, Spain.","[""CIBERNED, ISCIII, Madrid, Spain.""]","[""Moratalla R"", ""Ruiz-DeDiego I"", ""Solis O""]","[""30895594""]",3,1
aff_3e56710cb54942fc,"Academia de Genómica, Instituto Politécnico Nacional-CIIDIR Durango, Durango, Mexico.","[""Academia de Genómica, Instituto Politécnico Nacional-CIIDIR Durango, Durango, Mexico.""]","[""Galaviz-Hernandez C""]","[""31396108""]",1,1
aff_3e7ff306361189c7,"Instituto de Investigaciones Farmacológicas (ININFA), Laboratorio de Parkinson Experimental, CONICET - Universidad de Buenos Aires, Ciudad Autónoma de Buenos Aires, Argentina. irenetaravini@gmail.com.","[""Instituto de Investigaciones Farmacológicas (ININFA), Laboratorio de Parkinson Experimental, CONICET - Universidad de Buenos Aires, Ciudad Autónoma de Buenos Aires, Argentina. irenetaravini@gmail.com.""]","[""Taravini I""]","[""30746639""]",1,1
aff_3eeb122d4881154d,"Reumatología, Hospital General de Niños Pedro de Elizalde y Hospital Británico, Buenos Aires, Argentina.","[""Reumatología, Hospital General de Niños Pedro de Elizalde y Hospital Británico, Buenos Aires, Argentina.""]","[""Cervetto V""]","[""36464947""]",1,1
aff_3f04655630a87f51,"Instituto de Investigaciones Bioquímicas de Buenos Aires, CONICET, Patricias Argentinas 435, Buenos Aires, 1405, Argentina.","[""Instituto de Investigaciones Bioquímicas de Buenos Aires, CONICET, Patricias Argentinas 435, Buenos Aires, 1405, Argentina.""]","[""Melani M""]","[""40603573""]",1,1
aff_3f24331eaae85406,"Instituto de Fisiología, Biología Molecular y Neurociencias, Consejo Nacional de Investigaciones Científicas y Técnicas and Universidad de Buenos Aires, Buenos Aires, Argentina.","[""Instituto de Fisiología, Biología Molecular y Neurociencias, Consejo Nacional de Investigaciones Científicas y Técnicas and Universidad de Buenos Aires, Buenos Aires, Argentina.""]","[""Merlo S"", ""Pedreira M""]","[""38355584""]",2,1
aff_3f8876a2ebc5c382,"Universidad de Buenos Aires, Facultad de Farmacia y Bioquímica, Departamento de Microbiología, Inmunología, Biotecnología y Genética/Cátedra de Genética, Buenos Aires, Argentina.","[""Universidad de Buenos Aires, Facultad de Farmacia y Bioquímica, Departamento de Microbiología, Inmunología, Biotecnología y Genética/Cátedra de Genética, Buenos Aires, Argentina.""]","[""Garzon V"", ""Gomes Pio M"", ""Marques da Silva W"", ""Rivolta C""]","[""42611393""]",4,1
aff_3f88cb2aa79b5c16,"Facultad de Medicina, Laboratorio de Biomembranas, Instituto de Fisiología y Biofísica Bernardo Houssay (IFIBIO Houssay), Universidad de Buenos Aires-CONICET, Buenos Aires, Argentina.","[""Facultad de Medicina, Laboratorio de Biomembranas, Instituto de Fisiología y Biofísica Bernardo Houssay (IFIBIO Houssay), Universidad de Buenos Aires-CONICET, Buenos Aires, Argentina.""]","[""Casal J""]","[""33703954""]",1,1
aff_3fad717c7c0a9562,"CONICET- Universidad de Buenos Aires, Instituto de Fisiología y Biofísica ""Houssay"" (IFIBIO), Laboratorio de Neurofisiopatología, Buenos Aires, Argentina.","[""CONICET- Universidad de Buenos Aires, Instituto de Fisiología y Biofísica \""Houssay\"" (IFIBIO), Laboratorio de Neurofisiopatología, Buenos Aires, Argentina.""]","[""Goldstein J"", ""Pinto A"", ""Ramos Aloi A""]","[""40617562""]",3,1
aff_3fc6660c678104fd,"Sackler Institute for Developmental Psychobiology, Columbia University, New YorkNY, USA; New York State Psychiatric InstituteNew York, NY, USA.","[""Sackler Institute for Developmental Psychobiology, Columbia University, New YorkNY, USA; New York State Psychiatric InstituteNew York, NY, USA.""]","[""Gingrich J""]","[""26779016""]",1,1
aff_3fe4da6e70ad25e8,"Department of Physiology, Molecular and Cellular Biology ""Dr. Héctor Maldonado"", Faculty of Exact and Natural Sciences, University of Buenos Aires, IFIBYNE-CONICET, Buenos Aires, Argentina.","[""Department of Physiology, Molecular and Cellular Biology \""Dr. Héctor Maldonado\"", Faculty of Exact and Natural Sciences, University of Buenos Aires, IFIBYNE-CONICET, Buenos Aires, Argentina.""]","[""Urbano F""]","[""34823607""]",1,1
aff_406c480d8d512641,"Group of Research and Innovation in Vascular Health (GRIVAS Health), Chillan, Chile.","[""Group of Research and Innovation in Vascular Health (GRIVAS Health), Chillan, Chile.""]","[""Escudero C"", ""Gonzalez M"", ""Gonzalez-Ortiz M"", ""Martin S""]","[""35431989"", ""37466779""]",4,2
aff_40b6620d76b71fb6,"Laboratorio de Neurociencia y Comportamiento, Universidad de los Andes. Cra 1 #18A-12, Aguas 111711, Bogotá, Colombia. Electronic address: lucarden@uniandes.edu.co.","[""Laboratorio de Neurociencia y Comportamiento, Universidad de los Andes. Cra 1 #18A-12, Aguas 111711, Bogotá, Colombia. Electronic address: lucarden@uniandes.edu.co.""]","[""Cardenas F""]","[""42097396""]",1,1
aff_40c7a82f2c8aa783,"CONICET, Instituto de Fisiología y Biofísica Bernardo Houssay (IFIBIO), Neurociencia de Sistemas, Buenos Aires, Argentina.","[""CONICET, Instituto de Fisiología y Biofísica Bernardo Houssay (IFIBIO), Neurociencia de Sistemas, Buenos Aires, Argentina.""]","[""Acosta L"", ""Brocardo L"", ""Capurro C"", ""Piantanida A"", ""Rela L""]","[""30628061""]",5,1
aff_40d9ca977897692c,"Departamento de Ciencias Fisiológicas, Facultad de Medicina, Instituto de Fisiología y Biofísica Bernardo Houssay (IFIBIO Houssay), Universidad de Buenos Aires-CONICET, Buenos Aires C1121ABG, Argentina vdellamaggiore@fmed.uba.ar.","[""Departamento de Ciencias Fisiológicas, Facultad de Medicina, Instituto de Fisiología y Biofísica Bernardo Houssay (IFIBIO Houssay), Universidad de Buenos Aires-CONICET, Buenos Aires C1121ABG, Argentina vdellamaggiore@fmed.uba.ar.""]","[""Della-Maggiore V""]","[""40744730""]",1,1
aff_418567cbe904acae,"Grupo de Neurociencia de Sistemas, Instituto de Fisiología y Biofísica ""Bernardo Houssay"" (IFIBIO-Houssay), Universidad de Buenos Aires y Consejo Nacional de Investigaciones Científicas y Técnicas (CONICET), Ciudad de Buenos Aires, Argentina.","[""Grupo de Neurociencia de Sistemas, Instituto de Fisiología y Biofísica \""Bernardo Houssay\"" (IFIBIO-Houssay), Universidad de Buenos Aires y Consejo Nacional de Investigaciones Científicas y Técnicas (CONICET), Ciudad de Buenos Aires, Argentina.""]","[""Belforte J"", ""Fulginiti N"", ""Pafundo D"", ""Pretell Annan C""]","[""33822178""]",4,1
aff_418929afbe3e1028,"Yale University School of Medicine, Departments of Neurobiology, New Haven, Connecticut.","[""Yale University School of Medicine, Departments of Neurobiology, New Haven, Connecticut.""]","[""Greer C""]","[""25856239""]",1,1
aff_4222640156e0768d,"Cellular and Molecular Physiology Laboratory (CMPL), Division of Obstetrics and Gynaecology, School of Medicine, Faculty of Medicine, Pontificia Universidad Católica de Chile, Santiago, Chile.","[""Cellular and Molecular Physiology Laboratory (CMPL), Division of Obstetrics and Gynaecology, School of Medicine, Faculty of Medicine, Pontificia Universidad Católica de Chile, Santiago, Chile.""]","[""Sobrevia L""]","[""38827994""]",1,1
aff_423939ff39b40143,"Hospital Cesar Milstein - Laboratorio Central- Sección Química Clínica, Buenos Aires, Argentina.","[""Hospital Cesar Milstein - Laboratorio Central- Sección Química Clínica, Buenos Aires, Argentina.""]","[""Cacciagiu L""]","[""31956716""]",1,1
aff_4248175a9555565b,"University of Buenos Aires, Faculty of Pharmacy and Biochemistry, Department of Biological Science, Buenos Aires, Argentina.","[""University of Buenos Aires, Faculty of Pharmacy and Biochemistry, Department of Biological Science, Buenos Aires, Argentina.""]","[""Damiano A""]","[""40642510""]",1,1
aff_425326c606e437df,"Laboratorio de Biología de la Reproducción, IFIBIO-CONICET, Argentina.","[""Laboratorio de Biología de la Reproducción, IFIBIO-CONICET, Argentina.""]","[""Martinez N""]","[""29405971""]",1,1
aff_42654adad47b9edd,"Department of Psychiatry and Behavioral Neurobiology, University of Alabama at Birmingham, Birmingham, AL.","[""Department of Psychiatry and Behavioral Neurobiology, University of Alabama at Birmingham, Birmingham, AL.""]","[""Jeevakumar V"", ""Nakao K"", ""Nakazawa K""]","[""29394409""]",3,1
aff_43759fdfe7074ebf,"Instituto de Genética Humana, Facultad de Medicina, Pontificia Universidad Javeriana, Bogotá, Colombia.","[""Instituto de Genética Humana, Facultad de Medicina, Pontificia Universidad Javeriana, Bogotá, Colombia.""]","[""Alvarez A"", ""Cardona P"", ""Palacios D""]","[""41242030""]",3,1
aff_43d00b9b5574c3d0,"Departamento de Fisiología Médica y Biofísica, Facultad de Medicina, Universidad de Sevilla, 41009, Seville, Spain. irusta@us.es.","[""Departamento de Fisiología Médica y Biofísica, Facultad de Medicina, Universidad de Sevilla, 41009, Seville, Spain. irusta@us.es.""]","[""Echevarria M""]","[""38956598""]",1,1
aff_43eb1bc5d1636ebd,"Facultad de Medicina, Departamento de Ciencias Fisiológicas, Laboratorio de Biomembranas, Buenos Aires, Argentina; CONICET - Universidad de Buenos Aires, IFIBIO Houssay, Buenos Aires, Argentina.","[""Facultad de Medicina, Departamento de Ciencias Fisiológicas, Laboratorio de Biomembranas, Buenos Aires, Argentina; CONICET - Universidad de Buenos Aires, IFIBIO Houssay, Buenos Aires, Argentina.""]","[""Toriano R""]","[""30466042""]",1,1
aff_44027febf1b0938a,"Universidad de Buenos Aires - CONICET, Instituto de Fisiología y Biofísica ""Dr. Bernardo Houssay"" (IFIBIO-Houssay), Grupo de Neurociencia de Sistemas, Buenos Aires, Argentina.","[""Universidad de Buenos Aires - CONICET, Instituto de Fisiología y Biofísica \""Dr. Bernardo Houssay\"" (IFIBIO-Houssay), Grupo de Neurociencia de Sistemas, Buenos Aires, Argentina.""]","[""Belluscio M"", ""Coletti M"", ""Martinez M"", ""Murer M"", ""Zold C""]","[""36426715""]",5,1
aff_440939cae05a1692,"Instituto de Biologia Celular y Neurociencias, Universidad de Buenos Aires, CONICET, Buenos Aires, Argentina.","[""Instituto de Biologia Celular y Neurociencias, Universidad de Buenos Aires, CONICET, Buenos Aires, Argentina.""]","[""Bekinschtein P"", ""Gallo F"", ""Miranda M""]","[""29717980""]",3,1
aff_444da710e7e3a0d4,"Unidad De Investigación Biomédica - Instituto Mexicano del Seguro Social (IMSS) Durango, Durango, México.","[""Unidad De Investigación Biomédica - Instituto Mexicano del Seguro Social (IMSS) Durango, Durango, México.""]","[""Martinez-Aguilar G""]","[""32129110""]",1,1
aff_44d0bc32d8ec51d9,"Instituto de Fisiología y Biofísica ""Bernardo Houssay"" (IFIBIO-Houssay), Grupo de Neurociencia de Sistemas, Universidad de Buenos Aires y Consejo Nacional de Investigaciones Científicas y Técnicas (CONICET), Buenos Aires, Argentina. pirizjoaquin@gmail.com.","[""Instituto de Fisiología y Biofísica \""Bernardo Houssay\"" (IFIBIO-Houssay), Grupo de Neurociencia de Sistemas, Universidad de Buenos Aires y Consejo Nacional de Investigaciones Científicas y Técnicas (CONICET), Buenos Aires, Argentina. pirizjoaquin@gmail.com.""]","[""Piriz J""]","[""35217797""]",1,1
aff_44da268f6a3e1f4b,"Brighton and Sussex Medical School, University of Sussex, Brighton, United Kingdom.","[""Brighton and Sussex Medical School, University of Sussex, Brighton, United Kingdom.""]","[""Berni J"", ""Rodriguez Curt J""]","[""33519685""]",2,1
aff_44ddd48de5771b8f,"MRC Cognition and Brain Sciences Unit, University of Cambridge, Cambridge CB2 7EF, United Kingdom.","[""MRC Cognition and Brain Sciences Unit, University of Cambridge, Cambridge CB2 7EF, United Kingdom.""]","[""Anderson M""]","[""35853718""]",1,1
aff_453b7394e370894f,"Universidad de Buenos Aires (UBA), Facultad de Ciencias Médicas, Departamento de Ciencias Fisiológicas, Laboratorio de Fisiología Renal, Buenos Aires, Argentina.","[""Universidad de Buenos Aires (UBA), Facultad de Ciencias Médicas, Departamento de Ciencias Fisiológicas, Laboratorio de Fisiología Renal, Buenos Aires, Argentina.""]","[""Fischer Sigel L"", ""Sanchez D"", ""Silberstein C""]","[""41800087""]",3,1
aff_454a3aa7c89d859b,"Rotman Research Institute at Baycrest Centre, University of Toronto, Toronto, Canada.","[""Rotman Research Institute at Baycrest Centre, University of Toronto, Toronto, Canada.""]","[""Kovacevic N"", ""McIntosh A""]","[""26656723""]",2,1
aff_45714dc57ddf1917,"Laboratorio de Memoria y Cognición Molecular, Instituto de Neurociencia Cognitiva y Traslacional, Consejo Nacional de Investigaciones Científicas y Técnicas(CONICET)-Fundación INECO-Universidad Favaloro, 1071 Ciudad Autónoma de Buenos Aires, Argentina.","[""Laboratorio de Memoria y Cognición Molecular, Instituto de Neurociencia Cognitiva y Traslacional, Consejo Nacional de Investigaciones Científicas y Técnicas(CONICET)-Fundación INECO-Universidad Favaloro, 1071 Ciudad Autónoma de Buenos Aires, Argentina.""]","[""Gallo F"", ""Miranda M"", ""Morici J"", ""Weisstaub N"", ""Zanoni Saad M""]","[""35853718""]",5,1
aff_457bad5e76aa544d,"Laboratorio de Biología de la Reproducción, Instituto de Fisiología y Biofísica Bernardo Houssay (IFIBIO), CONICET, Facultad de Medicina, Universidad de Buenos Aires, Buenos Aires, Argentina; Cátedra de Biología Celular y Molecular, Departamento de Ciencias Biológicas, Facultad de Farmacia y Bioquímica, Universidad de Buenos Aires, Buenos Aires, Argentina. Electronic address: adamiano@ffyb.uba.ar.","[""Laboratorio de Biología de la Reproducción, Instituto de Fisiología y Biofísica Bernardo Houssay (IFIBIO), CONICET, Facultad de Medicina, Universidad de Buenos Aires, Buenos Aires, Argentina; Cátedra de Biología Celular y Molecular, Departamento de Ciencias Biológicas, Facultad de Farmacia y Bioquímica, Universidad de Buenos Aires, Buenos Aires, Argentina. Electronic address: adamiano@ffyb.uba.ar.""]","[""Damiano A""]","[""26470817"", ""29108637""]",1,2
aff_45aa0a3dfc5dc338,"Laboratory of Biomembranes, Institute of Physiology and Biophysics Bernardo Houssay (IFIBIO Houssay), School of Medicine, University of Buenos Aires, Buenos Aires, Argentina.","[""Laboratory of Biomembranes, Institute of Physiology and Biophysics Bernardo Houssay (IFIBIO Houssay), School of Medicine, University of Buenos Aires, Buenos Aires, Argentina.""]","[""Politi M""]","[""35705598""]",1,1
aff_45b1ee5fc7a61b61,"Vascular Physiology Laboratory, Department of Basic Science, Universidad del Bio Bio, Chillán, Chile.","[""Vascular Physiology Laboratory, Department of Basic Science, Universidad del Bio Bio, Chillán, Chile.""]","[""Acurio J"", ""Escudero C""]","[""42601945""]",2,1
aff_45d1ff79df1ecbe5,"Laboratory of Vascular Biology, Institute of Health Sciences and Health, Universidade Federal de Mato Grosso, Barra do Garcas, MT, Brazil.","[""Laboratory of Vascular Biology, Institute of Health Sciences and Health, Universidade Federal de Mato Grosso, Barra do Garcas, MT, Brazil.""]","[""Giachini F"", ""Lima V""]","[""28986756""]",2,1
aff_4600d82a5c47f5e7,"Center for Mind/Brain Sciences (CIMeC), University of Trento, Rovereto, Italy.","[""Center for Mind/Brain Sciences (CIMeC), University of Trento, Rovereto, Italy.""]","[""Jovicich J""]","[""32061044""]",1,1
aff_4656262f6a966ae5,"Center for Social and Cognitive Neuroscience (CSCN), Universidad Adolfo Ibanez 9170022, Santiago, Chile.","[""Center for Social and Cognitive Neuroscience (CSCN), Universidad Adolfo Ibanez 9170022, Santiago, Chile.""]","[""Canales-Johnson A""]","[""31690927""]",1,1
aff_465c5e85ca8f0591,"Instituto Cajal, Consejo Superior de Investigaciones Científicas, CSIC, Madrid 28002, Spain; Instituto de Neurociencias UMH-CSIC, San Juan de Alicante, Alicante 03550, Spain.","[""Instituto Cajal, Consejo Superior de Investigaciones Científicas, CSIC, Madrid 28002, Spain; Instituto de Neurociencias UMH-CSIC, San Juan de Alicante, Alicante 03550, Spain.""]","[""Saez M""]","[""37683958""]",1,1
aff_4692ada1b2336e9a,"Instituto de Fisiología y Biofísica Bernardo Houssay (IFIBIO Houssay), CONICET - Universidad de Buenos Aires, Buenos Aires, Argentina.","[""Instituto de Fisiología y Biofísica Bernardo Houssay (IFIBIO Houssay), CONICET - Universidad de Buenos Aires, Buenos Aires, Argentina.""]","[""Capurro C"", ""Di Giusto G"", ""Igaz L"", ""Politi M"", ""Vassallu F""]","[""41423699"", ""42576265""]",5,2
aff_46ae17452d92b7bb,"Laboratorio de Patogénesis e Inmunología de Procesos Infecciosos, Instituto de Medicina Experimental, Consejo Nacional de Investigaciones Científicas y Técnicas-Academia Nacional de Medicina, 1425 Buenos Aires, Argentina. andrea.bruballa@gmail.com.","[""Laboratorio de Patogénesis e Inmunología de Procesos Infecciosos, Instituto de Medicina Experimental, Consejo Nacional de Investigaciones Científicas y Técnicas-Academia Nacional de Medicina, 1425 Buenos Aires, Argentina. andrea.bruballa@gmail.com.""]","[""Bruballa A""]","[""29068360""]",1,1
aff_46ecdd393c8be8c3,"Grupo Reproducción, Departamento de Fisiologia, Facultad de Medicina Universidad de Antioquia, Medellin, Colombia.","[""Grupo Reproducción, Departamento de Fisiologia, Facultad de Medicina Universidad de Antioquia, Medellin, Colombia.""]","[""Bueno J"", ""Cadavid A""]","[""28986756""]",2,1
aff_4745d4c222c4d4ea,"Department of Molecular and Integrative Physiology, University of Michigan, Ann Arbor, MI, USA.","[""Department of Molecular and Integrative Physiology, University of Michigan, Ann Arbor, MI, USA.""]","[""Rubinstein M""]","[""27431292""]",1,1
aff_474dd01122e06115,"Facultad de Farmacia y Bioquímica, Universidad de Buenos Aires, Ciudad Autónoma de Buenos Aires, Argentina.","[""Facultad de Farmacia y Bioquímica, Universidad de Buenos Aires, Ciudad Autónoma de Buenos Aires, Argentina.""]","[""Gershanik O"", ""Gomez G""]","[""30746639""]",2,1
aff_47b101bf1c47a8a3,"Cátedra de Biología Celular y Molecular, Departamento de Ciencias Biológicas, Facultad de Farmacia y Bioquímica, Universidad de Buenos Aires, Buenos Aires, Argentina; Laboratorio de Biología de la Reproducción, Instituto de Fisiología y Biofísica Bernardo Houssay (IFIBIO)- CONICET- Facultad de Medicina, Universidad de Buenos Aires, Buenos Aires, Argentina. Electronic address: adamiano@ffyb.uba.ar.","[""Cátedra de Biología Celular y Molecular, Departamento de Ciencias Biológicas, Facultad de Farmacia y Bioquímica, Universidad de Buenos Aires, Buenos Aires, Argentina; Laboratorio de Biología de la Reproducción, Instituto de Fisiología y Biofísica Bernardo Houssay (IFIBIO)- CONICET- Facultad de Medicina, Universidad de Buenos Aires, Buenos Aires, Argentina. Electronic address: adamiano@ffyb.uba.ar.""]","[""Damiano A""]","[""34971959""]",1,1
aff_480d488e74261737,"Departamento de Química Biológica, Instituto de Química Biológica de la Facultad de Ciencias Exactas y Naturales, Facultad de Ciencias Exactas y Naturales, UBA, Buenos Aires, Argentina.","[""Departamento de Química Biológica, Instituto de Química Biológica de la Facultad de Ciencias Exactas y Naturales, Facultad de Ciencias Exactas y Naturales, UBA, Buenos Aires, Argentina.""]","[""Toro A""]","[""27488203""]",1,1
aff_482744f1412e6f10,"CONICET - Universidad de Buenos Aires, Instituto de Biología Celular y Neurociencias ""Profesor Eduardo De Robertis"" (IBCN), Buenos Aires, Argentina.","[""CONICET - Universidad de Buenos Aires, Instituto de Biología Celular y Neurociencias \""Profesor Eduardo De Robertis\"" (IBCN), Buenos Aires, Argentina.""]","[""Iribarne J"", ""Renfijes M"", ""Riboldi J""]","[""42086667""]",3,1
aff_487a4ddbb1be4ebc,"Institute of Biological and Health Sciences, Federal University of Mato Grosso, Barra do Garḉa, Brazil.","[""Institute of Biological and Health Sciences, Federal University of Mato Grosso, Barra do Garḉa, Brazil.""]","[""Giachini F""]","[""40976751""]",1,1
aff_48c2cb670d671069,"Grupo de Neurociencia de Sistemas, Instituto de Fisiología y Biofísica (IFIBIO) Bernardo Houssay, Universidad de Buenos Aires, CONICET, Buenos Aires, Argentina.","[""Grupo de Neurociencia de Sistemas, Instituto de Fisiología y Biofísica (IFIBIO) Bernardo Houssay, Universidad de Buenos Aires, CONICET, Buenos Aires, Argentina.""]","[""Ramos-Hryb A""]","[""31630412""]",1,1
aff_48edc3dce54b24f7,"Departamento de Ciencias Fisiológicas, Laboratorio de Biomembranas, Facultad de Medicina, Instituto de Fisiología y Biofísica ""Bernardo Houssay"" (IFIBIO-HOUSSAY), Consejo Nacional de Investigaciones Científicas Y Técnicas (CONICET), Universidad de Buenos Aires, Buenos Aires, Argentina.","[""Departamento de Ciencias Fisiológicas, Laboratorio de Biomembranas, Facultad de Medicina, Instituto de Fisiología y Biofísica \""Bernardo Houssay\"" (IFIBIO-HOUSSAY), Consejo Nacional de Investigaciones Científicas Y Técnicas (CONICET), Universidad de Buenos Aires, Buenos Aires, Argentina.""]","[""Di Giusto G"", ""Fernandez J"", ""Ford P"", ""Netti V""]","[""34263427""]",4,1
aff_494a51b40fb17103,"CONICET - Universidad de Buenos Aires, Instituto de Fisiología y Biofísica Bernardo Houssay (IFIBIO Houssay), Buenos Aires C1121ABG, Argentina; Universidad de Buenos Aires, Facultad de Ciencias Médicas, Departamento de Ciencias Fisiológicas, Laboratorio de Biomembranas, Buenos Aires C1121ABG, Argentina.","[""CONICET - Universidad de Buenos Aires, Instituto de Fisiología y Biofísica Bernardo Houssay (IFIBIO Houssay), Buenos Aires C1121ABG, Argentina; Universidad de Buenos Aires, Facultad de Ciencias Médicas, Departamento de Ciencias Fisiológicas, Laboratorio de Biomembranas, Buenos Aires C1121ABG, Argentina.""]","[""Di Giusto G""]","[""39442808""]",1,1
aff_4a7a18d8f37dd23e,"School of Medical Sciences, Faculty of Medicine and Health, The University of Sydney, Camperdown, NSW, 2050, Australia.","[""School of Medical Sciences, Faculty of Medicine and Health, The University of Sydney, Camperdown, NSW, 2050, Australia.""]","[""Chye Y"", ""West P""]","[""41423699""]",2,1
aff_4ab850075184282f,"Universidad de Buenos Aires, Consejo Nacional de Investigaciones Científicas y Técnicas (CONICET), Facultad de Ciencias Médicas, Departamento de Ciencias Fisiológicas. Instituto de Fisiología y Biofísica B. Houssay (IFIBIO-Houssay), Laboratorio de Fisiología Renal, Paraguay 2155, piso 4, Buenos Aires, 1121, Argentina. Electronic address: csilber@fmed.uba.ar.","[""Universidad de Buenos Aires, Consejo Nacional de Investigaciones Científicas y Técnicas (CONICET), Facultad de Ciencias Médicas, Departamento de Ciencias Fisiológicas. Instituto de Fisiología y Biofísica B. Houssay (IFIBIO-Houssay), Laboratorio de Fisiología Renal, Paraguay 2155, piso 4, Buenos Aires, 1121, Argentina. Electronic address: csilber@fmed.uba.ar.""]","[""Silberstein C""]","[""38788356""]",1,1
aff_4afa02bd543b8fc6,"Institute of Medical Biochemistry Leopoldo de Meis, Federal University of Rio de Janeiro, Rio de Janeiro, Brazil.","[""Institute of Medical Biochemistry Leopoldo de Meis, Federal University of Rio de Janeiro, Rio de Janeiro, Brazil.""]","[""Selles M""]","[""31630412""]",1,1
aff_4b169babc29c2518,"Universidad de Buenos Aires (UBA), Facultad de Ciencias Médicas, Departamento de Ciencias Fisiológicas, Laboratorio de Fisiología Renal, Buenos Aires, Argentina; Universidad de Buenos Aires - Consejo Nacional de Investigaciones Científicas y Tecnológicas (CONICET), Instituto de Fisiología y Biofísica Bernardo Houssay (IFIBIO Houssay), Buenos Aires, Argentina.","[""Universidad de Buenos Aires (UBA), Facultad de Ciencias Médicas, Departamento de Ciencias Fisiológicas, Laboratorio de Fisiología Renal, Buenos Aires, Argentina; Universidad de Buenos Aires - Consejo Nacional de Investigaciones Científicas y Tecnológicas (CONICET), Instituto de Fisiología y Biofísica Bernardo Houssay (IFIBIO Houssay), Buenos Aires, Argentina.""]","[""Fischer Sigel L"", ""Sanchez D""]","[""38086442""]",2,1
aff_4b3d9d283afbef14,"Cátedra de Biología Celular y Molecular, Departamento de Ciencias Biológicas, Facultad de Farmacia y Bioquímica, Universidad de Buenos Aires. Junín 956 (1113) Buenos Aires, Argentina.","[""Cátedra de Biología Celular y Molecular, Departamento de Ciencias Biológicas, Facultad de Farmacia y Bioquímica, Universidad de Buenos Aires. Junín 956 (1113) Buenos Aires, Argentina.""]","[""Castro-Parodi M""]","[""30539720""]",1,1
aff_4b4f9972886acc7a,"Universidad de Buenos Aires, Instituto de Investigaciones Medicas A. Lanari, Laboratorio de Nefrología Experimental y Bioquímica Molecular, Combatientes de Malvinas 3150, Buenos Aires, 1427, Argentina.","[""Universidad de Buenos Aires, Instituto de Investigaciones Medicas A. Lanari, Laboratorio de Nefrología Experimental y Bioquímica Molecular, Combatientes de Malvinas 3150, Buenos Aires, 1427, Argentina.""]","[""Azurmendi P"", ""Di Ciano L"", ""Oddo E"", ""Vlachovsky S""]","[""37676461""]",4,1
aff_4c02661503b41453,"Department of Pharmacology, Howard University College of Medicine, Washington, DC, USA.","[""Department of Pharmacology, Howard University College of Medicine, Washington, DC, USA.""]","[""Tizabi Y""]","[""39947439""]",1,1
aff_4c7790f8f40143d4,"Universidad de Buenos Aires, Facultad de Ciencias Médicas, Departamento de Ciencias Fisiológicas. Laboratorio de Fisiopatogenia. Buenos Aires, Argentina; CONICET - Universidad de Buenos Aires, Instituto de Fisiología y Biofísica Bernardo Houssay (IFIBIO Houssay). Buenos Aires, Argentina. Electronic address: mamaral@fmed.uba.ar.","[""Universidad de Buenos Aires, Facultad de Ciencias Médicas, Departamento de Ciencias Fisiológicas. Laboratorio de Fisiopatogenia. Buenos Aires, Argentina; CONICET - Universidad de Buenos Aires, Instituto de Fisiología y Biofísica Bernardo Houssay (IFIBIO Houssay). Buenos Aires, Argentina. Electronic address: mamaral@fmed.uba.ar.""]","[""Amaral M""]","[""37979924""]",1,1
aff_4cb8178dc63a3ab9,"Anatomy Unit, Institute of Biomedical Sciences, College of Health Sciences, Mekelle University, Mekelle, Ethiopia.","[""Anatomy Unit, Institute of Biomedical Sciences, College of Health Sciences, Mekelle University, Mekelle, Ethiopia.""]","[""Ekanem P""]","[""33519685""]",1,1
aff_4cca83c5c47772b9,"Universidad de Buenos Aires, Facultad de Medicina, and CONICET, Instituto de Fisiología y Biofísica (IFIBIO), Buenos Aires, Argentina.","[""Universidad de Buenos Aires, Facultad de Medicina, and CONICET, Instituto de Fisiología y Biofísica (IFIBIO), Buenos Aires, Argentina.""]","[""Murer M""]","[""39947439"", ""41183746""]",1,2
aff_4d0445d02e05a569,"Laboratorio de Fisiología Renal, Departamento de Ciencias Fisiológicas, Facultad de Ciencias Médicas, Universidad de Buenos Aires (UBA); Instituto de Fisiología y Biofísica Bernardo Houssay (IFIBIO Houssay), Universidad de Buenos Aires - Consejo Nacional de Investigaciones Científicas y Tecnológicas (CONICET).","[""Laboratorio de Fisiología Renal, Departamento de Ciencias Fisiológicas, Facultad de Ciencias Médicas, Universidad de Buenos Aires (UBA); Instituto de Fisiología y Biofísica Bernardo Houssay (IFIBIO Houssay), Universidad de Buenos Aires - Consejo Nacional de Investigaciones Científicas y Tecnológicas (CONICET).""]","[""Fischer Sigel L"", ""Sanchez D""]","[""40587395""]",2,1
aff_4d53c44c100a038c,"Departamento de Fisiología y Biología Molecular y Celular, Facultad de Ciencias Exactas y Naturales, Universidad de Buenos Aires; Intendente Güiraldes 2160, Ciudad Universitaria, Buenos Aires, Argentina. pwappner@leloir.org.ar.","[""Departamento de Fisiología y Biología Molecular y Celular, Facultad de Ciencias Exactas y Naturales, Universidad de Buenos Aires; Intendente Güiraldes 2160, Ciudad Universitaria, Buenos Aires, Argentina. pwappner@leloir.org.ar.""]","[""Wappner P""]","[""40595449""]",1,1
aff_4d9956390ce3bfe3,"Universidad de Buenos Aires, Facultad de Farmacia y Bioquímica, Departamento de Ciencias Biológicas, Cátedra de Biología Celular y Molecular, Buenos Aires, Argentina.","[""Universidad de Buenos Aires, Facultad de Farmacia y Bioquímica, Departamento de Ciencias Biológicas, Cátedra de Biología Celular y Molecular, Buenos Aires, Argentina.""]","[""Castro Parodi M"", ""Di Paola M"", ""Reynoso M""]","[""39955250"", ""41014673""]",3,2
aff_4db2143187e67449,"Laboratorio de Patogénesis e Inmunología de Procesos Infecciosos, Instituto de Medicina Experimental (IMEX-CONICET), Academia Nacional de Medicina, Buenos Aires, Argentina, 1425.","[""Laboratorio de Patogénesis e Inmunología de Procesos Infecciosos, Instituto de Medicina Experimental (IMEX-CONICET), Academia Nacional de Medicina, Buenos Aires, Argentina, 1425.""]","[""Bernal A"", ""Palermo M""]","[""33685676""]",2,1
aff_4dc9c984bc78aabb,"Universidad de Buenos Aires, Laboratorio de Nefrología Experimental y Bioquímica Molecular, Instituto de Investigaciones Médicas A. Lanari, Buenos Aires, Argentina. Electronic address: azurmendi.pablo@lanari.uba.ar.","[""Universidad de Buenos Aires, Laboratorio de Nefrología Experimental y Bioquímica Molecular, Instituto de Investigaciones Médicas A. Lanari, Buenos Aires, Argentina. Electronic address: azurmendi.pablo@lanari.uba.ar.""]","[""Azurmendi P""]","[""36549423""]",1,1
aff_4e1d03a05ef1bbaf,"Instituto de Biotecnología, Centro de Investigación en Ciencias Veterinarias y Agronómicas, Instituto Nacional de Tecnología Agropecuaria, Hurlingham, Argentina. Electronic address: Cataldi.angeladrian@inta.gob.ar.","[""Instituto de Biotecnología, Centro de Investigación en Ciencias Veterinarias y Agronómicas, Instituto Nacional de Tecnología Agropecuaria, Hurlingham, Argentina. Electronic address: Cataldi.angeladrian@inta.gob.ar.""]","[""Cataldi A""]","[""29807709""]",1,1
aff_4eb846c189333edf,"Consejo Nacional de Investigaciones Científicas y Técnicas (CONICET), Instituto de Fisiología y Biofísica Bernardo Houssay (IFIBIO Houssay), Paraguay 2155, 7Th Floor (1121), Ciudad Autónoma de Buenos Aires, Argentina. vnetti@conicet.gov.ar.","[""Consejo Nacional de Investigaciones Científicas y Técnicas (CONICET), Instituto de Fisiología y Biofísica Bernardo Houssay (IFIBIO Houssay), Paraguay 2155, 7Th Floor (1121), Ciudad Autónoma de Buenos Aires, Argentina. vnetti@conicet.gov.ar.""]","[""Netti V""]","[""39485629""]",1,1
aff_4f0cbe8c7e7083fa,"Division of Developmental Neuroscience, Columbia University and the NYSPI, Sackler Institute for Developmental Psychobiology, New York City, New York, USA.","[""Division of Developmental Neuroscience, Columbia University and the NYSPI, Sackler Institute for Developmental Psychobiology, New York City, New York, USA.""]","[""Gingrich J""]","[""26484945""]",1,1
aff_4f0f1b688bc40b5e,"Emory University School of Medicine, Emory Goizueta Brain Health Institute, Atlanta, Georgia, USA.","[""Emory University School of Medicine, Emory Goizueta Brain Health Institute, Atlanta, Georgia, USA.""]","[""Breithaupt A""]","[""42675027""]",1,1
aff_4f2177fa655b62ce,"Instituto de Biología y Medicina Experimental (IBYME), CONICET, Buenos Aires, Argentina; Universidad de Buenos Aires, Ciclo Básico Común, Cátedra de Química, Buenos Aires, Argentina.","[""Instituto de Biología y Medicina Experimental (IBYME), CONICET, Buenos Aires, Argentina; Universidad de Buenos Aires, Ciclo Básico Común, Cátedra de Química, Buenos Aires, Argentina.""]","[""Frungieri M""]","[""32259636""]",1,1
aff_4f3f75f925893e51,"Laboratorio de Fisiopatología Placentaria, CEFyBO, Facultad de Medicina, Universidad de Buenos Aires, Argentina.","[""Laboratorio de Fisiopatología Placentaria, CEFyBO, Facultad de Medicina, Universidad de Buenos Aires, Argentina.""]","[""Farina M""]","[""27342375""]",1,1
aff_4fa69a238c969106,"Universidad de Buenos Aires, Facultad de Medicina, Laboratorio de Patología Experimental y Aplicada, Argentina.","[""Universidad de Buenos Aires, Facultad de Medicina, Laboratorio de Patología Experimental y Aplicada, Argentina.""]","[""Lago N""]","[""28057514""]",1,1
aff_5010256eb15855bb,"Universidad de Buenos Aires, Facultad de Ciencias Médicas, Departamento de Ciencias Fisiológicas, Grupo de Neurociencias de Sistemas, Buenos Aires, Argentina; Consejo Nacional de Investigaciones Científicas y Técnicas (CONICET) - Universidad de Buenos Aires. Instituto de Fisiología y Biofísica Bernardo Houssay (IFIBIO Houssay), Buenos Aires, Argentina; Grupo de Neurofisiología, Instituto Multidisciplinario de Biología Celular (IMBICE), Universidad Nacional La Plata (UNLP), Consejo Nacional de Investigaciones Científicas y Técnicas (CONICET), Comisión de Investigaciones Científicas de la Provincia de Buenos Aires (CICPBA)), La Plata, Buenos Aires, Argentina. Electronic address: springvaldivia@gmail.com.","[""Universidad de Buenos Aires, Facultad de Ciencias Médicas, Departamento de Ciencias Fisiológicas, Grupo de Neurociencias de Sistemas, Buenos Aires, Argentina; Consejo Nacional de Investigaciones Científicas y Técnicas (CONICET) - Universidad de Buenos Aires. Instituto de Fisiología y Biofísica Bernardo Houssay (IFIBIO Houssay), Buenos Aires, Argentina; Grupo de Neurofisiología, Instituto Multidisciplinario de Biología Celular (IMBICE), Universidad Nacional La Plata (UNLP), Consejo Nacional de Investigaciones Científicas y Técnicas (CONICET), Comisión de Investigaciones Científicas de la Provincia de Buenos Aires (CICPBA)), La Plata, Buenos Aires, Argentina. Electronic address: springvaldivia@gmail.com.""]","[""Valdivia S""]","[""41605341""]",1,1
aff_50389e14c92e1ed4,"Laboratorio de Fisiopatogenia. Instituto de Fisiología y Biofísica Bernardo Houssay (IFIBIO Houssay-CONICET), Departamento de Fisiología, Facultad de Medicina, Buenos Aires, Argentina.","[""Laboratorio de Fisiopatogenia. Instituto de Fisiología y Biofísica Bernardo Houssay (IFIBIO Houssay-CONICET), Departamento de Fisiología, Facultad de Medicina, Buenos Aires, Argentina.""]","[""Amaral M"", ""Sacerdoti F""]","[""37036956""]",2,1
aff_5050b8b935129963,"Mindich Child Health and Development Institute, Icahn School of Medicine at Mount Sinai, New York, NY, USA.","[""Mindich Child Health and Development Institute, Icahn School of Medicine at Mount Sinai, New York, NY, USA.""]","[""Gelb B""]","[""32360730""]",1,1
aff_50e8919a2c4db907,"División de Cardiología, Hospital de Niños Dr. Ricardo Gutiérrez, Buenos Aires, Argentina.","[""División de Cardiología, Hospital de Niños Dr. Ricardo Gutiérrez, Buenos Aires, Argentina.""]","[""Sardella A"", ""Sicurello M""]","[""36464947""]",2,1
aff_5103d8f070443079,"Instituto de Medicina Experimental - CONICET - Academia Nacional de Medicina, Buenos Aires, Argentina; Departamento de Microbiología, Parasitología e Inmunología, Facultad de Medicina, Universidad de Buenos Aires, Buenos Aires, Argentina.","[""Instituto de Medicina Experimental - CONICET - Academia Nacional de Medicina, Buenos Aires, Argentina; Departamento de Microbiología, Parasitología e Inmunología, Facultad de Medicina, Universidad de Buenos Aires, Buenos Aires, Argentina.""]","[""Jancic C""]","[""37979924""]",1,1
aff_512a8311e6a3af21,"Department of Medicine, The George Washington University, Washington, DC, USA.","[""Department of Medicine, The George Washington University, Washington, DC, USA.""]","[""Armando I""]","[""30879772""]",1,1
aff_5146a71bc9957c18,"Laboratório de Bacteriologia, Instituto Butantan, São Paulo 05503900, Brasil. daniedaluz@yahoo.com.br.","[""Laboratório de Bacteriologia, Instituto Butantan, São Paulo 05503900, Brasil. daniedaluz@yahoo.com.br.""]","[""Luz D""]","[""30513821""]",1,1
aff_5186d19e853fb37e,"Department of Physiology, Faculty of Pharmacy, Universidad de Sevilla, Seville, Spain.","[""Department of Physiology, Faculty of Pharmacy, Universidad de Sevilla, Seville, Spain.""]","[""Sobrevia L""]","[""38827994""]",1,1
aff_51ad578f18c547a8,"Grupo de Neurociencia de Sistemas, Departamento de Ciencias Fisiológicas, Facultad de Ciencias Médicas, Universidad de Buenos Aires, Buenos Aires, Argentina.","[""Grupo de Neurociencia de Sistemas, Departamento de Ciencias Fisiológicas, Facultad de Ciencias Médicas, Universidad de Buenos Aires, Buenos Aires, Argentina.""]","[""Gomez Acosta M"", ""Igaz L"", ""Uehara J"", ""Vassallu F""]","[""39833563"", ""41423699""]",4,2
aff_51aeaff5e5e3b3d9,"Consejo Nacional de Investigaciones Científicas y Técnicas (CONICET), Instituto de Fisiología y Biofísica Bernardo Houssay (IFIBIO Houssay), Paraguay 2155, 7Th Floor (1121), Ciudad Autónoma de Buenos Aires, Argentina.","[""Consejo Nacional de Investigaciones Científicas y Técnicas (CONICET), Instituto de Fisiología y Biofísica Bernardo Houssay (IFIBIO Houssay), Paraguay 2155, 7Th Floor (1121), Ciudad Autónoma de Buenos Aires, Argentina.""]","[""Capurro C"", ""Cocca M"", ""Cutrera N"", ""Di Giusto G"", ""Ford P"", ""Molina Ponce T""]","[""39485629""]",6,1
aff_51c3072c6d655393,"Departamento de Ciencias Biológicas, Facultad de Ciencias Exactas, Universidad Nacional de La Plata, La Plata, Argentina.","[""Departamento de Ciencias Biológicas, Facultad de Ciencias Exactas, Universidad Nacional de La Plata, La Plata, Argentina.""]","[""Bruno-Blanch L"", ""Talevi A""]","[""28118493""]",2,1
aff_51e0d132e340fbf6,"Universidad de Buenos Aires- CONICET, Instituto de Biodiversidad y Biología Experimental y Aplicada (IBBEA)- DBBE- Facultad de Ciencias Exactas y Naturales, Laboratorio de Reproducción y Fisiología Materno-Embrionaria, Buenos Aires, Argentina. Electronic address: ecebral@hotmail.com.","[""Universidad de Buenos Aires- CONICET, Instituto de Biodiversidad y Biología Experimental y Aplicada (IBBEA)- DBBE- Facultad de Ciencias Exactas y Naturales, Laboratorio de Reproducción y Fisiología Materno-Embrionaria, Buenos Aires, Argentina. Electronic address: ecebral@hotmail.com.""]","[""Cebral E""]","[""39461007""]",1,1
aff_52739d396aabd88d,"Laboratorio de Memoria, Facultad de Medicina, Instituto de Biología Celular y Neurociencia, Universidad de Buenos Aires-CONICET Buenos Aires, Argentina.","[""Laboratorio de Memoria, Facultad de Medicina, Instituto de Biología Celular y Neurociencia, Universidad de Buenos Aires-CONICET Buenos Aires, Argentina.""]","[""Gonzalez M"", ""Katche C"", ""Kramar C"", ""Tomaiuolo M""]","[""25506318""]",4,1
aff_5280a87c1d18614b,"IFIBIO-Houssay, Departamento de Fisiología, Facultad de Medicina, Universidad de Buenos Aires (UBA), Paraguay 2155 7° piso, C1121ABG, Ciudad Autónoma de Buenos Aires, Argentina. pfaillace@qb.ffyb.uba.ar.","[""IFIBIO-Houssay, Departamento de Fisiología, Facultad de Medicina, Universidad de Buenos Aires (UBA), Paraguay 2155 7° piso, C1121ABG, Ciudad Autónoma de Buenos Aires, Argentina. pfaillace@qb.ffyb.uba.ar.""]","[""Faillace M""]","[""28710541""]",1,1
aff_52dbb8ed5ecef24b,"Departamento de Ciencias Fisiológicas, Laboratorio de Biomembranas, Facultad de Medicina, Instituto de Fisiología y Biofísica ""Bernardo Houssay"" (IFIBIO-HOUSSAY), Consejo Nacional de Investigaciones Científicas Y Técnicas (CONICET), Universidad de Buenos Aires, Buenos Aires, Argentina. capurroclaudia@yahoo.com.ar.","[""Departamento de Ciencias Fisiológicas, Laboratorio de Biomembranas, Facultad de Medicina, Instituto de Fisiología y Biofísica \""Bernardo Houssay\"" (IFIBIO-HOUSSAY), Consejo Nacional de Investigaciones Científicas Y Técnicas (CONICET), Universidad de Buenos Aires, Buenos Aires, Argentina. capurroclaudia@yahoo.com.ar.""]","[""Capurro C""]","[""34263427""]",1,1
aff_530e56ab21633014,"Vascular Physiology Laboratory Group of Investigation in Tumor Angiogenesis (GIANT) Group of Research and Innovation in Vascular Health (GRIVAS Health) Basic Sciences Department Faculty of Sciences, Universidad Del Bio-Bio, Chillan, Chile.","[""Vascular Physiology Laboratory Group of Investigation in Tumor Angiogenesis (GIANT) Group of Research and Innovation in Vascular Health (GRIVAS Health) Basic Sciences Department Faculty of Sciences, Universidad Del Bio-Bio, Chillan, Chile.""]","[""Escudero C""]","[""32129110""]",1,1
aff_534be2109fa6b205,"Universidad de Buenos Aires, Facultad de Ciencias Médicas, Departamento de Ciencias Fisiológicas, Laboratorio de Fisiopatogenia, Buenos Aires C1121 ABG, Argentina.","[""Universidad de Buenos Aires, Facultad de Ciencias Médicas, Departamento de Ciencias Fisiológicas, Laboratorio de Fisiopatogenia, Buenos Aires C1121 ABG, Argentina.""]","[""Amaral M"", ""Giron D"", ""Gomez F"", ""Marques da Silva W"", ""Sacerdoti F""]","[""42347511""]",5,1
aff_54a8b64a73a8363a,"Cátedra de Biología Celular y Molecular, Departamento de Ciencias Biológicas, Facultad de Farmacia y Bioquímica, Universidad de Buenos Aires, Junín 956 1er piso, CP 1113, Buenos Aires, Argentina. adamiano@ffyb.uba.ar.","[""Cátedra de Biología Celular y Molecular, Departamento de Ciencias Biológicas, Facultad de Farmacia y Bioquímica, Universidad de Buenos Aires, Junín 956 1er piso, CP 1113, Buenos Aires, Argentina. adamiano@ffyb.uba.ar.""]","[""Damiano A""]","[""28258575""]",1,1
aff_54ea707af7991ac4,"Instituto de investigación en Electrónica, Control y Procesamiento de Señales (LEICI), Universidad Nacional de La Plata-Consejo Nacional de Investigaciones Científicas y Técnicas, La Plata, Argentina.","[""Instituto de investigación en Electrónica, Control y Procesamiento de Señales (LEICI), Universidad Nacional de La Plata-Consejo Nacional de Investigaciones Científicas y Técnicas, La Plata, Argentina.""]","[""Collavini S""]","[""33692740""]",1,1
aff_5557dbf5f1fc2971,"Clínica Pediátrica, Hospital Nacional de Pediatría Juan P Garrahan, Buenos Aires, Argentina.","[""Clínica Pediátrica, Hospital Nacional de Pediatría Juan P Garrahan, Buenos Aires, Argentina.""]","[""Affranchino N"", ""Urrutia L""]","[""36464947""]",2,1
aff_5572db135a66575e,"Laboratory of Neurobiology II, Neurobiology Program, Institute of Biophysics Carlos Chagas Filho, Federal University of Rio de JaneiroRio de Janeiro, Brazil; Instituto de Neurologia Deolindo Couto, Federal University of Rio de JaneiroRio de Janeiro, Brazil.","[""Laboratory of Neurobiology II, Neurobiology Program, Institute of Biophysics Carlos Chagas Filho, Federal University of Rio de JaneiroRio de Janeiro, Brazil; Instituto de Neurologia Deolindo Couto, Federal University of Rio de JaneiroRio de Janeiro, Brazil.""]","[""Vargas C""]","[""27625602""]",1,1
aff_5583129e55d9bcb7,"Universidad de Buenos Aires-CONICET. Instituto de Fisiología y Biofísica Bernardo Houssay (IFIBIO Houssay), Facultad de Medicina, Departamento de Ciencias Fisiológicas, Ciudad de Buenos Aires C1121ABG, Argentina vdellamaggiore@fmed.uba.ar.","[""Universidad de Buenos Aires-CONICET. Instituto de Fisiología y Biofísica Bernardo Houssay (IFIBIO Houssay), Facultad de Medicina, Departamento de Ciencias Fisiológicas, Ciudad de Buenos Aires C1121ABG, Argentina vdellamaggiore@fmed.uba.ar.""]","[""Della-Maggiore V""]","[""39074983""]",1,1
aff_55bd043e8c0c9815,"Departamento de Ciencias Fisiológicas, Laboratorio de Biomembranas, Facultad de Medicina, Instituto de Fisiología y Biofísica ""Bernardo Houssay"" (IFIBIO-HOUSSAY), Consejo Nacional de Investigaciones Científicas y Técnicas (CONICET), Universidad de Buenos Aires, Buenos Aires, Argentina.","[""Departamento de Ciencias Fisiológicas, Laboratorio de Biomembranas, Facultad de Medicina, Instituto de Fisiología y Biofísica \""Bernardo Houssay\"" (IFIBIO-HOUSSAY), Consejo Nacional de Investigaciones Científicas y Técnicas (CONICET), Universidad de Buenos Aires, Buenos Aires, Argentina.""]","[""Capurro C"", ""Di Giusto G"", ""Ford P"", ""Pizzoni A"", ""Rivarola V""]","[""33094506"", ""38827994""]",5,2
aff_55c20d3f08a996dc,"Departamento de Fisiología, Facultad de Medicina, Universidad de Buenos (UBA), Buenos Aires, Argentina.","[""Departamento de Fisiología, Facultad de Medicina, Universidad de Buenos (UBA), Buenos Aires, Argentina.""]","[""Medina J""]","[""29755331""]",1,1
aff_55efb15246a14e45,"Laboratorio de Fisiopatogenia, IFIBIO-Houssay (UBA-CONICET), Facultad de Medicina, Universidad de Buenos Aires, Paraguay 2155, C1121 CABA, Argentina.","[""Laboratorio de Fisiopatogenia, IFIBIO-Houssay (UBA-CONICET), Facultad de Medicina, Universidad de Buenos Aires, Paraguay 2155, C1121 CABA, Argentina.""]","[""Amaral M"", ""Sacerdoti F""]","[""37704516""]",2,1
aff_56b5e9617ab667c4,"Instituto de Fisiología y Biofísica ""Bernardo Houssay"" (IFIBIO-Houssay), Grupo de Neurociencia de Sistemas, Universidad de Buenos Aires y Consejo Nacional de Investigaciones Científicas y Técnicas (CONICET), Buenos Aires, Argentina.","[""Instituto de Fisiología y Biofísica \""Bernardo Houssay\"" (IFIBIO-Houssay), Grupo de Neurociencia de Sistemas, Universidad de Buenos Aires y Consejo Nacional de Investigaciones Científicas y Técnicas (CONICET), Buenos Aires, Argentina.""]","[""Ihidoype M"", ""Pafundo D"", ""Sachella T""]","[""35217797""]",3,1
aff_56e1a3e2090a5144,"Hospital de Pediatría J.P Garrahan, Departamento de Neuroimágenes, Buenos Aires, Argentina.","[""Hospital de Pediatría J.P Garrahan, Departamento de Neuroimágenes, Buenos Aires, Argentina.""]","[""Princich J""]","[""33692740""]",1,1
aff_56f3dfc518b305f1,"Facultad de Medicina, CONICET, Instituto de Fisiología y Biofísica ""Bernardo Houssay"" (IFIBIO ""Houssay""), Universidad de Buenos Aires, Argentina.","[""Facultad de Medicina, CONICET, Instituto de Fisiología y Biofísica \""Bernardo Houssay\"" (IFIBIO \""Houssay\""), Universidad de Buenos Aires, Argentina.""]","[""Toriano R""]","[""34293244""]",1,1
aff_56fd823df65626ee,"IFIBIO Houssay, UBA CONICET Facultad de Medicina, Universidad de Buenos Aires, Buenos Aires, Argentina.","[""IFIBIO Houssay, UBA CONICET Facultad de Medicina, Universidad de Buenos Aires, Buenos Aires, Argentina.""]","[""Araoz A"", ""Zotta E""]","[""26842625"", ""27015899""]",2,2
aff_572ba837bf994c2f,"Instituto Cajal, CSIC, Madrid, Spain.","[""Instituto Cajal, CSIC, Madrid, Spain.""]","[""Herreras O"", ""Makarova J""]","[""31998083""]",2,1
aff_5777df2da578d774,"Laboratorio de Neurobiología de la Memoria, Dto. Fisiología, Biología Molecular y Celular, Fac. Cs. Exactas y Naturales, UBA/IFIByNE, CONICET, Int. Güiraldes 2160, C1428EGA CABA, Argentina.","[""Laboratorio de Neurobiología de la Memoria, Dto. Fisiología, Biología Molecular y Celular, Fac. Cs. Exactas y Naturales, UBA/IFIByNE, CONICET, Int. Güiraldes 2160, C1428EGA CABA, Argentina.""]","[""Romano A""]","[""27321160""]",1,1
aff_57833ca493b15fef,"Universidad de Buenos Aires, Facultad de Medicina, Departamento de Ciencias Fisiológicas, Grupo de Neurociencia de Sistemas, Buenos Aires, Argentina.","[""Universidad de Buenos Aires, Facultad de Medicina, Departamento de Ciencias Fisiológicas, Grupo de Neurociencia de Sistemas, Buenos Aires, Argentina.""]","[""Murer M"", ""Rela L""]","[""34823607""]",2,1
aff_585d6c26886bf0f0,"Laboratorio de Fisiopatogenia, Departamento de Fisiología, Instituto de Fisiología y Biofísica Bernardo Houssay (IFIBIO Houssay-CONICET), Facultad de Medicina, Universidad de Buenos Aires, Argentina.","[""Laboratorio de Fisiopatogenia, Departamento de Fisiología, Instituto de Fisiología y Biofísica Bernardo Houssay (IFIBIO Houssay-CONICET), Facultad de Medicina, Universidad de Buenos Aires, Argentina.""]","[""Amaral M"", ""Ibarra C""]","[""28643674""]",2,1
aff_58be8a264a648e29,"Grupo de Neurociencia de Sistemas, Instituto de Fisiología y Biofísica ""Bernardo Houssay"", Universidad de Buenos Aires y Consejo Nacional de Investigaciones Científicas y Técnicas, Grupo de Neurociencia de Sistemas, Buenos Aires C1121ABG, Argentina.","[""Grupo de Neurociencia de Sistemas, Instituto de Fisiología y Biofísica \""Bernardo Houssay\"", Universidad de Buenos Aires y Consejo Nacional de Investigaciones Científicas y Técnicas, Grupo de Neurociencia de Sistemas, Buenos Aires C1121ABG, Argentina.""]","[""Kasanetz F""]","[""37252991""]",1,1
aff_58c02760b494e4c9,"Systems Neuroscience Group, IFIBIO Bernardo Houssay, CONICET and Universidad de Buenos Aires, Department of Physiology and Biophysics, University of Buenos Aires School of Medicine, Buenos Aires, Argentina 1121.","[""Systems Neuroscience Group, IFIBIO Bernardo Houssay, CONICET and Universidad de Buenos Aires, Department of Physiology and Biophysics, University of Buenos Aires School of Medicine, Buenos Aires, Argentina 1121.""]","[""Belforte J"", ""Murer M"", ""Zold C""]","[""27225760""]",3,1
aff_58c74bc5422daae5,"Instituto de Ciencia y Tecnología de los Alimentos de Entre Ríos (ICTAER-UNER-CONICET), Laboratorio de Neurobiología Experimental, Universidad Nacional de Entre Ríos, 1154 Peron St, Gualeguaychú, Entre Ríos, Argentina.","[""Instituto de Ciencia y Tecnología de los Alimentos de Entre Ríos (ICTAER-UNER-CONICET), Laboratorio de Neurobiología Experimental, Universidad Nacional de Entre Ríos, 1154 Peron St, Gualeguaychú, Entre Ríos, Argentina.""]","[""Taravini I""]","[""41817828""]",1,1
aff_58dd91ae6139cfcc,"Universidad de Buenos Aires, Instituto de Investigaciones Médicas A. Lanari, Laboratorio Hematología Investigación, Combatientes de Malvinas 3150, Buenos Aires, 1427, Argentina; Universidad de Buenos Aires, Consejo Nacional de Investigaciones Científicas y Técnicas (CONICET), Instituto de Investigaciones Médicas A. Lanari, Combatientes de Malvinas 3150, Buenos Aires, 1427, Argentina. Electronic address: goette.nora@lanari.uba.ar.","[""Universidad de Buenos Aires, Instituto de Investigaciones Médicas A. Lanari, Laboratorio Hematología Investigación, Combatientes de Malvinas 3150, Buenos Aires, 1427, Argentina; Universidad de Buenos Aires, Consejo Nacional de Investigaciones Científicas y Técnicas (CONICET), Instituto de Investigaciones Médicas A. Lanari, Combatientes de Malvinas 3150, Buenos Aires, 1427, Argentina. Electronic address: goette.nora@lanari.uba.ar.""]","[""Goette N""]","[""38788356""]",1,1
aff_59804d3622cd8c74,"Unidad de Nefrourología Infantil. Hospital Interzonal General Dr. José Penna, Bahía Blanca, 8000 Provincia de Buenos Aires, Argentina. Laura.alconcher.la@gmail.com.","[""Unidad de Nefrourología Infantil. Hospital Interzonal General Dr. José Penna, Bahía Blanca, 8000 Provincia de Buenos Aires, Argentina. Laura.alconcher.la@gmail.com.""]","[""Alconcher L""]","[""29068360""]",1,1
aff_5990a59080f9c536,"Friedrich-Loeffler-Institut/Federal Research Institute for Animal Health, Institute of Molecular Pathogenesis, Jena, Germany.","[""Friedrich-Loeffler-Institut/Federal Research Institute for Animal Health, Institute of Molecular Pathogenesis, Jena, Germany.""]","[""Barth S"", ""Menge C""]","[""29807709""]",2,1
aff_59cff27019488d2a,"Nephrology Service, Hospital Britanico de Buenos Aires, Perdriel 74, 1280 Buenos Aires, Argentina.","[""Nephrology Service, Hospital Britanico de Buenos Aires, Perdriel 74, 1280 Buenos Aires, Argentina.""]","[""Andrews J"", ""Forrester M"", ""Iriarte R"", ""Lombi F"", ""Paulero M"", ""Pomeranz V"", ""Rengel T"", ""Trimarchi H""]","[""26942026""]",8,1
aff_59d3bcd01f2e7653,"Red Iberoamericana de Alteraciones Vasculares en Transtornos del Embarazo (RIVATREM), Chillan, Chile; Laboratorio de Biología de la Reproducción, IFIBIO Houssay-UBA- CONICET, Buenos Aires, Argentina; Cátedra de Biología Celular y Molecular, Departamento de Ciencias Biológicas, Facultad de Farmacia y Bioquímica, Universidad de Buenos Aires, Buenos Aires, Argentina.","[""Red Iberoamericana de Alteraciones Vasculares en Transtornos del Embarazo (RIVATREM), Chillan, Chile; Laboratorio de Biología de la Reproducción, IFIBIO Houssay-UBA- CONICET, Buenos Aires, Argentina; Cátedra de Biología Celular y Molecular, Departamento de Ciencias Biológicas, Facultad de Farmacia y Bioquímica, Universidad de Buenos Aires, Buenos Aires, Argentina.""]","[""Damiano A""]","[""36878143""]",1,1
aff_59d70d8d4a329a0d,"Cardiff University Brain Research Imaging Centre (CUBRIC), School of Psychology and School of Computer Science and Informatics, Cardiff University, Cardiff, UK.","[""Cardiff University Brain Research Imaging Centre (CUBRIC), School of Psychology and School of Computer Science and Informatics, Cardiff University, Cardiff, UK.""]","[""Palombo M""]","[""41040166""]",1,1
aff_5a33851ac515a4c8,"Laboratorio de Memoria, IBCN, UBA-CONICET, Facultad de Medicina, Universidad de Buenos Aires, Buenos Aires C1121ABG, Argentina.","[""Laboratorio de Memoria, IBCN, UBA-CONICET, Facultad de Medicina, Universidad de Buenos Aires, Buenos Aires C1121ABG, Argentina.""]","[""Gonzalez M"", ""Villar M"", ""Viola H""]","[""26493441""]",3,1
aff_5a43249c628fabd6,"Laboratorio de Fisiopatogenia, Departamento de Fisiología, Instituto de Fisiología y Biofísica Bernardo Houssay (IFIBIO Houssay-CONICET), Facultad de Medicina, Universidad de Buenos Aires, Buenos Aires 1121, Argentina. magali.girard@live.com.ar.","[""Laboratorio de Fisiopatogenia, Departamento de Fisiología, Instituto de Fisiología y Biofísica Bernardo Houssay (IFIBIO Houssay-CONICET), Facultad de Medicina, Universidad de Buenos Aires, Buenos Aires 1121, Argentina. magali.girard@live.com.ar.""]","[""Girard M""]","[""28718802""]",1,1
aff_5a513b70fc8f0d0a,"Instituto de Fisiología y Biofísica ""Bernardo Houssay"" (IFIBIO-Houssay), Grupo de Neurociencia de Sistemas, Universidad de Buenos Aires y Consejo Nacional de Investigaciones Científicas y Técnicas (CONICET), Buenos Aires 1121, Argentina.","[""Instituto de Fisiología y Biofísica \""Bernardo Houssay\"" (IFIBIO-Houssay), Grupo de Neurociencia de Sistemas, Universidad de Buenos Aires y Consejo Nacional de Investigaciones Científicas y Técnicas (CONICET), Buenos Aires 1121, Argentina.""]","[""Belforte J""]","[""39855537""]",1,1
aff_5a723dc47d19ac4a,"System Biology Group (SysBio), Institute of Physics of Liquids and Biological Systems (IFLYSIB) CONICET, University of La PlataLa Plata, Argentina; Center for Information Services and High Performance Computing, Technische Universität DresdenDresden, Germany.","[""System Biology Group (SysBio), Institute of Physics of Liquids and Biological Systems (IFLYSIB) CONICET, University of La PlataLa Plata, Argentina; Center for Information Services and High Performance Computing, Technische Universität DresdenDresden, Germany.""]","[""Chara O""]","[""27695468""]",1,1
aff_5ac5df57aa4974a5,"Laboratorio de Investigación Aplicada a las Neurociencias (LIAN), FLENI - CONICET, Belén de Escobar, Argentina.","[""Laboratorio de Investigación Aplicada a las Neurociencias (LIAN), FLENI - CONICET, Belén de Escobar, Argentina.""]","[""Aban C""]","[""30564135""]",1,1
aff_5ad4e32ad814566f,"School of Medicine, Kabale University, Kabale, Uganda.","[""School of Medicine, Kabale University, Kabale, Uganda.""]","[""Dare S""]","[""33519685""]",1,1
aff_5addbefca958a52e,"Laboratorio de Biología de la Reproducción, Instituto de Fisiología y Biofísica Bernardo Houssay (IFIBIO)-CONICET-Facultad de Medicina, Universidad de Buenos Aires, Buenos Aires, Argentina. adamiano@ffyb.uba.ar.","[""Laboratorio de Biología de la Reproducción, Instituto de Fisiología y Biofísica Bernardo Houssay (IFIBIO)-CONICET-Facultad de Medicina, Universidad de Buenos Aires, Buenos Aires, Argentina. adamiano@ffyb.uba.ar.""]","[""Damiano A""]","[""36717499""]",1,1
aff_5aec6476b0938f7b,"IBCN (CONICET), University of Buenos Aires School of Medicine, Buenos Aires, Argentina.","[""IBCN (CONICET), University of Buenos Aires School of Medicine, Buenos Aires, Argentina.""]","[""Caltana L""]","[""42134656""]",1,1
aff_5b17cc643387a3df,"Instituto de Biología Celular y Neurociencia ""Prof. E. De Robertis"" (IBCN), Universidad de Buenos Aires y Consejo Nacional de Investigaciones Científicas y Técnicas (CONICET), Buenos Aires, Argentina.","[""Instituto de Biología Celular y Neurociencia \""Prof. E. De Robertis\"" (IBCN), Universidad de Buenos Aires y Consejo Nacional de Investigaciones Científicas y Técnicas (CONICET), Buenos Aires, Argentina.""]","[""Medina J""]","[""35217797""]",1,1
aff_5bcb4fb4b8b3ed23,"Instituto de Investigaciones Farmacológicas (ININFA), Laboratorio de Parkinson Experimental, CONICET - Universidad de Buenos Aires, Ciudad Autónoma de Buenos Aires, Argentina.","[""Instituto de Investigaciones Farmacológicas (ININFA), Laboratorio de Parkinson Experimental, CONICET - Universidad de Buenos Aires, Ciudad Autónoma de Buenos Aires, Argentina.""]","[""Gershanik O"", ""Gomez G""]","[""30746639""]",2,1
aff_5bd39c8480985821,"Université Paris-Saclay, INRAE, AgroParisTech, MICALIS, Jouy-en-Josas, France.","[""Université Paris-Saclay, INRAE, AgroParisTech, MICALIS, Jouy-en-Josas, France.""]","[""Ferrary Americo M"", ""Henry C"", ""Vilela Rodrigues T""]","[""41709136""]",3,1
aff_5c85927a9e37cc3d,"Instituto Leloir, Patricias Argentinas 435, Buenos Aires, Argentina.","[""Instituto Leloir, Patricias Argentinas 435, Buenos Aires, Argentina.""]","[""Boccaccio G"", ""Borrat A"", ""Evangelisti F"", ""Melani M"", ""Perez-Pandolfo S"", ""Peters T"", ""Rodriguez F"", ""Sommario N""]","[""40595449""]",8,1
aff_5c9bc85acb69cb37,"Departamento de Medicina Interna, Servicio de Medicina Pulmonar y Sueño, Hospital Universitario Austral, Pilar, Buenos Aires B1629AHJ, Argentina.","[""Departamento de Medicina Interna, Servicio de Medicina Pulmonar y Sueño, Hospital Universitario Austral, Pilar, Buenos Aires B1629AHJ, Argentina.""]","[""Perez-Chada D""]","[""39074983""]",1,1
aff_5cc17ba9a3be32b3,"Instituto Leloir, Patricias Argentinas 435, Buenos Aires, 1405, Argentina.","[""Instituto Leloir, Patricias Argentinas 435, Buenos Aires, 1405, Argentina.""]","[""Acevedo J"", ""Melani M""]","[""40603573""]",2,1
aff_5d00eb3574c5d1f4,"Universidad de Buenos Aires- CONICET, Instituto de Biodiversidad y Biología Experimental y Aplicada (IBBEA)- DBBE- Facultad de Ciencias Exactas y Naturales, Laboratorio de Reproducción y Fisiología Materno-Embrionaria, Buenos Aires, Argentina.","[""Universidad de Buenos Aires- CONICET, Instituto de Biodiversidad y Biología Experimental y Aplicada (IBBEA)- DBBE- Facultad de Ciencias Exactas y Naturales, Laboratorio de Reproducción y Fisiología Materno-Embrionaria, Buenos Aires, Argentina.""]","[""Barril C"", ""Gualdoni G""]","[""39461007""]",2,1
aff_5d22ed88967c7d0e,"Universidad de Buenos Aires, Facultad de Farmacia y Bioquímica, Departamento de Ciencias Biológicas, Cátedra de Biología Celular y Molecular, Buenos Aires, Argentina; Universidad de Buenos Aires-CONICET, Instituto de Fisiología y Biofísica Bernardo Houssay, Buenos Aires, Argentina; Red Iberoamericana de Alteraciones Vasculares en Trastornos del Embarazo, Chillán, Chile.","[""Universidad de Buenos Aires, Facultad de Farmacia y Bioquímica, Departamento de Ciencias Biológicas, Cátedra de Biología Celular y Molecular, Buenos Aires, Argentina; Universidad de Buenos Aires-CONICET, Instituto de Fisiología y Biofísica Bernardo Houssay, Buenos Aires, Argentina; Red Iberoamericana de Alteraciones Vasculares en Trastornos del Embarazo, Chillán, Chile.""]","[""Damiano A""]","[""41242030""]",1,1
aff_5d7553c4e919cc25,"Facultad de Ciencias Médicas, Departamento de Ciencias Fisiológicas, Laboratorio de Biomembranas, Universidad de Buenos Aires, Buenos Aires, Argentina.","[""Facultad de Ciencias Médicas, Departamento de Ciencias Fisiológicas, Laboratorio de Biomembranas, Universidad de Buenos Aires, Buenos Aires, Argentina.""]","[""Capurro C"", ""Cocca M"", ""Cutrera N"", ""Di Giusto G"", ""Ford P"", ""Molina Ponce T"", ""Netti V"", ""Politi M""]","[""39485629"", ""42404802"", ""42576265""]",8,3
aff_5e719bbeb4c28df6,"Clínica Médica, Hospital Sor María Ludovica de La Plata, Provincia de Buenos Aires, Argentina.","[""Clínica Médica, Hospital Sor María Ludovica de La Plata, Provincia de Buenos Aires, Argentina.""]","[""Goldaracena P""]","[""36464947""]",1,1
aff_5ebe703ca5ab3d27,"Instituto de Biotecnología, Universidad Nacional de Hurlingham, Villa Tesei, Argentina.","[""Instituto de Biotecnología, Universidad Nacional de Hurlingham, Villa Tesei, Argentina.""]","[""Zerbetto De Palma G""]","[""34293244""]",1,1
aff_5f7ae0b3b37763d6,"Red Iberoamericana de Alteraciones Vasculares en Transtornos del Embarazo (RIVATREM), Chillan, Chile; Vascular Physiology Laboratory, Department of Basic Sciences, Universidad del Bío-Bío, Chillán, Chile; Group of Research and Innovation in Vascular Health (GRIVAS Health), Chillan, Chile. Electronic address: cescudero@ubiobio.cl.","[""Red Iberoamericana de Alteraciones Vasculares en Transtornos del Embarazo (RIVATREM), Chillan, Chile; Vascular Physiology Laboratory, Department of Basic Sciences, Universidad del Bío-Bío, Chillán, Chile; Group of Research and Innovation in Vascular Health (GRIVAS Health), Chillan, Chile. Electronic address: cescudero@ubiobio.cl.""]","[""Escudero C""]","[""36878143""]",1,1
aff_5f7e79808111e878,"Laboratorio De Biología De La Reproducción, Instituto De Fisiología Y Biofísica Bernardo Houssay (IFIBIO)- CONICET- Facultad De Medicina, Universidad De Buenos Aires . Buenos Aires, Argentina.","[""Laboratorio De Biología De La Reproducción, Instituto De Fisiología Y Biofísica Bernardo Houssay (IFIBIO)- CONICET- Facultad De Medicina, Universidad De Buenos Aires . Buenos Aires, Argentina.""]","[""Damiano A""]","[""32482148""]",1,1
aff_6061c4ec47ed9ba5,"Sorbonne Université, UPMC UnivParis06, CNRS, UMR7190, Institut Jean Le Rond d'Alembert, 75005, Paris, France. Electronic address: jose.fullana@upmc.fr.","[""Sorbonne Université, UPMC UnivParis06, CNRS, UMR7190, Institut Jean Le Rond d'Alembert, 75005, Paris, France. Electronic address: jose.fullana@upmc.fr.""]","[""Fullana J""]","[""31521898""]",1,1
aff_6092f8d8af729ff9,"Facultad de Ingeniería, Universidad Católica de Córdoba, CONICET, Córdoba, Argentina. Electronic address: ggonzalez@bdmg.com.ar.","[""Facultad de Ingeniería, Universidad Católica de Córdoba, CONICET, Córdoba, Argentina. Electronic address: ggonzalez@bdmg.com.ar.""]","[""Gonzalez G""]","[""25963416""]",1,1
aff_60d79c5e6658cf61,"Universidad de Buenos Aires (UBA), Facultad de Ciencias Exactas y Naturales (FCEN), Buenos Aires, Argentina; Consejo Nacional de Investigaciones Científicas y Técnicas (CONICET)-UBA-Instituto de Fisiología, Biología Molecular y Neurociencias (IFIBYNE), Buenos Aires, Argentina; UBA, FCEN, Departamento de Fisiología, Biología Molecular y Celular, Buenos Aires, Argentina.","[""Universidad de Buenos Aires (UBA), Facultad de Ciencias Exactas y Naturales (FCEN), Buenos Aires, Argentina; Consejo Nacional de Investigaciones Científicas y Técnicas (CONICET)-UBA-Instituto de Fisiología, Biología Molecular y Neurociencias (IFIBYNE), Buenos Aires, Argentina; UBA, FCEN, Departamento de Fisiología, Biología Molecular y Celular, Buenos Aires, Argentina.""]","[""Beron de Astrada M""]","[""30300837""]",1,1
aff_60dafe0ed3a8afdd,"Instituto de Fisiología y Biofísica ""Houssay"" - CONICET (IFIBIO), CONICET - Universidad de Buenos Aires, Buenos Aires, Argentina.","[""Instituto de Fisiología y Biofísica \""Houssay\"" - CONICET (IFIBIO), CONICET - Universidad de Buenos Aires, Buenos Aires, Argentina.""]","[""Blake M""]","[""36227397""]",1,1
aff_60f30097ab50e683,"Instituto Cajal, Consejo Superior de Investigaciones Científicas, Madrid, Spain.","[""Instituto Cajal, Consejo Superior de Investigaciones Científicas, Madrid, Spain.""]","[""Garcia-Sanz P"", ""Granado N"", ""Martin A"", ""Moratalla R"", ""Sanz-Magro A"", ""Solis O""]","[""31833146""]",6,1
aff_611932da19df87e0,"Instituto de Fisiología y Biofísica Bernardo Houssay (IFIBIO-Houssay), UBA-CONICET, Buenos Aires, Argentina.","[""Instituto de Fisiología y Biofísica Bernardo Houssay (IFIBIO-Houssay), UBA-CONICET, Buenos Aires, Argentina.""]","[""Gomez Acosta M"", ""Uehara J""]","[""39833563""]",2,1
aff_614740cd77ae0e81,"Center for Mind/Brain Sciences, University of Trento, 38068 Trento, Italy.","[""Center for Mind/Brain Sciences, University of Trento, 38068 Trento, Italy.""]","[""Jovicich J""]","[""36587288""]",1,1
aff_61bccfa9e627bb1a,"CONICET and Laboratorio de Medicina Experimental ""Dr. J Toblli"", Hospital Alemán, Buenos Aires, Argentina.","[""CONICET and Laboratorio de Medicina Experimental \""Dr. J Toblli\"", Hospital Alemán, Buenos Aires, Argentina.""]","[""Quinta H""]","[""34823607""]",1,1
aff_61fbc19f32d41763,"Institute of Physiology and Biophysics Bernardo Houssay 018(IFIBIO Houssay), CONICET, University of Buenos Aires, Buenos Aires, Argentina.","[""Institute of Physiology and Biophysics Bernardo Houssay 018(IFIBIO Houssay), CONICET, University of Buenos Aires, Buenos Aires, Argentina.""]","[""Damiano A""]","[""38089623""]",1,1
aff_620f45ecb4fa96bd,"Department of Biological Science, Faculty of Pharmacy and Biochemistry, University of Buenos Aires, Buenos Aires, Argentina.","[""Department of Biological Science, Faculty of Pharmacy and Biochemistry, University of Buenos Aires, Buenos Aires, Argentina.""]","[""Damiano A""]","[""38089623""]",1,1
aff_6234f24add618aef,"Departamento de Microbiología, Parasitología e Inmunología, Facultad de Medicina, Universidad de Buenos Aires, Buenos Aires, Argentina.","[""Departamento de Microbiología, Parasitología e Inmunología, Facultad de Medicina, Universidad de Buenos Aires, Buenos Aires, Argentina.""]","[""Jancic C""]","[""34900753""]",1,1
aff_623532a2745f8700,"Instituto de Fisiología Biología Molecular y Neurociencias (IFIBYNE, UBA-CONICET), Buenos Aires, Argentina.","[""Instituto de Fisiología Biología Molecular y Neurociencias (IFIBYNE, UBA-CONICET), Buenos Aires, Argentina.""]","[""Coll L"", ""Lempel A"", ""Piriz J"", ""Uchitel O""]","[""27419661""]",4,1
aff_62566e29efe16f0c,"Universidad de Buenos Aires, Facultad de Farmacia y Bioquímica, Departamento de Microbiología, Inmunología, Biotecnología y Genética, Buenos Aires, Argentina; Instituto de Estudios de la Inmunidad Humoral Dr. R.A. Margni (IDEHU), UBA-CONICET, Argentina.","[""Universidad de Buenos Aires, Facultad de Farmacia y Bioquímica, Departamento de Microbiología, Inmunología, Biotecnología y Genética, Buenos Aires, Argentina; Instituto de Estudios de la Inmunidad Humoral Dr. R.A. Margni (IDEHU), UBA-CONICET, Argentina.""]","[""Lombardo T""]","[""37979924""]",1,1
aff_632cc1ec5be1f5d5,"Centro de Investigaciones y Transferencia de Villa María (CIT-VM-CONICET), Universidad Nacional de Villa María (UNVM), Villa María, Argentina, 5900.","[""Centro de Investigaciones y Transferencia de Villa María (CIT-VM-CONICET), Universidad Nacional de Villa María (UNVM), Villa María, Argentina, 5900.""]","[""Badin E"", ""Diaz Vergara L"", ""Lespinard A"", ""Montenegro M"", ""Porporatto C"", ""Sodero S""]","[""33685676""]",6,1
aff_638dacceba6b8d0c,"Instituto de Fisiología y Biofísica ""Houssay"" (IFIBIO ""Houssay"", UBA-CONICET), Buenos Aires, Argentina.","[""Instituto de Fisiología y Biofísica \""Houssay\"" (IFIBIO \""Houssay\"", UBA-CONICET), Buenos Aires, Argentina.""]","[""Piriz J""]","[""27419661""]",1,1
aff_63ad8f7c0a4628e3,"Universidad de Buenos Aires, Laboratorio de Nefrología Experimental y Bioquímica Molecular, Instituto de Investigaciones Médicas A. Lanari, Buenos Aires, Argentina; Consejo Nacional de Investigaciones Científicas y Técnicas (CONICET), Buenos Aires, Argentina.","[""Universidad de Buenos Aires, Laboratorio de Nefrología Experimental y Bioquímica Molecular, Instituto de Investigaciones Médicas A. Lanari, Buenos Aires, Argentina; Consejo Nacional de Investigaciones Científicas y Técnicas (CONICET), Buenos Aires, Argentina.""]","[""Arrizurieta E"", ""Toro A""]","[""36549423""]",2,1
aff_63ef220c64eb8510,"Universidad de Buenos Aires-CONICET. Instituto de Fisiología y Biofísica Bernardo Houssay (IFIBIO Houssay), Facultad de Medicina, Departamento de Ciencias Fisiológicas, Ciudad de Buenos Aires C1121ABG, Argentina.","[""Universidad de Buenos Aires-CONICET. Instituto de Fisiología y Biofísica Bernardo Houssay (IFIBIO Houssay), Facultad de Medicina, Departamento de Ciencias Fisiológicas, Ciudad de Buenos Aires C1121ABG, Argentina.""]","[""Caffaro P"", ""Deleglise A"", ""Griffa G"", ""Lerner G"", ""Riquelme L"", ""Solano A""]","[""39074983""]",6,1
aff_6404da7241215457,"Grupo de Neurociencia de Sistemas, Instituto de Fisiología y Biofísica ""Bernardo Houssay"" (IFIBIO HOUSSAY), Facultad de Medicina, Universidad de Buenos Aires, Consejo Nacional de Investigaciones Científicas y Técnicas, Paraguay 2155, C1121ABG, Ciudad Autónoma de Buenos Aires, Argentina. Electronic address: ramiroalsina@gmail.com.","[""Grupo de Neurociencia de Sistemas, Instituto de Fisiología y Biofísica \""Bernardo Houssay\"" (IFIBIO HOUSSAY), Facultad de Medicina, Universidad de Buenos Aires, Consejo Nacional de Investigaciones Científicas y Técnicas, Paraguay 2155, C1121ABG, Ciudad Autónoma de Buenos Aires, Argentina. Electronic address: ramiroalsina@gmail.com.""]","[""Alsina R""]","[""32311511""]",1,1
aff_640ef6f29986a67f,"Laboratorio de Fisiopatología Placentaria, Centro de Estudios Farmacológicos y Botánicos (CEFYBO) - CONICET, Facultad de Medicina, Universidad de Buenos Aires, Buenos Aires, Argentina.","[""Laboratorio de Fisiopatología Placentaria, Centro de Estudios Farmacológicos y Botánicos (CEFYBO) - CONICET, Facultad de Medicina, Universidad de Buenos Aires, Buenos Aires, Argentina.""]","[""Farina M""]","[""34938200""]",1,1
aff_646eb37713d89034,"Laboratorio de Biología de la Reproducción, Facultad de Medicina, Instituto de Fisiología y Biofísica Bernardo Houssay (IFIBIO Houssay), Consejo Nacional de Investigaciones Científicas y Técnicas (CONICET)-Universidad de Buenos Aires, Buenos Aires, Argentina.","[""Laboratorio de Biología de la Reproducción, Facultad de Medicina, Instituto de Fisiología y Biofísica Bernardo Houssay (IFIBIO Houssay), Consejo Nacional de Investigaciones Científicas y Técnicas (CONICET)-Universidad de Buenos Aires, Buenos Aires, Argentina.""]","[""Damiano A""]","[""42327001""]",1,1
aff_64beae1b9ddd007f,"Facultad de Medicina, Universidad de Buenos Aires - IBCN ""Eduardo De Robertis"" (CONICET), Ciudad de Buenos Aires, Argentina.","[""Facultad de Medicina, Universidad de Buenos Aires - IBCN \""Eduardo De Robertis\"" (CONICET), Ciudad de Buenos Aires, Argentina.""]","[""Ballarini F""]","[""32308155""]",1,1
aff_64f221c26c55594e,"Cell Biology Unit, Institut Pasteur de Montevideo, Mataojo 2020, Montevideo, 11400, Uruguay.","[""Cell Biology Unit, Institut Pasteur de Montevideo, Mataojo 2020, Montevideo, 11400, Uruguay.""]","[""Basika T"", ""Bollati-Fogolin M"", ""Daghero H""]","[""32525252""]",3,1
aff_6542dac6e7b0ddf4,"Instituto de Investigaciones en Ingeniería Genética y Biología Molecular, Consejo Nacional de Investigaciones Científicas y Técnicas and Facultad de Ciencias Exactas y Naturales, Universidad de Buenos Aires, Buenos Aires, Argentina.","[""Instituto de Investigaciones en Ingeniería Genética y Biología Molecular, Consejo Nacional de Investigaciones Científicas y Técnicas and Facultad de Ciencias Exactas y Naturales, Universidad de Buenos Aires, Buenos Aires, Argentina.""]","[""Bello E"", ""Casas-Cordero R"", ""Casey E"", ""Noain D"", ""Rodriguez V"", ""Rubinstein M""]","[""27431292""]",6,1
aff_65c107e45d1b52b2,"Universidad de Buenos Aires, Facultad de Ciencias Médicas, Departamento de Ciencias Fisiológicas. Grupo de Neurociencias de Sistemas, Buenos Aires, Argentina; CONICET - Universidad de Buenos Aires. Instituto de Fisiología y Biofísica Bernardo Houssay (IFIBIO Houssay), Buenos Aires, Argentina.","[""Universidad de Buenos Aires, Facultad de Ciencias Médicas, Departamento de Ciencias Fisiológicas. Grupo de Neurociencias de Sistemas, Buenos Aires, Argentina; CONICET - Universidad de Buenos Aires. Instituto de Fisiología y Biofísica Bernardo Houssay (IFIBIO Houssay), Buenos Aires, Argentina.""]","[""Lopez Ambrosioni F"", ""Lopez M"", ""Vassallu F""]","[""42134656""]",3,1
aff_65c3d20eeeccbccc,"Universidad de Buenos Aires, Facultad de Ciencias Médicas, Departamento de Ciencias Fisiológicas, Buenos Aires, Argentina.","[""Universidad de Buenos Aires, Facultad de Ciencias Médicas, Departamento de Ciencias Fisiológicas, Buenos Aires, Argentina.""]","[""Vassallu F""]","[""41571758""]",1,1
aff_665c8fe278a7bc9e,"Universidad de Buenos Aires, Consejo Nacional de Investigaciones Científicas y Técnicas, Instituto de Fisiología y Biofísica Bernardo Houssay (UBA-CONICET-IFIBIO), Facultad de Medicina, Buenos Aires, Argentina.","[""Universidad de Buenos Aires, Consejo Nacional de Investigaciones Científicas y Técnicas, Instituto de Fisiología y Biofísica Bernardo Houssay (UBA-CONICET-IFIBIO), Facultad de Medicina, Buenos Aires, Argentina.""]","[""Martinez N""]","[""33126049""]",1,1
aff_6674e461b9602d47,"Universidad de Buenos Aires, Instituto de Investigaciones Médicas A. Lanari, Laboratorio de Nefrología Experimental y Bioquímica Molecular, Combatientes de Malvinas 3150, Buenos Aires, 1427, Argentina; Universidad de Buenos Aires, Consejo Nacional de Investigaciones Científicas y Técnicas (CONICET), Instituto de Investigaciones Médicas A. Lanari, Combatientes de Malvinas 3150, Buenos Aires, 1427, Argentina. Electronic address: rsrodriguez2011@gmail.com.","[""Universidad de Buenos Aires, Instituto de Investigaciones Médicas A. Lanari, Laboratorio de Nefrología Experimental y Bioquímica Molecular, Combatientes de Malvinas 3150, Buenos Aires, 1427, Argentina; Universidad de Buenos Aires, Consejo Nacional de Investigaciones Científicas y Técnicas (CONICET), Instituto de Investigaciones Médicas A. Lanari, Combatientes de Malvinas 3150, Buenos Aires, 1427, Argentina. Electronic address: rsrodriguez2011@gmail.com.""]","[""Rodriguez R""]","[""38788356""]",1,1
aff_66c73a8ce5a882d9,"IFIBIO Houssay, School of Medicine, Department of Physiology, University of Buenos Aires, Argentina.","[""IFIBIO Houssay, School of Medicine, Department of Physiology, University of Buenos Aires, Argentina.""]","[""Della-Maggiore V"", ""Griffa G"", ""Yeffal A""]","[""41040166""]",3,1
aff_66d92e506dade2f6,"Institute of Physiology and Biophysics Bernardo Houssay (IFIBIO Houssay-CONICET), Buenos Aires, Argentina.","[""Institute of Physiology and Biophysics Bernardo Houssay (IFIBIO Houssay-CONICET), Buenos Aires, Argentina.""]","[""Piantanida A"", ""Rela L""]","[""25856239""]",2,1
aff_66dd77edcd6a5e28,"Grupo de Neurociencia de Sistemas, Instituto de Fisiología y Biofísica ""Houssay"" (IFIBIO ""Houssay""), Universidad de Buenos Aires, CONICET, Buenos Aires, Argentina.","[""Grupo de Neurociencia de Sistemas, Instituto de Fisiología y Biofísica \""Houssay\"" (IFIBIO \""Houssay\""), Universidad de Buenos Aires, CONICET, Buenos Aires, Argentina.""]","[""Belluscio M"", ""Bertone-Cueto N"", ""Mosqueira A"", ""Piriz J""]","[""31998083""]",4,1
aff_671804a51ddd3a1b,"Memory Research Laboratory, Brain Institute, Federal University of Rio Grande do Norte (UFRN) Natal, Brazil.","[""Memory Research Laboratory, Brain Institute, Federal University of Rio Grande do Norte (UFRN) Natal, Brazil.""]","[""Cammarota M""]","[""25506318""]",1,1
aff_67c8cf5c8edf7250,"Laboratory of Amyloidosis and Neurodegeneration, Fundación Instituto Leloir, Buenos Aires, Argentina.","[""Laboratory of Amyloidosis and Neurodegeneration, Fundación Instituto Leloir, Buenos Aires, Argentina.""]","[""Bocai N""]","[""31630412""]",1,1
aff_67c9c317fe4b259d,"Universidad de Buenos Aires, Facultad de Medicina, Departamento de Microbiología, Parasitología e Inmunología e Instituto de Microbiología y Parasitología Médica (IMPaM), UBA-CONICET, Paraguay 2155 Piso 12, 1121, Ciudad de Buenos Aires, Argentina.","[""Universidad de Buenos Aires, Facultad de Medicina, Departamento de Microbiología, Parasitología e Inmunología e Instituto de Microbiología y Parasitología Médica (IMPaM), UBA-CONICET, Paraguay 2155 Piso 12, 1121, Ciudad de Buenos Aires, Argentina.""]","[""Cerny N""]","[""39553573""]",1,1
aff_680f35fd3ffe6df4,"Instituto de Fisiología y Biofísica Bernardo Houssay, Grupo de Neurociencia de Sistemas, Facultad de Medicina, Universidad de Buenos Aires, The National Scientific and Technical Research Council, Buenos Aires C1121ABG, Argentina, and pagani@fmed.uba.ar calciumsignl@gmail.com.","[""Instituto de Fisiología y Biofísica Bernardo Houssay, Grupo de Neurociencia de Sistemas, Facultad de Medicina, Universidad de Buenos Aires, The National Scientific and Technical Research Council, Buenos Aires C1121ABG, Argentina, and pagani@fmed.uba.ar calciumsignl@gmail.com.""]","[""Pagani M""]","[""28432141""]",1,1
aff_6815b0361f0fd9c1,"CONICET - Universidad de Buenos Aires, Instituto de Fisiología y Biofísica Bernardo Houssay (IFIBIO Houssay), Buenos Aires C1121ABG, Argentina; Universidad de Buenos Aires, Facultad de Ciencias Médicas, Laboratorio de Biología de la Reproducción, Buenos Aires C1121ABG, Argentina.","[""CONICET - Universidad de Buenos Aires, Instituto de Fisiología y Biofísica Bernardo Houssay (IFIBIO Houssay), Buenos Aires C1121ABG, Argentina; Universidad de Buenos Aires, Facultad de Ciencias Médicas, Laboratorio de Biología de la Reproducción, Buenos Aires C1121ABG, Argentina.""]","[""Martinez N"", ""Reppetti J""]","[""39442808""]",2,1
aff_687510cbc1741c8b,"UBA, Facultad de Medicina, Buenos Aires, Argentina; CONICET-UBA- Instituto de Fisiología y Biofísica Bernardo Houssay (IFIBIO), Buenos Aires, Argentina.","[""UBA, Facultad de Medicina, Buenos Aires, Argentina; CONICET-UBA- Instituto de Fisiología y Biofísica Bernardo Houssay (IFIBIO), Buenos Aires, Argentina.""]","[""Martinez N""]","[""30300837""]",1,1
aff_68a215d3a9d46b87,"Instituto Tecnológico de Buenos Aires (ITBA), Buenos Aires, Argentina. hviola@fmed.uba.ar.","[""Instituto Tecnológico de Buenos Aires (ITBA), Buenos Aires, Argentina. hviola@fmed.uba.ar.""]","[""Viola H""]","[""42086667""]",1,1
aff_68b60e7c3529cc40,"Universidad de Buenos Aires y Consejo Nacional de Investigaciones Científicas y Técnicas (CONICET), Instituto de Fisiología y Biofísica ""Bernardo Houssay"" (IFIBIO-Houssay), Grupo de Neurociencia de Sistemas, Buenos Aires 1121, Argentina.","[""Universidad de Buenos Aires y Consejo Nacional de Investigaciones Científicas y Técnicas (CONICET), Instituto de Fisiología y Biofísica \""Bernardo Houssay\"" (IFIBIO-Houssay), Grupo de Neurociencia de Sistemas, Buenos Aires 1121, Argentina.""]","[""Diaz A"", ""Murer M"", ""Paz R"", ""Stahl A"", ""Tubert C""]","[""29758221""]",5,1
aff_68de8de95c4c2e5b,"Biomedical Research Centre, School of Medicine, Universidad de Valparaíso, Viña del Mar, Chile.","[""Biomedical Research Centre, School of Medicine, Universidad de Valparaíso, Viña del Mar, Chile.""]","[""Martin S""]","[""37466779""]",1,1
aff_69246669b16f6648,"Instituto de Fisiología y Biofísica (IFIBIO) Houssay, CONICET - Universidad de Buenos Aires, Buenos Aires, Argentina.","[""Instituto de Fisiología y Biofísica (IFIBIO) Houssay, CONICET - Universidad de Buenos Aires, Buenos Aires, Argentina.""]","[""Murer M""]","[""31833146""]",1,1
aff_69fefdd980c043cf,"Instituto de Fisiología y Biofísica ""Bernardo Houssay"" (IFIBIO-Houssay), Grupo de Neurociencia de Sistemas, Universidad de Buenos Aires y Consejo Nacional de Investigaciones Científicas y Técnicas (CONICET), 1121 Buenos Aires, Argentina jbelforte@fmed.uba.ar.","[""Instituto de Fisiología y Biofísica \""Bernardo Houssay\"" (IFIBIO-Houssay), Grupo de Neurociencia de Sistemas, Universidad de Buenos Aires y Consejo Nacional de Investigaciones Científicas y Técnicas (CONICET), 1121 Buenos Aires, Argentina jbelforte@fmed.uba.ar.""]","[""Belforte J""]","[""34933954""]",1,1
aff_6a132b6c9c092e49,"Faculty of Medicine, Institute of Physiology and Biophysics Bernardo Houssay (IFIBIO)-CONICET, University of Buenos Aires, Buenos Aires, Argentina.","[""Faculty of Medicine, Institute of Physiology and Biophysics Bernardo Houssay (IFIBIO)-CONICET, University of Buenos Aires, Buenos Aires, Argentina.""]","[""Damiano A"", ""Medina Y"", ""Reppetti J""]","[""34267676""]",3,1
aff_6a46eae90b4299c4,"Instituto de Biomedicina de Sevilla (IBiS), Hospital Universitario Virgen del Rocío/CSIC/Universidad de Sevilla, 41013, Seville, Spain.","[""Instituto de Biomedicina de Sevilla (IBiS), Hospital Universitario Virgen del Rocío/CSIC/Universidad de Sevilla, 41013, Seville, Spain.""]","[""Echevarria M""]","[""41933672""]",1,1
aff_6a6bf79b128f89cc,"Institute of Biomedical Sciences, Faculty of Medicine and Faculty of Life Science, Universidad Andres Bello, Santiago, Chile; Millennium Nucleus of Neuroepigenetics and Plasticity (EpiNeuro), Santiago, Chile.","[""Institute of Biomedical Sciences, Faculty of Medicine and Faculty of Life Science, Universidad Andres Bello, Santiago, Chile; Millennium Nucleus of Neuroepigenetics and Plasticity (EpiNeuro), Santiago, Chile.""]","[""Varela-Nallar L""]","[""39855537""]",1,1
aff_6adeef7793aa5411,"Instituto de Investigaciones Bioquímicas de Bahía Blanca (INIBIBB) CCT CONICET - Universidad Nacional del Sur (UNS), Bahía Blanca, Argentina.","[""Instituto de Investigaciones Bioquímicas de Bahía Blanca (INIBIBB) CCT CONICET - Universidad Nacional del Sur (UNS), Bahía Blanca, Argentina.""]","[""Lacour A"", ""Romussi S""]","[""41571758""]",2,1
aff_6ae0796c5c72dd64,"Charles Perkins Centre, The University of Sydney, Camperdown, NSW, 2050, Australia. adam.walker@sydney.edu.au.","[""Charles Perkins Centre, The University of Sydney, Camperdown, NSW, 2050, Australia. adam.walker@sydney.edu.au.""]","[""Walker A""]","[""41423699""]",1,1
aff_6b1c96a5421d50e6,"Departmento de Fisiología e Instituto de Fisiología y Biofísica (IFIBIO-Houssay), Universidad de Buenos Aires, Paraguay 2155, Buenos Aires C1121ABG, Argentina. Electronic address: rbernabeu@fmed.uba.ar.","[""Departmento de Fisiología e Instituto de Fisiología y Biofísica (IFIBIO-Houssay), Universidad de Buenos Aires, Paraguay 2155, Buenos Aires C1121ABG, Argentina. Electronic address: rbernabeu@fmed.uba.ar.""]","[""Bernabeu R""]","[""25981209""]",1,1
aff_6b33c917f6338a57,"Department of Linguistics, and the Australian Hearing Hub, Macquarie University, Macquarie Park, New South Wales, Australia.","[""Department of Linguistics, and the Australian Hearing Hub, Macquarie University, Macquarie Park, New South Wales, Australia.""]","[""McAlpine D""]","[""34741225""]",1,1
aff_6b576d5b0664421b,"IFIBIO-Houssay, Grupo de Neurociencia de Sistemas, Facultad de Medicina, Universidad de Buenos Aires - CONICET, 2155 Paraguay Street, Buenos Aires, Argentina.","[""IFIBIO-Houssay, Grupo de Neurociencia de Sistemas, Facultad de Medicina, Universidad de Buenos Aires - CONICET, 2155 Paraguay Street, Buenos Aires, Argentina.""]","[""Cattaneo V"", ""San Martin A""]","[""32360730""]",2,1
aff_6ba3d3b9e1f4db26,"The Brain and Mind Institute, Western University, London, ON, Canada.","[""The Brain and Mind Institute, Western University, London, ON, Canada.""]","[""Bussey T"", ""Saksida L""]","[""29085903""]",2,1
aff_6bb7f69568947bcc,"Universidad de Buenos Aires, CONICET, Instituto de Fisiología y Biofísica Bernardo Houssay, Grupo de Neurociencia de Sistemas, 2155 Paraguay St, Buenos Aires, 1121, Argentina barbybraz@gmail.com gmurer@fmed.uba.ar.","[""Universidad de Buenos Aires, CONICET, Instituto de Fisiología y Biofísica Bernardo Houssay, Grupo de Neurociencia de Sistemas, 2155 Paraguay St, Buenos Aires, 1121, Argentina barbybraz@gmail.com gmurer@fmed.uba.ar.""]","[""Braz B"", ""Murer M""]","[""36241384""]",2,1
aff_6bc224161c465a75,"Universidad de Buenos Aires, Consejo Nacional de Investigaciones Científicas y Técnicas (CONICET), Instituto de Fisiología y Biofísica ""Houssay"" (IFIBIO), Facultad de Medicina, Universidad de Buenos Aires, Argentina. Electronic address: jogol@fmed.uba.ar.","[""Universidad de Buenos Aires, Consejo Nacional de Investigaciones Científicas y Técnicas (CONICET), Instituto de Fisiología y Biofísica \""Houssay\"" (IFIBIO), Facultad de Medicina, Universidad de Buenos Aires, Argentina. Electronic address: jogol@fmed.uba.ar.""]","[""Goldstein J""]","[""28042026""]",1,1
aff_6c245b5ddda76887,"IFIBIO Houssay, Grupo de Neurociencia de Sistemas, Facultad de Medicina, Universidad de Buenos Aires - CONICET Buenos Aires, Argentina.","[""IFIBIO Houssay, Grupo de Neurociencia de Sistemas, Facultad de Medicina, Universidad de Buenos Aires - CONICET Buenos Aires, Argentina.""]","[""Alfieri J"", ""Igaz L"", ""Silva P""]","[""28066234""]",3,1
aff_6c247cf3f0d95846,"Cátedra de Matemáticas, Facultad de Farmacia y Bioquímica, Universidad de Buenos Aires, Buenos Aires, Argentina.","[""Cátedra de Matemáticas, Facultad de Farmacia y Bioquímica, Universidad de Buenos Aires, Buenos Aires, Argentina.""]","[""Nunez M""]","[""36227397""]",1,1
aff_6c3e9f942b0e008a,"Group of Research and Innovation in Vascular Health (GRIVAS Health), Chillán, Chile.","[""Group of Research and Innovation in Vascular Health (GRIVAS Health), Chillán, Chile.""]","[""Escudero C""]","[""36117714""]",1,1
aff_6c5792e934f2c3b3,"Instituto de Fisiología, Biología Molecular y Neurociencias (IFIBYNE), CONICET-Universidad de Buenos AiresBuenos Aires, Argentina.","[""Instituto de Fisiología, Biología Molecular y Neurociencias (IFIBYNE), CONICET-Universidad de Buenos AiresBuenos Aires, Argentina.""]","[""Freudenthal R"", ""Romano A"", ""Salles A""]","[""28439227""]",3,1
aff_6caf3626b4429618,"Department of Neurology and Neurosurgery, McGill University Montreal, Montreal, Quebec H3A2B4, Canada.","[""Department of Neurology and Neurosurgery, McGill University Montreal, Montreal, Quebec H3A2B4, Canada.""]","[""Della-Maggiore V""]","[""40744730""]",1,1
aff_6d11923e4f1c6981,"Departamento de Medicina Genómica y Toxicología Ambiental, Instituto de Investigaciones Biomédicas, Universidad Nacional Autónoma de México, Ciudad de México, México.","[""Departamento de Medicina Genómica y Toxicología Ambiental, Instituto de Investigaciones Biomédicas, Universidad Nacional Autónoma de México, Ciudad de México, México.""]","[""Perez-Dominguez M""]","[""29790838""]",1,1
aff_6d2dd8dcfaa28249,"Millennium Institute on Immunology and Immunotherapy, Santiago, Chile.","[""Millennium Institute on Immunology and Immunotherapy, Santiago, Chile.""]","[""Opazo M"", ""Riedel C""]","[""37274341""]",2,1
aff_6d7a349a4b6031bf,"Vaccine and Infectious Disease Division, Fred Hutchinson Cancer Center, Seattle, Washington, United States of America.","[""Vaccine and Infectious Disease Division, Fred Hutchinson Cancer Center, Seattle, Washington, United States of America.""]","[""Gornalusse G"", ""Hladik F"", ""Huang M"", ""Jerome K"", ""Levy C"", ""Roychoudhury P"", ""Vo P""]","[""38019897""]",7,1
aff_6d9a8120b9939b41,"Universidad de Buenos Aires and CONICET, Instituto de Fisiología y Biofísica (IFIBIO) Houssay, Buenos Aires, Argentina.","[""Universidad de Buenos Aires and CONICET, Instituto de Fisiología y Biofísica (IFIBIO) Houssay, Buenos Aires, Argentina.""]","[""Murer M""]","[""42570776""]",1,1
aff_6deeb559c2aa2e67,"Department of Microbiology and Molecular Genetics, Michigan State University, East Lansing, Michigan, United States of America.","[""Department of Microbiology and Molecular Genetics, Michigan State University, East Lansing, Michigan, United States of America.""]","[""Manning S"", ""Singh P""]","[""26030198""]",2,1
aff_6dff560c5f340b71,"Laboratorio de Patogénesis e Inmunología de Procesos Infecciosos, Instituto de Medicina Experimental, (IMEX)-CONICET-Academia Nacional de Medicina, Buenos Aires C1425, Argentina. alanmbernal@gmail.com.","[""Laboratorio de Patogénesis e Inmunología de Procesos Infecciosos, Instituto de Medicina Experimental, (IMEX)-CONICET-Academia Nacional de Medicina, Buenos Aires C1425, Argentina. alanmbernal@gmail.com.""]","[""Bernal A""]","[""30513821""]",1,1
aff_6e5aeff254278ce8,"Laboratorio de Fisiopatogenia, Departamento de Fisiología, Instituto de Fisiología y Biofísica Bernardo Houssay (IFIBIO Houssay-CONICET), Facultad de Medicina, Universidad de Buenos Aires, Buenos Aires C1121, Argentina. mmamaral74@gmail.com.","[""Laboratorio de Fisiopatogenia, Departamento de Fisiología, Instituto de Fisiología y Biofísica Bernardo Houssay (IFIBIO Houssay-CONICET), Facultad de Medicina, Universidad de Buenos Aires, Buenos Aires C1121, Argentina. mmamaral74@gmail.com.""]","[""Amaral M""]","[""30513821""]",1,1
aff_6e81868bbc668696,"División de Cardiología, Hospital de Niños Dr. Ricardo Gutiérrez y Sanatorio Sagrado Corazón, Buenos Aires, Argentina.","[""División de Cardiología, Hospital de Niños Dr. Ricardo Gutiérrez y Sanatorio Sagrado Corazón, Buenos Aires, Argentina.""]","[""Cazalas M"", ""Goldsman A""]","[""36464947""]",2,1
aff_6e8ca31d34ff20ec,"Department of Neurology and Neurosurgery, McGill University, Montreal, Quebec, Canada.","[""Department of Neurology and Neurosurgery, McGill University, Montreal, Quebec, Canada.""]","[""Della-Maggiore V""]","[""42313886""]",1,1
aff_6e9e07724266a76a,"Sorbonne Université, Institut Jean Le Rond d'Alembert, CNRS, Paris, France; Hôpitaux Universitaires La Pitié-Salpêtrière, Service de Chirurgie Vasculaire, Paris, France.","[""Sorbonne Université, Institut Jean Le Rond d'Alembert, CNRS, Paris, France; Hôpitaux Universitaires La Pitié-Salpêtrière, Service de Chirurgie Vasculaire, Paris, France.""]","[""Gaudric J""]","[""31521941""]",1,1
aff_6f329311f6343e44,"Departamento de Fisiología, Instituto de Fisiología y Biofísica Bernardo Houssay (IFIBIO), Facultad de Medicina, Universidad de Buenos Aires, CONICETBuenos Aires, Argentina.","[""Departamento de Fisiología, Instituto de Fisiología y Biofísica Bernardo Houssay (IFIBIO), Facultad de Medicina, Universidad de Buenos Aires, CONICETBuenos Aires, Argentina.""]","[""Blake M""]","[""28439227""]",1,1
aff_6f55f026b97702a4,"Laboratorio de Fisiopatogenia, Departamento de Fisiología, Instituto de Fisiología y Biofísica ""Bernardo Houssay"", Facultad de Medicina-Consejo Nacional de Investigaciones Científicas y Técnicas, Universidad de Buenos Aires, 1121 Buenos Aires, Argentina. mmamaral74@gmail.com.","[""Laboratorio de Fisiopatogenia, Departamento de Fisiología, Instituto de Fisiología y Biofísica \""Bernardo Houssay\"", Facultad de Medicina-Consejo Nacional de Investigaciones Científicas y Técnicas, Universidad de Buenos Aires, 1121 Buenos Aires, Argentina. mmamaral74@gmail.com.""]","[""Amaral M""]","[""29068360""]",1,1
aff_6f86c1ba450584b3,"Consultorio y Laboratorio de Neurogenética, Centro Universitario de Neurología ""José María Ramos Mejía"" Facultad de Medicina, UBA & Instituto de Investigaciones en Medicina Traslacional, Facultad de Ciencias Biomédicas, Universidad Austral-CONICET, Buenos Aires, Argentina.","[""Consultorio y Laboratorio de Neurogenética, Centro Universitario de Neurología \""José María Ramos Mejía\"" Facultad de Medicina, UBA & Instituto de Investigaciones en Medicina Traslacional, Facultad de Ciencias Biomédicas, Universidad Austral-CONICET, Buenos Aires, Argentina.""]","[""Consalvo D"", ""Cordoba M"", ""Gonzalez Moron D""]","[""34823607""]",3,1
aff_6fce53bcf507b3fa,"Department of Neurobiology, Neuroscience Program, Fluminense Federal University, Niterói, RJ, Brazil. Electronic address: almvuff@gmail.com.","[""Department of Neurobiology, Neuroscience Program, Fluminense Federal University, Niterói, RJ, Brazil. Electronic address: almvuff@gmail.com.""]","[""Ventura A""]","[""30458250""]",1,1
aff_700a7a4c184d6f73,"Consejo Nacional de Investigaciones Científicas y Técnicas, Instituto de Biodiversidad y Biología Experimental y Aplicada (IBBEA), Departamento de Biodiversidad y Biología Experimental, Facultad de Ciencias Exactas y Naturales, Universidad de Buenos Aires, Argentina.","[""Consejo Nacional de Investigaciones Científicas y Técnicas, Instituto de Biodiversidad y Biología Experimental y Aplicada (IBBEA), Departamento de Biodiversidad y Biología Experimental, Facultad de Ciencias Exactas y Naturales, Universidad de Buenos Aires, Argentina.""]","[""Ozu M"", ""Sutka M""]","[""28486763""]",2,1
aff_707fd97b23105dbf,"IFIBIO Houssay, Deparamento de Fisiología y Biofísia, Facultad de Medicina, Universidad de Buenos Aires, Buenos Aires, Argentina.","[""IFIBIO Houssay, Deparamento de Fisiología y Biofísia, Facultad de Medicina, Universidad de Buenos Aires, Buenos Aires, Argentina.""]","[""Della-Maggiore V"", ""Lerner G""]","[""35225229""]",2,1
aff_7086b8256e5d4e68,"División de Neurociencias, Instituto de Fisiología Celular, Universidad Nacional Autónoma de México, Ciudad de México, México.","[""División de Neurociencias, Instituto de Fisiología Celular, Universidad Nacional Autónoma de México, Ciudad de México, México.""]","[""Olguin-Albuerne M"", ""Pasantes-Morales H"", ""Ramos-Mandujano G""]","[""29790838"", ""31630412""]",3,2
aff_70877d91829891ad,"Centro Integrativo de Biología y Química Aplicada, Universidad Bernardo O'Higgins, Santiago, Chile.","[""Centro Integrativo de Biología y Química Aplicada, Universidad Bernardo O'Higgins, Santiago, Chile.""]","[""Moncada D""]","[""42086667""]",1,1
aff_71c64e9fc35ba201,"CONICET-Universidad de Buenos Aires, Instituto de Fisiología y Biofísica Bernardo Houssay (IFIBIO Houssay), Ciudad Autónoma de Buenos Aires, Buenos Aires, Argentina.","[""CONICET-Universidad de Buenos Aires, Instituto de Fisiología y Biofísica Bernardo Houssay (IFIBIO Houssay), Ciudad Autónoma de Buenos Aires, Buenos Aires, Argentina.""]","[""Belluscio M"", ""Coletti M"", ""Silva A""]","[""38950066""]",3,1
aff_7209ed718d819d8d,"Cellular Signaling and Differentiation Laboratory (CSDL), School of Medical Technology, Medicine and Science Faculty, Universidad San Sebastián, Santiago, Chile.","[""Cellular Signaling and Differentiation Laboratory (CSDL), School of Medical Technology, Medicine and Science Faculty, Universidad San Sebastián, Santiago, Chile.""]","[""Carrasco-Wong I""]","[""37466779""]",1,1
aff_721a3cd3faabb13b,"Department of Physiology and Institute of Physiology and Biophysics (IFIBIO-Houssay, UBA-CONICET), School of Medicine, University of Buenos Aires, Paraguay 2155 7th floor (C1121ABG), Ciudad Autónoma de Buenos Aires, Argentina.","[""Department of Physiology and Institute of Physiology and Biophysics (IFIBIO-Houssay, UBA-CONICET), School of Medicine, University of Buenos Aires, Paraguay 2155 7th floor (C1121ABG), Ciudad Autónoma de Buenos Aires, Argentina.""]","[""Ortiz J"", ""Rocco L""]","[""38289455""]",2,1
aff_723bc24aa366ae97,"Neurology Department, Laboratorio Neuroquímica Dr. Néstor Chamoles, Buenos Aires, Argentina.","[""Neurology Department, Laboratorio Neuroquímica Dr. Néstor Chamoles, Buenos Aires, Argentina.""]","[""Politei J""]","[""27733175""]",1,1
aff_72422198be497618,"Laboratorio de Fisiopatogenia, Departamento de Fisiología, Instituto de Fisiología y Biofísica Bernardo Houssay (IFIBIO Houssay-CONICET), Facultad de Medicina, Universidad de Buenos Aires, Paraguay 2155, 1121 Buenos Aires, Argentina. Electronic address: ibarra@fmed.uba.ar.","[""Laboratorio de Fisiopatogenia, Departamento de Fisiología, Instituto de Fisiología y Biofísica Bernardo Houssay (IFIBIO Houssay-CONICET), Facultad de Medicina, Universidad de Buenos Aires, Paraguay 2155, 1121 Buenos Aires, Argentina. Electronic address: ibarra@fmed.uba.ar.""]","[""Ibarra C""]","[""29483033""]",1,1
aff_72441bcd52dc4cdd,"Instituto de Tecnología, Universidad Argentina de La Empresa (UADE), Buenos Aires, Argentina. osvaldo.chara@tu-dresden.de.","[""Instituto de Tecnología, Universidad Argentina de La Empresa (UADE), Buenos Aires, Argentina. osvaldo.chara@tu-dresden.de.""]","[""Chara O""]","[""35705598""]",1,1
aff_7287ca77f71f37cc,"Universidad de Buenos Aires, Instituto de Fisiología y Biofísica Bernardo Houssay, Grupo de Neurociencia de Sistemas, CONICET, 2155 Paraguay St, Buenos Aires, 1121, Argentina. gmurer@fmed.uba.ar.","[""Universidad de Buenos Aires, Instituto de Fisiología y Biofísica Bernardo Houssay, Grupo de Neurociencia de Sistemas, CONICET, 2155 Paraguay St, Buenos Aires, 1121, Argentina. gmurer@fmed.uba.ar.""]","[""Murer M""]","[""41817828""]",1,1
aff_736a4ae88395e14f,"Departamento de Anatomía, Instituto de Ciências Biomédicas, Universidade de São Paulo, SP, Brazil. Electronic address: newton@icb.usp.br.","[""Departamento de Anatomía, Instituto de Ciências Biomédicas, Universidade de São Paulo, SP, Brazil. Electronic address: newton@icb.usp.br.""]","[""Canteras N""]","[""42097396""]",1,1
aff_7417f3a9ca9169e3,"Facultad de Ciencias Exactas y Naturales, Departamento de Física, Universidad de Buenos Aires, Argentina; CONICET- Universidad de Buenos Aires, IFIBA, Buenos Aires, Argentina.","[""Facultad de Ciencias Exactas y Naturales, Departamento de Física, Universidad de Buenos Aires, Argentina; CONICET- Universidad de Buenos Aires, IFIBA, Buenos Aires, Argentina.""]","[""Albano J"", ""Ferraro M"", ""Mussini N"", ""Pickholz M""]","[""30466042""]",4,1
aff_74202a3b4ad97943,"Laboratorio de Fisiopatología Placentaria, Centro de Estudios Farmacológicos y Botánicos (CEFyBO) - CONICET, Universidad de Buenos Aires, Buenos Aires, Argentina.","[""Laboratorio de Fisiopatología Placentaria, Centro de Estudios Farmacológicos y Botánicos (CEFyBO) - CONICET, Universidad de Buenos Aires, Buenos Aires, Argentina.""]","[""Farina M""]","[""35095555""]",1,1
aff_7420627c42675979,"Laboratorio de Patogénesis e Inmunología de Procesos Infecciosos, Instituto de Medicina Experimental (IMEX)-CONICET, Academia Nacional de Medicina, J.A. Pacheo de Melo 3081, C1425 CABA, Argentina. Electronic address: mspalermo@hematologia.anm.edu.ar.","[""Laboratorio de Patogénesis e Inmunología de Procesos Infecciosos, Instituto de Medicina Experimental (IMEX)-CONICET, Academia Nacional de Medicina, J.A. Pacheo de Melo 3081, C1425 CABA, Argentina. Electronic address: mspalermo@hematologia.anm.edu.ar.""]","[""Palermo M""]","[""37704516""]",1,1
aff_7445d50103944537,"Departamento de Fisiología, Biología Molecular y Celular ""Dr. Héctor Maldonado"", Facultad de Ciencias Exactas y Naturales, Universidad de Buenos Aires, Buenos Aires, Argentina.","[""Departamento de Fisiología, Biología Molecular y Celular \""Dr. Héctor Maldonado\"", Facultad de Ciencias Exactas y Naturales, Universidad de Buenos Aires, Buenos Aires, Argentina.""]","[""Marini M"", ""Martinez M""]","[""41743514""]",2,1
aff_745f85fd40dc787d,"School of Psychology, University of Sussex, Falmer, UK. E.Merlo@sussex.ac.uk.","[""School of Psychology, University of Sussex, Falmer, UK. E.Merlo@sussex.ac.uk.""]","[""Merlo E""]","[""38355584""]",1,1
aff_747051c13abbb9ab,"Universidad de Buenos Aires, Facultad de Medicina, Departamento de Ciencias Fisiológicas, Instituto de Fisiología y Biofísica ""Bernardo Houssay"" (IFIBIO-Houssay) UBA-CONICET, Buenos Aires, Argentina; Universidad de Buenos Aires, Facultad de Medicina, Instituto de Investigaciones Médicas Alfredo Lanari, Laboratorio de Riñón Experimental y Bioquímica Molecular, Buenos Aires, Argentina.","[""Universidad de Buenos Aires, Facultad de Medicina, Departamento de Ciencias Fisiológicas, Instituto de Fisiología y Biofísica \""Bernardo Houssay\"" (IFIBIO-Houssay) UBA-CONICET, Buenos Aires, Argentina; Universidad de Buenos Aires, Facultad de Medicina, Instituto de Investigaciones Médicas Alfredo Lanari, Laboratorio de Riñón Experimental y Bioquímica Molecular, Buenos Aires, Argentina.""]","[""Ibarra F""]","[""30879772""]",1,1
aff_749e932adb52c613,"Servicio de Cardiología, Hospital Británico y Hospital Nacional de Pediatría Juan P Garrahan, Buenos Aires, Argentina.","[""Servicio de Cardiología, Hospital Británico y Hospital Nacional de Pediatría Juan P Garrahan, Buenos Aires, Argentina.""]","[""Villalba C""]","[""36464947""]",1,1
aff_74da111b63a2417e,"Universidad de Buenos Aires, IDEHU-CONICET, Facultad de Farmacia y Bioquímica, Cátedra de Inmunología, Junín 956, Piso 4°, 1113, Ciudad de Buenos Aires, Argentina.","[""Universidad de Buenos Aires, IDEHU-CONICET, Facultad de Farmacia y Bioquímica, Cátedra de Inmunología, Junín 956, Piso 4°, 1113, Ciudad de Buenos Aires, Argentina.""]","[""Malchiodi E""]","[""35835234"", ""39553573""]",1,2
aff_74e9ac3a4030955a,"Department of Medical Biotechnology and Translational Medicine, University of Milan, Milan, Italy.","[""Department of Medical Biotechnology and Translational Medicine, University of Milan, Milan, Italy.""]","[""Grassi S""]","[""31630412""]",1,1
aff_7523725681db8020,"Laboratorio de Investigación Aplicada a Neurociencias (LIAN), Instituto de Neurociencias (INEU), FLENI-CONICET, Buenos Aires, Argentina.","[""Laboratorio de Investigación Aplicada a Neurociencias (LIAN), Instituto de Neurociencias (INEU), FLENI-CONICET, Buenos Aires, Argentina.""]","[""Biani C"", ""Furmento V"", ""La Greca A"", ""Lombardi A"", ""Luzzani C"", ""Miriuka S"", ""Norris A""]","[""37036956""]",7,1
aff_757ed4495b008297,"Laboratory of Memory Research and Molecular Cognition, Institute for Cell Biology and Neuroscience, CONICET and University of Buenos Aires Medical School Buenos Aires, Argentina.","[""Laboratory of Memory Research and Molecular Cognition, Institute for Cell Biology and Neuroscience, CONICET and University of Buenos Aires Medical School Buenos Aires, Argentina.""]","[""Bekinschtein P""]","[""26779016""]",1,1
aff_7583b4a982c698e9,"Departamento de Microbiología, Facultad de Farmacia y Bioquímica, Biotecnología y Genética/Cátedra de Genética, Universidad de Buenos Aires, Inmunología, Ciudad Autónoma de Buenos Aires, Argentina.","[""Departamento de Microbiología, Facultad de Farmacia y Bioquímica, Biotecnología y Genética/Cátedra de Genética, Universidad de Buenos Aires, Inmunología, Ciudad Autónoma de Buenos Aires, Argentina.""]","[""Marques da Silva W""]","[""41709136""]",1,1
aff_75a132773bc86da1,"Perinatal Medicine Seedbed, School of Medicine, Pontificia Universidad Javeriana, Bogotá, Colombia.","[""Perinatal Medicine Seedbed, School of Medicine, Pontificia Universidad Javeriana, Bogotá, Colombia.""]","[""Quintero-Arciniegas L""]","[""35431989""]",1,1
aff_7632b2f5c08f5b58,"CEFYBO-CONICET, Universidad de Buenos Aires, Buenos Aires, Argentina.","[""CEFYBO-CONICET, Universidad de Buenos Aires, Buenos Aires, Argentina.""]","[""Aisemberg J"", ""Cymeryng C"", ""Franchi A""]","[""25819809""]",3,1
aff_766cb72e0d3f027d,"Administración Nacional de Laboratorios e Institutos de Salud ""Dr. Carlos Malbrán"" - ANLIS - Centro Nacional de Control de Calidad de Biológicos, Buenos Aires, Argentina.","[""Administración Nacional de Laboratorios e Institutos de Salud \""Dr. Carlos Malbrán\"" - ANLIS - Centro Nacional de Control de Calidad de Biológicos, Buenos Aires, Argentina.""]","[""Cangelosi A"", ""Geoghegan P""]","[""36227397""]",2,1
aff_76b7ea277c7bf876,"Nephrology Service, Hospital Británico de Buenos Aires, Perdriel 74, 1280, Buenos Aires, Argentina. htrimarchi@hotmail.com.","[""Nephrology Service, Hospital Británico de Buenos Aires, Perdriel 74, 1280, Buenos Aires, Argentina. htrimarchi@hotmail.com.""]","[""Trimarchi H""]","[""27733175""]",1,1
aff_7701c2af2e605840,"Division of Medical Biology, Department of Pathology and Medical Biology, University Medical Center Groningen, University of Groningen, Groningen, The Netherlands. Electronic address: f.spaans@umcg.nl.","[""Division of Medical Biology, Department of Pathology and Medical Biology, University Medical Center Groningen, University of Groningen, Groningen, The Netherlands. Electronic address: f.spaans@umcg.nl.""]","[""Spaans F""]","[""25963416""]",1,1
aff_77562cdb26c7cd84,"Universidad de Buenos Aires, Facultad de Ciencias Médicas, Departamento de Ciencias Fisiológicas, Buenos Aires, Argentina. lmuller@fmed.uba.ar.","[""Universidad de Buenos Aires, Facultad de Ciencias Médicas, Departamento de Ciencias Fisiológicas, Buenos Aires, Argentina. lmuller@fmed.uba.ar.""]","[""Igaz L""]","[""41571758""]",1,1
aff_778b94ed8eeeec62,"Laboratorio de Fisiopatogenia, Instituto de Fisiología y Biofísica, IFIBIO-Houssay (UBA-CONICET), Departamento de Ciencias Fisiológicas, Facultad de Medicina, Universidad de Buenos Aires, Buenos Aires, Argentina.","[""Laboratorio de Fisiopatogenia, Instituto de Fisiología y Biofísica, IFIBIO-Houssay (UBA-CONICET), Departamento de Ciencias Fisiológicas, Facultad de Medicina, Universidad de Buenos Aires, Buenos Aires, Argentina.""]","[""Amaral M"", ""Garimano N"", ""Gomez F"", ""Ibarra C"", ""Sacerdoti F"", ""Scalise M""]","[""35957815"", ""36004327""]",6,2
aff_77945ec9eeaf853b,"Red Iberoamericana de Alteraciones Vasculares en Transtornos del Embarazo (RIVATREM), Chillan, Chile; Institute of Biological Sciences and Health, Federal University of Mato Grosso, Barra do Garças, Brazil.","[""Red Iberoamericana de Alteraciones Vasculares en Transtornos del Embarazo (RIVATREM), Chillan, Chile; Institute of Biological Sciences and Health, Federal University of Mato Grosso, Barra do Garças, Brazil.""]","[""Giachini F""]","[""36878143""]",1,1
aff_7843b8ce05ab09cd,"Instituto de Investigaciones Biotecnológicas Rodolfo Ugalde-Instituto Tecnológico de Chascomús (IIB-INTECH), Universidad Nacional de San Martín (UNSAM), Consejo Nacional de Investigaciones Científicas y Técnicas (CONICET), Argentina.","[""Instituto de Investigaciones Biotecnológicas Rodolfo Ugalde-Instituto Tecnológico de Chascomús (IIB-INTECH), Universidad Nacional de San Martín (UNSAM), Consejo Nacional de Investigaciones Científicas y Técnicas (CONICET), Argentina.""]","[""Briones G"", ""Ciocchini A""]","[""28643674""]",2,1
aff_789f6b4484afab70,"Laboratorio de Biología de la Reproducción, IFIBIO-UBA-CONICET, Buenos Aires, Argentina.","[""Laboratorio de Biología de la Reproducción, IFIBIO-UBA-CONICET, Buenos Aires, Argentina.""]","[""Martinez N""]","[""30564135""]",1,1
aff_7917923f159f2c75,"Department of Neurosurgery, Yale University School of Medicine, New Haven, Connecticut.","[""Department of Neurosurgery, Yale University School of Medicine, New Haven, Connecticut.""]","[""Greer C""]","[""30628061""]",1,1
aff_792f9b1c452818fc,"Department of Life Sciences, Ben-Gurion University of the Negev, Beer Sheva, Israel.","[""Department of Life Sciences, Ben-Gurion University of the Negev, Beer Sheva, Israel.""]","[""Garcia-Venzor A"", ""Toiber D""]","[""34804128""]",2,1
aff_795bfc2422ef9498,"Universidad de Buenos Aires, CONICET, Facultad de Medicina, Departamento de Fisiología, Instituto de Fisiología y Biofísica Bernardo Houssay (IFIBIO), Paraguay, 2155, 7th floor, C1121ABG, Buenos Aires, Argentina.","[""Universidad de Buenos Aires, CONICET, Facultad de Medicina, Departamento de Fisiología, Instituto de Fisiología y Biofísica Bernardo Houssay (IFIBIO), Paraguay, 2155, 7th floor, C1121ABG, Buenos Aires, Argentina.""]","[""Navarro N""]","[""28069463""]",1,1
aff_7a59e05520429531,"Laboratório de Biofármacos, Instituto Butantan, Sao Paulo 05503-900, Brazil.","[""Laboratório de Biofármacos, Instituto Butantan, Sao Paulo 05503-900, Brazil.""]","[""Moro A"", ""Quintilio W""]","[""34822608""]",2,1
aff_7a8dd683d82dcf1e,"Departamento de Biología, Bioquímica y Farmacia, Universidad Nacional Del Sur (UNS), Bahía Blanca, Argentina.","[""Departamento de Biología, Bioquímica y Farmacia, Universidad Nacional Del Sur (UNS), Bahía Blanca, Argentina.""]","[""Lacour A"", ""Romussi S""]","[""41571758""]",2,1
aff_7aa00326aad39b72,"Sorbonne Université, UPMC UnivParis06, CNRS, UMR7190, Institut Jean Le Rond d'Alembert, 75005, Paris, France. Electronic address: emmanuelle.manou@gmail.com.","[""Sorbonne Université, UPMC UnivParis06, CNRS, UMR7190, Institut Jean Le Rond d'Alembert, 75005, Paris, France. Electronic address: emmanuelle.manou@gmail.com.""]","[""Carre E""]","[""31521898""]",1,1
aff_7ab5a3572fa1d777,"Departamento de Biología, Facultad de Química y Biología, Universidad de Santiago de Chile, Santiago, Chile. Electronic address: maria.pertusa@usach.cl.","[""Departamento de Biología, Facultad de Química y Biología, Universidad de Santiago de Chile, Santiago, Chile. Electronic address: maria.pertusa@usach.cl.""]","[""Pertusa M""]","[""42097396""]",1,1
aff_7acc6e448316a8bb,"Neurology Department, Laboratorio Neuroquímica Dr Néstor Chamoles Buenos Aires, Buenos Aires, Argentina.","[""Neurology Department, Laboratorio Neuroquímica Dr Néstor Chamoles Buenos Aires, Buenos Aires, Argentina.""]","[""Politei J""]","[""30747154""]",1,1
aff_7ada5096bb8c32d8,"Faculty of Pharmacy and Biochemistry, University of Buenos Aires, Buenos Aires, Argentina.","[""Faculty of Pharmacy and Biochemistry, University of Buenos Aires, Buenos Aires, Argentina.""]","[""Pasquini J""]","[""34823607""]",1,1
aff_7bce89c208cade4c,"Neuronal Physiopathology Laboratory, Systems Neuroscience Group, IFIBIO Houssay, University of Buenos Aires School of Medicine, Buenos Aires (C1121ABG), Argentina lmuller@fmed.uba.ar.","[""Neuronal Physiopathology Laboratory, Systems Neuroscience Group, IFIBIO Houssay, University of Buenos Aires School of Medicine, Buenos Aires (C1121ABG), Argentina lmuller@fmed.uba.ar.""]","[""Igaz L""]","[""25392493""]",1,1
aff_7be356d8a2c9fa2e,"Universidad de Buenos Aires, Facultad de Ciencias Exactas y Naturales, Departamento de Química Biológica, Laboratorio de Biosensores y Bioanálisis, IQUIBICEN UBA-CONICET, Buenos Aires, Argentina.","[""Universidad de Buenos Aires, Facultad de Ciencias Exactas y Naturales, Departamento de Química Biológica, Laboratorio de Biosensores y Bioanálisis, IQUIBICEN UBA-CONICET, Buenos Aires, Argentina.""]","[""Vlachovsky S""]","[""40577142""]",1,1
aff_7bf518fd88f9b850,"Servicio Fisiopatogenia, INEI-ANLIS ""Dr. Carlos G. Malbrán"", Buenos Aires 1282, Argentina.","[""Servicio Fisiopatogenia, INEI-ANLIS \""Dr. Carlos G. Malbrán\"", Buenos Aires 1282, Argentina.""]","[""Chinen I"", ""Rivas M"", ""Zolezzi G""]","[""28888654""]",3,1
aff_7bf61284bc2bf88d,"Post-Graduate Program in Rehabilitation Sciences, Unisuam Rio de Janeiro, Brazil.","[""Post-Graduate Program in Rehabilitation Sciences, Unisuam Rio de Janeiro, Brazil.""]","[""De Oliveira L"", ""Rodrigues E""]","[""27625602""]",2,1
aff_7c4c03c3c032b3b8,"Laboratorio de Biomembranas. Instituto de Fisiología y Biofísica Bernardo Houssay (IFIBIO Houssay). Facultad de Medicina, Universidad de Buenos Aires, Paraguay 2155, C1121ABG Buenos Aires, Argentina. Electronic address: teresapoliti@yahoo.com.ar.","[""Laboratorio de Biomembranas. Instituto de Fisiología y Biofísica Bernardo Houssay (IFIBIO Houssay). Facultad de Medicina, Universidad de Buenos Aires, Paraguay 2155, C1121ABG Buenos Aires, Argentina. Electronic address: teresapoliti@yahoo.com.ar.""]","[""Politi M""]","[""27016670""]",1,1
aff_7c59d6b55309d6cb,"Laboratorio de Ingeniería Genética y Biología Celular y Molecular, Universidad Nacional de Quilmes, Buenos Aires, Argentina.","[""Laboratorio de Ingeniería Genética y Biología Celular y Molecular, Universidad Nacional de Quilmes, Buenos Aires, Argentina.""]","[""Bentancor L"", ""Del Cogliano M"", ""Ghiringhelli P""]","[""28643674"", ""30619183""]",3,2
aff_7c732adf1e570f60,"Universidad de Buenos Aires, Facultad de Medicina, Departamento de Ciencias Fisiológicas, Buenos Aires, Argentina.","[""Universidad de Buenos Aires, Facultad de Medicina, Departamento de Ciencias Fisiológicas, Buenos Aires, Argentina.""]","[""Bumaschny V"", ""Murer M"", ""Rela L""]","[""30283405"", ""40553107""]",3,2
aff_7c90cc7f36ca1c40,"Department of Pharmacology and Toxicology, Faculty of Pharmacy in Hradec Kralove, Charles University, Hradec Kralove, Czechia.","[""Department of Pharmacology and Toxicology, Faculty of Pharmacy in Hradec Kralove, Charles University, Hradec Kralove, Czechia.""]","[""Abad C""]","[""40642510""]",1,1
aff_7cfdbeb18e480ee2,"Service de Chirurgie Vasculaire, Hôpitaux Universitaires La Pitié-Salpêtrière, 47-83 Bd de l'Hôpital, 75013 Paris, France.","[""Service de Chirurgie Vasculaire, Hôpitaux Universitaires La Pitié-Salpêtrière, 47-83 Bd de l'Hôpital, 75013 Paris, France.""]","[""Khelifa I""]","[""27016670""]",1,1
aff_7d0f4343f6c458b6,"Universidad de Buenos Aires, Facultad de Farmacia y Bioquímica, Departamento de Ciencias Biológicas, Cátedra de Biología Celular y Molecular, Buenos Aires, Argentina; Universidad de Buenos Aires, CONICET, Instituto de Fisiología y Biofísica Bernardo Houssay (IFIBIO Houssay), Laboratorio de Biología de la Reproducción, Buenos Aires, Argentina.","[""Universidad de Buenos Aires, Facultad de Farmacia y Bioquímica, Departamento de Ciencias Biológicas, Cátedra de Biología Celular y Molecular, Buenos Aires, Argentina; Universidad de Buenos Aires, CONICET, Instituto de Fisiología y Biofísica Bernardo Houssay (IFIBIO Houssay), Laboratorio de Biología de la Reproducción, Buenos Aires, Argentina.""]","[""Fernandez N"", ""Sierra M""]","[""41014673""]",2,1
aff_7d38f3d04af56582,"División Trombosis, Instituto de investigaciones Hematológicas ""Mariano R. Castex"", Academia Nacional de Medicina, 1425 Buenos Aires, Argentina. fabiana@hematologia.anm.edu.ar.","[""División Trombosis, Instituto de investigaciones Hematológicas \""Mariano R. Castex\"", Academia Nacional de Medicina, 1425 Buenos Aires, Argentina. fabiana@hematologia.anm.edu.ar.""]","[""Alberto F""]","[""29068360""]",1,1
aff_7d988c4443f307d5,"Department of Obstetrics and Gynecology, University of Washington, Seattle, Washington, United States of America.","[""Department of Obstetrics and Gynecology, University of Washington, Seattle, Washington, United States of America.""]","[""Gornalusse G"", ""Henrich T"", ""Hladik F"", ""Levy C"", ""Reppetti J"", ""Vo P""]","[""38019897""]",6,1
aff_7de9f9d798aa4a99,"Université Paris-Saclay, INRAE, AgroParisTech, MICALIS, Jouy-en-Josas, France. jean-marc.chatel@inrae.fr.","[""Université Paris-Saclay, INRAE, AgroParisTech, MICALIS, Jouy-en-Josas, France. jean-marc.chatel@inrae.fr.""]","[""Chatel J""]","[""41709136""]",1,1
aff_7e121574a05e66ef,"Laboratorio de Neurobiología de la Memoria, Departamento de Fisiología y Biología Molecular y Celular, Facultad de Ciencias Exactas y Naturales, Universidad de Buenos AiresBuenos Aires, Argentina.","[""Laboratorio de Neurobiología de la Memoria, Departamento de Fisiología y Biología Molecular y Celular, Facultad de Ciencias Exactas y Naturales, Universidad de Buenos AiresBuenos Aires, Argentina.""]","[""Freudenthal R"", ""Romano A"", ""Salles A""]","[""28439227""]",3,1
aff_7e60091ebb6e539c,"Unidad de Nefrología, Hospital General de Niños Ricardo Gutiérrez, Buenos Aires, Argentina. Electronic address: Jliern@yahoo.com.","[""Unidad de Nefrología, Hospital General de Niños Ricardo Gutiérrez, Buenos Aires, Argentina. Electronic address: Jliern@yahoo.com.""]","[""Liern M""]","[""36166246""]",1,1
aff_7f569a3a1ea595f5,"Centro de Investigación Veterinaria de Tandil (CONICET-CIC-UNCPBA), Facultad de Ciencias Veterinarias, Tandil 7000, Argentina. akruger@vet.unicen.edu.ar.","[""Centro de Investigación Veterinaria de Tandil (CONICET-CIC-UNCPBA), Facultad de Ciencias Veterinarias, Tandil 7000, Argentina. akruger@vet.unicen.edu.ar.""]","[""Kruger A""]","[""30274180""]",1,1
aff_7f5ceab98bd48c7c,"Academia De Genómica, Instituto Politécnico Nacional-CIIDIR Durango, Durango, Mexico.","[""Academia De Genómica, Instituto Politécnico Nacional-CIIDIR Durango, Durango, Mexico.""]","[""Barragan-Zuniga L"", ""Blanco-Castaneda R"", ""Galaviz-Hernandez C"", ""Sosa-Macias M""]","[""32129110"", ""36117714""]",4,2
aff_7f7b3a8d4619a861,"Cell Biology Laboratory, Institute of Health and Biological Sciences, Federal University of Alagoas , Alagoas, Brazil.","[""Cell Biology Laboratory, Institute of Health and Biological Sciences, Federal University of Alagoas , Alagoas, Brazil.""]","[""Borbely A"", ""Tanabe E""]","[""32482148""]",2,1
aff_7f822e3313d9d93f,"Grupo de Neurociencia de Sistemas, Instituto de Fisiología y Biofísica ""Houssay"" (IFIBIO ""Houssay""), Universidad de Buenos Aires, Consejo Nacional de Investigaciones Científicas y Técnicas (CONICET), C1121ABG Ciudad Autónoma de Buenos Aires, Argentina.","[""Grupo de Neurociencia de Sistemas, Instituto de Fisiología y Biofísica \""Houssay\"" (IFIBIO \""Houssay\""), Universidad de Buenos Aires, Consejo Nacional de Investigaciones Científicas y Técnicas (CONICET), C1121ABG Ciudad Autónoma de Buenos Aires, Argentina.""]","[""Silva A""]","[""35853718""]",1,1
aff_7f97c3e3ee25024f,"Centro de Desenvolvimento de Anticorpos, Instituto Butantan, São Paulo, SP 05503-900, Brazil.","[""Centro de Desenvolvimento de Anticorpos, Instituto Butantan, São Paulo, SP 05503-900, Brazil.""]","[""Bom A"", ""Luz D"", ""Piazza R""]","[""42347511""]",3,1
aff_7fbc18d50da60faa,"Facultad de Ciencias Médicas, Universidad de Buenos Aires (UBA), Consejo Nacional de Investigaciones Científicas y Técnicas (CONICET), Instituto de Fisiología y Biofísica ""Bernardo Houssay"" (IFIBIO-HOUSSAY), Laboratorio de Biomembranas, Buenos Aires, Argentina.","[""Facultad de Ciencias Médicas, Universidad de Buenos Aires (UBA), Consejo Nacional de Investigaciones Científicas y Técnicas (CONICET), Instituto de Fisiología y Biofísica \""Bernardo Houssay\"" (IFIBIO-HOUSSAY), Laboratorio de Biomembranas, Buenos Aires, Argentina.""]","[""Capurro C"", ""Politi M""]","[""40451786""]",2,1
aff_800ebd1c62140adc,"Laboratorio de Parkinson Experimental, Instituto de Investigaciones Farmacológicas (ININFA-CONICET-UBA), Ciudad Autónoma de Buenos Aires, Argentina.","[""Laboratorio de Parkinson Experimental, Instituto de Investigaciones Farmacológicas (ININFA-CONICET-UBA), Ciudad Autónoma de Buenos Aires, Argentina.""]","[""Gomez G""]","[""31630412""]",1,1
aff_80c59da7f77a18cb,"Division of Radiation Health, College of Pharmacy, University of Arkansas for Medical Sciences, Little Rock, Arkansas, USA.","[""Division of Radiation Health, College of Pharmacy, University of Arkansas for Medical Sciences, Little Rock, Arkansas, USA.""]","[""Kiffer F""]","[""31630412""]",1,1
aff_80e97758033b2e20,"Laboratorio Bases neuronales del comportamiento, Departamento de Ciencias Fisiológicas, Facultad de Ciencias Médicas, Universidad de Buenos Aires, Ciudad Autónoma de Buenos Aires, Buenos Aires, Argentina.","[""Laboratorio Bases neuronales del comportamiento, Departamento de Ciencias Fisiológicas, Facultad de Ciencias Médicas, Universidad de Buenos Aires, Ciudad Autónoma de Buenos Aires, Buenos Aires, Argentina.""]","[""Belluscio M"", ""Coletti M"", ""Silva A""]","[""38950066""]",3,1
aff_80edbfc28e9f1eee,"Athinoula A. Martinos Center for Biomedical Imaging, Department of Radiology, Massachusetts General Hospital, Harvard Medical School, Boston, MA, USA.","[""Athinoula A. Martinos Center for Biomedical Imaging, Department of Radiology, Massachusetts General Hospital, Harvard Medical School, Boston, MA, USA.""]","[""Huang S"", ""Lee H""]","[""41040166""]",2,1
aff_80feb055149bc537,"Instituto de Neurociencia Cognitiva y Traslacional, Concejo Nacional de Investigaciones Científicas y tecnológicas (CONICET), Universidad Favaloro, Instituto de Neurología Cognitiva (INECO), Pacheco de Melo 1860, C1126AAB Buenos Aires, Argentina. Electronic address: nweisstaub@favaloro.edu.ar.","[""Instituto de Neurociencia Cognitiva y Traslacional, Concejo Nacional de Investigaciones Científicas y tecnológicas (CONICET), Universidad Favaloro, Instituto de Neurología Cognitiva (INECO), Pacheco de Melo 1860, C1126AAB Buenos Aires, Argentina. Electronic address: nweisstaub@favaloro.edu.ar.""]","[""Weisstaub N""]","[""35597334""]",1,1
aff_818694892a796f8c,"CONICET-Universidad de Buenos Aires, Instituto de Inmunología, Genética y Metabolismo (INIGEM), Buenos Aires, Argentina.","[""CONICET-Universidad de Buenos Aires, Instituto de Inmunología, Genética y Metabolismo (INIGEM), Buenos Aires, Argentina.""]","[""Gomes Pio M"", ""Rivolta C""]","[""42611393""]",2,1
aff_81be4ded416def6c,"Universidad de Buenos Aires - CONICET, Instituto de Fisiología y Biofísica Bernardo Houssay (IFIBIO), Buenos Aires, Argentina.","[""Universidad de Buenos Aires - CONICET, Instituto de Fisiología y Biofísica Bernardo Houssay (IFIBIO), Buenos Aires, Argentina.""]","[""Murer M"", ""Rela L""]","[""34823607""]",2,1
aff_81d6ffcea2ee2436,"Red Iberoamericana de Alteraciones Vasculares Asociadas a Trastornos del Embarazo (RIVA-TREM), Buenos Aires, Argentina.","[""Red Iberoamericana de Alteraciones Vasculares Asociadas a Trastornos del Embarazo (RIVA-TREM), Buenos Aires, Argentina.""]","[""Farina M"", ""Martinez N""]","[""30564135""]",2,1
aff_81e8c71bde1a555f,"Grupo de Neurobiología, Fisiología y Comportamiento, Departamento de Ciencias Fisiológicas, Facultad de Medicina, Universidad Nacional de Colombia. Carrera 30 No. 45-03, Edificio 471, Bogotá, DC, Colombia. Electronic address: zjduenasg@unal.edu.co.","[""Grupo de Neurobiología, Fisiología y Comportamiento, Departamento de Ciencias Fisiológicas, Facultad de Medicina, Universidad Nacional de Colombia. Carrera 30 No. 45-03, Edificio 471, Bogotá, DC, Colombia. Electronic address: zjduenasg@unal.edu.co.""]","[""Duenas Z""]","[""42097396""]",1,1
aff_820dd8b50756cf0a,"Grupo de Neurociencia de Sistemas, Facultad de Medicina, Instituto de Fisiología y Biofísica Bernardo Houssay (IFIBIO Houssay), Consejo Nacional de Investigaciones Científicas y Técnicas (CONICET), Universidad de Buenos Aires, Buenos Aires, Argentina.","[""Grupo de Neurociencia de Sistemas, Facultad de Medicina, Instituto de Fisiología y Biofísica Bernardo Houssay (IFIBIO Houssay), Consejo Nacional de Investigaciones Científicas y Técnicas (CONICET), Universidad de Buenos Aires, Buenos Aires, Argentina.""]","[""Acosta L"", ""Brocardo L"", ""Piantanida A"", ""Rela L""]","[""31780897""]",4,1
aff_82438d989000fa04,"Department of Human Anatomy, School of Medicine, University of Murcia and IMIB-Arrixaca Institute, Carretera Buenavista s/n, 30120, El Palmar, Murcia, Spain. Electronic address: jlferran@um.es.","[""Department of Human Anatomy, School of Medicine, University of Murcia and IMIB-Arrixaca Institute, Carretera Buenavista s/n, 30120, El Palmar, Murcia, Spain. Electronic address: jlferran@um.es.""]","[""Ferran J""]","[""32311511""]",1,1
aff_8266523032086167,"Laboratorio De Biología De La Reproducción, IFIBIO Houssay-UBA-CONICET, Buenos Aires, Argentina.","[""Laboratorio De Biología De La Reproducción, IFIBIO Houssay-UBA-CONICET, Buenos Aires, Argentina.""]","[""Damiano A""]","[""32129110""]",1,1
aff_826faa5c5325ce0d,"Universidad de Buenos Aires, Facultad de Farmacia y Bioquímica, Departamento de Ciencias Biológicas, Cátedra de Biología Celular y Molecular, Buenos Aires, Argentina; Universidad de Buenos Aires, CONICET, Instituto de Fisiología y Biofísica Bernardo Houssay (IFIBIO Houssay), Laboratorio de Biología de la Reproducción, Buenos Aires, Argentina. Electronic address: adamiano@ffyb.uba.ar.","[""Universidad de Buenos Aires, Facultad de Farmacia y Bioquímica, Departamento de Ciencias Biológicas, Cátedra de Biología Celular y Molecular, Buenos Aires, Argentina; Universidad de Buenos Aires, CONICET, Instituto de Fisiología y Biofísica Bernardo Houssay (IFIBIO Houssay), Laboratorio de Biología de la Reproducción, Buenos Aires, Argentina. Electronic address: adamiano@ffyb.uba.ar.""]","[""Damiano A""]","[""40976751"", ""41014673""]",1,2
aff_828ef310deaf1171,"Departamento de Nefrología, Hospital Municipal del Niño, San Justo, B1754FUD Provincia de Buenos Aires, Argentina. Raexeni@gmail.com.","[""Departamento de Nefrología, Hospital Municipal del Niño, San Justo, B1754FUD Provincia de Buenos Aires, Argentina. Raexeni@gmail.com.""]","[""Exeni R""]","[""29068360""]",1,1
aff_82efff6c0763a986,"Departamento de Fisiología y Biología Molecular y Celular, Facultad de Ciencias Exactas y Naturales, Universidad de Buenos Aires, Intendente Güiraldes 2160, Ciudad Universitaria, Buenos Aires, 1428, Argentina.","[""Departamento de Fisiología y Biología Molecular y Celular, Facultad de Ciencias Exactas y Naturales, Universidad de Buenos Aires, Intendente Güiraldes 2160, Ciudad Universitaria, Buenos Aires, 1428, Argentina.""]","[""Melani M""]","[""40603573""]",1,1
aff_833389ea9e724f8f,"Departamento de Ciencias Fisiológicas, Instituto de Fisiología y Biofísica Bernardo Houssay (IFIBIO Houssay-CONICET), Facultad de Medicina, Universidad de Buenos Aires, Paraguay 2155, Piso 4, Buenos Aires, 1121, Argentina.","[""Departamento de Ciencias Fisiológicas, Instituto de Fisiología y Biofísica Bernardo Houssay (IFIBIO Houssay-CONICET), Facultad de Medicina, Universidad de Buenos Aires, Paraguay 2155, Piso 4, Buenos Aires, 1121, Argentina.""]","[""Marquez L""]","[""27521227""]",1,1
aff_83418c87b4dbaab1,"Laboratory of Vascular Biology, Institute of Biological Sciences and Health, Federal University of Mato Grosso, Barra do Garças, Brazil.","[""Laboratory of Vascular Biology, Institute of Biological Sciences and Health, Federal University of Mato Grosso, Barra do Garças, Brazil.""]","[""Giachini F""]","[""31396108""]",1,1
aff_83905f8a70f2d6e5,"Laboratório de Bacteriologia, Instituto Butantan, Sao Paulo 05503-900, Brazil.","[""Laboratório de Bacteriologia, Instituto Butantan, Sao Paulo 05503-900, Brazil.""]","[""Ferreira R"", ""Luz D"", ""Melo B"", ""Piazza R""]","[""34822608""]",4,1
aff_83bd468f7e35eeaf,"Vascular Physiology Laboratory Group of Investigation in Tumor Angiogenesis (GIANT) Group of Research and Innovation in Vascular Health (GRIVAS Health) Basic Sciences Department Faculty of Sciences, Universidad del Bio-Bio, Chillan, Chile. cescudero@ubiobio.cl.","[""Vascular Physiology Laboratory Group of Investigation in Tumor Angiogenesis (GIANT) Group of Research and Innovation in Vascular Health (GRIVAS Health) Basic Sciences Department Faculty of Sciences, Universidad del Bio-Bio, Chillan, Chile. cescudero@ubiobio.cl.""]","[""Escudero C""]","[""28986756""]",1,1
aff_83d05cc4ffaf2479,"Behavioural and Clinical Neurosciences Unit, University of Cambridge, Cambridge CB2 3EB, United Kingdom.","[""Behavioural and Clinical Neurosciences Unit, University of Cambridge, Cambridge CB2 3EB, United Kingdom.""]","[""Anderson M""]","[""35853718""]",1,1
aff_843454e9a23523a6,"Cátedra De Biología Celular Y Molecular, Departamento De Ciencias Biológicas, Facultad De Farmacia Y Bioquímica, Universidad De Buenos Aires . Buenos Aires, Argentina.","[""Cátedra De Biología Celular Y Molecular, Departamento De Ciencias Biológicas, Facultad De Farmacia Y Bioquímica, Universidad De Buenos Aires . Buenos Aires, Argentina.""]","[""Damiano A"", ""Ibarra C""]","[""32482148""]",2,1
aff_846d2fbb48b802d7,"Laboratório de Biofármacos em Células Animais, Instituto Butantan, São Paulo, SP 05503-900, Brazil. wagner.quintilio@butantan.gov.br.","[""Laboratório de Biofármacos em Células Animais, Instituto Butantan, São Paulo, SP 05503-900, Brazil. wagner.quintilio@butantan.gov.br.""]","[""Quintilio W""]","[""30513821""]",1,1
aff_846fef047571448d,"Departamento de Fisiología, Biología Molecular y Celular ""Dr. Héctor Maldonado"" (FBMC), Universidad de Buenos Aires, Facultad de Ciencias Exactas y Naturales, Buenos Aires, Argentina. hviola@fmed.uba.ar.","[""Departamento de Fisiología, Biología Molecular y Celular \""Dr. Héctor Maldonado\"" (FBMC), Universidad de Buenos Aires, Facultad de Ciencias Exactas y Naturales, Buenos Aires, Argentina. hviola@fmed.uba.ar.""]","[""Viola H""]","[""42086667""]",1,1
aff_849cfdb1cdb65021,"Cátedra de Biología Celulary Molecular, Departamento de Ciencias Biológicas. Facultad de Farmacia y Bioquímica, Universidad de Buenos Aires, Buenos Aires, Argentina. adamiano@ffyb.uba.ar.","[""Cátedra de Biología Celulary Molecular, Departamento de Ciencias Biológicas. Facultad de Farmacia y Bioquímica, Universidad de Buenos Aires, Buenos Aires, Argentina. adamiano@ffyb.uba.ar.""]","[""Damiano A""]","[""36717499""]",1,1
aff_84d60a0f2c172882,"Departamento de Fisiología y Biología Molecular y Celular, Facultad de Ciencias Exactas y Naturales, Universidad de Buenos Aires, Intendente Güiraldes 2160, Ciudad Universitaria, Buenos Aires, 1428, Argentina. PWAPPNER@LELOIR.ORG.AR.","[""Departamento de Fisiología y Biología Molecular y Celular, Facultad de Ciencias Exactas y Naturales, Universidad de Buenos Aires, Intendente Güiraldes 2160, Ciudad Universitaria, Buenos Aires, 1428, Argentina. PWAPPNER@LELOIR.ORG.AR.""]","[""Wappner P""]","[""40603573""]",1,1
aff_84d7fd1c09ce8882,"Universidad de Buenos Aires (UBA-CONICET), Instituto de Fisiología y Biofísica Bernardo Houssay (IFIBIO-Houssay), Laboratorio de Biología de la Reproducción, Facultad de Medicina, Buenos Aires, Argentina; Universidad de Buenos Aires, Facultad de Farmacia y Bioquímica, Departamento de Ciencias Biológicas, Cátedra de Biología Celular y Molecular, Buenos Aires, Argentina.","[""Universidad de Buenos Aires (UBA-CONICET), Instituto de Fisiología y Biofísica Bernardo Houssay (IFIBIO-Houssay), Laboratorio de Biología de la Reproducción, Facultad de Medicina, Buenos Aires, Argentina; Universidad de Buenos Aires, Facultad de Farmacia y Bioquímica, Departamento de Ciencias Biológicas, Cátedra de Biología Celular y Molecular, Buenos Aires, Argentina.""]","[""Alicia D"", ""Damiano A""]","[""40527250"", ""40882494"", ""41950695""]",2,3
aff_852d74c65cb2b17b,"Clínica Pediátrica, Unidad Terapia Intensiva, Hospital Británico, Buenos Aires, Argentina.","[""Clínica Pediátrica, Unidad Terapia Intensiva, Hospital Británico, Buenos Aires, Argentina.""]","[""Magliola R""]","[""36464947""]",1,1
aff_857869a1ecf4915a,"Pharmacogenomics Academia, Instituto Politécnico Nacional-CIIDIR Durango, Mexico; Red Iberoamericana de Alteraciones Vasculares en Transtornos del Embarazo (RIVATREM), Chillan, Chile.","[""Pharmacogenomics Academia, Instituto Politécnico Nacional-CIIDIR Durango, Mexico; Red Iberoamericana de Alteraciones Vasculares en Transtornos del Embarazo (RIVATREM), Chillan, Chile.""]","[""Sosa-Macias M""]","[""36878143""]",1,1
aff_857aec0595b3510a,"Centro de Neurobiología y Fisiopatología Integrativa (CENFI), Instituto de Fisiología, Universidad de Valparaíso, Valparaíso 2340000, Chile; Programa de Doctorado en Ciencias, Mención Neurociencia, Universidad de Valparaíso, Valparaíso 2340000, Chile.","[""Centro de Neurobiología y Fisiopatología Integrativa (CENFI), Instituto de Fisiología, Universidad de Valparaíso, Valparaíso 2340000, Chile; Programa de Doctorado en Ciencias, Mención Neurociencia, Universidad de Valparaíso, Valparaíso 2340000, Chile.""]","[""Santander O""]","[""39855537""]",1,1
aff_85999b737ff785d5,"Universidad de Buenos Aires, Laboratorio de Nefrología Experimental y Bioquímica Molecular, Instituto de Investigaciones Médicas A. Lanari, Buenos Aires, Argentina.","[""Universidad de Buenos Aires, Laboratorio de Nefrología Experimental y Bioquímica Molecular, Instituto de Investigaciones Médicas A. Lanari, Buenos Aires, Argentina.""]","[""Celia A"", ""Di Ciano L"", ""Guevara D"", ""Oddo E"", ""Solerno M"", ""Toledo J""]","[""36549423""]",6,1
aff_85e055e59d8bde34,"Laboratorio de Patogénesis y de Procesos Infecciosos, Instituto de Medicina Experimental, (IMEX-CONICET), Academia Nacional de Medicina, Argentina.","[""Laboratorio de Patogénesis y de Procesos Infecciosos, Instituto de Medicina Experimental, (IMEX-CONICET), Academia Nacional de Medicina, Argentina.""]","[""Fernandez-Brando R""]","[""28643674""]",1,1
aff_874dfc8e1d00d458,"Grupo de Neurociencia de Sistemas, Departamento de Fisiología, Facultad de Medicina, Instituto de Fisiología y Biofísica (IFIBIO), UBA, Ciudad de Buenos Aires, Argentina.","[""Grupo de Neurociencia de Sistemas, Departamento de Fisiología, Facultad de Medicina, Instituto de Fisiología y Biofísica (IFIBIO), UBA, Ciudad de Buenos Aires, Argentina.""]","[""Weisstaub N""]","[""26484945""]",1,1
aff_87aabd0673c7d810,"Department of Neuroscience, Feinberg School of Medicine, Northwestern University, Chicago, IL 60611, USA; Aligning Science Across Parkinson's (ASAP) Collaborative Research Network, Chevy Chase, MD 20815, USA. Electronic address: j-surmeier@northwestern.edu.","[""Department of Neuroscience, Feinberg School of Medicine, Northwestern University, Chicago, IL 60611, USA; Aligning Science Across Parkinson's (ASAP) Collaborative Research Network, Chevy Chase, MD 20815, USA. Electronic address: j-surmeier@northwestern.edu.""]","[""Surmeier D""]","[""37852390""]",1,1
aff_87b8f63f7f9fcce6,"Department of Physiology and Institute of Physiology and Biophysics (IFIBIO), School of Medicine, University of Buenos Aires, Paraguay 2155 7th floor, C1121ABG, Ciudad Autónoma de Buenos Aires, Argentina.","[""Department of Physiology and Institute of Physiology and Biophysics (IFIBIO), School of Medicine, University of Buenos Aires, Paraguay 2155 7th floor, C1121ABG, Ciudad Autónoma de Buenos Aires, Argentina.""]","[""Bejarano A"", ""Faillace M"", ""Medrano M"", ""Pisera-Fuster A""]","[""28130648""]",4,1
aff_87cf1c37bb466c05,"Departamento de Pediatría, Facultad de Medicina, Universidad de Buenos Aires, Buenos Aires, Argentina.","[""Departamento de Pediatría, Facultad de Medicina, Universidad de Buenos Aires, Buenos Aires, Argentina.""]","[""Repetto H""]","[""24466317""]",1,1
aff_88385f429325171f,"IFIBIO Houssay, Grupo de Neurociencia de Sistemas, Facultad de Medicina, Universidad de Buenos Aires -CONICET, Buenos Aires, Argentina.","[""IFIBIO Houssay, Grupo de Neurociencia de Sistemas, Facultad de Medicina, Universidad de Buenos Aires -CONICET, Buenos Aires, Argentina.""]","[""Charif S"", ""Igaz L"", ""Salvanal L"", ""Vassallu M""]","[""34916412""]",4,1
aff_887617d5e5c56af4,"UCSF. University of California, San Francisco, Fein Memory and Aging Center, San Francisco, California, USA.","[""UCSF. University of California, San Francisco, Fein Memory and Aging Center, San Francisco, California, USA.""]","[""Possin K""]","[""42675027""]",1,1
aff_891224f51168c3c9,"Midlands Integrative Biosciences Training Partnership, University of Warwick, Coventry, UK.","[""Midlands Integrative Biosciences Training Partnership, University of Warwick, Coventry, UK.""]","[""Karikari T""]","[""31630412""]",1,1
aff_893f2761d4123230,"Systems Neuroscience Group, IFIBIO Bernardo Houssay, CONICET and Universidad de Buenos Aires, Department of Physiology and Biophysics, University of Buenos Aires School of Medicine, Buenos Aires, Argentina 1121, mvescande@gmail.com.","[""Systems Neuroscience Group, IFIBIO Bernardo Houssay, CONICET and Universidad de Buenos Aires, Department of Physiology and Biophysics, University of Buenos Aires School of Medicine, Buenos Aires, Argentina 1121, mvescande@gmail.com.""]","[""Escande M""]","[""27225760""]",1,1
aff_8947a5bf05c4a166,"Universidad de Buenos Aires, Instituto de Fisiología y Biofísica Bernardo Houssay, Grupo de Neurociencia de Sistemas, CONICET, 2155 Paraguay St, Buenos Aires, 1121, Argentina. agostinastahl@yahoo.com.","[""Universidad de Buenos Aires, Instituto de Fisiología y Biofísica Bernardo Houssay, Grupo de Neurociencia de Sistemas, CONICET, 2155 Paraguay St, Buenos Aires, 1121, Argentina. agostinastahl@yahoo.com.""]","[""Stahl A""]","[""41817828""]",1,1
aff_897c40e6df90ec1b,"Centro de Altos Estudios en Ciencias de la Salud, Universidad Abierta Interamericana, Buenos Aires, Argentina.","[""Centro de Altos Estudios en Ciencias de la Salud, Universidad Abierta Interamericana, Buenos Aires, Argentina.""]","[""Bustamante J""]","[""30658119""]",1,1
aff_8996ed8fa46943e2,"Laboratorio de Biología de La Reproducción, Instituto de Fisiología y Biofísica Bernardo Houssay (IFIBIO)- CONICET- Facultad de Medicina, Universidad de Buenos Aires. Buenos Aires, Argentina; Cátedra de Biología Celular y Molecular, Departamento de Ciencias Biológicas, Facultad de Farmacia y Bioquímica, Universidad de Buenos Aires, Argentina.","[""Laboratorio de Biología de La Reproducción, Instituto de Fisiología y Biofísica Bernardo Houssay (IFIBIO)- CONICET- Facultad de Medicina, Universidad de Buenos Aires. Buenos Aires, Argentina; Cátedra de Biología Celular y Molecular, Departamento de Ciencias Biológicas, Facultad de Farmacia y Bioquímica, Universidad de Buenos Aires, Argentina.""]","[""Damiano A""]","[""31018904""]",1,1
aff_89c34679d0842218,"Rosario Chemistry Institute (CONICET-UNR), School of Biochemical and Pharmaceutical Sciences, National University of Rosario, Rosario, Argentina.","[""Rosario Chemistry Institute (CONICET-UNR), School of Biochemical and Pharmaceutical Sciences, National University of Rosario, Rosario, Argentina.""]","[""Boggian D"", ""Cornier P"", ""Delpiccolo C"", ""Mata E""]","[""29494356""]",4,1
aff_89dc26118788c47f,"Departamento de Fisiología Médica y Biofísica, Facultad de Medicina, Universidad de Sevilla, 41009, Seville, Spain.","[""Departamento de Fisiología Médica y Biofísica, Facultad de Medicina, Universidad de Sevilla, 41009, Seville, Spain.""]","[""Gonzalez-Vinceiro L"", ""Hiraldo-Gonzalez L"", ""Mayo F"", ""Ramirez-Lorca R""]","[""38956598""]",4,1
aff_8a273ef1ab78d34a,"Laboratorio de Fisiopatología Placentaria, Centro de Estudios Farmacológicos y Botánicos (CEFYBO, CONICET), Facultad de Medicina, Universidad de Buenos Aires, Paraguay 2155, 16th floor, C1121ABG, Buenos Aires, Argentina.","[""Laboratorio de Fisiopatología Placentaria, Centro de Estudios Farmacológicos y Botánicos (CEFYBO, CONICET), Facultad de Medicina, Universidad de Buenos Aires, Paraguay 2155, 16th floor, C1121ABG, Buenos Aires, Argentina.""]","[""Farina M""]","[""27488203""]",1,1
aff_8a3e83401bd7bb3e,"Grupo de Neurociencias de Sistemas, IFIBIO Houssay, Departamento de Fisiología, Facultad de Medicina, Universidad de Buenos Aires Buenos Aires, Argentina.","[""Grupo de Neurociencias de Sistemas, IFIBIO Houssay, Departamento de Fisiología, Facultad de Medicina, Universidad de Buenos Aires Buenos Aires, Argentina.""]","[""Weisstaub N""]","[""25506318""]",1,1
aff_8a51e2e5a72197eb,"Universidad de Buenos Aires (UBA-CONICET), Centro de Estudios Farmacológicos y Botánicos (CEFYBO), Laboratorio de Fisiopatología Placentaria, Facultad de Medicina, Buenos Aires, Argentina.","[""Universidad de Buenos Aires (UBA-CONICET), Centro de Estudios Farmacológicos y Botánicos (CEFYBO), Laboratorio de Fisiopatología Placentaria, Facultad de Medicina, Buenos Aires, Argentina.""]","[""Etcheverry T"", ""Farina M"", ""Mariana F"", ""Tomas E""]","[""40527250"", ""40882494"", ""41950695""]",4,3
aff_8a89f4ad1a2348a9,"Molecular Medicine Research Group, Robarts Research Institute, and Department of Physiology and Pharmacology, Schulich School of Medicine and Dentistry, Western University, London, ON, Canada.","[""Molecular Medicine Research Group, Robarts Research Institute, and Department of Physiology and Pharmacology, Schulich School of Medicine and Dentistry, Western University, London, ON, Canada.""]","[""Bussey T"", ""Saksida L""]","[""29085903""]",2,1
aff_8ab716c03800f152,"Instituto de Patobiología, CICVyA, Instituto Nacional de Tecnología Agropecuaria, Hurlingham 1686, Argentina.","[""Instituto de Patobiología, CICVyA, Instituto Nacional de Tecnología Agropecuaria, Hurlingham 1686, Argentina.""]","[""Martorelli L"", ""Mercado E"", ""Vilte D""]","[""28888654""]",3,1
aff_8ade7b3feb0a1338,"Universidad de Buenos Aires, Facultad de Ciencias Médicas, Departamento de Ciencias Fisiológicas, Grupo de Neurociencia de Sistemas, Buenos Aires, Argentina; CONICET - Universidad de Buenos Aires, Instituto de Fisiología y Biofísica Bernardo Houssay (IFIBIO Houssay), Buenos Aires, Argentina. Electronic address: fkasanetz@fmed.uba.ar.","[""Universidad de Buenos Aires, Facultad de Ciencias Médicas, Departamento de Ciencias Fisiológicas, Grupo de Neurociencia de Sistemas, Buenos Aires, Argentina; CONICET - Universidad de Buenos Aires, Instituto de Fisiología y Biofísica Bernardo Houssay (IFIBIO Houssay), Buenos Aires, Argentina. Electronic address: fkasanetz@fmed.uba.ar.""]","[""Kasanetz F""]","[""37236391""]",1,1
aff_8ae69a3436b95c1b,"Laboratorio de Biología de La Reproducción, Instituto de Fisiología y Biofísica Bernardo Houssay (IFIBIO)- CONICET- Facultad de Medicina, Universidad de Buenos Aires. Buenos Aires, Argentina. Electronic address: noraalicia.martinez@gmail.com.","[""Laboratorio de Biología de La Reproducción, Instituto de Fisiología y Biofísica Bernardo Houssay (IFIBIO)- CONICET- Facultad de Medicina, Universidad de Buenos Aires. Buenos Aires, Argentina. Electronic address: noraalicia.martinez@gmail.com.""]","[""Martinez N""]","[""31018904""]",1,1
aff_8aec74ffcaa01029,"Universidad de Buenos Aires, CONICET, Instituto de Fisiología y Biofísica Bernardo Houssay (IFIBIO Houssay), Laboratorio de Biomembranas, Buenos Aires, Argentina. E-mail: rtoriano@fmed.uba.ar.","[""Universidad de Buenos Aires, CONICET, Instituto de Fisiología y Biofísica Bernardo Houssay (IFIBIO Houssay), Laboratorio de Biomembranas, Buenos Aires, Argentina. E-mail: rtoriano@fmed.uba.ar.""]","[""Toriano R""]","[""35904906""]",1,1
aff_8b05b6e60d3ecbed,"Departamento de Ciencias Fisiológicas, Universidad de Buenos Aires, Facultad de Medicina, Laboratorio de Biomembranas, Buenos Aires, Argentina; CONICET-Universidad de Buenos Aires, Instituto de Fisiología y Biofísica Bernardo Houssay, Buenos Aires, Argentina.","[""Departamento de Ciencias Fisiológicas, Universidad de Buenos Aires, Facultad de Medicina, Laboratorio de Biomembranas, Buenos Aires, Argentina; CONICET-Universidad de Buenos Aires, Instituto de Fisiología y Biofísica Bernardo Houssay, Buenos Aires, Argentina.""]","[""Capurro C"", ""Fernandez J""]","[""31521941""]",2,1
aff_8b4607951ca57823,"Laboratorio de Parkinson Experimental, Instituto de Investigaciones Farmacológicas (ININFA-CONICET-UBA), Ciudad Autónoma de Buenos Aires, Argentina. Electronic address: gersha@gmail.com.","[""Laboratorio de Parkinson Experimental, Instituto de Investigaciones Farmacológicas (ININFA-CONICET-UBA), Ciudad Autónoma de Buenos Aires, Argentina. Electronic address: gersha@gmail.com.""]","[""Gershanik O""]","[""25963416""]",1,1
aff_8b57ce94a9f65a09,"Universidad de Buenos Aires, Consejo Nacional de Investigaciones Científicas y Técnicas (CONICET), Instituto de Fisiología y Biofísica ''Houssay"" (IFIBIO), Laboratorio de Neurofisiopatología, Facultad de Medicina, Paraguay 2155 piso 7, 1121, Buenos Aires, Argentina.","[""Universidad de Buenos Aires, Consejo Nacional de Investigaciones Científicas y Técnicas (CONICET), Instituto de Fisiología y Biofísica ''Houssay\"" (IFIBIO), Laboratorio de Neurofisiopatología, Facultad de Medicina, Paraguay 2155 piso 7, 1121, Buenos Aires, Argentina.""]","[""Arenas D"", ""Berdasco C"", ""Pinto A""]","[""30732602""]",3,1
aff_8bb727ee20213f27,"Departamento de Obstetricia y Puericultura, Facultad de Medicina, Universidad de Concepción, Concepción, Chile.","[""Departamento de Obstetricia y Puericultura, Facultad de Medicina, Universidad de Concepción, Concepción, Chile.""]","[""Eriz-Salinas A""]","[""37274341""]",1,1
aff_8bea95437be40bba,"Instituto de Fisiología y Biofísica Bernardo Houssay, Departamento de Fisiología, Facultad de Medicina, Universidad de Buenos Aires (UBA), Buenos Aires, Argentina.","[""Instituto de Fisiología y Biofísica Bernardo Houssay, Departamento de Fisiología, Facultad de Medicina, Universidad de Buenos Aires (UBA), Buenos Aires, Argentina.""]","[""Gallo F"", ""Morici J"", ""Weisstaub N""]","[""29755331""]",3,1
aff_8c6df4bfe88d35ba,"Department of Physiology and Institute of Physiology and Biophysics (IFIBIO-Houssay, UBA-CONICET), School of Medicine, University of Buenos Aires, Paraguay 2155 7th floor (C1121ABG), Ciudad Autónoma de Buenos Aires, Argentina. rbernabeu@fmed.uba.ar.","[""Department of Physiology and Institute of Physiology and Biophysics (IFIBIO-Houssay, UBA-CONICET), School of Medicine, University of Buenos Aires, Paraguay 2155 7th floor (C1121ABG), Ciudad Autónoma de Buenos Aires, Argentina. rbernabeu@fmed.uba.ar.""]","[""Bernabeu R""]","[""38289455""]",1,1
aff_8c7c70fb475a5ab1,"Laboratorio de Fisiopatogenia, Departamento de Fisiología, Instituto de Fisiología y Biofísica ""Bernardo Houssay"", Facultad de Medicina-Consejo Nacional de Investigaciones Científicas y Técnicas, Universidad de Buenos Aires, 1121 Buenos Aires, Argentina. cristinaadrianaibarra@gmail.com.","[""Laboratorio de Fisiopatogenia, Departamento de Fisiología, Instituto de Fisiología y Biofísica \""Bernardo Houssay\"", Facultad de Medicina-Consejo Nacional de Investigaciones Científicas y Técnicas, Universidad de Buenos Aires, 1121 Buenos Aires, Argentina. cristinaadrianaibarra@gmail.com.""]","[""Ibarra C""]","[""29068360""]",1,1
aff_8cdecdaff6994559,"Facultad de Medicina, Departamento de Ciencia Fisiológicas, Laboratorio de Biomembranas, IFIBIO Houssay, CONICET-UBA, Universidad de Buenos Aires, Buenos Aires, Argentina.","[""Facultad de Medicina, Departamento de Ciencia Fisiológicas, Laboratorio de Biomembranas, IFIBIO Houssay, CONICET-UBA, Universidad de Buenos Aires, Buenos Aires, Argentina.""]","[""Capurro C"", ""Christensen M"", ""Di Giusto G"", ""Ford P"", ""Rivarola V""]","[""27191152""]",5,1
aff_8cfa12d286c1fd6e,"Instituto de Fisiología y Biofísica Bernardo Houssay, Grupo de Neurociencia de Sistemas, Facultad de Medicina, Universidad de Buenos Aires, The National Scientific and Technical Research Council, Buenos Aires C1121ABG, Argentina, and.","[""Instituto de Fisiología y Biofísica Bernardo Houssay, Grupo de Neurociencia de Sistemas, Facultad de Medicina, Universidad de Buenos Aires, The National Scientific and Technical Research Council, Buenos Aires C1121ABG, Argentina, and.""]","[""Rela L"", ""San Martin A""]","[""28432141""]",2,1
aff_8d09cb3b2f248396,"Universidad de Buenos Aires, CONICET, Facultad de Medicina, Departamento de Fisiología, Instituto de Fisiología y Biofísica Bernardo Houssay (IFIBIO), Paraguay, 2155, 7th floor, C1121ABG, Buenos Aires, Argentina. Electronic address: blakion@gmail.com.","[""Universidad de Buenos Aires, CONICET, Facultad de Medicina, Departamento de Fisiología, Instituto de Fisiología y Biofísica Bernardo Houssay (IFIBIO), Paraguay, 2155, 7th floor, C1121ABG, Buenos Aires, Argentina. Electronic address: blakion@gmail.com.""]","[""Blake M""]","[""28069463""]",1,1
aff_8d11b78b5dd36377,"Instituto de Fisiología y Biofísica Bernardo Houssay (IFIBIO-Houssay), Grupo de Neurociencia de Sistemas, Universidad de Buenos Aires y Consejo Nacional de Investigaciones Científicas y Técnicas, Buenos Aires, 1121, Argentina jbelforte@fmed.uba.ar.","[""Instituto de Fisiología y Biofísica Bernardo Houssay (IFIBIO-Houssay), Grupo de Neurociencia de Sistemas, Universidad de Buenos Aires y Consejo Nacional de Investigaciones Científicas y Técnicas, Buenos Aires, 1121, Argentina jbelforte@fmed.uba.ar.""]","[""Belforte J""]","[""32205341""]",1,1
aff_8d1e699596e6339f,"Instituto Cajal, Consejo Superior de Investigaciones Científicas, CSIC, Madrid 28002, Spain; CIBERNED, Instituto de Salud Carlos III, Madrid, Spain.","[""Instituto Cajal, Consejo Superior de Investigaciones Científicas, CSIC, Madrid 28002, Spain; CIBERNED, Instituto de Salud Carlos III, Madrid, Spain.""]","[""Alberquilla S""]","[""37683958""]",1,1
aff_8d23ad52c9feccfa,"Instituto de Fisiología y Biofísica Bernardo Houssay (IFIBIO Houssay-CONICET), Buenos Aires, Argentina.","[""Instituto de Fisiología y Biofísica Bernardo Houssay (IFIBIO Houssay-CONICET), Buenos Aires, Argentina.""]","[""Bongiovanni V"", ""Galo A"", ""Katz M"", ""Pagani M""]","[""41208638""]",4,1
aff_8d361cdeedd0afb5,"Laboratorio de Investigación Materno-Fetal (LIMaF), Departamento de Obstetricia y Ginecología, Facultad de Medicina, Universidad de Concepción, Concepción, Chile.","[""Laboratorio de Investigación Materno-Fetal (LIMaF), Departamento de Obstetricia y Ginecología, Facultad de Medicina, Universidad de Concepción, Concepción, Chile.""]","[""Gonzalez M"", ""Gonzalez-Ortiz M""]","[""35431989"", ""37466779""]",2,2
aff_8d9927acf1432f74,"Neuronal Physiopathology Laboratory, Systems Neuroscience Group, IFIBIO Houssay, University of Buenos Aires School of Medicine, Buenos Aires (C1121ABG), Argentina.","[""Neuronal Physiopathology Laboratory, Systems Neuroscience Group, IFIBIO Houssay, University of Buenos Aires School of Medicine, Buenos Aires (C1121ABG), Argentina.""]","[""Alfieri J"", ""Pino N""]","[""25392493""]",2,1
aff_8da25903baeb78f7,"Laboratorio de Neuropatología Experimental, Facultad de Medicina, Instituto de Biología Celular y Neurociencia ""Prof. E. De Robertis"" (IBCN), CONICET Universidad de Buenos Aires, Buenos Aires, Argentina.","[""Laboratorio de Neuropatología Experimental, Facultad de Medicina, Instituto de Biología Celular y Neurociencia \""Prof. E. De Robertis\"" (IBCN), CONICET Universidad de Buenos Aires, Buenos Aires, Argentina.""]","[""Fabian L""]","[""40012853""]",1,1
aff_8dc9e313e2031740,"Laboratorio de Biología de la Reproducción, Instituto de Fisiología y Biofísica Bernardo Houssay (IFIBIO)-CONICET-Facultad de Medicina, Universidad de Buenos Aires, Buenos Aires, Argentina; Cátedra de Biología Celular y Molecular, Departamento de Ciencias Biológicas, Facultad de Farmacia y Bioquímica, Universidad de Buenos Aires, Buenos Aires, Argentina. Electronic address: adamiano@ffyb.uba.ar.","[""Laboratorio de Biología de la Reproducción, Instituto de Fisiología y Biofísica Bernardo Houssay (IFIBIO)-CONICET-Facultad de Medicina, Universidad de Buenos Aires, Buenos Aires, Argentina; Cátedra de Biología Celular y Molecular, Departamento de Ciencias Biológicas, Facultad de Farmacia y Bioquímica, Universidad de Buenos Aires, Buenos Aires, Argentina. Electronic address: adamiano@ffyb.uba.ar.""]","[""Damiano A""]","[""32061348""]",1,1
aff_8dcc636beb191185,"Universidad de Buenos Aires, Facultad de Farmacia y Bioquímica, Cátedra de Inmunología e Instituto de Estudios de La Inmunidad Humoral (IDEHU), UBA-CONICET, Junín 956 Piso 4, 1113, Ciudad de Buenos Aires, Argentina; Universidad de Buenos Aires, Facultad de Medicina, Departamento de Microbiología, Parasitología e Inmunología e Instituto de Microbiología y Parasitología Médica (IMPaM), UBA-CONICET, Paraguay 2155 Piso 12, 1121, Ciudad de Buenos Aires, Argentina.","[""Universidad de Buenos Aires, Facultad de Farmacia y Bioquímica, Cátedra de Inmunología e Instituto de Estudios de La Inmunidad Humoral (IDEHU), UBA-CONICET, Junín 956 Piso 4, 1113, Ciudad de Buenos Aires, Argentina; Universidad de Buenos Aires, Facultad de Medicina, Departamento de Microbiología, Parasitología e Inmunología e Instituto de Microbiología y Parasitología Médica (IMPaM), UBA-CONICET, Paraguay 2155 Piso 12, 1121, Ciudad de Buenos Aires, Argentina.""]","[""Cerny N""]","[""35835234""]",1,1
aff_8de126b4ebcdf021,"Universidad de Buenos Aires, Departamento de Ciencias Biológicas, Cátedra de Fisiopatología, Facultad de Farmacia y Bioquímica, Buenos Aires, Argentina; Universidad de Buenos Aires, Consejo Nacional de lnvestigaciones Científicas y Técnicas, Instituto de Fisiología y Biofísica (IFIBIO). Departamento de Ciencias Fisiológicas, Facultad de Medicina, Buenos Aires, Argentina.","[""Universidad de Buenos Aires, Departamento de Ciencias Biológicas, Cátedra de Fisiopatología, Facultad de Farmacia y Bioquímica, Buenos Aires, Argentina; Universidad de Buenos Aires, Consejo Nacional de lnvestigaciones Científicas y Técnicas, Instituto de Fisiología y Biofísica (IFIBIO). Departamento de Ciencias Fisiológicas, Facultad de Medicina, Buenos Aires, Argentina.""]","[""Zotta E""]","[""32259636""]",1,1
aff_8e0c29e30a934c10,"Universidad de Buenos Aires (UBA), Facultad de Ciencias Exactas y Naturales (FCEN), Buenos Aires, Argentina; Consejo Nacional de Investigaciones Científicas y Técnicas (CONICET)-UBA-Instituto de Fisiología, Biología Molecular y Neurociencias (IFIBYNE), Buenos Aires, Argentina.","[""Universidad de Buenos Aires (UBA), Facultad de Ciencias Exactas y Naturales (FCEN), Buenos Aires, Argentina; Consejo Nacional de Investigaciones Científicas y Técnicas (CONICET)-UBA-Instituto de Fisiología, Biología Molecular y Neurociencias (IFIBYNE), Buenos Aires, Argentina.""]","[""Bazzano M""]","[""30300837""]",1,1
aff_8e0dcfbdde3acbf1,"Instituto de Fisiología y Biofísica ""Bernardo Houssay"" IFIBIO HOUSSAY, Universidad de Buenos Aires. CONICET, Buenos Aires, Argentina.","[""Instituto de Fisiología y Biofísica \""Bernardo Houssay\"" IFIBIO HOUSSAY, Universidad de Buenos Aires. CONICET, Buenos Aires, Argentina.""]","[""Beltramone N"", ""Capurro C"", ""Di Giusto G"", ""Ford P"", ""Mazzocchi M"", ""Pizzoni A"", ""Porta M""]","[""31811544""]",7,1
aff_8e3de54dd41b7735,"REDINREN, Madrid, Spain. mdsanchez@fjd.es.","[""REDINREN, Madrid, Spain. mdsanchez@fjd.es.""]","[""Sanchez-Nino M""]","[""27733175""]",1,1
aff_8e4e0251c391bfd6,"REDINREN, Madrid, Spain.","[""REDINREN, Madrid, Spain.""]","[""Ortiz A"", ""Sanchez-Nino M""]","[""27733175"", ""28523190""]",2,2
aff_8e776c6beae99658,"Institute of Biological Sciences and Health, Federal University of Mato Grosso, Barra do Garças, Brazil.","[""Institute of Biological Sciences and Health, Federal University of Mato Grosso, Barra do Garças, Brazil.""]","[""Bach C"", ""Giachini F"", ""Lima V""]","[""34267676"", ""35431989"", ""36117714""]",3,3
aff_8ee067b62cdb310b,"Universidad de Buenos Aires, Facultad de Medicina, Departamento de Ciencias Fisiológicas, 2155 Paraguay St, Buenos Aires, 1121, Argentina.","[""Universidad de Buenos Aires, Facultad de Medicina, Departamento de Ciencias Fisiológicas, 2155 Paraguay St, Buenos Aires, 1121, Argentina.""]","[""Belforte J"", ""Paz R"", ""Rela L"", ""Tubert C""]","[""41817828""]",4,1
aff_8ee4982ec7c319af,"Asociación Lucha contra el Síndrome Urémico Hemolítico (LuSUH), Argentina.","[""Asociación Lucha contra el Síndrome Urémico Hemolítico (LuSUH), Argentina.""]","[""Da Rocha M""]","[""28643674""]",1,1
aff_8f6e0bafdd101510,"Servicio de Cardiología, Hospital El Cruce Néstor Carlos Kirchner y Clínica del Niño de Quilmes, Provincia de Buenos Aires, Argentina.","[""Servicio de Cardiología, Hospital El Cruce Néstor Carlos Kirchner y Clínica del Niño de Quilmes, Provincia de Buenos Aires, Argentina.""]","[""Roggiero G""]","[""36464947""]",1,1
aff_90025ddadb9eef05,"Departamento de Pediatría, Facultad de Medicina, Universidad de Buenos Aires, Buenos Aires, 1121, Argentina.","[""Departamento de Pediatría, Facultad de Medicina, Universidad de Buenos Aires, Buenos Aires, 1121, Argentina.""]","[""Repetto H""]","[""27521227""]",1,1
aff_9005cee62a3569be,"Department of Research and Innovation, Kozaca SA, Av. Pellegrini 2618, S2000QDR Rosario, Santa Fe, Argentina.","[""Department of Research and Innovation, Kozaca SA, Av. Pellegrini 2618, S2000QDR Rosario, Santa Fe, Argentina.""]","[""Donnelly-Kehoe P""]","[""36587288""]",1,1
aff_905e8c1354140ed4,Institute of Biochemistry and Biophysics (IQUIFIB).,"[""Institute of Biochemistry and Biophysics (IQUIFIB).""]","[""Bellizzi Y"", ""Blank V"", ""Roguin L""]","[""29494356""]",3,1
aff_905ec077e2735c31,"Gulbenkian Institute for Molecular Medicine (GIMM), Edifício Egas Moniz, Avenida Professor Egas Moniz, Lisbon, 1649-028, Portugal. joelpperri@medicina.ulisboa.pt.","[""Gulbenkian Institute for Molecular Medicine (GIMM), Edifício Egas Moniz, Avenida Professor Egas Moniz, Lisbon, 1649-028, Portugal. joelpperri@medicina.ulisboa.pt.""]","[""Perez-Perri J""]","[""40603573""]",1,1
aff_9064db81ef102fa7,"Departamento de Biología, Bioquímica y Farmacia, Universidad Nacional Del Sur (UNS), Bahía Blanca, Argentina. drayes@criba.edu.ar.","[""Departamento de Biología, Bioquímica y Farmacia, Universidad Nacional Del Sur (UNS), Bahía Blanca, Argentina. drayes@criba.edu.ar.""]","[""Rayes D""]","[""41571758""]",1,1
aff_90d0edc5647ab870,"Laboratorio de Biología de la Reproducción, IFIBIO Houssay-UBA-CONICET, Buenos Aires, Argentina.","[""Laboratorio de Biología de la Reproducción, IFIBIO Houssay-UBA-CONICET, Buenos Aires, Argentina.""]","[""Damiano A"", ""Martinez N""]","[""28986756""]",2,1
aff_90f3214ef1a79e1c,"Laboratorio Bases Neuronales del Comportamiento, Departamento de Ciencias Fisiológicas, Facultad de Ciencias Médicas, Universidad de Buenos Aires, Buenos Aires, Argentina.","[""Laboratorio Bases Neuronales del Comportamiento, Departamento de Ciencias Fisiológicas, Facultad de Ciencias Médicas, Universidad de Buenos Aires, Buenos Aires, Argentina.""]","[""Belluscio M"", ""Merlo S""]","[""38355584""]",2,1
aff_917d03aa56a11138,"Laboratorio de Fisiopatogenia, Departamento de Fisiología, Instituto de Fisiología y Biofísica Bernardo Houssay, Facultad de Medicina, Universidad de Buenos Aires, Buenos Aires C1121ABG, Argentina. mmamaral74@gmail.com.","[""Laboratorio de Fisiopatogenia, Departamento de Fisiología, Instituto de Fisiología y Biofísica Bernardo Houssay, Facultad de Medicina, Universidad de Buenos Aires, Buenos Aires C1121ABG, Argentina. mmamaral74@gmail.com.""]","[""Amaral M""]","[""30274180""]",1,1
aff_918ec50751c2e4d7,"School of Medical Sciences, Faculty of Medicine and Health, The University of Sydney, Camperdown, NSW, 2050, Australia. rebecca.sangil@sydney.edu.au.","[""School of Medical Sciences, Faculty of Medicine and Health, The University of Sydney, Camperdown, NSW, 2050, Australia. rebecca.sangil@sydney.edu.au.""]","[""San Gil R""]","[""41423699""]",1,1
aff_91913fe89ca672a6,"Instituto de Investigaciones Bioquímicas de Bahía Blanca (INIBIBB) CCT CONICET - Universidad Nacional del Sur (UNS), Bahía Blanca, Argentina. drayes@criba.edu.ar.","[""Instituto de Investigaciones Bioquímicas de Bahía Blanca (INIBIBB) CCT CONICET - Universidad Nacional del Sur (UNS), Bahía Blanca, Argentina. drayes@criba.edu.ar.""]","[""Rayes D""]","[""41571758""]",1,1
aff_9212ab9caf2bc870,"IFIBIO Houssay-UBA CONICET, Facultad de Medicina, Universidad de Buenos Aires, Argentina.","[""IFIBIO Houssay-UBA CONICET, Facultad de Medicina, Universidad de Buenos Aires, Argentina.""]","[""Costales-Collaguazo C""]","[""28473934""]",1,1
aff_9225b2cafc9a7fb7,"Universidad de Buenos Aires, Facultad de Medicina, Departamento de Fisiología, Buenos Aires, Argentina; Instituto de Fisiología y Biofísica ""Bernardo Houssay"" (IFIBIO-Houssay-CONICET), Buenos Aires, Argentina.","[""Universidad de Buenos Aires, Facultad de Medicina, Departamento de Fisiología, Buenos Aires, Argentina; Instituto de Fisiología y Biofísica \""Bernardo Houssay\"" (IFIBIO-Houssay-CONICET), Buenos Aires, Argentina.""]","[""Alvarez R"", ""Belforte J""]","[""29669277""]",2,1
aff_92c3e52638cda980,"Universidad de Buenos Aires, Instituto de Investigaciones Médicas A. Lanari, Laboratorio de Nefrología Experimental y Bioquímica Molecular, Combatientes de Malvinas 3150, Buenos Aires, 1427, Argentina; Universidad de Buenos Aires, Consejo Nacional de Investigaciones Científicas y Técnicas (CONICET), Instituto de Investigaciones Médicas A. Lanari, Combatientes de Malvinas 3150, Buenos Aires, 1427, Argentina. Electronic address: vlachovsky.sandra@lanari.uba.ar.","[""Universidad de Buenos Aires, Instituto de Investigaciones Médicas A. Lanari, Laboratorio de Nefrología Experimental y Bioquímica Molecular, Combatientes de Malvinas 3150, Buenos Aires, 1427, Argentina; Universidad de Buenos Aires, Consejo Nacional de Investigaciones Científicas y Técnicas (CONICET), Instituto de Investigaciones Médicas A. Lanari, Combatientes de Malvinas 3150, Buenos Aires, 1427, Argentina. Electronic address: vlachovsky.sandra@lanari.uba.ar.""]","[""Vlachovsky S""]","[""38788356""]",1,1
aff_92d21ef695e9337b,"Departamento de Ciencias Biológicas, Facultad de Farmacia y Bioquímica, Universidad de Buenos Aires, Buenos Aires, Argentina; Laboratorio de Biología de la Reproducción, Instituto de Fisiología y Biofísica Bernardo Houssay (IFIBIO)- CONICET- Facultad de Medicina, Universidad de Buenos Aires, Buenos Aires, Argentina. Electronic address: adamiano@ffyb.uba.ar.","[""Departamento de Ciencias Biológicas, Facultad de Farmacia y Bioquímica, Universidad de Buenos Aires, Buenos Aires, Argentina; Laboratorio de Biología de la Reproducción, Instituto de Fisiología y Biofísica Bernardo Houssay (IFIBIO)- CONICET- Facultad de Medicina, Universidad de Buenos Aires, Buenos Aires, Argentina. Electronic address: adamiano@ffyb.uba.ar.""]","[""Damiano A""]","[""27342375""]",1,1
aff_92de607af44c34fb,"Red Iberoamericana de Alteraciones Vasculares en Transtornos del Embarazo (RIVATREM), Chillan, Chile; Grupo Reproducción, Department of Obstetrics and Gynecology, Department of Physiology and biochemisty, Universidad de Antioquia, Medellín, Colombia.","[""Red Iberoamericana de Alteraciones Vasculares en Transtornos del Embarazo (RIVATREM), Chillan, Chile; Grupo Reproducción, Department of Obstetrics and Gynecology, Department of Physiology and biochemisty, Universidad de Antioquia, Medellín, Colombia.""]","[""Bueno-Sanchez J""]","[""36878143""]",1,1
aff_93130deb441cb8f0,"RIVATREM - Red Iberoamericana de Alteraciones Vasculares en Transtornos del Embarazo, Chillan, Chile.","[""RIVATREM - Red Iberoamericana de Alteraciones Vasculares en Transtornos del Embarazo, Chillan, Chile.""]","[""Damiano A"", ""Escudero C"", ""Galaviz-Hernandez C"", ""Garcia-Robles R"", ""Giachini F""]","[""36117714""]",5,1
aff_93194571ab72d28c,"Instituto de Biología Celular y Neurociencias ""Prof. Eduardo de Robertis"", Facultad de Medicina - Universidad de Buenos Aires - CONICET, Paraguay 2155 - 3rd floor, Ciudad Autónoma de Buenos Aires, C1121ABG Buenos Aires, Argentina; Departamento de Fisiologia, Biologia Molecular y Celular, Facultad de Ciencias Exactas y Naturales, Universidad de Buenos Aires, Intendente Güiraldes 2160, Ciudad Universitaria, Buenos Aires, Argentina. Electronic address: hviola@fmed.uba.ar.","[""Instituto de Biología Celular y Neurociencias \""Prof. Eduardo de Robertis\"", Facultad de Medicina - Universidad de Buenos Aires - CONICET, Paraguay 2155 - 3rd floor, Ciudad Autónoma de Buenos Aires, C1121ABG Buenos Aires, Argentina; Departamento de Fisiologia, Biologia Molecular y Celular, Facultad de Ciencias Exactas y Naturales, Universidad de Buenos Aires, Intendente Güiraldes 2160, Ciudad Universitaria, Buenos Aires, Argentina. Electronic address: hviola@fmed.uba.ar.""]","[""Viola H""]","[""27130259""]",1,1
aff_934038e0757455b5,"Universidad de Ciencias Médicas de La Habana, Havana, Cuba.","[""Universidad de Ciencias Médicas de La Habana, Havana, Cuba.""]","[""Clapes S""]","[""28986756""]",1,1
aff_936ddcbaf06122e1,"Laboratorio de Investigaciones en Fisiología Renal, Facultad de Medicina, Departamento de Ciencias Fisiológicas, IFIBIO-Houssay CONICET-UBA, Universidad de Buenos Aires, Buenos Aires, Argentina.","[""Laboratorio de Investigaciones en Fisiología Renal, Facultad de Medicina, Departamento de Ciencias Fisiológicas, IFIBIO-Houssay CONICET-UBA, Universidad de Buenos Aires, Buenos Aires, Argentina.""]","[""Fischer Sigel L"", ""Sanchez D""]","[""34155339""]",2,1
aff_938ef903b0dcdf81,"Centro de Altos Estudios en Ciencias Humanas y de la Salud (CAECIHS), Universidad Abierta Interamericana, Buenos Aires, Argentina.","[""Centro de Altos Estudios en Ciencias Humanas y de la Salud (CAECIHS), Universidad Abierta Interamericana, Buenos Aires, Argentina.""]","[""Acosta L"", ""Bustamante J""]","[""34925067""]",2,1
aff_93be7b35ea076644,"Clínica Pediátrica, Hospital Británico, Buenos Aires, Argentina.","[""Clínica Pediátrica, Hospital Británico, Buenos Aires, Argentina.""]","[""Cosentino M""]","[""36464947""]",1,1
aff_93c55f9c4b9f7e91,"Instituto de Fisiología Experimental (IFISE) - Consejo Nacional de Investigaciones Científicas y Técnicas (CONICET), Facultad de Ciencias Bioquímicas y Farmacéuticas-Universidad Nacional de Rosario, Rosario, Argentina.","[""Instituto de Fisiología Experimental (IFISE) - Consejo Nacional de Investigaciones Científicas y Técnicas (CONICET), Facultad de Ciencias Bioquímicas y Farmacéuticas-Universidad Nacional de Rosario, Rosario, Argentina.""]","[""Larocca M""]","[""38827994""]",1,1
aff_93e230e73595ef31,"Charles Perkins Centre, The University of Sydney, Camperdown, NSW, 2050, Australia.","[""Charles Perkins Centre, The University of Sydney, Camperdown, NSW, 2050, Australia.""]","[""Chang M"", ""Chye Y"", ""Harutyunyan A"", ""Robinson K"", ""Venturato J"", ""West P""]","[""41423699""]",6,1
aff_944f545667408d72,"Unidad Académica Regional Altiplano, Universidad Autónoma de San Luis Potosí, San Luis Potosí 78600, Mexico.","[""Unidad Académica Regional Altiplano, Universidad Autónoma de San Luis Potosí, San Luis Potosí 78600, Mexico.""]","[""Vertiz-Hernandez A""]","[""42123443""]",1,1
aff_94682e8fb3639705,"School of Anatomical Sciences, Faculty of Health Sciences, University of the Witwatersrand, Johannesburg, South Africa.","[""School of Anatomical Sciences, Faculty of Health Sciences, University of the Witwatersrand, Johannesburg, South Africa.""]","[""Mazengenya P""]","[""31630412""]",1,1
aff_948afcc5f6007442,"Universidad de Buenos Aires, Facultad de Ciencias Médicas, Departamento de Ciencias Fisiológicas. Laboratorio de Fisiopatogenia. Buenos Aires, Argentina; CONICET - Universidad de Buenos Aires, Instituto de Fisiología y Biofísica Bernardo Houssay (IFIBIO Houssay). Buenos Aires, Argentina. Electronic address: fsacerdoti@fmed.uba.ar.","[""Universidad de Buenos Aires, Facultad de Ciencias Médicas, Departamento de Ciencias Fisiológicas. Laboratorio de Fisiopatogenia. Buenos Aires, Argentina; CONICET - Universidad de Buenos Aires, Instituto de Fisiología y Biofísica Bernardo Houssay (IFIBIO Houssay). Buenos Aires, Argentina. Electronic address: fsacerdoti@fmed.uba.ar.""]","[""Sacerdoti F""]","[""37979924""]",1,1
aff_94afcea4d4eef6dd,"Department of Zoology, University of Cambridge, Cambridge, United Kingdom.","[""Department of Zoology, University of Cambridge, Cambridge, United Kingdom.""]","[""Berni J"", ""Hu N"", ""Rodriguez Curt J""]","[""33519685""]",3,1
aff_94c8b74534ecaf74,"Departamento de Ciencias Fisiológicas, Facultad de Medicina, Laboratorio de Biomembranas, Instituto de Fisiología y Biofísica ""Bernardo Houssay"" (IFIBIO-HOUSSAY), Consejo Nacional de Investigaciones Científicas y Técnicas (CONICET), Universidad de Buenos Aires, Buenos Aires, Argentina.","[""Departamento de Ciencias Fisiológicas, Facultad de Medicina, Laboratorio de Biomembranas, Instituto de Fisiología y Biofísica \""Bernardo Houssay\"" (IFIBIO-HOUSSAY), Consejo Nacional de Investigaciones Científicas y Técnicas (CONICET), Universidad de Buenos Aires, Buenos Aires, Argentina.""]","[""Beltramone N"", ""Capurro C"", ""Di Giusto G"", ""Ford P"", ""Pizzoni A"", ""Rivarola V"", ""White A""]","[""31628683""]",7,1
aff_94d6ea99254aa763,"Laboratory of Genetic Engineering and Molecular Biology, Institute of Basic and Applied Microbiology, National University of Quilmes, Bernal, Buenos Aires 1876, Argentina. lbentan@unq.edu.ar.","[""Laboratory of Genetic Engineering and Molecular Biology, Institute of Basic and Applied Microbiology, National University of Quilmes, Bernal, Buenos Aires 1876, Argentina. lbentan@unq.edu.ar.""]","[""Bentancor L""]","[""30274180""]",1,1
aff_95146fa943ba6958,"Instituto de Biotecnología, CICVyA, Instituto Nacional de Tecnología Agropecuaria, Hurlingham 1686, Argentina. Electronic address: cataldi.angeladrian@inta.inta.gob.ar.","[""Instituto de Biotecnología, CICVyA, Instituto Nacional de Tecnología Agropecuaria, Hurlingham 1686, Argentina. Electronic address: cataldi.angeladrian@inta.inta.gob.ar.""]","[""Cataldi A""]","[""28888654""]",1,1
aff_951ebe8e48279c82,"Laboratorio de Patogénesis e Inmunología de Procesos Infecciosos, Instituto de Medicina Experimental, (IMEX)-CONICET-Academia Nacional de Medicina, Buenos Aires C1425, Argentina. marinasandrapalermo@gmail.com.","[""Laboratorio de Patogénesis e Inmunología de Procesos Infecciosos, Instituto de Medicina Experimental, (IMEX)-CONICET-Academia Nacional de Medicina, Buenos Aires C1425, Argentina. marinasandrapalermo@gmail.com.""]","[""Palermo M""]","[""30513821""]",1,1
aff_956310065f68a6fd,"Faculty of Medicine, Universidad San Sebastian, Sede Concepcion, Chile.","[""Faculty of Medicine, Universidad San Sebastian, Sede Concepcion, Chile.""]","[""Escudero P""]","[""37466779""]",1,1
aff_95f2b25c237b1d7e,"IFIBIO Bernardo Houssay, Grupo de Neurociencia de Sistemas, Facultad de Medicina, Universidad de Buenos Aires - CONICET, 2155 Paraguay Street, Buenos Aires 1121, Argentina.","[""IFIBIO Bernardo Houssay, Grupo de Neurociencia de Sistemas, Facultad de Medicina, Universidad de Buenos Aires - CONICET, 2155 Paraguay Street, Buenos Aires 1121, Argentina.""]","[""Murer M"", ""Prost M"", ""Rela L"", ""Sanchez G""]","[""27568555""]",4,1
aff_964a98b67e27aea8,"Facultad de Ciencias Exactas y Naturales, Departamento de Biología Molecular y Celular ""Dr. Héctor Maldonado"", Universidad de Buenos Aires, Buenos Aires, Argentina.","[""Facultad de Ciencias Exactas y Naturales, Departamento de Biología Molecular y Celular \""Dr. Héctor Maldonado\"", Universidad de Buenos Aires, Buenos Aires, Argentina.""]","[""Martinez M""]","[""36710956""]",1,1
aff_96bd9f9a9fa792bd,"Laboratorio de Biomembranas, IFIBIO Houssay, CONICET-UBA, Departamento de Ciencia Fisiológicas, Facultad de Medicina, Universidad de Buenos Aires, Buenos Aires, Argentina.","[""Laboratorio de Biomembranas, IFIBIO Houssay, CONICET-UBA, Departamento de Ciencia Fisiológicas, Facultad de Medicina, Universidad de Buenos Aires, Buenos Aires, Argentina.""]","[""Capurro C"", ""Di Giusto G"", ""Fernandez J"", ""Ford P"", ""Kalstein M"", ""Netti V"", ""Pizzoni A"", ""Rivarola V""]","[""28098409""]",8,1
aff_975f4afdcdf4876f,"Group of Investigation in Tumor Angiogenesis, Group of Research and Innovation in Vascular Health (GRIVAS Health), Vascular Physiology Laboratory, Department of Basic Sciences, Universidad del Bío-Bío, Chillán, Chile.","[""Group of Investigation in Tumor Angiogenesis, Group of Research and Innovation in Vascular Health (GRIVAS Health), Vascular Physiology Laboratory, Department of Basic Sciences, Universidad del Bío-Bío, Chillán, Chile.""]","[""Escudero C""]","[""31396108""]",1,1
aff_976128492420de80,"Departamento de Fisicomatemática, Cátedra de Matemática, Facultad de Farmacia y Bioquímica, Universidad de Buenos Aires, Buenos Aires, Argentina.","[""Departamento de Fisicomatemática, Cátedra de Matemática, Facultad de Farmacia y Bioquímica, Universidad de Buenos Aires, Buenos Aires, Argentina.""]","[""Reynoso M""]","[""42327001""]",1,1
aff_9778f7d279e99363,"Laboratorio de Biología de la Reproducción, Instituto de Fisiología y Biofísica Bernardo Houssay (IFIBIO)- CONICET- Facultad de Medicina, Universidad de Buenos Aires. Paraguay 2155 (1121) Buenos Aires, Argentina.","[""Laboratorio de Biología de la Reproducción, Instituto de Fisiología y Biofísica Bernardo Houssay (IFIBIO)- CONICET- Facultad de Medicina, Universidad de Buenos Aires. Paraguay 2155 (1121) Buenos Aires, Argentina.""]","[""Martinez N"", ""Seyahian A"", ""Szpilbarg N""]","[""30539720""]",3,1
aff_9797d0364a7cdf00,"Instituto de Fisiología y Biofísica Bernardo Houssay (IFIBIO-Houssay), Grupo de Neurociencia de Sistemas, Universidad de Buenos Aires y Consejo Nacional de Investigaciones Científicas y Técnicas, Buenos Aires, 1121, Argentina.","[""Instituto de Fisiología y Biofísica Bernardo Houssay (IFIBIO-Houssay), Grupo de Neurociencia de Sistemas, Universidad de Buenos Aires y Consejo Nacional de Investigaciones Científicas y Técnicas, Buenos Aires, 1121, Argentina.""]","[""Alvarez R"", ""Pafundo D"", ""Zold C""]","[""32205341""]",3,1
aff_97ad00359151f0d9,"Instituto de Fisiología y Biofísica ""Bernardo Houssay"" IFIBIO HOUSSAY, Universidad de Buenos Aires. CONICET, Buenos Aires, Argentina. mariv@fmed.uba.ar.","[""Instituto de Fisiología y Biofísica \""Bernardo Houssay\"" IFIBIO HOUSSAY, Universidad de Buenos Aires. CONICET, Buenos Aires, Argentina. mariv@fmed.uba.ar.""]","[""Rivarola V""]","[""31811544""]",1,1
aff_97b628f7572875f9,"Departamento De Ciencias Biológicas, Facultad De Farmacia Y Bioquimica, Buenos Aires, UBA, Argentina.","[""Departamento De Ciencias Biológicas, Facultad De Farmacia Y Bioquimica, Buenos Aires, UBA, Argentina.""]","[""Damiano A""]","[""32129110""]",1,1
aff_9812952286c5f04c,"Laboratorio de Patogénesis e Inmunología de Procesos Infecciosos, Instituto de Medicina Experimental (IMEX-CONICET), Academia Nacional de Medicina, Pacheco de Melo 3081, 1425 Buenos Aires, Argentina.","[""Laboratorio de Patogénesis e Inmunología de Procesos Infecciosos, Instituto de Medicina Experimental (IMEX-CONICET), Academia Nacional de Medicina, Pacheco de Melo 3081, 1425 Buenos Aires, Argentina.""]","[""Fernandez Brando R"", ""Fiorentino G"", ""Palermo M""]","[""29483033""]",3,1
aff_982a3130fc36d17d,"Servicio Fisiopatogenia, Departamento Bacteriología, Instituto Nacional de Enfermedades Infecciosas ANLIS ""Dr. Carlos G. Malbrán"", Buenos Aires C1282 AFF, Argentina.","[""Servicio Fisiopatogenia, Departamento Bacteriología, Instituto Nacional de Enfermedades Infecciosas ANLIS \""Dr. Carlos G. Malbrán\"", Buenos Aires C1282 AFF, Argentina.""]","[""Carbonari C"", ""Miliwebsky E""]","[""42347511""]",2,1
aff_9888c3ae0d9378ec,"School of Medicine, Facultad de Medicina, University of Buenos Aires, Institute of Cardiovascular Pathophysiology (INFICA), Buenos Aires, Argentina.","[""School of Medicine, Facultad de Medicina, University of Buenos Aires, Institute of Cardiovascular Pathophysiology (INFICA), Buenos Aires, Argentina.""]","[""Morales C""]","[""31535145""]",1,1
aff_98a86fe576cd0cfc,"Laboratorio de Nefrología Experimental y Bioquímica Molecular, Instituto de Investigaciones Médicas A. Lanari, Universidad de Buenos Aires, Argentina. E-mail: sandragvla@gmail.com.","[""Laboratorio de Nefrología Experimental y Bioquímica Molecular, Instituto de Investigaciones Médicas A. Lanari, Universidad de Buenos Aires, Argentina. E-mail: sandragvla@gmail.com.""]","[""Vlachovsky S""]","[""32282322""]",1,1
aff_98a8b450e5e90100,"Instituto de Biología Celular y Neurociencias (IBCN) Dr. Eduardo de Robertis, Facultad de Medicina, CONICET, Universidad de Buenos Aires (UBA), Buenos Aires, Argentina.","[""Instituto de Biología Celular y Neurociencias (IBCN) Dr. Eduardo de Robertis, Facultad de Medicina, CONICET, Universidad de Buenos Aires (UBA), Buenos Aires, Argentina.""]","[""Katche C"", ""Medina J""]","[""29755331""]",2,1
aff_98f3de619b952624,"Institute of Biophysics Carlos Chagas Filho, Federal University of Rio de Janeiro, Rio de Janeiro, Brazil.","[""Institute of Biophysics Carlos Chagas Filho, Federal University of Rio de Janeiro, Rio de Janeiro, Brazil.""]","[""Oliveira M""]","[""31630412""]",1,1
aff_9925f4777f1cdf64,"Universidad de Buenos Aires, CONICET, Instituto de Fisiología y Biofísica (IFIBIO) Bernardo Houssay, Grupo de Neurociencia de Sistemas, Buenos Aires, Argentina.","[""Universidad de Buenos Aires, CONICET, Instituto de Fisiología y Biofísica (IFIBIO) Bernardo Houssay, Grupo de Neurociencia de Sistemas, Buenos Aires, Argentina.""]","[""Keifman E"", ""Murer M"", ""Pafundo D"", ""Paz R"", ""Rela L"", ""Stahl A"", ""Tubert C""]","[""30895594"", ""35535012""]",7,2
aff_994bf80b6631b8fb,"IFIBIO Houssay, Department of Physiology, School of Medicine, University of Buenos Aires, Buenos Aires, Argentina.","[""IFIBIO Houssay, Department of Physiology, School of Medicine, University of Buenos Aires, Buenos Aires, Argentina.""]","[""Della-Maggiore V"", ""Riquelme L"", ""Solano A""]","[""35368282""]",3,1
aff_9960a8370a659d14,"Center for Biophysics and Biochemistry (CBB), Venezuelan Institute for Scientific Research (IVIC), Caracas, Venezuela.","[""Center for Biophysics and Biochemistry (CBB), Venezuelan Institute for Scientific Research (IVIC), Caracas, Venezuela."", ""Center for Biophysics and Biochemistry (CBB), Venezuelan Institute for Scientific Research (IVIC), Caracas, Venezuela.""]","[""Marin R""]","[""38089623"", ""40642510""]",1,2
aff_9974c078d51cf92e,"Unidad de Nefrología, Hospital General de Niños Pedro de Elizalde, Buenos Aires C1270AAN, Argentina.","[""Unidad de Nefrología, Hospital General de Niños Pedro de Elizalde, Buenos Aires C1270AAN, Argentina.""]","[""Balestracci A""]","[""39442808""]",1,1
aff_99a69f3984adb769,"Instituto de Fisiología y Biofísica Bernardo Houssay, Universidad de Buenos Aires-CONICET, Buenos Aires C1121ABG, Argentina.","[""Instituto de Fisiología y Biofísica Bernardo Houssay, Universidad de Buenos Aires-CONICET, Buenos Aires C1121ABG, Argentina.""]","[""Damiano A""]","[""42123443""]",1,1
aff_99a6f6ed7c213299,"Department of Physiology and Biophysics, Case Western Reserve University, Cleveland, OH, USA.","[""Department of Physiology and Biophysics, Case Western Reserve University, Cleveland, OH, USA.""]","[""Cabral P"", ""Garvin J""]","[""25980432""]",2,1
aff_99c18ca43b8704d8,"Unit on Genetics of Cognition and Behavior, National Institute of Mental Health, National Institutes of Health, Department of Health and Human Services, Bethesda, MD.","[""Unit on Genetics of Cognition and Behavior, National Institute of Mental Health, National Institutes of Health, Department of Health and Human Services, Bethesda, MD.""]","[""Jiang S"", ""Nakao K"", ""Nakazawa K""]","[""29394409""]",3,1
aff_99c9d63d8ddecf4f,"Department of Physiological Sciences, School of Medicine, Pontificia Universidad Javeriana, Bogotá, Colombia.","[""Department of Physiological Sciences, School of Medicine, Pontificia Universidad Javeriana, Bogotá, Colombia.""]","[""Garcia-Robles R"", ""Quintero-Arciniegas L""]","[""35431989""]",2,1
aff_99f2c717daaec750,"Institute for Stroke and Dementia Research, LMU Munich, Munich, Germany.","[""Institute for Stroke and Dementia Research, LMU Munich, Munich, Germany.""]","[""Lopez M""]","[""31630412""]",1,1
aff_9a13372647178713,"Instituto de Fisiología y Biofísica (IFIBIO UBA-CONICET), Facultad de Medicina, Universidad de Buenos Aires (UBA), Buenos Aires, Argentina.","[""Instituto de Fisiología y Biofísica (IFIBIO UBA-CONICET), Facultad de Medicina, Universidad de Buenos Aires (UBA), Buenos Aires, Argentina.""]","[""Blake M""]","[""31057366"", ""33307182"", ""34619364"", ""35752429""]",1,4
aff_9a1519a28f3472e0,"Instituto de Agrobiotecnología y Biología Molecular (IABIMO)-CICVyA, INTA-CONICET, Buenos Aires, Argentina, 1121.","[""Instituto de Agrobiotecnología y Biología Molecular (IABIMO)-CICVyA, INTA-CONICET, Buenos Aires, Argentina, 1121.""]","[""Cataldi A"", ""Larzabal M""]","[""33685676""]",2,1
aff_9a3894a764dbe156,"Instituto de Fisiología y Biofísica Bernardo Houssay, Consejo Nacional de Investigaciones Científicas y Técnicas, Buenos Aires, Argentina.","[""Instituto de Fisiología y Biofísica Bernardo Houssay, Consejo Nacional de Investigaciones Científicas y Técnicas, Buenos Aires, Argentina.""]","[""Belluscio M"", ""Galinanes G"", ""Murer M""]","[""27431292""]",3,1
aff_9a941c1453ee3534,"Department of Neurology and Neurosurgery, McGill University Montreal, Quebec H3A2B4, Canada.","[""Department of Neurology and Neurosurgery, McGill University Montreal, Quebec H3A2B4, Canada.""]","[""Della-Maggiore V""]","[""39074983""]",1,1
aff_9ac9bfd6578dd8ef,"CONICET - Universidad de Buenos Aires, Instituto de Fisiología y Biofísica Bernardo Houssay (IFIBIO Houssay), Buenos Aires, Argentina. mariv@fmed.uba.ar.","[""CONICET - Universidad de Buenos Aires, Instituto de Fisiología y Biofísica Bernardo Houssay (IFIBIO Houssay), Buenos Aires, Argentina. mariv@fmed.uba.ar.""]","[""Rivarola V""]","[""41824201""]",1,1
aff_9aeea1f770873122,"Universidad de Buenos Aires and CONICET, Instituto de Fisiología y Biofísica Bernardo Houssay (IFIBIO Houssay), 2155 Paraguay St, Buenos Aires 1121, Argentina.","[""Universidad de Buenos Aires and CONICET, Instituto de Fisiología y Biofísica Bernardo Houssay (IFIBIO Houssay), 2155 Paraguay St, Buenos Aires 1121, Argentina.""]","[""Coll C""]","[""37683958""]",1,1
aff_9aefa7a6e1eb66a4,"Laboratorio de Biología de la Reproducción, Instituto de Fisiología y Biofísica Bernardo Houssay (IFIBIO)-CONICET-Facultad de Medicina, Universidad de Buenos Aires, Buenos Aires, Argentina.","[""Laboratorio de Biología de la Reproducción, Instituto de Fisiología y Biofísica Bernardo Houssay (IFIBIO)-CONICET-Facultad de Medicina, Universidad de Buenos Aires, Buenos Aires, Argentina.""]","[""Martinez N""]","[""36717499""]",1,1
aff_9b7389426363fa82,"Unidad de Cardiología, Hospital General de Niños Pedro de Elizalde, Buenos Aires, Argentina.","[""Unidad de Cardiología, Hospital General de Niños Pedro de Elizalde, Buenos Aires, Argentina.""]","[""Ackerman J""]","[""36464947""]",1,1
aff_9b74209c508060b1,"Laboratorio de Neurofarmacología de los Procesos de Memoria, Cátedra de Farmacología, Facultad de Farmacia y Bioquímica, Universidad de Buenos Aires (UBA) - CONICET, Buenos Aires, Argentina.","[""Laboratorio de Neurofarmacología de los Procesos de Memoria, Cátedra de Farmacología, Facultad de Farmacia y Bioquímica, Universidad de Buenos Aires (UBA) - CONICET, Buenos Aires, Argentina.""]","[""Krawczyk M"", ""Millan J""]","[""33307182""]",2,1
aff_9b97e19f8ff415b6,"Network Center for Biomedical Research in Neurodegenerative Diseases (CIBERNED), Madrid, Spain.","[""Network Center for Biomedical Research in Neurodegenerative Diseases (CIBERNED), Madrid, Spain.""]","[""Paraiso-Luna J""]","[""31630412""]",1,1
aff_9be17f27dbf2a9ae,"Instituto de Genética Veterinaria Ing. Fernando N. Dulout (UNLP-CONICET, La Plata), Facultad de Ciencias Veterinarias, La Plata 1900, Argentina. lgalli@igevet.gob.ar.","[""Instituto de Genética Veterinaria Ing. Fernando N. Dulout (UNLP-CONICET, La Plata), Facultad de Ciencias Veterinarias, La Plata 1900, Argentina. lgalli@igevet.gob.ar.""]","[""Galli L""]","[""30274180""]",1,1
aff_9c25b5dc2eed5261,"Instituto de Biología y Medicina Experimental (IBYME)-CONICET, Buenos Aires, Argentina.","[""Instituto de Biología y Medicina Experimental (IBYME)-CONICET, Buenos Aires, Argentina.""]","[""Ramos-Hryb A""]","[""31630412""]",1,1
aff_9cbce7eba8d04a16,"Instituto de Fisiología y Biofísica Prof. Bernardo Houssay (IFIBIO-Houssay), Universidad de Buenos Aires (UBA), Consejo Nacional de Investigaciones Científicas y Técnicas (CONICET), Buenos Aires, Argentina; Departamento de Fisiología, Facultad de Medicina, Universidad de Buenos Aires (UBA), Buenos Aires, Argentina.","[""Instituto de Fisiología y Biofísica Prof. Bernardo Houssay (IFIBIO-Houssay), Universidad de Buenos Aires (UBA), Consejo Nacional de Investigaciones Científicas y Técnicas (CONICET), Buenos Aires, Argentina; Departamento de Fisiología, Facultad de Medicina, Universidad de Buenos Aires (UBA), Buenos Aires, Argentina.""]","[""Faillace M""]","[""34216588""]",1,1
aff_9cff4d0cc8cde6bf,"The Zlotowski Center for Neuroscience, Ben-Gurion University of the Negev, Beer Sheva, Israel.","[""The Zlotowski Center for Neuroscience, Ben-Gurion University of the Negev, Beer Sheva, Israel.""]","[""Garcia-Venzor A"", ""Toiber D""]","[""34804128""]",2,1
aff_9d121fff2a1f6e1b,"Tecnologico de Monterrey, Institute for Obesity Research, School of Medicine and Health Sciences, Monterrey, Mexico.","[""Tecnologico de Monterrey, Institute for Obesity Research, School of Medicine and Health Sciences, Monterrey, Mexico.""]","[""Sobrevia L""]","[""38827994""]",1,1
aff_9d17263d51f9eea6,"Department of Neurology and Neurosurgery, McGill University, Montreal, QC, H3A 2B4, Canada.","[""Department of Neurology and Neurosurgery, McGill University, Montreal, QC, H3A 2B4, Canada.""]","[""Della-Maggiore V"", ""Doyon J""]","[""32900965"", ""41040166""]",2,2
aff_9d1c913a37128267,"Departamento de Ciencias Fisiológicas, Universidad de Buenos Aires, Facultad de Medicina, Laboratorio de Biomembranas, Buenos Aires, Argentina; Sorbonne Université, Institut Jean Le Rond d'Alembert, CNRS, Paris, France.","[""Departamento de Ciencias Fisiológicas, Universidad de Buenos Aires, Facultad de Medicina, Laboratorio de Biomembranas, Buenos Aires, Argentina; Sorbonne Université, Institut Jean Le Rond d'Alembert, CNRS, Paris, France.""]","[""Lagree P""]","[""31521941""]",1,1
aff_9d4c795197046309,"Cátedra de Tecnología Farmacéutica I, Facultad de Farmacia y Bioquímica, Universidad de Buenos Aires, Argentina; Universidad de Buenos Aires, Instituto de Tecnología Farmacéutica y Biofarmacia (InTecFyB), Argentina; Consejo Nacional de Investigaciones Científicas y Técnicas (CONICET), Argentina.","[""Cátedra de Tecnología Farmacéutica I, Facultad de Farmacia y Bioquímica, Universidad de Buenos Aires, Argentina; Universidad de Buenos Aires, Instituto de Tecnología Farmacéutica y Biofarmacia (InTecFyB), Argentina; Consejo Nacional de Investigaciones Científicas y Técnicas (CONICET), Argentina.""]","[""Chiappetta D"", ""Moretton M""]","[""37979924""]",2,1
aff_9da4b1c9d652062a,"Laboratorio de Neurofarmacología de los Procesos de Memoria, Cátedra de Farmacología, Facultad de Farmacia y Bioquímica, Universidad de Buenos Aires (UBA), Buenos Aires, Argentina.","[""Laboratorio de Neurofarmacología de los Procesos de Memoria, Cátedra de Farmacología, Facultad de Farmacia y Bioquímica, Universidad de Buenos Aires (UBA), Buenos Aires, Argentina.""]","[""Boccia M"", ""Krawczyk M"", ""Medina C"", ""Millan J""]","[""31057366"", ""34619364"", ""35752429""]",4,3
aff_9dbb0d59bdf7c7d0,"Sorbonne Universités, UPMC Univ Paris 06, CNRS, UMR 7190, Institut Jean Le Rond d'Alembert, F-75005 Paris, France; Service de Chirurgie Vasculaire, Hôpitaux Universitaires La Pitié-Salpêtrière, 47-83 Bd de l'Hôpital, 75013 Paris, France.","[""Sorbonne Universités, UPMC Univ Paris 06, CNRS, UMR 7190, Institut Jean Le Rond d'Alembert, F-75005 Paris, France; Service de Chirurgie Vasculaire, Hôpitaux Universitaires La Pitié-Salpêtrière, 47-83 Bd de l'Hôpital, 75013 Paris, France.""]","[""Gaudric J""]","[""27016670""]",1,1
aff_9de42c9cf06932f5,"Laboratory of Motor Cognition, Department of Anatomy, Federal University of Pará Belém, Brazil.","[""Laboratory of Motor Cognition, Department of Anatomy, Federal University of Pará Belém, Brazil.""]","[""Saunier G""]","[""27625602""]",1,1
aff_9df27d65029ec4f0,"Ramón y Cajal Institute of Health Research (IRYCIS), Department of Biochemistry and Molecular Biology and University Research Institute in Neurochemistry (IUIN), Complutense University, Madrid, Spain.","[""Ramón y Cajal Institute of Health Research (IRYCIS), Department of Biochemistry and Molecular Biology and University Research Institute in Neurochemistry (IUIN), Complutense University, Madrid, Spain.""]","[""Paraiso-Luna J""]","[""31630412""]",1,1
aff_9df55b7dca1e96d4,"Universidad de Buenos Aires, CONICET, Instituto de Fisiología y Biofísica Bernardo Houssay (IFIBIO Houssay), Laboratorio de Biomembranas, Buenos Aires, Argentina.","[""Universidad de Buenos Aires, CONICET, Instituto de Fisiología y Biofísica Bernardo Houssay (IFIBIO Houssay), Laboratorio de Biomembranas, Buenos Aires, Argentina.""]","[""Dorr R""]","[""35904906""]",1,1
aff_9e0b7b0a533d2188,"Departamento de Fisiología, Facultad de Medicina e Instituto de Fisiología y Biofísica Profesor Bernardo Houssay (IFIBIO-Houssay, CONICET-UBA), Universidad de Buenos Aires (UBA), Ciudad Autónoma de Buenos Aires, Argentina.","[""Departamento de Fisiología, Facultad de Medicina e Instituto de Fisiología y Biofísica Profesor Bernardo Houssay (IFIBIO-Houssay, CONICET-UBA), Universidad de Buenos Aires (UBA), Ciudad Autónoma de Buenos Aires, Argentina.""]","[""Bernabeu R"", ""Faillace M""]","[""34279203""]",2,1
aff_9e29cbfd5b404381,"Laboratorio de Bacteriología General, Instituto de Patobiología Veterinaria, Instituto Nacional de Tecnología Agropecuaria-Consejo Nacional de Investigaciones Científicas y Tecnológicas (IPVet), INTA-CONICET, William C. Morris, Argentina.","[""Laboratorio de Bacteriología General, Instituto de Patobiología Veterinaria, Instituto Nacional de Tecnología Agropecuaria-Consejo Nacional de Investigaciones Científicas y Tecnológicas (IPVet), INTA-CONICET, William C. Morris, Argentina.""]","[""Arias L""]","[""41489386""]",1,1
aff_9ec6aa0ef09fca2b,"Departamento de Ciencias Fisiológicas, Instituto de Fisiología y Biofísica Bernardo Houssay (IFIBIO Houssay)- CONICET, Facultad de Medicina, Universidad de Buenos Aires, Argentina.","[""Departamento de Ciencias Fisiológicas, Instituto de Fisiología y Biofísica Bernardo Houssay (IFIBIO Houssay)- CONICET, Facultad de Medicina, Universidad de Buenos Aires, Argentina.""]","[""Ibarra F"", ""Sanchez D"", ""Silberstein C""]","[""32282322""]",3,1
aff_9ee590976ebfdea8,"Instituto de Química y Físico-Química Biológicas ""Prof. Alejandro C. Paladini"", Universidad de Buenos Aires (UBA), Consejo Nacional de Investigaciones Científicas y Técnicas (CONICET), Facultad de Farmacia y Bioquímica, Junín 956, C1113AAD Buenos Aires, Argentina; Universidad de Buenos Aires (UBA), Facultad de Farmacia y Bioquímica, Departamento de Química Biológica, Cátedra de Química Biológica, Junín 956, C1113AAD Buenos Aires, Argentina. Electronic address: pjs@qb.ffyb.uba.ar.","[""Instituto de Química y Físico-Química Biológicas \""Prof. Alejandro C. Paladini\"", Universidad de Buenos Aires (UBA), Consejo Nacional de Investigaciones Científicas y Técnicas (CONICET), Facultad de Farmacia y Bioquímica, Junín 956, C1113AAD Buenos Aires, Argentina; Universidad de Buenos Aires (UBA), Facultad de Farmacia y Bioquímica, Departamento de Química Biológica, Cátedra de Química Biológica, Junín 956, C1113AAD Buenos Aires, Argentina. Electronic address: pjs@qb.ffyb.uba.ar.""]","[""Schwarzbaum P""]","[""34216588""]",1,1
aff_9eee224cc968b96e,"Division of Intramural Research National Center for Complementary and Integrative Health, 35 Convent Drive, Building 35A / Room 1E-410, Bethesda, MD 20892, USA; National Institute on Drug Abuse, National Institutes of Health, 35 Convent Drive, Building 35A / Room 1E-410, Bethesda, MD 20892, USA.","[""Division of Intramural Research National Center for Complementary and Integrative Health, 35 Convent Drive, Building 35A / Room 1E-410, Bethesda, MD 20892, USA; National Institute on Drug Abuse, National Institutes of Health, 35 Convent Drive, Building 35A / Room 1E-410, Bethesda, MD 20892, USA.""]","[""Carrasquillo Y""]","[""41605341""]",1,1
aff_9f68a053f8172122,"Central Laboratory, Hospital Británico de Buenos Aires, Buenos Aires, Argentina.","[""Central Laboratory, Hospital Británico de Buenos Aires, Buenos Aires, Argentina.""]","[""Canzonieri R"", ""Muryan A"", ""Schiel A"", ""Stern A""]","[""27733175"", ""28523190"", ""30747154""]",4,3
aff_9f856431525c3406,"Queensland Brain Institute, The University of Queensland, St Lucia, Queensland, Australia.","[""Queensland Brain Institute, The University of Queensland, St Lucia, Queensland, Australia.""]","[""Meier S""]","[""31630412""]",1,1
aff_9fbfaf455eb379d0,"Instituto de Neurociencia Cognitiva y Translacional, Universidad Favaloro, INECO, CONICET, Buenos Aires, Argentina.","[""Instituto de Neurociencia Cognitiva y Translacional, Universidad Favaloro, INECO, CONICET, Buenos Aires, Argentina.""]","[""Bekinschtein P"", ""Gallo F"", ""Miranda M"", ""Morici J"", ""Weisstaub N"", ""Zanoni B""]","[""29717980""]",6,1
aff_9fc4a4ff7698cbe3,"Consejo Nacional de Investigaciones Científicas y Técnicas, Instituto de Fisiología y Biofísica ""Dr. Bernardo Houssay""- CONICET (IFIBIO), Universidad de Buenos Aires, Buenos Aires, Argentina.","[""Consejo Nacional de Investigaciones Científicas y Técnicas, Instituto de Fisiología y Biofísica \""Dr. Bernardo Houssay\""- CONICET (IFIBIO), Universidad de Buenos Aires, Buenos Aires, Argentina.""]","[""Martinez M"", ""Silva A""]","[""36710956""]",2,1
aff_9fcba21d7f2313b9,"Laboratorio de Biomembranas, Facultad de Medicina, Departamento de Ciencias Fisiológicas, Universidad de Buenos Aires, Buenos Aires, Argentina.","[""Laboratorio de Biomembranas, Facultad de Medicina, Departamento de Ciencias Fisiológicas, Universidad de Buenos Aires, Buenos Aires, Argentina.""]","[""Capurro C"", ""Di Giusto G"", ""Ford P"", ""Lopez Gonzalez M"", ""Pizzoni A"", ""Rivarola V""]","[""29243846""]",6,1
aff_a04f49a3af8b2d02,"Machine Learning Applied in Biomedicine (MLAB), Concepción, Chile.","[""Machine Learning Applied in Biomedicine (MLAB), Concepción, Chile.""]","[""Araya J"", ""Guzman-Gutierrez E"", ""Mennickent D"", ""Rodriguez A""]","[""37274341""]",4,1
aff_a07345911164da0c,"Universidad de Buenos Aires, Consejo Nacional de Investigaciones Científicas y Técnicas, Grupo de Neurociencia de Sistemas, Instituto de Fisiología y Biofísica ""Bernardo Houssay"" (IFIBIO HOUSSAY), Facultad de Medicina, Ciudad Autónoma de Buenos Aires, Argentina.","[""Universidad de Buenos Aires, Consejo Nacional de Investigaciones Científicas y Técnicas, Grupo de Neurociencia de Sistemas, Instituto de Fisiología y Biofísica \""Bernardo Houssay\"" (IFIBIO HOUSSAY), Facultad de Medicina, Ciudad Autónoma de Buenos Aires, Argentina.""]","[""Bumaschny V""]","[""42675027""]",1,1
aff_a0bf9c42d5992fa0,"Department of Medicine, Division of Experimental Medicine, University of California San Francisco, California, United States of America.","[""Department of Medicine, Division of Experimental Medicine, University of California San Francisco, California, United States of America.""]","[""Gibson E"", ""Hobbs K"", ""Milush J"", ""Pan T"", ""Thanh C""]","[""38019897""]",5,1
aff_a0c58bcca0fd4272,"IIS-Fundacion Jimenez Diaz, School of Medicine, UAM, Avda Reyes Catolicos 2, 28040, Madrid, Spain.","[""IIS-Fundacion Jimenez Diaz, School of Medicine, UAM, Avda Reyes Catolicos 2, 28040, Madrid, Spain.""]","[""Ortiz A""]","[""27733175""]",1,1
aff_a0c82f8177ce87ae,"Charles Perkins Centre, The University of Sydney, Camperdown, NSW, 2050, Australia. rebecca.sangil@sydney.edu.au.","[""Charles Perkins Centre, The University of Sydney, Camperdown, NSW, 2050, Australia. rebecca.sangil@sydney.edu.au.""]","[""San Gil R""]","[""41423699""]",1,1
aff_a0fa15620f974ac5,"Universidad de Buenos Aires. Facultad de Medicina, Departamento de Fisiología, Buenos Aires, Argentina, and CONICET-Universidad de Buenos Aires, Instituto de Fisiología y Biofísica ""Bernardo Houssay"" (IFIBIO-Houssay), Grupo de Neurociencia de Sistemas, Buenos Aires 1121, Argentina.","[""Universidad de Buenos Aires. Facultad de Medicina, Departamento de Fisiología, Buenos Aires, Argentina, and CONICET-Universidad de Buenos Aires, Instituto de Fisiología y Biofísica \""Bernardo Houssay\"" (IFIBIO-Houssay), Grupo de Neurociencia de Sistemas, Buenos Aires 1121, Argentina.""]","[""Beccaria J"", ""Braz B"", ""Martos Y"", ""Murer M""]","[""28193688""]",4,1
aff_a191b45b3a42ae42,"Instituto Universitario Italiano de Rosario (IUNIR), Santa Fe, Argentina.","[""Instituto Universitario Italiano de Rosario (IUNIR), Santa Fe, Argentina.""]","[""Venera G""]","[""28710541""]",1,1
aff_a1f0ce2c4b2edb96,"Universidad de Buenos Aires, Instituto de Investigaciones Médicas A. Lanari, Laboratorio de Nefrología Experimental y Bioquímica Molecular, Combatientes de Malvinas 3150, Buenos Aires, 1427, Argentina; Universidad de Buenos Aires, Consejo Nacional de Investigaciones Científicas y Técnicas (CONICET), Instituto de Investigaciones Médicas A. Lanari, Combatientes de Malvinas 3150, Buenos Aires, 1427, Argentina. Electronic address: azurmendi.pablo@lanari.uba.ar.","[""Universidad de Buenos Aires, Instituto de Investigaciones Médicas A. Lanari, Laboratorio de Nefrología Experimental y Bioquímica Molecular, Combatientes de Malvinas 3150, Buenos Aires, 1427, Argentina; Universidad de Buenos Aires, Consejo Nacional de Investigaciones Científicas y Técnicas (CONICET), Instituto de Investigaciones Médicas A. Lanari, Combatientes de Malvinas 3150, Buenos Aires, 1427, Argentina. Electronic address: azurmendi.pablo@lanari.uba.ar.""]","[""Azurmendi P""]","[""38788356""]",1,1
aff_a21cda2f65bbd7ee,"School of Medicine, Human Genetics Institute, Pontificia Universidad Javeriana, Bogotá, Colombia.","[""School of Medicine, Human Genetics Institute, Pontificia Universidad Javeriana, Bogotá, Colombia.""]","[""Ayala-Ramirez P""]","[""35431989""]",1,1
aff_a2561a71dc652c92,"CONICET-Universidad de Buenos Aires, Instituto de Fisiología y Biofísica ""Bernardo Houssay"" (IFIBIO), Buenos Aires, Argentina.","[""CONICET-Universidad de Buenos Aires, Instituto de Fisiología y Biofísica \""Bernardo Houssay\"" (IFIBIO), Buenos Aires, Argentina.""]","[""Capurro C"", ""Di Giusto G"", ""Ford P"", ""Pizzoni A"", ""Rivarola V""]","[""29243846""]",5,1
aff_a289cbc6d9de7592,"Universidad de Buenos Aires, CONICET, Departamento de Ciencias Fisiológicas, Buenos Aires, Argentina.","[""Universidad de Buenos Aires, CONICET, Departamento de Ciencias Fisiológicas, Buenos Aires, Argentina.""]","[""Carbone S"", ""Gonzalez B""]","[""29355695""]",2,1
aff_a2a3f449b2cdcf8f,"Chronophysiology Lab, Institute for Biomedical Research, UCA-CONICET), Buenos Aires, Argentina.","[""Chronophysiology Lab, Institute for Biomedical Research, UCA-CONICET), Buenos Aires, Argentina.""]","[""Vigo D""]","[""39853576""]",1,1
aff_a2e2a28b8a1efb3c,"Center for Information Services and High Performance Computing, Technische Universität Dresden, Dresden, Germany. osvaldo.chara@tu-dresden.de.","[""Center for Information Services and High Performance Computing, Technische Universität Dresden, Dresden, Germany. osvaldo.chara@tu-dresden.de.""]","[""Chara O""]","[""35705598""]",1,1
aff_a30f9286ac44cacf,"Departamento de Fisicomatemática, Facultad de Farmacia y Bioquímica, Universidad de Buenos Aires, Buenos Aires, Argentina.","[""Departamento de Fisicomatemática, Facultad de Farmacia y Bioquímica, Universidad de Buenos Aires, Buenos Aires, Argentina.""]","[""Piehl L"", ""Rubin De Celis E""]","[""27342375""]",2,1
aff_a3349785a61e9ce9,"Laboratorio de Patogénesis e Inmunología de Procesos Infecciosos, Instituto de Medicina Experimental, Consejo Nacional de Investigaciones Científicas y Técnicas-Academia Nacional de Medicina, 1425 Buenos Aires, Argentina. mpmejias@gmail.com.","[""Laboratorio de Patogénesis e Inmunología de Procesos Infecciosos, Instituto de Medicina Experimental, Consejo Nacional de Investigaciones Científicas y Técnicas-Academia Nacional de Medicina, 1425 Buenos Aires, Argentina. mpmejias@gmail.com.""]","[""Mejias M""]","[""29068360""]",1,1
aff_a343e967c77ce89e,"Departamento de Ciencias Básicas, Facultad de Ingeniería, Universidad Nacional de La Plata, La Plata B1900, Argentina.","[""Departamento de Ciencias Básicas, Facultad de Ingeniería, Universidad Nacional de La Plata, La Plata B1900, Argentina.""]","[""Vampa V""]","[""39851628""]",1,1
aff_a371d298b7a40641,"Experimental Parkinsonism Group, ININFA, CONICET, and University of Buenos Aires, Buenos Aires, Argentina 1121, and Experimental Neurobiology Laboratory, University of Entre Ríos, Concepción del Uruguay, Entre Ríos, Argentina 2820.","[""Experimental Parkinsonism Group, ININFA, CONICET, and University of Buenos Aires, Buenos Aires, Argentina 1121, and Experimental Neurobiology Laboratory, University of Entre Ríos, Concepción del Uruguay, Entre Ríos, Argentina 2820.""]","[""Taravini I""]","[""27225760""]",1,1
aff_a39237c59753476a,"Departamento de Obstetricia y Ginecología, Unidad de Embarazo de Alto Riesgo, Centro de Educación Médica e Investigaciones Clínicas (CEMIC), Buenos Aires, Argentina.","[""Departamento de Obstetricia y Ginecología, Unidad de Embarazo de Alto Riesgo, Centro de Educación Médica e Investigaciones Clínicas (CEMIC), Buenos Aires, Argentina.""]","[""Leguizamon G"", ""Trigubo D""]","[""27488203""]",2,1
aff_a3aff8ee1c072148,"Instituto de Fisiología y Biofísica Bernardo Houssay (IFIBIO)-Houssay, Facultad de Medicina, Universidad de Buenos Aires-Consejo Nacional de Investigaciones Científicas y Técnicas (CONICET), Buenos Aires, Argentina.","[""Instituto de Fisiología y Biofísica Bernardo Houssay (IFIBIO)-Houssay, Facultad de Medicina, Universidad de Buenos Aires-Consejo Nacional de Investigaciones Científicas y Técnicas (CONICET), Buenos Aires, Argentina.""]","[""Merlo E"", ""Pagani M""]","[""30842725""]",2,1
aff_a4b0ef4c3a6aaafb,"Consultorio y Laboratorio de Neurogenética, Centro Universitario de Neurología ""José María Ramos Mejía"" Facultad de Medicina, UBA & Instituto de Investigaciones en Medicina Traslacional, Facultad de Ciencias Biomédicas, Universidad Austral-CONICET, Buenos Aires, Argentina. marcelokauffman@gmail.com.","[""Consultorio y Laboratorio de Neurogenética, Centro Universitario de Neurología \""José María Ramos Mejía\"" Facultad de Medicina, UBA & Instituto de Investigaciones en Medicina Traslacional, Facultad de Ciencias Biomédicas, Universidad Austral-CONICET, Buenos Aires, Argentina. marcelokauffman@gmail.com.""]","[""Kauffman M""]","[""34823607""]",1,1
aff_a4de4d80af177a8d,"Laboratorio de Biología de la Reproducción, Instituto de Fisiología y Biofísica Bernardo Houssay (IFIBIO)- CONICET- Facultad de Medicina, Universidad de Buenos Aires, Buenos Aires, Argentina.","[""Laboratorio de Biología de la Reproducción, Instituto de Fisiología y Biofísica Bernardo Houssay (IFIBIO)- CONICET- Facultad de Medicina, Universidad de Buenos Aires, Buenos Aires, Argentina.""]","[""Alejandra R"", ""Damiano A"", ""Martinez N"", ""Medina Y"", ""Natalia S"", ""Reppetti J"", ""Szpilbarg N""]","[""27342375"", ""28258575"", ""29567477"", ""34925067"", ""35431989"", ""36117714"", ""37466779""]",7,7
aff_a4ff206b0bd58fe9,"Facultad de Medicina, Instituto de Fisiología y Biofísica (IFIBIO)-Houssay, Universidad de Buenos Aires - Consejo Nacional de Investigaciones Científicas y Técnicas (CONICET), Buenos Aires, Argentina.","[""Facultad de Medicina, Instituto de Fisiología y Biofísica (IFIBIO)-Houssay, Universidad de Buenos Aires - Consejo Nacional de Investigaciones Científicas y Técnicas (CONICET), Buenos Aires, Argentina.""]","[""Merlo E""]","[""33519685""]",1,1
aff_a52748f665b8b99a,"Department of Medicine, Division of HIV, Infectious Diseases & Global Medicine, University of California, San Francisco, California, United States of America.","[""Department of Medicine, Division of HIV, Infectious Diseases & Global Medicine, University of California, San Francisco, California, United States of America.""]","[""Barbehenn A"", ""Deeks S"", ""Dwivedi A"", ""Hecht F"", ""Hoh R"", ""Lee S"", ""Pilcher C"", ""Siegel D""]","[""38019897""]",8,1
aff_a53bfad2bf5de7d7,"Department of Biostatistics & Epidemiology, University of California San Francisco, California, United States of America.","[""Department of Biostatistics & Epidemiology, University of California San Francisco, California, United States of America.""]","[""Martin J""]","[""38019897""]",1,1
aff_a567857b6f943808,"Servicio de Cardiología, Hospital H. Notti, Provincia de Mendoza, Argentina.","[""Servicio de Cardiología, Hospital H. Notti, Provincia de Mendoza, Argentina.""]","[""Gonzalez G""]","[""36464947""]",1,1
aff_a5aead9376acf632,"CEFYBO-CONICET, Universidad de Buenos Aires, 2155 Paraguay Street, Piso 16, 1121 Buenos Aires, Argentina.","[""CEFYBO-CONICET, Universidad de Buenos Aires, 2155 Paraguay Street, Piso 16, 1121 Buenos Aires, Argentina.""]","[""Franchi A""]","[""25157355""]",1,1
aff_a623d90c4b933864,"Unidad de Embarazo de Alto Riesgo, CEMIC, Buenos Aires, Argentina.","[""Unidad de Embarazo de Alto Riesgo, CEMIC, Buenos Aires, Argentina.""]","[""Leguizamon G""]","[""30564135""]",1,1
aff_a64f4c71e39ac2c2,"Laboratorio de Fisiopatogenia, Instituto de Fisiología y Biofísica Bernardo Houssay (IFIBIO Houssay-CONICET), Departamento de Fisiología, Facultad de Medicina, Universidad de Buenos Aires, Buenos Aires, Argentina.","[""Laboratorio de Fisiopatogenia, Instituto de Fisiología y Biofísica Bernardo Houssay (IFIBIO Houssay-CONICET), Departamento de Fisiología, Facultad de Medicina, Universidad de Buenos Aires, Buenos Aires, Argentina.""]","[""Amaral M"", ""Sacerdoti F""]","[""35223548""]",2,1
aff_a6a8b38e83885e4a,"Departamento de Fisiología, IFIBIO-CONICET, Facultad de Medicina, Universidad de Buenos Aires, Buenos Aires, Argentina.","[""Departamento de Fisiología, IFIBIO-CONICET, Facultad de Medicina, Universidad de Buenos Aires, Buenos Aires, Argentina.""]","[""Gerhardt E"", ""Ibarra C"", ""Zotta E""]","[""26030198""]",3,1
aff_a6df7561a64897f4,"Center For Regenerative Medicine (CReM) of Boston University and Boston Medical Center, Boston, USA.","[""Center For Regenerative Medicine (CReM) of Boston University and Boston Medical Center, Boston, USA.""]","[""Mostoslavsky G""]","[""34823607""]",1,1
aff_a75dd5566e846f78,"Laboratorio de Patogénesis e Inmunología de Procesos Infecciosos, Instituto de Medicina Experimental, (IMEX), Consejo Nacional de Investigaciones Científicas y Técnicas (CONICET)-Academia Nacional de Medicina, Buenos Aires, Argentina.","[""Laboratorio de Patogénesis e Inmunología de Procesos Infecciosos, Instituto de Medicina Experimental, (IMEX), Consejo Nacional de Investigaciones Científicas y Técnicas (CONICET)-Academia Nacional de Medicina, Buenos Aires, Argentina.""]","[""Fiorentino G"", ""Palermo M""]","[""29807709""]",2,1
aff_a762ee38f60277af,"Department of Neurology and Neurosurgery, McGill University, Montreal, QC H3A 2B4, Canada.","[""Department of Neurology and Neurosurgery, McGill University, Montreal, QC H3A 2B4, Canada.""]","[""Doyon J""]","[""36587288""]",1,1
aff_a7b4fb789a0f67b1,"Universidad de Buenos Aires, Facultad de Ciencias Médicas, Departamento de Ciencias Fisiológicas. Grupo de Neurociencias de Sistemas, Buenos Aires, Argentina; CONICET - Universidad de Buenos Aires. Instituto de Fisiología y Biofísica Bernardo Houssay (IFIBIO Houssay), Buenos Aires, Argentina. Electronic address: lmuller@fmed.uba.ar.","[""Universidad de Buenos Aires, Facultad de Ciencias Médicas, Departamento de Ciencias Fisiológicas. Grupo de Neurociencias de Sistemas, Buenos Aires, Argentina; CONICET - Universidad de Buenos Aires. Instituto de Fisiología y Biofísica Bernardo Houssay (IFIBIO Houssay), Buenos Aires, Argentina. Electronic address: lmuller@fmed.uba.ar.""]","[""Igaz L""]","[""42134656""]",1,1
aff_a81f36201bca7f01,"IFIBIO Houssay, CONICET, Department of Physiology, School of Medicine, University of Buenos Aires, Buenos Aires, Argentina. vdellamaggiore@fmed.uba.ar.","[""IFIBIO Houssay, CONICET, Department of Physiology, School of Medicine, University of Buenos Aires, Buenos Aires, Argentina. vdellamaggiore@fmed.uba.ar.""]","[""Della-Maggiore V""]","[""38332013""]",1,1
aff_a827ccd46b3a49ef,"Servicio de Reumatología, Sanatorio la Trinidad, Quilmes, Provincia de Buenos Aires, Argentina.","[""Servicio de Reumatología, Sanatorio la Trinidad, Quilmes, Provincia de Buenos Aires, Argentina.""]","[""Hortas M""]","[""36464947""]",1,1
aff_a8ac85e5f8ed5ec7,"Novo Nordisk, Plainsboro, NewJersey, USA.","[""Novo Nordisk, Plainsboro, NewJersey, USA.""]","[""Alford S""]","[""42675027""]",1,1
aff_a8c1a36e85a5ce52,"Instituto de Neurociencia Aplicada, Universidad Iberoamericana (UNIBE), Calle Majoma N. 13, Los Ríos, Santo Domingo, the Dominican Republic. Electronic address: l.sanchez1@prof.unibe.edu.do.","[""Instituto de Neurociencia Aplicada, Universidad Iberoamericana (UNIBE), Calle Majoma N. 13, Los Ríos, Santo Domingo, the Dominican Republic. Electronic address: l.sanchez1@prof.unibe.edu.do.""]","[""Sanchez-Vincitore L""]","[""42097396""]",1,1
aff_a909f722d42b3b63,"Universidad de Concepcion Departamento de Fisiologia, Concepción, Chile.","[""Universidad de Concepcion Departamento de Fisiologia, Concepción, Chile.""]","[""Burgos C""]","[""42601945""]",1,1
aff_a937da78351a84c0,"Sorbonne Universités, UPMC Univ Paris 06, CNRS, UMR 7190, Institut Jean Le Rond d'Alembert, F-75005 Paris, France. Electronic address: arthur.ghigo@dalembert.upmc.fr.","[""Sorbonne Universités, UPMC Univ Paris 06, CNRS, UMR 7190, Institut Jean Le Rond d'Alembert, F-75005 Paris, France. Electronic address: arthur.ghigo@dalembert.upmc.fr.""]","[""Ghigo A""]","[""27016670""]",1,1
aff_a948fc8ec0153129,"Neurology Department, Fundación para el Estudio de las Enfermedades Metabólicas FESEN, Buenos Aires, Argentina.","[""Neurology Department, Fundación para el Estudio de las Enfermedades Metabólicas FESEN, Buenos Aires, Argentina.""]","[""Politei J""]","[""26842625"", ""27015899""]",1,2
aff_a966b07114e8a21b,"Unidad de Nefrología, Hospital General de Niños Ricardo Gutiérrez, Buenos Aires, Argentina.","[""Unidad de Nefrología, Hospital General de Niños Ricardo Gutiérrez, Buenos Aires, Argentina.""]","[""Colazo A"", ""Collazo A"", ""Fainboin A"", ""Isse L"", ""Valencia M"", ""Vallejo G""]","[""30139698"", ""33722403"", ""36166246""]",6,3
aff_a96b1ec6159add56,"Instituto de Física La Plata (IFLP), CONICET-Universidad Nacional de La Plata, La Plata B1900, Argentina.","[""Instituto de Física La Plata (IFLP), CONICET-Universidad Nacional de La Plata, La Plata B1900, Argentina.""]","[""Rosso O""]","[""39851628""]",1,1
aff_a998d3a4f32feb37,"Instituto de Estudios Sociales en Contexto de Desigualdades (IESCODE-CONICET), Universidad Nacional de José C. Paz, Leandro N. Alem 4731, B1665, José C. Paz, Buenos Aires, Argentina.","[""Instituto de Estudios Sociales en Contexto de Desigualdades (IESCODE-CONICET), Universidad Nacional de José C. Paz, Leandro N. Alem 4731, B1665, José C. Paz, Buenos Aires, Argentina.""]","[""Belardo M""]","[""37704516""]",1,1
aff_a9f604192f0f9824,"Escuela de Tecnología Médica, Facultad de Medicina, Universidad de Valparaíso, Viña del Mar, Chile.","[""Escuela de Tecnología Médica, Facultad de Medicina, Universidad de Valparaíso, Viña del Mar, Chile.""]","[""Moller A""]","[""37466779""]",1,1
aff_a9f9c1b68303a8e6,"Department of Physiology and Institute of Physiology and Biophysics (IFIBIO-Houssay, UBA-CONICET), School of Medicine, University of Buenos Aires, Buenos Aires, Argentina. Electronic address: rbernabeu@fmed.uba.ar.","[""Department of Physiology and Institute of Physiology and Biophysics (IFIBIO-Houssay, UBA-CONICET), School of Medicine, University of Buenos Aires, Buenos Aires, Argentina. Electronic address: rbernabeu@fmed.uba.ar.""]","[""Bernabeu R""]","[""30826460"", ""35777525""]",1,2
aff_a9fbe87ab8c5c59d,"Department of Physiology, School of Medicine, IFIBIO Houssay, University of Buenos Aires, Buenos Aires, Argentina.","[""Department of Physiology, School of Medicine, IFIBIO Houssay, University of Buenos Aires, Buenos Aires, Argentina.""]","[""Solomons D""]","[""39853576""]",1,1
aff_aa7a38c296ccdcdb,"Facultad de Medicina, Universidad de Buenos Aires, Buenos Aires, Argentina.","[""Facultad de Medicina, Universidad de Buenos Aires, Buenos Aires, Argentina.""]","[""Belluscio M"", ""Renfijes M""]","[""33240056"", ""42086667""]",2,2
aff_aafb0bfb5a59b00e,"Laboratory of Vascular Biology and Histopathology, Institute of Health Sciences and Health, Federal University of Mato Grosso , Barra Do Garcas, Brazil.","[""Laboratory of Vascular Biology and Histopathology, Institute of Health Sciences and Health, Federal University of Mato Grosso , Barra Do Garcas, Brazil.""]","[""Giachini F"", ""Lima V"", ""Ribeiro I"", ""Souto P""]","[""32482148""]",4,1
aff_abc9c6d1b81fa18f,"Laboratorio de Parkinson Experimental, Instituto de Investigaciones Farmacológicas (ININFA-CONICET-UBA), Ciudad Autónoma de Buenos Aires, Argentina. Electronic address: gimenagomez@gmail.com.","[""Laboratorio de Parkinson Experimental, Instituto de Investigaciones Farmacológicas (ININFA-CONICET-UBA), Ciudad Autónoma de Buenos Aires, Argentina. Electronic address: gimenagomez@gmail.com.""]","[""Gomez G""]","[""25963416""]",1,1
aff_abea6e6294284460,"Laboratorio de Fisiopatogenia, Departamento de Fisiología, Instituto de Fisiología y Biofísica Bernardo Houssay (IFIBIO Houssay-CONICET), Facultad de Medicina, Universidad de Buenos Aires, 2155 Paraguay street, Piso 6, 1121 Buenos Aires, Argentina.","[""Laboratorio de Fisiopatogenia, Departamento de Fisiología, Instituto de Fisiología y Biofísica Bernardo Houssay (IFIBIO Houssay-CONICET), Facultad de Medicina, Universidad de Buenos Aires, 2155 Paraguay street, Piso 6, 1121 Buenos Aires, Argentina.""]","[""Amaral M"", ""Ibarra C"", ""Sacerdoti F"", ""Zotta E""]","[""25157355""]",4,1
aff_ac2cbbf7768f6cdf,"Laboratorio de Fisiopatogenia, Departamento de Ciencias Fisiológicas, Instituto de Fisiología y Biofísica (IFIBIO) Houssay, Facultad de Medicina, Universidad de Buenos Aires, Buenos Aires, Argentina.","[""Laboratorio de Fisiopatogenia, Departamento de Ciencias Fisiológicas, Instituto de Fisiología y Biofísica (IFIBIO) Houssay, Facultad de Medicina, Universidad de Buenos Aires, Buenos Aires, Argentina.""]","[""Amaral M"", ""Ibarra C"", ""Sacerdoti F"", ""Scalise M""]","[""30620717""]",4,1
aff_ac9c5f3f7d1bce63,"Plataforma de Imagens na Sala de Autopsia (PISA), Instituto de Radiologia, Facultade de Medicina, Universidade de Sao Paulo, Sao Paulo 05403-000, Brazil.","[""Plataforma de Imagens na Sala de Autopsia (PISA), Instituto de Radiologia, Facultade de Medicina, Universidade de Sao Paulo, Sao Paulo 05403-000, Brazil.""]","[""Amaro E""]","[""36587288""]",1,1
aff_acad6906fc146de6,"Laboratorio de Fisiopatología Placentaria, Centro de Estudios Farmacológicos y Botánicos (CEFYBO, CONICET), Facultad de Medicina, Universidad de Buenos Aires, Paraguay 2155, 16th floor, C1121ABG, Buenos Aires, Argentina. cyntia_aban@yahoo.com.ar.","[""Laboratorio de Fisiopatología Placentaria, Centro de Estudios Farmacológicos y Botánicos (CEFYBO, CONICET), Facultad de Medicina, Universidad de Buenos Aires, Paraguay 2155, 16th floor, C1121ABG, Buenos Aires, Argentina. cyntia_aban@yahoo.com.ar.""]","[""Aban C""]","[""27488203""]",1,1
aff_acdea9dd918867dd,"Laboratorio de Neurofisiopatología, Instituto de Fisiología y Biofísica ""Houssay"" - CONICET (IFIBIO), CONICET - Universidad de Buenos Aires, Buenos Aires, Argentina. jogol@fmed.uba.ar.","[""Laboratorio de Neurofisiopatología, Instituto de Fisiología y Biofísica \""Houssay\"" - CONICET (IFIBIO), CONICET - Universidad de Buenos Aires, Buenos Aires, Argentina. jogol@fmed.uba.ar.""]","[""Goldstein J""]","[""36227397""]",1,1
aff_acfaf2648954bc70,"Instituto de Fisiología y Biofísica ""Bernardo Houssay"" (IFIBIO-Houssay), Grupo de Neurociencia de Sistemas, Universidad de Buenos Aires y Consejo Nacional de Investigaciones Científicas y Técnicas (CONICET), 1121 Buenos Aires, Argentina.","[""Instituto de Fisiología y Biofísica \""Bernardo Houssay\"" (IFIBIO-Houssay), Grupo de Neurociencia de Sistemas, Universidad de Buenos Aires y Consejo Nacional de Investigaciones Científicas y Técnicas (CONICET), 1121 Buenos Aires, Argentina.""]","[""Beccaria J"", ""Keifman E"", ""Murer M"", ""Pretell Annan C""]","[""34933954""]",4,1
aff_ad371ad9fd8a4a79,"Pharmacobiology Department, Center for Research and Advanced Studies of the National Polytechnic Institute, Calz. Tenorios 235. Col. Granjas Coapa, Mexico City 14330, Mexico. Electronic address: lrocha@cinvestav.mx.","[""Pharmacobiology Department, Center for Research and Advanced Studies of the National Polytechnic Institute, Calz. Tenorios 235. Col. Granjas Coapa, Mexico City 14330, Mexico. Electronic address: lrocha@cinvestav.mx.""]","[""Rocha L""]","[""42097396""]",1,1
aff_ad38561ba3949cae,"Instituto de Bioquímica y Medicina Molecular, Facultad de Farmacia y Bioquímica, Universidad de Buenos Aires, C1113AAD Buenos Aires, Argentina. Electronic address: slarnaiz@ffyb.uba.ar.","[""Instituto de Bioquímica y Medicina Molecular, Facultad de Farmacia y Bioquímica, Universidad de Buenos Aires, C1113AAD Buenos Aires, Argentina. Electronic address: slarnaiz@ffyb.uba.ar.""]","[""Lores-Arnaiz S""]","[""26192095""]",1,1
aff_ad477e47d4fc5d69,"Universidad de Buenos Aires, Facultad de Ciencias Médicas, Departamento de Ciencias Fisiológicas, Laboratorio de Biomembranas, Buenos Aires, Argentina; Consejo Nacional de Investigaciones Científicas y Técnicas (CONICET), Instituto de Fisiología y Biofísica Bernardo Houssay (IFIBIO Houssay), Buenos Aires, Argentina. Electronic address: vnetti@conicet.gov.ar.","[""Universidad de Buenos Aires, Facultad de Ciencias Médicas, Departamento de Ciencias Fisiológicas, Laboratorio de Biomembranas, Buenos Aires, Argentina; Consejo Nacional de Investigaciones Científicas y Técnicas (CONICET), Instituto de Fisiología y Biofísica Bernardo Houssay (IFIBIO Houssay), Buenos Aires, Argentina. Electronic address: vnetti@conicet.gov.ar.""]","[""Netti V""]","[""41933672""]",1,1
aff_ad7429af760076cc,"Universidad de Buenos Aires, Facultad de Farmacia y Bioquímica, Fisicoquímica, Buenos Aires, Argentina; CONICET - Universidad de Buenos Aires, Instituto de Bioquímica y Medicina Molecular (IBIMOL), Buenos Aires, Argentina. Electronic address: slarnaiz@ffyb.uba.ar.","[""Universidad de Buenos Aires, Facultad de Farmacia y Bioquímica, Fisicoquímica, Buenos Aires, Argentina; CONICET - Universidad de Buenos Aires, Instituto de Bioquímica y Medicina Molecular (IBIMOL), Buenos Aires, Argentina. Electronic address: slarnaiz@ffyb.uba.ar.""]","[""Lores-Arnaiz S""]","[""30658119""]",1,1
aff_ad76a3ad070e1253,"Instituto de Fisiología y Biofísica Prof. Bernardo Houssay (IFIBIO-Houssay), Universidad de Buenos Aires y Consejo Nacional de Investigaciones Científicas y Técnicas (CONICET), Buenos Aires, Argentina; Departamento de Fisiología, Facultad de Medicina, Universidad de Buenos Aires, Buenos Aires, Argentina. Electronic address: pfaillace@qb.ffyb.uba.ar.","[""Instituto de Fisiología y Biofísica Prof. Bernardo Houssay (IFIBIO-Houssay), Universidad de Buenos Aires y Consejo Nacional de Investigaciones Científicas y Técnicas (CONICET), Buenos Aires, Argentina; Departamento de Fisiología, Facultad de Medicina, Universidad de Buenos Aires, Buenos Aires, Argentina. Electronic address: pfaillace@qb.ffyb.uba.ar.""]","[""Faillace M""]","[""30458250""]",1,1
aff_ad79c99e60df3b18,"CONICET - Universidad de Buenos Aires. Instituto de Fisiología y Biofísica Bernardo Houssay (IFIBIO Houssay). Buenos Aires, Argentina.","[""CONICET - Universidad de Buenos Aires. Instituto de Fisiología y Biofísica Bernardo Houssay (IFIBIO Houssay). Buenos Aires, Argentina.""]","[""Igaz L"", ""Vassallu F""]","[""40766632""]",2,1
aff_adb9f1bc36876038,"Faculty of Health Sciences School of Anatomical Sciences, University of the Witwatersrand, Parktown Johannesburg, South Africa.","[""Faculty of Health Sciences School of Anatomical Sciences, University of the Witwatersrand, Parktown Johannesburg, South Africa.""]","[""Davimes J""]","[""31630412""]",1,1
aff_adeeaa9fd97dc6b5,"Física Teórica, Universidad de Sevilla, Apartado de Correos 1065, 41080, Seville, Spain.","[""Física Teórica, Universidad de Sevilla, Apartado de Correos 1065, 41080, Seville, Spain.""]","[""Mayo M""]","[""38956598""]",1,1
aff_ae0039804c85d993,"Neuroscience Center, University of North Carolina, Chapel Hill, North Carolina 27599.","[""Neuroscience Center, University of North Carolina, Chapel Hill, North Carolina 27599.""]","[""Namboodiri V""]","[""28947572""]",1,1
aff_ae054173290988ff,"Laboratorio de Memoria, Facultad de Medicina, Instituto de Biología Celular y Neurociencia, Universidad de Buenos Aires-CONICET Buenos Aires, Argentina ; Departamento de Fisiología, Facultad de Medicina, Universidad de Buenos Aires Buenos Aires, Argentina.","[""Laboratorio de Memoria, Facultad de Medicina, Instituto de Biología Celular y Neurociencia, Universidad de Buenos Aires-CONICET Buenos Aires, Argentina ; Departamento de Fisiología, Facultad de Medicina, Universidad de Buenos Aires Buenos Aires, Argentina.""]","[""Medina J""]","[""25506318""]",1,1
aff_ae16c3396c3429c3,"Universidad de Buenos Aires, CONICET, IFIBIO Houssay, Laboratorio de Fisiopatogenia, Facultad de Medicina, Buenos Aires, Argentina.","[""Universidad de Buenos Aires, CONICET, IFIBIO Houssay, Laboratorio de Fisiopatogenia, Facultad de Medicina, Buenos Aires, Argentina.""]","[""Ibarra C""]","[""35904906""]",1,1
aff_ae1ab7d3cff96ff5,"Institute of Biological and Health Sciences, Federal University of Mato Grosso, Barra do Garças, Brazil.","[""Institute of Biological and Health Sciences, Federal University of Mato Grosso, Barra do Garças, Brazil.""]","[""Giachini F""]","[""39055061""]",1,1
aff_aed0f3e022116958,"Instituto de Fisiología y Biofísica ""Bernardo Houssay"", (IFIBIO-Houssay), Grupo de Neurociencia de Sistemas, Universidad de Buenos Aires y Consejo Nacional de Investigaciones Científicas y Técnicas (CONICET), Buenos Aires, Argentina.","[""Instituto de Fisiología y Biofísica \""Bernardo Houssay\"", (IFIBIO-Houssay), Grupo de Neurociencia de Sistemas, Universidad de Buenos Aires y Consejo Nacional de Investigaciones Científicas y Técnicas (CONICET), Buenos Aires, Argentina.""]","[""Charif S"", ""Igaz L"", ""Luchelli L"", ""Murer M"", ""Tubert C""]","[""32302030"", ""33363456""]",5,2
aff_aedca35129f0fa22,"Department of Biological Sciences, Faculty of Pharmacy and Biochemistry, University of Buenos Aires, Buenos Aires, Argentina.","[""Department of Biological Sciences, Faculty of Pharmacy and Biochemistry, University of Buenos Aires, Buenos Aires, Argentina.""]","[""Damiano A""]","[""34267676""]",1,1
aff_aef56c46035996e3,"Departamento de Física Médica, Centro Atómico Bariloche and Instituto Balseiro, CONICET, 9500 Ezequiel Bustillo Avenue, San Carlos de Bariloche, Rio Negro, 8402, Argentina.","[""Departamento de Física Médica, Centro Atómico Bariloche and Instituto Balseiro, CONICET, 9500 Ezequiel Bustillo Avenue, San Carlos de Bariloche, Rio Negro, 8402, Argentina.""]","[""Amarillo Y""]","[""33547844""]",1,1
aff_af27eae0050b46ad,"Laboratorio de Biología de la Reproducción, Instituto de Fisiología y Biofísica Bernardo Houssay (IFIBIO), CONICET, Facultad de Medicina, Universidad de Buenos Aires, Buenos Aires, Argentina. Electronic address: noraalicia.martinez@gmail.com.","[""Laboratorio de Biología de la Reproducción, Instituto de Fisiología y Biofísica Bernardo Houssay (IFIBIO), CONICET, Facultad de Medicina, Universidad de Buenos Aires, Buenos Aires, Argentina. Electronic address: noraalicia.martinez@gmail.com.""]","[""Martinez N""]","[""27016779""]",1,1
aff_af6801709a9591c7,"Sorbonne Université, INSERM, CNRS, Institut de la Vision, Paris, France.","[""Sorbonne Université, INSERM, CNRS, Institut de la Vision, Paris, France.""]","[""Chedotal A"", ""Roig-Puiggros S"", ""Vigouroux R""]","[""31630412""]",3,1
aff_afc38922ae1d120b,"Universidad de Buenos Aires, Facultad de Ciencias Médicas, Departamento de Ciencias Fisiológicas, Grupo de Neurociencia de Sistemas, Buenos Aires, Argentina.","[""Universidad de Buenos Aires, Facultad de Ciencias Médicas, Departamento de Ciencias Fisiológicas, Grupo de Neurociencia de Sistemas, Buenos Aires, Argentina.""]","[""Igaz L"", ""Nieva G"", ""Vassallu F""]","[""42404802""]",3,1
aff_b02fd2ea60e937e0,"Universidad de Buenos Aires, Facultad de Medicina. Departamento de Ciencias Fisiológicas, Laboratorio de Biomembranas , Buenos Aires , Argentina.","[""Universidad de Buenos Aires, Facultad de Medicina. Departamento de Ciencias Fisiológicas, Laboratorio de Biomembranas , Buenos Aires , Argentina.""]","[""Capurro C"", ""Ford P"", ""Netti V"", ""Pizzoni A""]","[""29790838""]",4,1
aff_b03bdedebbcee639,"Instituto de Investigaciones Bioquímicas de La Plata (INIBIOLP) ""Prof. Dr. Rodolfo R. Brenner"", Universidad Nacional de La Plata, Consejo Nacional de Investigaciones Científicas y Técnicas (CONICET), Facultad de Ciencias Médicas, Av. 60 y Av. 120, La Plata, Argentina; Universidad Nacional de La Plata, Facultad de Ciencias Médicas, Av. 60 y Av. 120, La Plata, Argentina.","[""Instituto de Investigaciones Bioquímicas de La Plata (INIBIOLP) \""Prof. Dr. Rodolfo R. Brenner\"", Universidad Nacional de La Plata, Consejo Nacional de Investigaciones Científicas y Técnicas (CONICET), Facultad de Ciencias Médicas, Av. 60 y Av. 120, La Plata, Argentina; Universidad Nacional de La Plata, Facultad de Ciencias Médicas, Av. 60 y Av. 120, La Plata, Argentina.""]","[""Molineris M""]","[""34216588""]",1,1
aff_b051ddc926791c54,"Departamento de Ciencias Fisiológicas IFIBIO Houssay, CONICET, Facultad de Medicina, Universidad de Buenos Aires, Buenos Aires, Argentina.","[""Departamento de Ciencias Fisiológicas IFIBIO Houssay, CONICET, Facultad de Medicina, Universidad de Buenos Aires, Buenos Aires, Argentina.""]","[""Ochoa F""]","[""30139698""]",1,1
aff_b084b652c5535fcb,"Laboratorio de Patogénesis e Inmunología de Procesos Infecciosos, Instituto de Medicina Experimental, Consejo Nacional de Investigaciones Científicas y Técnicas-Academia Nacional de Medicina, 1425 Buenos Aires, Argentina. rominbra@yahoo.com.ar.","[""Laboratorio de Patogénesis e Inmunología de Procesos Infecciosos, Instituto de Medicina Experimental, Consejo Nacional de Investigaciones Científicas y Técnicas-Academia Nacional de Medicina, 1425 Buenos Aires, Argentina. rominbra@yahoo.com.ar.""]","[""Fernandez Brando R""]","[""29068360""]",1,1
aff_b0c1ac48a9081a49,"Instituto de Ingeniería Biomédica, Facultad de Ingeniería, Universidad de Buenos Aires, Argentina.","[""Instituto de Ingeniería Biomédica, Facultad de Ingeniería, Universidad de Buenos Aires, Argentina.""]","[""Lew S""]","[""32360730""]",1,1
aff_b0cb698222007017,"Department of Physiology, University of Bern, Bühlplatz 5, 3012, Bern, Switzerland. thomas.nevian@unibe.ch.","[""Department of Physiology, University of Bern, Bühlplatz 5, 3012, Bern, Switzerland. thomas.nevian@unibe.ch.""]","[""Nevian T""]","[""34930957""]",1,1
aff_b0d9700e05a40eed,"McConnell Brain Imaging Center, Montreal Neurological Institute, McGill University, Montreal, QC, H3A 2B4, Canada.","[""McConnell Brain Imaging Center, Montreal Neurological Institute, McGill University, Montreal, QC, H3A 2B4, Canada.""]","[""Doyon J""]","[""32900965""]",1,1
aff_b0db5227cb42e1e0,"Department of Linguistics, and the Australian Hearing Hub, Macquarie University, Macquarie Park, New South Wales, Australia. andrew.brughera@mq.edu.au.","[""Department of Linguistics, and the Australian Hearing Hub, Macquarie University, Macquarie Park, New South Wales, Australia. andrew.brughera@mq.edu.au.""]","[""Brughera A""]","[""34741225""]",1,1
aff_b0f505531f28eade,"Aix Marseille Univ, INSERM, INS, Inst Neurosci Syst, Marseille, France. Electronic address: christian.benar@univ-amu.fr.","[""Aix Marseille Univ, INSERM, INS, Inst Neurosci Syst, Marseille, France. Electronic address: christian.benar@univ-amu.fr.""]","[""Benar C""]","[""29605667""]",1,1
aff_b13d846ff93b3702,"Laboratorio de Neuroepigenética, Departamento de Química Biológica, Facultad de Ciencias Exactas y Naturales, Universidad de Buenos Aires, and Instituto de Química Biológica de Ciencias Exactas y Naturales, CONICET, Ciudad de Buenos Aires, Argentina.","[""Laboratorio de Neuroepigenética, Departamento de Química Biológica, Facultad de Ciencias Exactas y Naturales, Universidad de Buenos Aires, and Instituto de Química Biológica de Ciencias Exactas y Naturales, CONICET, Ciudad de Buenos Aires, Argentina.""]","[""Berardino B"", ""Canepa E"", ""Chertoff M""]","[""32308155""]",3,1
aff_b1421dcf015553be,"Laboratorio de Fisiopatogenia, Departamento de Fisiología, Instituto de Fisiología y Biofísica Bernardo Houssay (IFIBIO Houssay-CONICET), Facultad de Medicina, Universidad de Buenos Aires, Buenos Aires, Argentina, 1121.","[""Laboratorio de Fisiopatogenia, Departamento de Fisiología, Instituto de Fisiología y Biofísica Bernardo Houssay (IFIBIO Houssay-CONICET), Facultad de Medicina, Universidad de Buenos Aires, Buenos Aires, Argentina, 1121.""]","[""Amaral M"", ""Garimano N"", ""Ibarra C"", ""Kim A""]","[""33685676""]",4,1
aff_b1895623d35d2225,"Instituto de Fisiología y Biofísica (IFIBIO) Bernardo Houssay, Grupo de Neurociencia de Sistemas, Universidad de Buenos Aires, CONICET, Buenos Aires, Argentina.","[""Instituto de Fisiología y Biofísica (IFIBIO) Bernardo Houssay, Grupo de Neurociencia de Sistemas, Universidad de Buenos Aires, CONICET, Buenos Aires, Argentina.""]","[""Ballestero J"", ""Belforte J"", ""Escande M"", ""Murer M"", ""Pagani M"", ""Ramirez M"", ""Ramos-Hryb A"", ""Rela L""]","[""30746639"", ""32319840"", ""34741225""]",8,3
aff_b1a2e0b488e54984,"Vascular Physiology Laboratory, Basic Sciences Department, Faculty of Sciences, Universidad del Bio-Bio, Chillan, Chile. cescudero@ubiobio.cl.","[""Vascular Physiology Laboratory, Basic Sciences Department, Faculty of Sciences, Universidad del Bio-Bio, Chillan, Chile. cescudero@ubiobio.cl.""]","[""Escudero C""]","[""37466779""]",1,1
aff_b256fd7517996fdd,"Service de Chirurgie Vasculaire, Hôpitaux Universitaires La Pitié-Salpêtrière, 47-83 Bd del'Hôpital, 75013, Paris, France; Sorbonne Université, UPMC UnivParis06, CNRS, UMR7190, Institut Jean Le Rond d'Alembert, 75005, Paris, France. Electronic address: jgaudric@gmail.com.","[""Service de Chirurgie Vasculaire, Hôpitaux Universitaires La Pitié-Salpêtrière, 47-83 Bd del'Hôpital, 75013, Paris, France; Sorbonne Université, UPMC UnivParis06, CNRS, UMR7190, Institut Jean Le Rond d'Alembert, 75005, Paris, France. Electronic address: jgaudric@gmail.com.""]","[""Gaudric J""]","[""31521898""]",1,1
aff_b2687fa9a6f7b61f,"Department of Neurology, Johns Hopkins School of Medicine, Baltimore, United States.","[""Department of Neurology, Johns Hopkins School of Medicine, Baltimore, United States.""]","[""Haith A"", ""Krakauer J""]","[""35225229""]",2,1
aff_b272151555cf1e20,"Instituto de Fisiología, Biología Molecular y Neurociencias (IFIBYNE), UBA-CONICET, Buenos Aires, Argentina.","[""Instituto de Fisiología, Biología Molecular y Neurociencias (IFIBYNE), UBA-CONICET, Buenos Aires, Argentina.""]","[""Camera A"", ""Tomsic D""]","[""33240056""]",2,1
aff_b283fbf9bf253fc9,"Instituto de Investigaciones Bioquímicas de Bahía Blanca (INIBIBB) CCT CONICET - Universidad Nacional del Sur (UNS), Bahía Blanca, Argentina. Departamento de Biología, Bioquímica y Farmacia, Universidad Nacional Del Sur (UNS), Bahía Blanca, Argentina.","[""Instituto de Investigaciones Bioquímicas de Bahía Blanca (INIBIBB) CCT CONICET - Universidad Nacional del Sur (UNS), Bahía Blanca, Argentina. Departamento de Biología, Bioquímica y Farmacia, Universidad Nacional Del Sur (UNS), Bahía Blanca, Argentina.""]","[""Lacour A"", ""Rayes D""]","[""40766632""]",2,1
aff_b311ef42c0f250ce,"Cajal Neuroscience Center, Consejo Superior de Investigaciones Científicas (CSIC), Alcalá de Henares, Madrid, Spain; Centro de Investigación Biomédica en Red sobre Enfermedades Neurodegenerativas (CIBERNED), Instituto de Salud Carlos III, Madrid, Spain. Electronic address: moratalla@cajal.csic.es.","[""Cajal Neuroscience Center, Consejo Superior de Investigaciones Científicas (CSIC), Alcalá de Henares, Madrid, Spain; Centro de Investigación Biomédica en Red sobre Enfermedades Neurodegenerativas (CIBERNED), Instituto de Salud Carlos III, Madrid, Spain. Electronic address: moratalla@cajal.csic.es.""]","[""Moratalla R""]","[""42570776""]",1,1
aff_b388351409a5cbda,"Laboratorio de Fisiopatogenia, Instituto de Fisiología y Biofísica Bernardo Houssay (IFIBIO Houssay-CONICET), Departamento de Fisiología, Facultad de Medicina, Universidad de Buenos Aires, Paraguay 2155, Buenos Aires 1121, Argentina. flasacerdoti@gmail.com.","[""Laboratorio de Fisiopatogenia, Instituto de Fisiología y Biofísica Bernardo Houssay (IFIBIO Houssay-CONICET), Departamento de Fisiología, Facultad de Medicina, Universidad de Buenos Aires, Paraguay 2155, Buenos Aires 1121, Argentina. flasacerdoti@gmail.com.""]","[""Sacerdoti F""]","[""30360505""]",1,1
aff_b3c737898285b4ba,"Department of Medicine, Division of Infectious Diseases, Massachusetts General Hospital, Harvard Medical School, Boston, MA 02115, USA. maricarmen.rojaslopez@gmail.com.","[""Department of Medicine, Division of Infectious Diseases, Massachusetts General Hospital, Harvard Medical School, Boston, MA 02115, USA. maricarmen.rojaslopez@gmail.com.""]","[""Rojas-Lopez M""]","[""30274180""]",1,1
aff_b3cb2146fe063764,"Instituto Cajal, Consejo Superior de Investigaciones Científicas (CSIC), Madrid, Spain.","[""Instituto Cajal, Consejo Superior de Investigaciones Científicas (CSIC), Madrid, Spain.""]","[""Moratalla R"", ""Rodriguez-Martin P"", ""Suarez L""]","[""30746639"", ""41183746""]",3,2
aff_b4bf7164bb190828,"Hospital Materno-Infantil de la Caja Nacional de Salud, La Paz, Bolivia.","[""Hospital Materno-Infantil de la Caja Nacional de Salud, La Paz, Bolivia.""]","[""Asturizaga P""]","[""28986756""]",1,1
aff_b52389e401a11078,"Infectious Hazard Management Unit, Public Health Department, Pan American Health Organization, Washington DC 20037, USA.","[""Infectious Hazard Management Unit, Public Health Department, Pan American Health Organization, Washington DC 20037, USA.""]","[""Chinen I""]","[""42347511""]",1,1
aff_b5279e05fbb6af80,"Laboratorio de Fisiopatogenia, Departamento de Fisiología, Instituto de Fisiología y Biofísica Bernardo Houssay (IFIBIO Houssay-CONICET), Facultad de Medicina, Universidad de Buenos Aires, Buenos Aires 1121, Argentina. roalvarez_4@yahoo.com.ar.","[""Laboratorio de Fisiopatogenia, Departamento de Fisiología, Instituto de Fisiología y Biofísica Bernardo Houssay (IFIBIO Houssay-CONICET), Facultad de Medicina, Universidad de Buenos Aires, Buenos Aires 1121, Argentina. roalvarez_4@yahoo.com.ar.""]","[""Alvarez R""]","[""28718802""]",1,1
aff_b5a4005c183ba476,"Universidad de Buenos Aires, Facultad de Ciencias Médicas, Instituto de Investigaciones Médicas Alfredo Lanari, Servicio de Nefrología Experimental y Bioquímica Molecular IDIM UBA-CONICET, Buenos Aires, Argentina. E-mail: sandragvla@gmail.com.","[""Universidad de Buenos Aires, Facultad de Ciencias Médicas, Instituto de Investigaciones Médicas Alfredo Lanari, Servicio de Nefrología Experimental y Bioquímica Molecular IDIM UBA-CONICET, Buenos Aires, Argentina. E-mail: sandragvla@gmail.com.""]","[""Vlachovsky S""]","[""40577142""]",1,1
aff_b5a79ef2b453d0da,"Laboratorio de Fisiopatogenia, Departamento de Fisiología, Instituto de Fisiología y Biofísica Bernardo Houssay (IFIBIO Houssay-CONICET), Facultad de Medicina, Universidad de Buenos Aires, Buenos Aires, Argentina.","[""Laboratorio de Fisiopatogenia, Departamento de Fisiología, Instituto de Fisiología y Biofísica Bernardo Houssay (IFIBIO Houssay-CONICET), Facultad de Medicina, Universidad de Buenos Aires, Buenos Aires, Argentina.""]","[""Albanese A"", ""Alvarez R"", ""Amaral M"", ""Garimano N"", ""Gerhardt E"", ""Ibarra C"", ""Sacerdoti F"", ""Zotta E""]","[""24466317"", ""25794836"", ""25819809"", ""27527816"", ""29807709""]",8,5
aff_b6123071603cb39f,"Departamento de Fisiología, Biología Molecular y Celular ""Dr. Héctor Maldonado"" (FBMC), Universidad de Buenos Aires, Facultad de Ciencias Exactas y Naturales, Buenos Aires, Argentina.","[""Departamento de Fisiología, Biología Molecular y Celular \""Dr. Héctor Maldonado\"" (FBMC), Universidad de Buenos Aires, Facultad de Ciencias Exactas y Naturales, Buenos Aires, Argentina.""]","[""Iribarne J"", ""Riboldi J""]","[""42086667""]",2,1
aff_b64f4c1a52f1367a,"Servicio de Cirugía del Hospital Churruca-Visca, Departamento de Cirugía, Facultad de Medicina, Universidad de Buenos Aires, Argentina.","[""Servicio de Cirugía del Hospital Churruca-Visca, Departamento de Cirugía, Facultad de Medicina, Universidad de Buenos Aires, Argentina.""]","[""Garcia H""]","[""25794836""]",1,1
aff_b680313360492a21,"Instituto de Investigaciones Bioquímicas de Buenos Aires, Consejo Nacional de Investigaciones Científicas y Técnicas (CONICET), Buenos Aires, Argentina.","[""Instituto de Investigaciones Bioquímicas de Buenos Aires, Consejo Nacional de Investigaciones Científicas y Técnicas (CONICET), Buenos Aires, Argentina.""]","[""Bocai N""]","[""31630412""]",1,1
aff_b69492c275830c1d,"Laboratorio de Fisiopatogenia, Departamento de Fisiología, Instituto de Fisiología y Biofísica Bernardo Houssay (IFIBIO Houssay-CONICET), Facultad de Medicina, Universidad de Buenos Aires, Paraguay 2155, 1121 Buenos Aires, Argentina.","[""Laboratorio de Fisiopatogenia, Departamento de Fisiología, Instituto de Fisiología y Biofísica Bernardo Houssay (IFIBIO Houssay-CONICET), Facultad de Medicina, Universidad de Buenos Aires, Paraguay 2155, 1121 Buenos Aires, Argentina.""]","[""Albanese A"", ""Amaral M"", ""Sacerdoti F"", ""Seyahian E"", ""Zotta E""]","[""29483033""]",5,1
aff_b69a12a93c57d961,"Laboratory of Vascular Physiology, Department of Basic Sciences, Faculty of Sciences, Universidad del Bio-Bio, Chillan, Chile.","[""Laboratory of Vascular Physiology, Department of Basic Sciences, Faculty of Sciences, Universidad del Bio-Bio, Chillan, Chile.""]","[""Escudero C""]","[""35431989""]",1,1
aff_b69ee39b3cc67bfe,"Laboratorio de Fisiopatología Placentaria, CEFyBO-UBA-CONICET, Buenos Aires, Argentina.","[""Laboratorio de Fisiopatología Placentaria, CEFyBO-UBA-CONICET, Buenos Aires, Argentina.""]","[""Accialini P"", ""Etcheverry T"", ""Farina M""]","[""30564135""]",3,1
aff_b6c61b8c5d4cbbc8,"Universidad de Buenos Aires, Laboratorio Hematología Investigación, Instituto de Investigaciones Médicas A. Lanari, Buenos Aires, Argentina.","[""Universidad de Buenos Aires, Laboratorio Hematología Investigación, Instituto de Investigaciones Médicas A. Lanari, Buenos Aires, Argentina.""]","[""Goette N""]","[""34320266""]",1,1
aff_b7141a7bb4baec3a,"Servicio de Reumatología, Hospital Sor María Ludovica de La Plata, Provincia de Buenos Aires, Argentina.","[""Servicio de Reumatología, Hospital Sor María Ludovica de La Plata, Provincia de Buenos Aires, Argentina.""]","[""Fabi M""]","[""36464947""]",1,1
aff_b737eea56003048c,"Department of Physiology and Institute of Physiology and Biophysics (IFIBIO, UBA-CONICET), School of Medicine, University of Buenos Aires, Paraguay 2155 7th floor (C1121ABG), Ciudad Autónoma de Buenos Aires, Argentina.","[""Department of Physiology and Institute of Physiology and Biophysics (IFIBIO, UBA-CONICET), School of Medicine, University of Buenos Aires, Paraguay 2155 7th floor (C1121ABG), Ciudad Autónoma de Buenos Aires, Argentina.""]","[""Faillace M"", ""Pisera-Fuster A""]","[""31848934""]",2,1
aff_b7727a6b6fdce087,"Facultad de Farmacia y Bioquímica, Departamento de Fisicomatemática, Universidad de Buenos Aires, Argentina.","[""Facultad de Farmacia y Bioquímica, Departamento de Fisicomatemática, Universidad de Buenos Aires, Argentina.""]","[""Alleva K"", ""Canessa Fortuna A"", ""Scochera F"", ""Zerbetto De Palma G""]","[""34293244""]",4,1
aff_b77f12958008e9a3,"Department of Psychiatry, University of California San Diego, 9500 Gilman Dr, La Jolla, San Diego, CA, 92093, USA.","[""Department of Psychiatry, University of California San Diego, 9500 Gilman Dr, La Jolla, San Diego, CA, 92093, USA.""]","[""Gomez G""]","[""41817828""]",1,1
aff_b7a94c9faf6acf65,"Instituto de Química y Físico-Química Biológicas ""Prof. Alejandro C. Paladini"", Universidad de Buenos Aires (UBA), Consejo Nacional de Investigaciones Científicas y Técnicas (CONICET), Facultad de Farmacia y Bioquímica, Junín 956, C1113AAD Buenos Aires, Argentina.","[""Instituto de Química y Físico-Química Biológicas \""Prof. Alejandro C. Paladini\"", Universidad de Buenos Aires (UBA), Consejo Nacional de Investigaciones Científicas y Técnicas (CONICET), Facultad de Farmacia y Bioquímica, Junín 956, C1113AAD Buenos Aires, Argentina.""]","[""Bazzi Z""]","[""34216588""]",1,1
aff_b7dde8ab999af33e,"Instituto Nacional de Enfermedades Respiratorias ""Dr. Emilio Coni"", ANLIS e Instituto de Salud Dr. ""Carlos Malbrán"", Santa Fe, Argentina.","[""Instituto Nacional de Enfermedades Respiratorias \""Dr. Emilio Coni\"", ANLIS e Instituto de Salud Dr. \""Carlos Malbrán\"", Santa Fe, Argentina.""]","[""Arias S""]","[""39853576""]",1,1
aff_b816617c7bc45891,"Departmento de Fisiología e Instituto de Fisiología y Biofísica (IFIBIO-Houssay), Universidad de Buenos Aires, Paraguay 2155, Buenos Aires C1121ABG, Argentina. Electronic address: pfaillace@qb.ffyb.uba.ar.","[""Departmento de Fisiología e Instituto de Fisiología y Biofísica (IFIBIO-Houssay), Universidad de Buenos Aires, Paraguay 2155, Buenos Aires C1121ABG, Argentina. Electronic address: pfaillace@qb.ffyb.uba.ar.""]","[""Faillace M""]","[""25981209""]",1,1
aff_b85e955d3843554c,"Instituto de Fisiología y Biofísica ""Bernardo Houssay"" (IFIBIO-Houssay CONICET), Grupo de Neurociencia de Sistemas, Paraguay 2155, Buenos Aires, Argentina.","[""Instituto de Fisiología y Biofísica \""Bernardo Houssay\"" (IFIBIO-Houssay CONICET), Grupo de Neurociencia de Sistemas, Paraguay 2155, Buenos Aires, Argentina.""]","[""Katz M""]","[""40595449""]",1,1
aff_b879c9e3d0a6a199,"Departamento de Química Biológica and Instituto de Química y Fisicoquímica Biológica (IQUIFIB), Facultad de Farmacia y Bioquímica, UBA-CONICET, Buenos, Aires, Argentina.","[""Departamento de Química Biológica and Instituto de Química y Fisicoquímica Biológica (IQUIFIB), Facultad de Farmacia y Bioquímica, UBA-CONICET, Buenos, Aires, Argentina.""]","[""Correale J"", ""Marcora M"", ""Pasquini J""]","[""41208638""]",3,1
aff_b89447045715e163,"Centro de Estudios Farmacológicos y Botánicos (CEFYBO-UBA-CONICET), Facultad de Medicina, Universidad de Buenos Aires, Buenos Aires, Argentina.","[""Centro de Estudios Farmacológicos y Botánicos (CEFYBO-UBA-CONICET), Facultad de Medicina, Universidad de Buenos Aires, Buenos Aires, Argentina.""]","[""Sanhueza Salas L"", ""Silberman D""]","[""34804128""]",2,1
aff_b8b11627be8b8e1b,"Facultad de Farmacia y Bioquímica, Universidad de Buenos Aires, Ciudad Autónoma de Buenos Aires, Argentina. irenetaravini@gmail.com.","[""Facultad de Farmacia y Bioquímica, Universidad de Buenos Aires, Ciudad Autónoma de Buenos Aires, Argentina. irenetaravini@gmail.com.""]","[""Taravini I""]","[""30746639""]",1,1
aff_b8b4ed077d98356b,"Departamento de Ciencias Fisiológicas, Instituto de Fisiología y Biofísica Bernardo Houssay (IFIBIO Houssay-CONICET), Facultad de Medicina, Universidad de Buenos Aires, Paraguay 2155, Piso 4, Buenos Aires, 1121, Argentina; Laboratorio de Riñón Experimental, Instituto de Investigaciones Médicas A. Lanari, Universidad de Buenos Aires, Buenos Aires, 1427, Argentina.","[""Departamento de Ciencias Fisiológicas, Instituto de Fisiología y Biofísica Bernardo Houssay (IFIBIO Houssay-CONICET), Facultad de Medicina, Universidad de Buenos Aires, Paraguay 2155, Piso 4, Buenos Aires, 1121, Argentina; Laboratorio de Riñón Experimental, Instituto de Investigaciones Médicas A. Lanari, Universidad de Buenos Aires, Buenos Aires, 1427, Argentina.""]","[""Ibarra F""]","[""27521227""]",1,1
aff_b8b69b676151d554,"School of Medicine, University of Buenos Aires, National Scientific and Technical Research Council, Institute of Physiology and Biophysics ""Bernardo Houssay"" (IFIBIO-HOUSSAY), Buenos Aires, Argentina.","[""School of Medicine, University of Buenos Aires, National Scientific and Technical Research Council, Institute of Physiology and Biophysics \""Bernardo Houssay\"" (IFIBIO-HOUSSAY), Buenos Aires, Argentina.""]","[""Capurro C"", ""Netti V"", ""Ochoa F"", ""Politi M""]","[""31535145""]",4,1
aff_b8dd4f653d4b2d82,"Nephrology, Hospital Británico de Buenos Aires, Buenos Aires, Argentina. htrimarchi@hotmail.com.","[""Nephrology, Hospital Británico de Buenos Aires, Buenos Aires, Argentina. htrimarchi@hotmail.com.""]","[""Trimarchi H""]","[""26842625"", ""27015899""]",1,2
aff_b9ac7fdb5bd918b2,"Laboratorio de Fisiopatogenia, Instituto de Fisiología y Biofísica Bernardo Houssay (IFIBIO Houssay-CONICET), Departamento de Fisiología, Facultad de Medicina, Universidad de Buenos Aires, Paraguay 2155, Buenos Aires 1121, Argentina. lujan.scalise@gmail.com.","[""Laboratorio de Fisiopatogenia, Instituto de Fisiología y Biofísica Bernardo Houssay (IFIBIO Houssay-CONICET), Departamento de Fisiología, Facultad de Medicina, Universidad de Buenos Aires, Paraguay 2155, Buenos Aires 1121, Argentina. lujan.scalise@gmail.com.""]","[""Scalise M""]","[""30360505""]",1,1
aff_b9c260c4672c2544,"IBCN UBA-CONICET, Facultad de Medicina, Universidad de Buenos Aires, Calle Paraguay 2155 3er piso (1121), Ciudad de Buenos Aires, Argentina. Electronic address: jramos@fmed.uba.ar.","[""IBCN UBA-CONICET, Facultad de Medicina, Universidad de Buenos Aires, Calle Paraguay 2155 3er piso (1121), Ciudad de Buenos Aires, Argentina. Electronic address: jramos@fmed.uba.ar.""]","[""Ramos A""]","[""42097396""]",1,1
aff_ba3322ed8eeeb13a,"Laboratório de Bacteriologia, Instituto Butantan, São Paulo, Brazil.","[""Laboratório de Bacteriologia, Instituto Butantan, São Paulo, Brazil.""]","[""Ferreira R"", ""Henrique C"", ""Henrique I"", ""Luz D"", ""Piazza R""]","[""35223548""]",5,1
aff_ba7adaade4e443e2,"Laboratorio de Fisiopatogenia, Departamento de Fisiología, Instituto de Fisiología y Biofísica Bernardo Houssay (IFIBIO Houssay-Consejo Nacional de Investigaciones Científicas y Técnicas (CONICET)), Facultad de Medicina, Universidad de Buenos Aires, Buenos Aires, Argentina.","[""Laboratorio de Fisiopatogenia, Departamento de Fisiología, Instituto de Fisiología y Biofísica Bernardo Houssay (IFIBIO Houssay-Consejo Nacional de Investigaciones Científicas y Técnicas (CONICET)), Facultad de Medicina, Universidad de Buenos Aires, Buenos Aires, Argentina.""]","[""Alvarez R"", ""Amaral M"", ""Gomez F"", ""Ibarra C""]","[""34900753""]",4,1
aff_bb3b558a49ff2cb6,"Laboratorio de Investigaciones en Fisiología Renal, Facultad de Medicina, Departamento de Ciencias Fisiológicas, IFIBIO-Houssay CONICET-UBA, Universidad de Buenos Aires, Buenos Aires, Argentina. csilber@fmed.uba.ar.","[""Laboratorio de Investigaciones en Fisiología Renal, Facultad de Medicina, Departamento de Ciencias Fisiológicas, IFIBIO-Houssay CONICET-UBA, Universidad de Buenos Aires, Buenos Aires, Argentina. csilber@fmed.uba.ar.""]","[""Silberstein C""]","[""34155339""]",1,1
aff_bb59763f8d8b0187,"Departamento de Ciencias Fisiológicas, Facultad de Medicina, Universidad de Buenos Aires. Paraguay 2155, Buenos Aires, Argentina.","[""Departamento de Ciencias Fisiológicas, Facultad de Medicina, Universidad de Buenos Aires. Paraguay 2155, Buenos Aires, Argentina.""]","[""Katz M""]","[""40595449""]",1,1
aff_bb64ac42ebf9c6ff,"Universidad de Buenos Aires, Consejo Nacional de Investigaciones Científicas y Técnicas (CONICET), Instituto de Fisiología y Biofísica ''Houssay"" (IFIBIO), Laboratorio de Neurofisiopatología, Facultad de Medicina, Paraguay 2155 piso 7, 1121, Buenos Aires, Argentina. jogol@fmed.uba.ar.","[""Universidad de Buenos Aires, Consejo Nacional de Investigaciones Científicas y Técnicas (CONICET), Instituto de Fisiología y Biofísica ''Houssay\"" (IFIBIO), Laboratorio de Neurofisiopatología, Facultad de Medicina, Paraguay 2155 piso 7, 1121, Buenos Aires, Argentina. jogol@fmed.uba.ar.""]","[""Goldstein J""]","[""30732602""]",1,1
aff_bb8a3e424b634981,"Systems Neuroscience Group, IFIBIO Bernardo Houssay (CONICET-UBA), Department of Physiology and Biophysics, University of Buenos Aires, School of Medicine, Buenos Aires, Argentina 1121, and.","[""Systems Neuroscience Group, IFIBIO Bernardo Houssay (CONICET-UBA), Department of Physiology and Biophysics, University of Buenos Aires, School of Medicine, Buenos Aires, Argentina 1121, and.""]","[""Zold C""]","[""28947572""]",1,1
aff_bbfe76aa2210eb14,"Universidad de Buenos Aires- CONICET, Instituto de Fisiología y Biofísica Bernardo Houssay (IFIBIO)- Facultad de Medicina, Laboratorio de Biología de la Reproducción. Buenos Aires, Argentina; Universidad de Buenos Aires, Facultad de Farmacia y Bioquímica, Departamento de Ciencias Biológicas, Cátedra de Biología Celular y Molecular, Buenos Aires, Argentina.","[""Universidad de Buenos Aires- CONICET, Instituto de Fisiología y Biofísica Bernardo Houssay (IFIBIO)- Facultad de Medicina, Laboratorio de Biología de la Reproducción. Buenos Aires, Argentina; Universidad de Buenos Aires, Facultad de Farmacia y Bioquímica, Departamento de Ciencias Biológicas, Cátedra de Biología Celular y Molecular, Buenos Aires, Argentina.""]","[""Damiano A""]","[""39461007""]",1,1
aff_bc70c78588b67e6b,"Grupo de Investigación en Cardioseñales, Instituto Argentino de Matemática ""Alberto P. Calderón"" (IAM), CONICET, Buenos Aires C1425, Argentina.","[""Grupo de Investigación en Cardioseñales, Instituto Argentino de Matemática \""Alberto P. Calderón\"" (IAM), CONICET, Buenos Aires C1425, Argentina.""]","[""Arini P""]","[""39851628""]",1,1
aff_bc9bae4b1da890fe,"Laboratorio de Oncología, Instituto de Medicina y Biología Experimental de Cuyo (IMBECU, CCT Mendoza), Consejo Nacional de Investigaciones Científicas y Técnicas (CONICET), Universidad Nacional de Cuyo (UNCuyo), Mendoza, Argentina.","[""Laboratorio de Oncología, Instituto de Medicina y Biología Experimental de Cuyo (IMBECU, CCT Mendoza), Consejo Nacional de Investigaciones Científicas y Técnicas (CONICET), Universidad Nacional de Cuyo (UNCuyo), Mendoza, Argentina.""]","[""Fanelli M""]","[""41457365""]",1,1
aff_bcba04651d634aef,"Universidad de Buenos Aires - Consejo Nacional de Investigaciones Científicas y Tecnológicas (CONICET), Instituto de Fisiología y Biofísica Bernardo Houssay (IFIBIO Houssay), Buenos Aires, Argentina.","[""Universidad de Buenos Aires - Consejo Nacional de Investigaciones Científicas y Tecnológicas (CONICET), Instituto de Fisiología y Biofísica Bernardo Houssay (IFIBIO Houssay), Buenos Aires, Argentina.""]","[""Fischer Sigel L"", ""Sanchez D"", ""Silberstein C""]","[""41800087""]",3,1
aff_bcc2ea3d8a44eeb1,"Universidad de Buenos Aires, Consejo Nacional de Investigaciones Científicas y Técnicas (CONICET), Facultad de Ciencias Médicas, Departamento de Ciencias Fisiológicas. Instituto de Fisiología y Biofísica B. Houssay (IFIBIO-Houssay), Laboratorio de Fisiología Renal, Paraguay 2155, piso 4, Buenos Aires, 1121, Argentina. ibarraf@hotmail.com.","[""Universidad de Buenos Aires, Consejo Nacional de Investigaciones Científicas y Técnicas (CONICET), Facultad de Ciencias Médicas, Departamento de Ciencias Fisiológicas. Instituto de Fisiología y Biofísica B. Houssay (IFIBIO-Houssay), Laboratorio de Fisiología Renal, Paraguay 2155, piso 4, Buenos Aires, 1121, Argentina. ibarraf@hotmail.com.""]","[""Ibarra F""]","[""37676461""]",1,1
aff_bcee52ab4aca5753,"Departamento de Ciencias Biológicas, Cátedra de Biología Celular y Molecular, Facultad de Farmacia y Bioquímica, Universidad de Buenos Aires, Buenos Aires, Argentina.","[""Departamento de Ciencias Biológicas, Cátedra de Biología Celular y Molecular, Facultad de Farmacia y Bioquímica, Universidad de Buenos Aires, Buenos Aires, Argentina."", ""Departamento de Ciencias Biológicas, Cátedra de Biología Celular y Molecular, Facultad de Farmacia y Bioquímica, Universidad de Buenos Aires, Buenos Aires, Argentina.""]","[""Damiano A"", ""Reynoso M"", ""Solimine F""]","[""35095555"", ""42327001""]",3,2
aff_bd0565296f830634,"Department of Psychology, University of Cambridge, Cambridge CB2 3EB, UK.","[""Department of Psychology, University of Cambridge, Cambridge CB2 3EB, UK.""]","[""Arzi A"", ""Bekinschtein T"", ""Canales-Johnson A"", ""Merlo E""]","[""31690927""]",4,1
aff_bd715a28dd32a242,"Laboratorio De Fisiopatogenia, Instituto De Fisiología Y Biofísica Bernardo Houssay (IFIBIO)- CONICET- Departamento De Fisiología, Facultad De Medicina, Universidad De Buenos Aires . Buenos Aires, Argentina.","[""Laboratorio De Fisiopatogenia, Instituto De Fisiología Y Biofísica Bernardo Houssay (IFIBIO)- CONICET- Departamento De Fisiología, Facultad De Medicina, Universidad De Buenos Aires . Buenos Aires, Argentina.""]","[""Sacerdoti F""]","[""32482148""]",1,1
aff_bdcd738e07833b2b,"Department of Biology, Program in Neuroscience, Syracuse University, Syracuse, New York, USA.","[""Department of Biology, Program in Neuroscience, Syracuse University, Syracuse, New York, USA.""]","[""Ribeiro M""]","[""31630412""]",1,1
aff_bdd11945a8209b51,"The Santa Fe Institute, Santa Fe, United States.","[""The Santa Fe Institute, Santa Fe, United States.""]","[""Krakauer J""]","[""35225229""]",1,1
aff_bde1ac9b93d89c05,"Colegio de Ciencias de la Salud, Universidad San Francisco de Quito, Quito, Ecuador.","[""Colegio de Ciencias de la Salud, Universidad San Francisco de Quito, Quito, Ecuador.""]","[""Teran E""]","[""28986756"", ""37466779""]",1,2
aff_be102b1b3275f070,"CIBERNED, Instituto de Salud Carlos III, Madrid, Spain.","[""CIBERNED, Instituto de Salud Carlos III, Madrid, Spain.""]","[""Garcia-Sanz P"", ""Granado N"", ""Moratalla R"", ""Podlesniy P"", ""Sanz-Magro A"", ""Solis O"", ""Suarez L"", ""Trullas R""]","[""30746639"", ""31833146""]",8,2
aff_be316785d21178b9,"Tasmanian School of Medicine, University of Tasmania, Hobart, TAS, 7000, Australia.","[""Tasmanian School of Medicine, University of Tasmania, Hobart, TAS, 7000, Australia.""]","[""Blizzard C""]","[""41423699""]",1,1
aff_be3cdaff59dd2dbe,"Terrence Donnelly Centre for Cellular and Biomolecular Research, University of Toronto, Toronto, ON M5S 2Z9, Canada.","[""Terrence Donnelly Centre for Cellular and Biomolecular Research, University of Toronto, Toronto, ON M5S 2Z9, Canada.""]","[""Chen G"", ""Sidhu S""]","[""42347511""]",2,1
aff_bef28628e9901c17,"Facultad de Ciencias Médicas, Universidad de Buenos Aires, Buenos Aires, Argentina.","[""Facultad de Ciencias Médicas, Universidad de Buenos Aires, Buenos Aires, Argentina.""]","[""Silva A""]","[""36710956""]",1,1
aff_bf32adc63b02a4dc,"Physiological Sciences Department, Faculty of Medicine, Pontificia Universidad Javeriana , Bogotá, Colombia.","[""Physiological Sciences Department, Faculty of Medicine, Pontificia Universidad Javeriana , Bogotá, Colombia.""]","[""Robles R""]","[""32482148""]",1,1
aff_bf33407d92aaf19b,"Instituto de Fisiología y Biofísica ""Bernardo Houssay"" (IFIBIO-Houssay), Grupo de Neurociencia de Sistemas, Universidad de Buenos Aires, Consejo Nacional de Investigaciones Científicas y Técnicas (CONICET) Buenos Aires, Argentina.","[""Instituto de Fisiología y Biofísica \""Bernardo Houssay\"" (IFIBIO-Houssay), Grupo de Neurociencia de Sistemas, Universidad de Buenos Aires, Consejo Nacional de Investigaciones Científicas y Técnicas (CONICET) Buenos Aires, Argentina.""]","[""Belluscio M"", ""Silva A"", ""Zold C""]","[""35597334""]",3,1
aff_bf3aef72481c723c,"IFIBIO Houssay, CONICET, Physiopathology, Pharmacy and Biochemistry Faculty, Universidad de Buenos Aires, Buenos Aires, Argentina.","[""IFIBIO Houssay, CONICET, Physiopathology, Pharmacy and Biochemistry Faculty, Universidad de Buenos Aires, Buenos Aires, Argentina.""]","[""Costales-Collaguazo C"", ""Zotta E""]","[""27733175"", ""28523190"", ""30747154""]",2,3
aff_bf78ff2abd5f078c,"Laboratorio de Memoria, IBCN, UBA-CONICET, Facultad de Medicina, Universidad de Buenos Aires, Buenos Aires C1121ABG, Argentina; Departamento de Fisiología, Facultad de Medicina, Universidad de Buenos Aires, Buenos Aires C1121ABG, Argentina. Electronic address: jmedina@fmed.uba.ar.","[""Laboratorio de Memoria, IBCN, UBA-CONICET, Facultad de Medicina, Universidad de Buenos Aires, Buenos Aires C1121ABG, Argentina; Departamento de Fisiología, Facultad de Medicina, Universidad de Buenos Aires, Buenos Aires C1121ABG, Argentina. Electronic address: jmedina@fmed.uba.ar.""]","[""Medina J""]","[""26493441""]",1,1
aff_bf96513df3c3b76b,"Department of Internal Medicine, Pulmonary and Sleep Medicine Service, Austral University Hospital, Buenos Aires B1629AHJ, Argentina.","[""Department of Internal Medicine, Pulmonary and Sleep Medicine Service, Austral University Hospital, Buenos Aires B1629AHJ, Argentina.""]","[""Perez-Chada D""]","[""34649283""]",1,1
aff_bfa35b8652cd6348,"Departamento de Ciencias Básicas, Facultad de Ciencias, Universidad del Bío-Bío, Chillán, Chile.","[""Departamento de Ciencias Básicas, Facultad de Ciencias, Universidad del Bío-Bío, Chillán, Chile.""]","[""Rodriguez A""]","[""37274341""]",1,1
aff_bffecf569eede212,"IFIBIO-Houssay, Facultad de Medicina, Universidad de Buenos Aires-CONICET 1121, Buenos Aires, Argentina.","[""IFIBIO-Houssay, Facultad de Medicina, Universidad de Buenos Aires-CONICET 1121, Buenos Aires, Argentina.""]","[""Merlo E""]","[""31690927""]",1,1
aff_c01ba80b7a2f6a80,"Non-coding RNAs and RNA-based Therapeutics, Istituto Italiano di Tecnologia (IIT), Genova, Italy.","[""Non-coding RNAs and RNA-based Therapeutics, Istituto Italiano di Tecnologia (IIT), Genova, Italy.""]","[""Gustincich S""]","[""41183746""]",1,1
aff_c08df1959fc57920,"Department of Neurobiology, Neuroscience Program, Fluminense Federal University, Niterói, RJ, Brazil. Electronic address: rodrigues.alex9@gmail.com.","[""Department of Neurobiology, Neuroscience Program, Fluminense Federal University, Niterói, RJ, Brazil. Electronic address: rodrigues.alex9@gmail.com.""]","[""Dos Santos-Rodrigues A""]","[""30458250""]",1,1
aff_c08e50ac1ccd4145,"Care Partner of Aaron Daniels, Arlington, Virginia, USA.","[""Care Partner of Aaron Daniels, Arlington, Virginia, USA.""]","[""Dezzutti L""]","[""42675027""]",1,1
aff_c0d1973a50415e48,"Universidad de Buenos Aires, Facultad de Farmacia y Bioquímica, Departamento de Ciencias Biológicas, Cátedra de Fisiopatología, Buenos Aires, Argentina.","[""Universidad de Buenos Aires, Facultad de Farmacia y Bioquímica, Departamento de Ciencias Biológicas, Cátedra de Fisiopatología, Buenos Aires, Argentina.""]","[""Zotta E""]","[""41800087""]",1,1
aff_c0f4b8b9686a3384,"Instituto de Investigaciones Bioquímicas de Buenos Aires, CONICET, Patricias Argentinas 435, Buenos Aires, Argentina.","[""Instituto de Investigaciones Bioquímicas de Buenos Aires, CONICET, Patricias Argentinas 435, Buenos Aires, Argentina.""]","[""Boccaccio G"", ""Borrat A"", ""Evangelisti F"", ""Melani M"", ""Perez-Pandolfo S"", ""Peters T"", ""Rodriguez F"", ""Sommario N""]","[""40595449""]",8,1
aff_c0fdbf20a931d58e,"Laboratorio de Biomembranas, Instituto de Fisiología y Biofísica ""Bernardo Houssay"" IFIBIO-HOUSSAY., Universidad de Buenos Aires. CONICET, Paraguay 2155 piso 7, C1121ABG, Buenos Aires, Argentina. mariv@fmed.uba.ar.","[""Laboratorio de Biomembranas, Instituto de Fisiología y Biofísica \""Bernardo Houssay\"" IFIBIO-HOUSSAY., Universidad de Buenos Aires. CONICET, Paraguay 2155 piso 7, C1121ABG, Buenos Aires, Argentina. mariv@fmed.uba.ar.""]","[""Rivarola V""]","[""31811544""]",1,1
aff_c12e18d4ec56b19c,"Hospital Nacional Prof. A Posadas, El Palomar, Buenos Aires, Argentina.","[""Hospital Nacional Prof. A Posadas, El Palomar, Buenos Aires, Argentina.""]","[""Casale R"", ""Corominas A"", ""Ferreiros A""]","[""42327001""]",3,1
aff_c18172ec0f75eeb6,"Pulmonary Medicine, Universidad Austral, Hospital Universitario Austral, Pilar, Argentina. dperezchada@gmail.com.","[""Pulmonary Medicine, Universidad Austral, Hospital Universitario Austral, Pilar, Argentina. dperezchada@gmail.com.""]","[""Perez-Chada D""]","[""39853576""]",1,1
aff_c1843b289d883e8b,"Neuroscience Center, University of North Carolina, Chapel Hill, United States.","[""Neuroscience Center, University of North Carolina, Chapel Hill, United States.""]","[""Albert S""]","[""35225229""]",1,1
aff_c19da172802ef94f,"Instituto Leloir, Patricias Argentinas 435, Buenos Aires, 1405, Argentina. PWAPPNER@LELOIR.ORG.AR.","[""Instituto Leloir, Patricias Argentinas 435, Buenos Aires, 1405, Argentina. PWAPPNER@LELOIR.ORG.AR.""]","[""Wappner P""]","[""40603573""]",1,1
aff_c222418a76a1e702,"Universidad de Buenos Aires, Facultad de Farmacia y Bioquímica, Departamento de Microbiología, Inmunología, Biotecnología y Genética/Cátedra de Genética, Buenos Aires, Argentina. htargovn@ffyb.uba.ar.","[""Universidad de Buenos Aires, Facultad de Farmacia y Bioquímica, Departamento de Microbiología, Inmunología, Biotecnología y Genética/Cátedra de Genética, Buenos Aires, Argentina. htargovn@ffyb.uba.ar.""]","[""Targovnik H""]","[""42611393""]",1,1
aff_c279eecb7c53fe7c,"Laboratorio de Fisiopatogenia, Departamento de Fisiología, Instituto de Fisiología y Biofísica Bernardo Houssay (IFIBIO Houssay-CONICET), Facultad de Medicina, Universidad de Buenos Aires, Buenos Aires 1121, Argentina.","[""Laboratorio de Fisiopatogenia, Departamento de Fisiología, Instituto de Fisiología y Biofísica Bernardo Houssay (IFIBIO Houssay-CONICET), Facultad de Medicina, Universidad de Buenos Aires, Buenos Aires 1121, Argentina.""]","[""Albanese A"", ""Alvarez R"", ""Amaral M"", ""Garimano N"", ""Gomez F"", ""Ibarra C"", ""Sacerdoti F"", ""Zotta E""]","[""28888654"", ""31703347"", ""34437406""]",8,3
aff_c2ac317d571d14d8,"Department of Cardiology, Sanatorio de la Trinidad Mitre, Buenos Aires, Argentina.","[""Department of Cardiology, Sanatorio de la Trinidad Mitre, Buenos Aires, Argentina.""]","[""Blanco M"", ""Bortman G"", ""Ferreyra R"", ""Fonseca S"", ""Piazza A""]","[""42576265""]",5,1
aff_c2ddf2e07972ade1,"Universidad de Buenos Aires - Consejo Nacional de Investigaciones Científicas y Tecnológicas (CONICET), Instituto de Fisiología y Biofísica Bernardo Houssay (IFIBIO Houssay), Buenos Aires, Argentina; Universidad de Buenos Aires, Facultad de Ciencias Médicas, Departamento de Ciencias Fisiológicas, Laboratorio de Fisiopatogenia, Buenos Aires, Argentina.","[""Universidad de Buenos Aires - Consejo Nacional de Investigaciones Científicas y Tecnológicas (CONICET), Instituto de Fisiología y Biofísica Bernardo Houssay (IFIBIO Houssay), Buenos Aires, Argentina; Universidad de Buenos Aires, Facultad de Ciencias Médicas, Departamento de Ciencias Fisiológicas, Laboratorio de Fisiopatogenia, Buenos Aires, Argentina.""]","[""Sacerdoti F""]","[""38086442""]",1,1
aff_c2fb94e6e602a872,"Institute of Biomedical Sciences, Faculty of Medicine and Faculty of Life Science, Universidad Andres Bello, Santiago, Chile.","[""Institute of Biomedical Sciences, Faculty of Medicine and Faculty of Life Science, Universidad Andres Bello, Santiago, Chile.""]","[""Arredondo S""]","[""39855537""]",1,1
aff_c3307ee508a55bf0,"Mindich Child Health and Development Institute, Departments of Pediatrics and Genetics and Genomic Sciences, Icahn School of Medicine at Mount Sinai, New York, New York 10029.","[""Mindich Child Health and Development Institute, Departments of Pediatrics and Genetics and Genomic Sciences, Icahn School of Medicine at Mount Sinai, New York, New York 10029.""]","[""Gelb B""]","[""28432141""]",1,1
aff_c33b723d22027459,"School of Psychology, University of Sussex, Brighton BN1 9RH, UK.","[""School of Psychology, University of Sussex, Brighton BN1 9RH, UK.""]","[""Merlo E""]","[""31690927""]",1,1
aff_c3520b1a4102f885,"Department of Neurology, UCSF, San Francisco, CA, USA.","[""Department of Neurology, UCSF, San Francisco, CA, USA.""]","[""Paz R""]","[""41817828""]",1,1
aff_c4177f388ce3d737,"Laboratorio de Biología de la Reproducción, Instituto de Fisiología y Biofísica Bernardo Houssay (IFIBIO)- CONICET- Facultad de Medicina, Universidad de Buenos Aires. Paraguay 2155 (1121) Buenos Aires, Argentina; Cátedra de Biología Celular y Molecular, Departamento de Ciencias Biológicas, Facultad de Farmacia y Bioquímica, Universidad de Buenos Aires. Junín 956 (1113) Buenos Aires, Argentina.","[""Laboratorio de Biología de la Reproducción, Instituto de Fisiología y Biofísica Bernardo Houssay (IFIBIO)- CONICET- Facultad de Medicina, Universidad de Buenos Aires. Paraguay 2155 (1121) Buenos Aires, Argentina; Cátedra de Biología Celular y Molecular, Departamento de Ciencias Biológicas, Facultad de Farmacia y Bioquímica, Universidad de Buenos Aires. Junín 956 (1113) Buenos Aires, Argentina.""]","[""Paola M""]","[""30539720""]",1,1
aff_c43b03a54555dacc,"University of Texas Health Science Center at Houston, Houston, Texas, USA.","[""University of Texas Health Science Center at Houston, Houston, Texas, USA.""]","[""Naik A""]","[""42675027""]",1,1
aff_c468475c6b2a13e0,"IFIBIO Bernardo Houssay, Grupo de Neurociencia de Sistemas, Facultad de Medicina, Universidad de Buenos Aires - CONICET, 2155 Paraguay Street, Buenos Aires 1121, Argentina. Electronic address: cecitubert@gmail.com.","[""IFIBIO Bernardo Houssay, Grupo de Neurociencia de Sistemas, Facultad de Medicina, Universidad de Buenos Aires - CONICET, 2155 Paraguay Street, Buenos Aires 1121, Argentina. Electronic address: cecitubert@gmail.com.""]","[""Tubert C""]","[""27568555""]",1,1
aff_c47e928d755ee59e,"Consejo Nacional de Investigaciones Científicas y Técnicas, Instituto de Fisiología y Biofísica Bernardo Houssay (IFIBIO), Facultad de Medicina, Universidad de Buenos Aires, Paraguay 2155, Buenos Aires, C1113AAD, Argentina.","[""Consejo Nacional de Investigaciones Científicas y Técnicas, Instituto de Fisiología y Biofísica Bernardo Houssay (IFIBIO), Facultad de Medicina, Universidad de Buenos Aires, Paraguay 2155, Buenos Aires, C1113AAD, Argentina.""]","[""Zotta E""]","[""32525252""]",1,1
aff_c4864a4516659cf9,"Instituto de Investigaciones Farmacológicas (ININFA-CONICET-UBA), Buenos Aires, Argentina.","[""Instituto de Investigaciones Farmacológicas (ININFA-CONICET-UBA), Buenos Aires, Argentina.""]","[""Ferrario J""]","[""29669277""]",1,1
aff_c48dbb27d6bc9634,"Centro de Investigación Biomédica en Red sobre Enfermedades Neurodegenerativas (CIBERNED), Instituto de Salud Carlos III, Madrid, Spain; CNS Gene Therapy Program, Center for Applied Medical Research (CIMA), University of Navarra, Pamplona, Spain.","[""Centro de Investigación Biomédica en Red sobre Enfermedades Neurodegenerativas (CIBERNED), Instituto de Salud Carlos III, Madrid, Spain; CNS Gene Therapy Program, Center for Applied Medical Research (CIMA), University of Navarra, Pamplona, Spain.""]","[""Lanciego J""]","[""41183746""]",1,1
aff_c4baa78702143c0e,"Department of Pharmaceutical Sciences, College of Pharmacy, University of Arkansas for Medical Sciences, Little Rock, Arkansas, USA.","[""Department of Pharmaceutical Sciences, College of Pharmacy, University of Arkansas for Medical Sciences, Little Rock, Arkansas, USA.""]","[""Kiffer F""]","[""31630412""]",1,1
aff_c54896045b11bec4,"Instituto de Biotecnología, CICVyA, Instituto Nacional de Tecnología Agropecuaria, Hurlingham, Argentina.","[""Instituto de Biotecnología, CICVyA, Instituto Nacional de Tecnología Agropecuaria, Hurlingham, Argentina.""]","[""Amigo N"", ""Cataldi A"", ""Larzabal M""]","[""26030198""]",3,1
aff_c59eabd3262836e4,"Department of Anatomy and Cell Biology, Ophthalmology, and Physiology, University of Pennsylvania, Philadelphia, PA 19104, United States. Electronic address: chm@upenn.edu.","[""Department of Anatomy and Cell Biology, Ophthalmology, and Physiology, University of Pennsylvania, Philadelphia, PA 19104, United States. Electronic address: chm@upenn.edu.""]","[""Mitchell C""]","[""30458250""]",1,1
aff_c6401d047eb855e2,"Laboratorio de Biomembranas, Departamento de Ciencias Fisiológicas, Facultad de Ciencias Médicas, Universidad de Buenos Aires, Buenos Aires, Argentina.","[""Laboratorio de Biomembranas, Departamento de Ciencias Fisiológicas, Facultad de Ciencias Médicas, Universidad de Buenos Aires, Buenos Aires, Argentina.""]","[""Beltramone N"", ""Capurro C"", ""Casal J"", ""Celi A"", ""Di Giusto G"", ""Ford P"", ""Grippo A"", ""Mechali A""]","[""41824201""]",8,1
aff_c680a196d79bd9f4,"Department of Microbiology and Immunology, Sealy Institute for Vaccine Sciences, University of Texas Medical Branch, Galveston, TX 77555, USA. altorres@utmb.edu.","[""Department of Microbiology and Immunology, Sealy Institute for Vaccine Sciences, University of Texas Medical Branch, Galveston, TX 77555, USA. altorres@utmb.edu.""]","[""Torres A""]","[""30274180""]",1,1
aff_c79e3ffb822d4d6e,"Universidad de Buenos Aires, Facultad de Medicina, Departamento de Ciencias Fisiológicas, Grupo de Neurociencia de Sistemas, Buenos Aires, Argentina; Universidad de Buenos Aires, CONICET, Instituto de Fisiología y Biofísica (IFIBIO) Houssay, Buenos Aires, Argentina. Electronic address: barbybraz@gmail.com.","[""Universidad de Buenos Aires, Facultad de Medicina, Departamento de Ciencias Fisiológicas, Grupo de Neurociencia de Sistemas, Buenos Aires, Argentina; Universidad de Buenos Aires, CONICET, Instituto de Fisiología y Biofísica (IFIBIO) Houssay, Buenos Aires, Argentina. Electronic address: barbybraz@gmail.com.""]","[""Braz B""]","[""28476642""]",1,1
aff_c7bad83102694fd9,"Instituto de Biociencias, Biotecnología y Biología Traslacional, Departamento de Fisiología, Biología Molecular y Celular, Facultad de Ciencias Exactas y Naturales, Universidad de Buenos Aires, Buenos Aires, Argentina.","[""Instituto de Biociencias, Biotecnología y Biología Traslacional, Departamento de Fisiología, Biología Molecular y Celular, Facultad de Ciencias Exactas y Naturales, Universidad de Buenos Aires, Buenos Aires, Argentina.""]","[""Blaustein M"", ""Vila A""]","[""33363456""]",2,1
aff_c7baf880766003b8,"Douglas Mental Health University Institute and McGill University, Montreal, Quebec, Canada.","[""Douglas Mental Health University Institute and McGill University, Montreal, Quebec, Canada.""]","[""Armony J""]","[""32061044""]",1,1
aff_c7f302c07042baf0,"Faculty of Medicine, School of Biomedical Sciences, The University of Queensland, Brisbane, Queensland, Australia.","[""Faculty of Medicine, School of Biomedical Sciences, The University of Queensland, Brisbane, Queensland, Australia.""]","[""Pradhan J""]","[""31630412""]",1,1
aff_c7f9af714aaa01ee,"Aix Marseille Univ, INSERM, INS, Inst Neurosci Syst, Marseille, France.","[""Aix Marseille Univ, INSERM, INS, Inst Neurosci Syst, Marseille, France.""]","[""Colombet B"", ""Pizzo F"", ""Roehri N""]","[""29605667""]",3,1
aff_c808509f675fc755,"Laboratorio de Fisiopatogenia, IFIBIO-Houssay (UBA-CONICET), Facultad de Medicina, Universidad de Buenos Aires, Paraguay 2155, C1121 CABA, Argentina. Electronic address: cristinaadrianaibarra@gmail.com.","[""Laboratorio de Fisiopatogenia, IFIBIO-Houssay (UBA-CONICET), Facultad de Medicina, Universidad de Buenos Aires, Paraguay 2155, C1121 CABA, Argentina. Electronic address: cristinaadrianaibarra@gmail.com.""]","[""Ibarra C""]","[""37704516""]",1,1
aff_c814fbf537814cf0,"Laboratorio de Fisiopatogenia, Instituto de Fisiología y Biofísica Bernardo Houssay (IFIBIO Houssay-CONICET), Departamento de Fisiología, Facultad de Medicina, Universidad de Buenos Aires, Buenos Aires 1121, Argentina.","[""Laboratorio de Fisiopatogenia, Instituto de Fisiología y Biofísica Bernardo Houssay (IFIBIO Houssay-CONICET), Departamento de Fisiología, Facultad de Medicina, Universidad de Buenos Aires, Buenos Aires 1121, Argentina.""]","[""Amaral M"", ""Gomez F"", ""Ibarra C"", ""Presta A"", ""Sacerdoti F""]","[""34822608""]",5,1
aff_c8400eddd6dbfd7a,"Instituto de Neurociencia Cognitiva y Traslacional, Concejo Nacional de Investigaciones Científicas y tecnológicas (CONICET), Universidad Favaloro, Instituto de Neurología Cognitiva (INECO), Pacheco de Melo 1860, C1126AAB Buenos Aires, Argentina.","[""Instituto de Neurociencia Cognitiva y Traslacional, Concejo Nacional de Investigaciones Científicas y tecnológicas (CONICET), Universidad Favaloro, Instituto de Neurología Cognitiva (INECO), Pacheco de Melo 1860, C1126AAB Buenos Aires, Argentina.""]","[""Bekinschtein P"", ""Cicuttin G"", ""Gallo F"", ""Miranda M"", ""Morici J""]","[""35597334""]",5,1
aff_c8b8cabc469e87e0,"Laboratorio de Patogénesis e Inmunología de Procesos Infecciosos, Instituto de Medicina Experimental, Consejo Nacional de Investigaciones Científicas y Técnicas-Academia Nacional de Medicina, 1425 Buenos Aires, Argentina. vramos@hematologia.anm.edu.ar.","[""Laboratorio de Patogénesis e Inmunología de Procesos Infecciosos, Instituto de Medicina Experimental, Consejo Nacional de Investigaciones Científicas y Técnicas-Academia Nacional de Medicina, 1425 Buenos Aires, Argentina. vramos@hematologia.anm.edu.ar.""]","[""Ramos M""]","[""29068360""]",1,1
aff_c8f3f0065f8b994e,"Departamento de Ciencias Biológicas, Facultad de Ciencias de la Vida, Universidad Andrés Bello, Santiago, Chile.","[""Departamento de Ciencias Biológicas, Facultad de Ciencias de la Vida, Universidad Andrés Bello, Santiago, Chile.""]","[""Riedel C""]","[""37274341""]",1,1
aff_c905806002bbb57e,"Osakidetza Basque Health Service, Sleep Unit, Araba University Hospital, Vitoria- Gasteiz, Spain.","[""Osakidetza Basque Health Service, Sleep Unit, Araba University Hospital, Vitoria- Gasteiz, Spain.""]","[""Azpiazu M""]","[""39853576""]",1,1
aff_ca6d73dfef232205,"Sorbonne Universités, UPMC Univ Paris 06, CNRS, UMR 7190, Institut Jean Le Rond d'Alembert, F-75005 Paris, France.","[""Sorbonne Universités, UPMC Univ Paris 06, CNRS, UMR 7190, Institut Jean Le Rond d'Alembert, F-75005 Paris, France.""]","[""Fullana J"", ""Lagree P""]","[""27016670""]",2,1
aff_ca730e5bf1197480,"Departamento de Ciencias Fisiológicas. Grupo de Neurociencias de Sistemas, Universidad de Buenos Aires, Facultad de Ciencias Médicas, Buenos Aires, Argentina.","[""Departamento de Ciencias Fisiológicas. Grupo de Neurociencias de Sistemas, Universidad de Buenos Aires, Facultad de Ciencias Médicas, Buenos Aires, Argentina.""]","[""Igaz L""]","[""42086667""]",1,1
aff_ca9211e29e55d7d6,"Sanatorio de la Trinidad Mitre, Buenos Aires, Argentina.","[""Sanatorio de la Trinidad Mitre, Buenos Aires, Argentina.""]","[""Barba V"", ""Bortman G"", ""Ferreyra R"", ""Izurieta M"", ""Piazza A""]","[""40451786""]",5,1
aff_caab25ef355bdab1,"Douglas Mental Health Research Institute, McGill University, Montreal, QC, H4H 1R3, Canada.","[""Douglas Mental Health Research Institute, McGill University, Montreal, QC, H4H 1R3, Canada.""]","[""Armony J""]","[""32900965""]",1,1
aff_cab4fee785e8fad6,"Departamento de Química Biológica, Facultad de Farmacia y Bioquímica, Universidad de Buenos Aires, Buenos Aires, Argentina.","[""Departamento de Química Biológica, Facultad de Farmacia y Bioquímica, Universidad de Buenos Aires, Buenos Aires, Argentina.""]","[""Carbajosa N"", ""Gironacci M""]","[""36227397""]",2,1
aff_cad92dcdbe845473,"Departamento de Bioquímica Clínica e Inmunología, Facultad de Farmacia, Universidad de Concepción, Concepción, Chile.","[""Departamento de Bioquímica Clínica e Inmunología, Facultad de Farmacia, Universidad de Concepción, Concepción, Chile.""]","[""Aguayo C"", ""Appel-Rubio J"", ""Guzman-Gutierrez E"", ""Mennickent D""]","[""37274341""]",4,1
aff_cb1d3bba9a0916b7,"Universidad de Buenos Aires, Consejo Nacional de Investigaciones Científicas y Técnicas (CONICET), Instituto de Fisiología y Biofísica ''Houssay"" (IFIBIO), Laboratorio de Neurofisiopatología, Facultad de Medicina, Paraguay 2155 Piso 7, 1121, Ciudad de Buenos Aires, Argentina. Electronic address: jogol@fmed.uba.ar.","[""Universidad de Buenos Aires, Consejo Nacional de Investigaciones Científicas y Técnicas (CONICET), Instituto de Fisiología y Biofísica ''Houssay\"" (IFIBIO), Laboratorio de Neurofisiopatología, Facultad de Medicina, Paraguay 2155 Piso 7, 1121, Ciudad de Buenos Aires, Argentina. Electronic address: jogol@fmed.uba.ar.""]","[""Goldstein J""]","[""35835234""]",1,1
aff_cb48feaf2ccd917a,"Departamento de Ciencias Fisiológicas, Instituto de Fisiología y Biofísica Bernardo Houssay (IFIBIO-Houssay), Universidad de Buenos Aires, Facultad de Medicina, Buenos Aires, Argentina.","[""Departamento de Ciencias Fisiológicas, Instituto de Fisiología y Biofísica Bernardo Houssay (IFIBIO-Houssay), Universidad de Buenos Aires, Facultad de Medicina, Buenos Aires, Argentina.""]","[""Ochoa F"", ""Zotta E""]","[""30204500""]",2,1
aff_cb96a252c9ab90c4,"Department of Cardiology, Sanatorio de la Trinidad-Mitre, Buenos Aires, Argentina.","[""Department of Cardiology, Sanatorio de la Trinidad-Mitre, Buenos Aires, Argentina.""]","[""Bortman G"", ""Ferreyra R""]","[""31535145""]",2,1
aff_cbbca9cfe7401037,"Université de Paris, UMR_S1134, BIGR, Inserm, F-75015 Paris, France; Institut National de la Transfusion Sanguine, Laboratoire d'Excellence GR-Ex, F-75015 Paris, France.","[""Université de Paris, UMR_S1134, BIGR, Inserm, F-75015 Paris, France; Institut National de la Transfusion Sanguine, Laboratoire d'Excellence GR-Ex, F-75015 Paris, France.""]","[""Hattab C"", ""Ostuni M""]","[""34216588""]",2,1
aff_cbcace45890bf0ca,"Pharmacogenomics Academia, Instituto Politécnico Nacional-CIIDIR Durango, Mexico; Red Iberoamericana de Alteraciones Vasculares en Transtornos del Embarazo (RIVATREM), Chillan, Chile. Electronic address: cgalaviz@ipn.mx.","[""Pharmacogenomics Academia, Instituto Politécnico Nacional-CIIDIR Durango, Mexico; Red Iberoamericana de Alteraciones Vasculares en Transtornos del Embarazo (RIVATREM), Chillan, Chile. Electronic address: cgalaviz@ipn.mx.""]","[""Galaviz-Hernandez C""]","[""36878143""]",1,1
aff_cc397ca953abf2bc,"Grupo Salud Y Comunidad, Facultad De Medicina Universidad De Antioquia , Medellin, Colombia.","[""Grupo Salud Y Comunidad, Facultad De Medicina Universidad De Antioquia , Medellin, Colombia.""]","[""Agudelo O""]","[""32482148""]",1,1
aff_cc6746bd641f173d,"Universidad de Buenos Aires, CONICET, IFIBIO Houssay, Laboratorio de Investigaciones en Fisiología Renal, Facultad de Medicina, Buenos Aires, Argentina.","[""Universidad de Buenos Aires, CONICET, IFIBIO Houssay, Laboratorio de Investigaciones en Fisiología Renal, Facultad de Medicina, Buenos Aires, Argentina.""]","[""Silberstein C""]","[""35904906""]",1,1
aff_ccdd92511c648e30,"Instituto de Fisiología y Biofísica Bernardo Houssay, Consejo Nacional de Investigaciones Científicas y Técnicas and Universidad de Buenos Aires, Buenos Aires, Argentina.","[""Instituto de Fisiología y Biofísica Bernardo Houssay, Consejo Nacional de Investigaciones Científicas y Técnicas and Universidad de Buenos Aires, Buenos Aires, Argentina.""]","[""Belluscio M"", ""Merlo S""]","[""38355584""]",2,1
aff_ccfbcf2499463b23,"Maurice Wohl Clinical Neuroscience Institute, Institute of Psychiatry, Psychology and Neuroscience, King's College London, London, UK.","[""Maurice Wohl Clinical Neuroscience Institute, Institute of Psychiatry, Psychology and Neuroscience, King's College London, London, UK.""]","[""Gallo J""]","[""29669277""]",1,1
aff_cd0ccf7de65e68f7,"Departamento de Ingeniería Mecánica, Universidad de Buenos Aires, Facultad de Ingeniería, Buenos Aires, Argentina.","[""Departamento de Ingeniería Mecánica, Universidad de Buenos Aires, Facultad de Ingeniería, Buenos Aires, Argentina.""]","[""Armentano R""]","[""31521941""]",1,1
aff_cd74bd63a705e75e,"Department of Physiology and Institute of Physiology and Biophysics (IFIBIO, UBA-CONICET), School of Medicine, University of Buenos Aires, Paraguay 2155 7th floor (C1121ABG), Ciudad Autónoma de Buenos Aires, Argentina. rbernabeu@fmed.uba.ar.","[""Department of Physiology and Institute of Physiology and Biophysics (IFIBIO, UBA-CONICET), School of Medicine, University of Buenos Aires, Paraguay 2155 7th floor (C1121ABG), Ciudad Autónoma de Buenos Aires, Argentina. rbernabeu@fmed.uba.ar.""]","[""Bernabeu R""]","[""31848934""]",1,1
aff_cdbb1eda16a801a4,"Laboratorio de Fisiopatogenia, Departamento de Fisiología, Facultad de Medicina, Instituto de Fisiología y Biofísica Bernardo Houssay (IFIBIO Houssay-CONICET), Universidad de Buenos Aires, Buenos Aires, Argentina.","[""Laboratorio de Fisiopatogenia, Departamento de Fisiología, Facultad de Medicina, Instituto de Fisiología y Biofísica Bernardo Houssay (IFIBIO Houssay-CONICET), Universidad de Buenos Aires, Buenos Aires, Argentina.""]","[""Amaral M"", ""Garimano N"", ""Ibarra C""]","[""31824869""]",3,1
aff_cde3ccd212863f06,"1 Laboratorio de Endocrinologí, Departamento de Fisiologí, Facultad de Medicina, Universidad de Buenos Aires. Buenos Aires, Argentina.","[""1 Laboratorio de Endocrinologí, Departamento de Fisiologí, Facultad de Medicina, Universidad de Buenos Aires. Buenos Aires, Argentina.""]","[""Carbone S"", ""Gobetto N"", ""Ponzo O"", ""Reynoso R"", ""Samaniego Y""]","[""29774754""]",5,1
aff_ce0edde18a03d3b2,"Servicio de Cardiología, Hospital Eva Perón de San Martín, Provincia de Buenos Aires, Argentina.","[""Servicio de Cardiología, Hospital Eva Perón de San Martín, Provincia de Buenos Aires, Argentina.""]","[""Rios Leiva C""]","[""36464947""]",1,1
aff_ce671baa0b2f13d8,"Laboratorio de Fisiopatogenia, Departamento de Fisiología, Instituto de Fisiología y Biofísica Bernardo Houssay (IFIBIO Houssay-CONICET), Facultad de Medicina, Universidad de Buenos Aires, Buenos Aires C1121, Argentina. flasacerdoti@gmail.com.","[""Laboratorio de Fisiopatogenia, Departamento de Fisiología, Instituto de Fisiología y Biofísica Bernardo Houssay (IFIBIO Houssay-CONICET), Facultad de Medicina, Universidad de Buenos Aires, Buenos Aires C1121, Argentina. flasacerdoti@gmail.com.""]","[""Sacerdoti F""]","[""30513821""]",1,1
aff_ce6f79848aec9c32,"Universidad de Buenos Aires, CONICET, Instituto de Fisiología y Biofísica ""Bernardo Houssay"" (IFIBIO), Grupo de Neurociencia de Sistemas, Buenos Aires, Argentina.","[""Universidad de Buenos Aires, CONICET, Instituto de Fisiología y Biofísica \""Bernardo Houssay\"" (IFIBIO), Grupo de Neurociencia de Sistemas, Buenos Aires, Argentina.""]","[""Alsina R"", ""Bumaschny V"", ""Trotta M""]","[""30283405""]",3,1
aff_ce97353cc7df7a12,"Departamento of Physiology, Augusta University , Augusta, USA.","[""Departamento of Physiology, Augusta University , Augusta, USA.""]","[""Szasz T""]","[""32482148""]",1,1
aff_cf056aad41458a89,"Instituto de Fisiología y Biofísica Bernardo Houssay (IFIBIO-Houssay), UBA-CONICET, Buenos Aires, Argentina. estefania.bello@gmail.com.","[""Instituto de Fisiología y Biofísica Bernardo Houssay (IFIBIO-Houssay), UBA-CONICET, Buenos Aires, Argentina. estefania.bello@gmail.com.""]","[""Bello E""]","[""39833563""]",1,1
aff_cf05d9cabb768c4a,"Universidad de Buenos Aires, Facultad de Farmacia y Bioquímica, Cátedra de Farmacología, Junín, 956, 5th floor, C1113AAC, Buenos Aires, Argentina.","[""Universidad de Buenos Aires, Facultad de Farmacia y Bioquímica, Cátedra de Farmacología, Junín, 956, 5th floor, C1113AAC, Buenos Aires, Argentina.""]","[""Boccia M"", ""Krawczyk M""]","[""28069463""]",2,1
aff_cf14e5784ad707d8,"Cardiology Department, British Hospital of Buenos Aires, Buenos Aires, Argentina.","[""Cardiology Department, British Hospital of Buenos Aires, Buenos Aires, Argentina.""]","[""Avaca H"", ""Caceres Monie C"", ""Schiavone M"", ""Tello Santacruz I""]","[""35705598""]",4,1
aff_cf2f6dce46d7c2a1,"Sydney Pharmacy School, Faculty of Medicine and Health, The University of Sydney, Camperdown, NSW, 2006, Australia.","[""Sydney Pharmacy School, Faculty of Medicine and Health, The University of Sydney, Camperdown, NSW, 2006, Australia.""]","[""Chang M"", ""Harutyunyan A"", ""Robinson K"", ""Venturato J""]","[""41423699""]",4,1
aff_cfa398c2f7c45cc2,"Department of Physiology, University of Bern, Bühlplatz 5, 3012, Bern, Switzerland. fkasanetz@fmed.uba.ar.","[""Department of Physiology, University of Bern, Bühlplatz 5, 3012, Bern, Switzerland. fkasanetz@fmed.uba.ar.""]","[""Kasanetz F""]","[""34930957""]",1,1
aff_cfa784efefbd3363,"The Neuropsychology and Cognitive Neurosciences Research Center (CINPSI Neurocog), Universidad Católica del Maule 3460000, Talca, Chile.","[""The Neuropsychology and Cognitive Neurosciences Research Center (CINPSI Neurocog), Universidad Católica del Maule 3460000, Talca, Chile.""]","[""Canales-Johnson A""]","[""31690927""]",1,1
aff_cfb4102381436be0,"IFIBIO Bernardo Houssay, Grupo de Neurociencia de Sistemas, Facultad de Medicina, Universidad de Buenos Aires - CONICET, Buenos Aires, Argentina.","[""IFIBIO Bernardo Houssay, Grupo de Neurociencia de Sistemas, Facultad de Medicina, Universidad de Buenos Aires - CONICET, Buenos Aires, Argentina.""]","[""Igaz L""]","[""32308155""]",1,1
aff_cfd267c8fd822ba6,"Nephrology, Hospital Británico de Buenos Aires, Buenos Aires, Argentina.","[""Nephrology, Hospital Británico de Buenos Aires, Buenos Aires, Argentina.""]","[""Andrews J"", ""Forrester M"", ""Gonzalez-Hoyos I"", ""Iriarte R"", ""Lombi F"", ""Paulero M"", ""Pomeranz V"", ""Rengel T"", ""Trimarchi H""]","[""26842625"", ""27015899"", ""28473934""]",9,3
aff_cfd79c0a2a5e2ca5,"Medical School (Faculty of Medicine), São Paulo State University (UNESP), São Paulo, Brazil.","[""Medical School (Faculty of Medicine), São Paulo State University (UNESP), São Paulo, Brazil.""]","[""Sobrevia L""]","[""38827994""]",1,1
aff_cfdd92b181a5643c,"Departamento de Obstetricia, Hospital Nacional ""Prof. A. Posadas"", Buenos Aires, Argentina.","[""Departamento de Obstetricia, Hospital Nacional \""Prof. A. Posadas\"", Buenos Aires, Argentina.""]","[""Casale R"", ""Leonino P"", ""Pereyra A""]","[""35957815""]",3,1
aff_d021534fc37a5a01,"Departamento de Ciencias Fisiológicas, Facultad de Medicina, Pontificia Universidad Javeriana, Botogá, Colombia.","[""Departamento de Ciencias Fisiológicas, Facultad de Medicina, Pontificia Universidad Javeriana, Botogá, Colombia.""]","[""Garcia-Robles R""]","[""36117714""]",1,1
aff_d040740adde29d9e,"Department of Biomedical Engineering, Johns Hopkins School of Medicine, Baltimore, United States.","[""Department of Biomedical Engineering, Johns Hopkins School of Medicine, Baltimore, United States.""]","[""Albert S"", ""Jang J"", ""Shadmehr R""]","[""35225229""]",3,1
aff_d04155fc9ba451f6,"Department of Neuroscience, Feinberg School of Medicine, Northwestern University, Chicago, IL 60611, USA.","[""Department of Neuroscience, Feinberg School of Medicine, Northwestern University, Chicago, IL 60611, USA.""]","[""Tkatch T"", ""Zampese E""]","[""37852390""]",2,1
aff_d0bcddafd54786ee,"Universidad de Buenos Aires, Facultad de Ciencias Veterinarias. Cátedra de Fisiología Animal, Buenos Aires, Argentina.","[""Universidad de Buenos Aires, Facultad de Ciencias Veterinarias. Cátedra de Fisiología Animal, Buenos Aires, Argentina.""]","[""Di Ciano L""]","[""40577142""]",1,1
aff_d0d03a8a91941e8a,"Department of Psychology, University of California, Santa Barbara, California.","[""Department of Psychology, University of California, Santa Barbara, California.""]","[""Grafton S""]","[""25810483""]",1,1
aff_d11358aa0f36dae7,"Faculty of Medicine, Center of Pharmacological and Botanical Studies (CEFYBO-CONICET), University of Buenos Aires, Buenos Aires, Argentina.","[""Faculty of Medicine, Center of Pharmacological and Botanical Studies (CEFYBO-CONICET), University of Buenos Aires, Buenos Aires, Argentina.""]","[""Farina M""]","[""38089623""]",1,1
aff_d125b9f3ebccdf67,"Instituto de Fisiología y Biofísica Bernardo Houssay (IFIBIO-HOUSSAY), CONICET-Universidad de Buenos Aires, Ciudad Autónoma de Buenos Aires, Argentina.","[""Instituto de Fisiología y Biofísica Bernardo Houssay (IFIBIO-HOUSSAY), CONICET-Universidad de Buenos Aires, Ciudad Autónoma de Buenos Aires, Argentina.""]","[""Marques da Silva W""]","[""41709136""]",1,1
aff_d1a4041a82013473,"Laboratorio de Endocrinología, Hospital de Pediatría S.A.M.I.C. Prof. Dr. Juan P. Garrahan, Buenos Aires, Argentina.","[""Laboratorio de Endocrinología, Hospital de Pediatría S.A.M.I.C. Prof. Dr. Juan P. Garrahan, Buenos Aires, Argentina.""]","[""Lazzati J""]","[""42611393""]",1,1
aff_d210e1871288a74e,"Instituto de Química y Fisicoquímica Biológicas - CONICET (IQUIFIB), CONICET - Universidad de Buenos Aires, Buenos Aires, Argentina.","[""Instituto de Química y Fisicoquímica Biológicas - CONICET (IQUIFIB), CONICET - Universidad de Buenos Aires, Buenos Aires, Argentina.""]","[""Carbajosa N"", ""Gironacci M""]","[""36227397""]",2,1
aff_d217b3c35480b320,"Laboratorio de Fisiología Renal, Departamento de Ciencias Fisiológicas, Facultad de Ciencias Médicas, Universidad de Buenos Aires (UBA); Instituto de Fisiología y Biofísica Bernardo Houssay (IFIBIO Houssay), Universidad de Buenos Aires - Consejo Nacional de Investigaciones Científicas y Tecnológicas (CONICET); csilber@fmed.uba.ar.","[""Laboratorio de Fisiología Renal, Departamento de Ciencias Fisiológicas, Facultad de Ciencias Médicas, Universidad de Buenos Aires (UBA); Instituto de Fisiología y Biofísica Bernardo Houssay (IFIBIO Houssay), Universidad de Buenos Aires - Consejo Nacional de Investigaciones Científicas y Tecnológicas (CONICET); csilber@fmed.uba.ar.""]","[""Silberstein C""]","[""40587395""]",1,1
aff_d21c583e5bd869a9,"Instituto de Fisiología y Biofísica Bernardo Houssay (IFIBIO)- CONICET- Facultad de Medicina, Universidad de Buenos Aires, Buenos Aires, Argentina.","[""Instituto de Fisiología y Biofísica Bernardo Houssay (IFIBIO)- CONICET- Facultad de Medicina, Universidad de Buenos Aires, Buenos Aires, Argentina.""]","[""Damiano A"", ""Seyahian E"", ""Zotta E""]","[""31956716""]",3,1
aff_d260c6cdb1b0bb08,"Nephrology Service, Hospital Británico de Buenos Aires, Buenos Aires, Argentina.","[""Nephrology Service, Hospital Británico de Buenos Aires, Buenos Aires, Argentina.""]","[""Forrester M"", ""Gonzalez-Hoyos I"", ""Iriarte R"", ""Lombi F"", ""Paulero M"", ""Pomeranz V"", ""Rengel T"", ""Trimarchi H""]","[""28523190"", ""30747154""]",8,2
aff_d265d836c74a6a6b,"Instituto de Fisiología y Biofísica Bernardo Houssay (IFIBIO-Houssay), UBA-CONICET, Buenos Aires, Argentina. jbelforte@fmed.uba.ar.","[""Instituto de Fisiología y Biofísica Bernardo Houssay (IFIBIO-Houssay), UBA-CONICET, Buenos Aires, Argentina. jbelforte@fmed.uba.ar.""]","[""Belforte J""]","[""39833563""]",1,1
aff_d2662da6c9382796,"Department of Medicine, University of British Columbia, Vancouver, BC, Canada.","[""Department of Medicine, University of British Columbia, Vancouver, BC, Canada.""]","[""Kent B""]","[""29085903""]",1,1
aff_d29cf10ab11dee9b,"Universidad Nacional de Luján, Departamento de Ciencias Básicas, Ruta 5 y Avenida Constitución (6700) Luján, Buenos Aires, Argentina, Universidad Nacional de Luján, Instituto de Ecología y Desarrollo Sustentable (INEDES)-CONICET, Laboratorio de Inmunología, Ruta 5 y Avenida Constitución (6700) Luján, Buenos Aires, Argentina.","[""Universidad Nacional de Luján, Departamento de Ciencias Básicas, Ruta 5 y Avenida Constitución (6700) Luján, Buenos Aires, Argentina, Universidad Nacional de Luján, Instituto de Ecología y Desarrollo Sustentable (INEDES)-CONICET, Laboratorio de Inmunología, Ruta 5 y Avenida Constitución (6700) Luján, Buenos Aires, Argentina.""]","[""De Marzi M""]","[""39553573""]",1,1
aff_d2c6ad9ca22715f1,"Universidad de Buenos Aires, Laboratorio de Nefrología Experimental y Bioquímica Molecular, Instituto de Investigaciones Médicas A. Lanari, Buenos Aires, Argentina; Universidad de Buenos Aires, Departamento de Ciencias Fisiológicas, Instituto de Fisiología y Biofísica Bernardo Houssay (IFIBIO Houssay)-CONICET, Facultad de Medicina, Buenos Aires, Argentina.","[""Universidad de Buenos Aires, Laboratorio de Nefrología Experimental y Bioquímica Molecular, Instituto de Investigaciones Médicas A. Lanari, Buenos Aires, Argentina; Universidad de Buenos Aires, Departamento de Ciencias Fisiológicas, Instituto de Fisiología y Biofísica Bernardo Houssay (IFIBIO Houssay)-CONICET, Facultad de Medicina, Buenos Aires, Argentina.""]","[""Ibarra F""]","[""36549423""]",1,1
aff_d2f9be1c0a5ffdbb,"Universidad de Buenos Aires, Facultad de Medicina, Departamento de Ciencias Fisiológicas, Grupo de Neurociencia de Sistemas, Buenos Aires, Argentina; Universidad de Buenos Aires, CONICET, Instituto de Fisiología y Biofísica (IFIBIO) Houssay, Buenos Aires, Argentina. Electronic address: gmurer@fmed.uba.ar.","[""Universidad de Buenos Aires, Facultad de Medicina, Departamento de Ciencias Fisiológicas, Grupo de Neurociencia de Sistemas, Buenos Aires, Argentina; Universidad de Buenos Aires, CONICET, Instituto de Fisiología y Biofísica (IFIBIO) Houssay, Buenos Aires, Argentina. Electronic address: gmurer@fmed.uba.ar.""]","[""Murer M""]","[""28476642""]",1,1
aff_d36f9fb57a2cfc52,"Servicio de Nefrología, Hospital General de Niños Pedro de Elizalde.","[""Servicio de Nefrología, Hospital General de Niños Pedro de Elizalde.""]","[""Balestracci A""]","[""40587395""]",1,1
aff_d37dcaf256b62523,"Sydney Pharmacy School, Faculty of Medicine and Health, The University of Sydney, Camperdown, NSW, 2006, Australia. adam.walker@sydney.edu.au.","[""Sydney Pharmacy School, Faculty of Medicine and Health, The University of Sydney, Camperdown, NSW, 2006, Australia. adam.walker@sydney.edu.au.""]","[""Walker A""]","[""41423699""]",1,1
aff_d3abee6767fd46ce,"Cátedra de Histología y Embriología, Facultad de Ciencias Veterinarias, UBA, Buenos Aires, Argentina.","[""Cátedra de Histología y Embriología, Facultad de Ciencias Veterinarias, UBA, Buenos Aires, Argentina.""]","[""Carou C""]","[""27488203""]",1,1
aff_d415bccac5fbe3e6,"Laboratorio de Fisiopatogenia, Departamento de Fisiología, Instituto de Fisiología y Biofísica Bernardo Houssay (IFIBIO Houssay-CONICET), Facultad de Medicina, Universidad de Buenos Aires, Buenos Aires 1121, Argentina. cristinaadrianaibarra@gmail.com.","[""Laboratorio de Fisiopatogenia, Departamento de Fisiología, Instituto de Fisiología y Biofísica Bernardo Houssay (IFIBIO Houssay-CONICET), Facultad de Medicina, Universidad de Buenos Aires, Buenos Aires 1121, Argentina. cristinaadrianaibarra@gmail.com.""]","[""Ibarra C""]","[""28718802""]",1,1
aff_d4357d2d3141bfb7,"Systems Neuroscience Group, Laboratory of Experimental Cognition and Behavior, Institute of Physiology and Biophysics, IFIBIO ""Houssay,"" CONICET and University of Buenos Aires Medical School, Buenos Aires, Argentina.","[""Systems Neuroscience Group, Laboratory of Experimental Cognition and Behavior, Institute of Physiology and Biophysics, IFIBIO \""Houssay,\"" CONICET and University of Buenos Aires Medical School, Buenos Aires, Argentina.""]","[""Gallo F"", ""Morici J"", ""Weisstaub N""]","[""29085903""]",3,1
aff_d454cf05b6ad6d1b,"Department of Psychiatry and Biobehavioral Sciences, Semel Institute for Neuroscience and Human Behavior, The David Geffen School of Medicine, University of California, Los Angeles, California, USA.","[""Department of Psychiatry and Biobehavioral Sciences, Semel Institute for Neuroscience and Human Behavior, The David Geffen School of Medicine, University of California, Los Angeles, California, USA.""]","[""Waschek J""]","[""30204500""]",1,1
aff_d483779fbf2abd07,"Instituto de Medicina Experimental-Consejo Nacional de Investigaciones Científicas y Técnicas (CONICET)-Academia Nacional de Medicina., Buenos Aires, Argentina.","[""Instituto de Medicina Experimental-Consejo Nacional de Investigaciones Científicas y Técnicas (CONICET)-Academia Nacional de Medicina., Buenos Aires, Argentina.""]","[""Jancic C"", ""Keitelman I"", ""Rosato M"", ""Rosso D"", ""Shiromizu C""]","[""34900753""]",5,1
aff_d4d1b4ef7738e07d,"Department of Neurology, UCSF, San Francisco, United States.","[""Department of Neurology, UCSF, San Francisco, United States.""]","[""Paz R""]","[""40553107""]",1,1
aff_d4d4e25992912100,"Instituto de Ingeniería y Agronomía, Universidad Nacional Arturo Jauretche, Florencio Varela, Argentina.","[""Instituto de Ingeniería y Agronomía, Universidad Nacional Arturo Jauretche, Florencio Varela, Argentina.""]","[""Collavini S""]","[""33692740""]",1,1
aff_d522327b0a5450a3,"Universidad de Buenos Aires, Facultad de Ciencias Médicas, Departamento de Ciencias Fisiológicas, Laboratorio de Fisiopatogenia, Buenos Aires C1121ABG, Argentina; CONICET - Universidad de Buenos Aires, Instituto de Fisiología y Biofísica Bernardo Houssay (IFIBIO Houssay), Buenos Aires C1121ABG, Argentina.","[""Universidad de Buenos Aires, Facultad de Ciencias Médicas, Departamento de Ciencias Fisiológicas, Laboratorio de Fisiopatogenia, Buenos Aires C1121ABG, Argentina; CONICET - Universidad de Buenos Aires, Instituto de Fisiología y Biofísica Bernardo Houssay (IFIBIO Houssay), Buenos Aires C1121ABG, Argentina.""]","[""Alvarez R"", ""Giron Reyes D"", ""Gomez F"", ""Sacerdoti F""]","[""39442808""]",4,1
aff_d52a77d2cfba0dfc,"Magee-Womens Research Institute, Departments of Obstetrics, Gynecology and Reproductive Sciences, Epidemiology, and the Clinical and Translational Science Institute, University of Pittsburgh, Pittsburgh, PA, USA.","[""Magee-Womens Research Institute, Departments of Obstetrics, Gynecology and Reproductive Sciences, Epidemiology, and the Clinical and Translational Science Institute, University of Pittsburgh, Pittsburgh, PA, USA.""]","[""Roberts J""]","[""28986756""]",1,1
aff_d5a93b9730de35cc,"Department of Neurology, Laboratory of Experimental Neurology and Neuroimmunology, AHEPA University Hospital, Thessaloniki, Macedonia, Greece.","[""Department of Neurology, Laboratory of Experimental Neurology and Neuroimmunology, AHEPA University Hospital, Thessaloniki, Macedonia, Greece.""]","[""Theotokis P""]","[""31630412""]",1,1
aff_d63945c2bb3d569e,"Department of Medicine, Division of Allergy and Infectious Diseases, University of Washington, Seattle, Washington, United States of America.","[""Department of Medicine, Division of Allergy and Infectious Diseases, University of Washington, Seattle, Washington, United States of America.""]","[""Hladik F""]","[""38019897""]",1,1
aff_d690604ea09bb1eb,"CONICET-Universidad de Buenos Aires. Instituto de Fisiología y Biofísica Bernardo Houssay (IFIBIO Houssay), Buenos Aires, Argentina.","[""CONICET-Universidad de Buenos Aires. Instituto de Fisiología y Biofísica Bernardo Houssay (IFIBIO Houssay), Buenos Aires, Argentina.""]","[""Beltramone N"", ""Capurro C"", ""Casal J"", ""Celi A"", ""Di Giusto G"", ""Ford P"", ""Rivarola V"", ""Sterba J""]","[""41457365""]",8,1
aff_d6c8886602313529,"Laboratorio de Neurofisiopatología, Instituto de Fisiología y Biofísica ""Houssay"" - CONICET (IFIBIO), CONICET - Universidad de Buenos Aires, Buenos Aires, Argentina.","[""Laboratorio de Neurofisiopatología, Instituto de Fisiología y Biofísica \""Houssay\"" - CONICET (IFIBIO), CONICET - Universidad de Buenos Aires, Buenos Aires, Argentina.""]","[""Berdasco C"", ""Celi A"", ""Pinto A""]","[""36227397""]",3,1
aff_d7343d8c878c41da,"CONICET-Universidad de Buenos Aires, Instituto de Fisiología, Biología Molecular y Neurociencias (IFIBYNE), CABA, Argentina.","[""CONICET-Universidad de Buenos Aires, Instituto de Fisiología, Biología Molecular y Neurociencias (IFIBYNE), CABA, Argentina.""]","[""Feld M""]","[""31057366""]",1,1
aff_d7550e81f792792d,"Division of Clinical Neuroscience, Chiba University Center for Forensic Mental Health, Chiba, Japan.","[""Division of Clinical Neuroscience, Chiba University Center for Forensic Mental Health, Chiba, Japan.""]","[""Fujita Y"", ""Hashimoto K""]","[""29394409""]",2,1
aff_d76dc10413910295,"Instituto de Biomedicina de Sevilla, IBiS/Hospital Universitario Virgen del Rocío/CSIC/Universidad de Sevilla, Av. Manuel Siurot s/n, 41013, Seville, Spain. irusta@us.es.","[""Instituto de Biomedicina de Sevilla, IBiS/Hospital Universitario Virgen del Rocío/CSIC/Universidad de Sevilla, Av. Manuel Siurot s/n, 41013, Seville, Spain. irusta@us.es.""]","[""Echevarria M""]","[""38956598""]",1,1
aff_d79374c81f3c9284,"Departamento de Biodiversidad y Biología Experimental, Facultad de Ciencias Exactas y Naturales, Instituto de Biodiversidad y Biología Experimental y Aplicada, Universidad de Buenos Aires and Consejo Nacional de Investigaciones Científicas y TécnicasBuenos Aires, Argentina; Departamento de Fisiología y Biofísica, Facultad de Medicina, Instituto de Fisiología y Biofísica (IFIBIO-Houssay), Universidad de Buenos Aires y Consejo Nacional de Investigaciones Científicas y TécnicasBuenos Aires, Argentina.","[""Departamento de Biodiversidad y Biología Experimental, Facultad de Ciencias Exactas y Naturales, Instituto de Biodiversidad y Biología Experimental y Aplicada, Universidad de Buenos Aires and Consejo Nacional de Investigaciones Científicas y TécnicasBuenos Aires, Argentina; Departamento de Fisiología y Biofísica, Facultad de Medicina, Instituto de Fisiología y Biofísica (IFIBIO-Houssay), Universidad de Buenos Aires y Consejo Nacional de Investigaciones Científicas y TécnicasBuenos Aires, Argentina.""]","[""Ozu M""]","[""27695468""]",1,1
aff_d7e6d6b0421e0458,"CONICET- Universidad de Buenos Aires, Instituto de Fisiología y Biofísica ""Houssay"" (IFIBIO), Grupo de Neurociencia de Sistemas, Buenos Aires, Argentina.","[""CONICET- Universidad de Buenos Aires, Instituto de Fisiología y Biofísica \""Houssay\"" (IFIBIO), Grupo de Neurociencia de Sistemas, Buenos Aires, Argentina.""]","[""Igaz L"", ""Vassallu F""]","[""40617562""]",2,1
aff_d802cd1985d1e283,"Laboratório de Bacteriologia, Instituto Butantan, São Paulo, SP 05503-900, Brazil.","[""Laboratório de Bacteriologia, Instituto Butantan, São Paulo, SP 05503-900, Brazil.""]","[""Bom A"", ""Ferreira R"", ""Henrique C"", ""Henrique I"", ""Luz D"", ""Piazza R""]","[""42347511""]",6,1
aff_d8160147f9e5c6cc,"Universidad de Buenos Aires, Facultad de Medicina, Departamento de Ciencias Fisiológicas, Grupo de Neurociencia de Sistemas, Buenos Aires, Argentina; Universidad de Buenos Aires, CONICET, Instituto de Fisiología y Biofísica (IFIBIO) Houssay, Buenos Aires, Argentina. Electronic address: belfortej@yahoo.com.","[""Universidad de Buenos Aires, Facultad de Medicina, Departamento de Ciencias Fisiológicas, Grupo de Neurociencia de Sistemas, Buenos Aires, Argentina; Universidad de Buenos Aires, CONICET, Instituto de Fisiología y Biofísica (IFIBIO) Houssay, Buenos Aires, Argentina. Electronic address: belfortej@yahoo.com.""]","[""Belforte J""]","[""28476642""]",1,1
aff_d849fe128e39f4f9,"Departamento de Microbiologia, Imunologia e Parasitologia, Universidade Federal de Sāo Paulo, Sao Paulo 04023-062, Brazil.","[""Departamento de Microbiologia, Imunologia e Parasitologia, Universidade Federal de Sāo Paulo, Sao Paulo 04023-062, Brazil.""]","[""Guth B""]","[""34822608""]",1,1
aff_d88b79c46f76ceb0,"Servicio de Nefrología, Hospital General de Niños Pedro de Elizalde, Buenos Aires, Argentina.","[""Servicio de Nefrología, Hospital General de Niños Pedro de Elizalde, Buenos Aires, Argentina.""]","[""Balestracci A""]","[""34155339""]",1,1
aff_d8b2cb7e03dc7d10,"Centro Nacional de Control de Calidad de Biológicos (CNCCB), ANLIS ""Dr. Carlos G. Malbrán"", Buenos Aires, Argentina.","[""Centro Nacional de Control de Calidad de Biológicos (CNCCB), ANLIS \""Dr. Carlos G. Malbrán\"", Buenos Aires, Argentina.""]","[""Cangelosi A"", ""Geoghegan P""]","[""28042026""]",2,1
aff_d8d0a73eff45e0a9,"Hospital Nacional Profesor Alejandro Posadas, Buenos Aires, Argentina.","[""Hospital Nacional Profesor Alejandro Posadas, Buenos Aires, Argentina.""]","[""Balconi S"", ""Casale R"", ""Corominas A""]","[""35095555""]",3,1
aff_d92108e5a201e116,"Centro Internacional Franco Argentino de Ciencias de la Información y de Sistemas (CIFASIS) - Consejo Nacional de Investigaciones Científicas y Técnicas (CONICET), Grupo de Procesamiento de Señales Multimedia - División Neuroimágenes, Universidad Nacional de Rosario, Rosario, Argentina.","[""Centro Internacional Franco Argentino de Ciencias de la Información y de Sistemas (CIFASIS) - Consejo Nacional de Investigaciones Científicas y Técnicas (CONICET), Grupo de Procesamiento de Señales Multimedia - División Neuroimágenes, Universidad Nacional de Rosario, Rosario, Argentina.""]","[""Donnelly-Kehoe P"", ""Pascariello G""]","[""33692740""]",2,1
aff_d93d0f9178421df9,"Instituto de Investigaciones en Ingeniería Genética y Biología Molecular, Consejo Nacional de Investigaciones Científicas y Técnicas (INGEBI-CONICET), Buenos Aires, Argentina.","[""Instituto de Investigaciones en Ingeniería Genética y Biología Molecular, Consejo Nacional de Investigaciones Científicas y Técnicas (INGEBI-CONICET), Buenos Aires, Argentina.""]","[""Damianich A"", ""Espindola S"", ""Sartor M""]","[""29669277""]",3,1
aff_d948c44d632e4572,"Metabolic Signalling Laboratory, St Vincent's Institute of Medical Research, Fitzroy, Victoria, Australia.","[""Metabolic Signalling Laboratory, St Vincent's Institute of Medical Research, Fitzroy, Victoria, Australia.""]","[""Hoque A""]","[""31630412""]",1,1
aff_d96149eafbf960ee,"Athinoula A. Martinos Center for Biomedical Imaging, Department of Radiology, Massachusetts General Hospital, Harvard Medical School, Boston, Massachusetts, United States of America.","[""Athinoula A. Martinos Center for Biomedical Imaging, Department of Radiology, Massachusetts General Hospital, Harvard Medical School, Boston, Massachusetts, United States of America.""]","[""Huang S"", ""Lee H""]","[""42313886""]",2,1
aff_d975544b73c2a5f0,"Departamento de Ciencias Biológicas, facultad de Farmacia y Bioquímica, Universidad de Buenos Aires, Buenos Aires, Argentina.","[""Departamento de Ciencias Biológicas, facultad de Farmacia y Bioquímica, Universidad de Buenos Aires, Buenos Aires, Argentina.""]","[""Damiano A"", ""Reynoso M""]","[""42601945""]",2,1
aff_d980a4294f72dfd1,"Department of Neuroscience, Yale University School of Medicine, New Haven, Connecticut.","[""Department of Neuroscience, Yale University School of Medicine, New Haven, Connecticut.""]","[""Greer C""]","[""30628061""]",1,1
aff_d999260a07edd193,"Grupo de Sistema Cardiovascular, Instituto de Ingeniería Biomédica (IIBM), Facultad de Ingeniería, Universidad de Buenos Aires, Buenos Aires C1063, Argentina.","[""Grupo de Sistema Cardiovascular, Instituto de Ingeniería Biomédica (IIBM), Facultad de Ingeniería, Universidad de Buenos Aires, Buenos Aires C1063, Argentina.""]","[""Arini P"", ""Valverde E""]","[""39851628""]",2,1
aff_da3d7af85826b9b8,"Unidad de Nefrología, Hospital General de Niños Ricardo Gutiérrez, Buenos Aires, Argentina. Electronic address: Jliern@%20yahoo.com.","[""Unidad de Nefrología, Hospital General de Niños Ricardo Gutiérrez, Buenos Aires, Argentina. Electronic address: Jliern@%20yahoo.com.""]","[""Liern M""]","[""33722403""]",1,1
aff_da6a420d7e2533c4,"Alzheimer's Association, Early-Stage Advisory Group, Arlington, Virginia, USA.","[""Alzheimer's Association, Early-Stage Advisory Group, Arlington, Virginia, USA.""]","[""Daniels A""]","[""42675027""]",1,1
aff_dab50ee709682b5e,"University of Adelaide, Department of Molecular and Cellular Biology, Research Centre for Infectious Diseases, Australia.","[""University of Adelaide, Department of Molecular and Cellular Biology, Research Centre for Infectious Diseases, Australia.""]","[""Paton A"", ""Paton J""]","[""28057514""]",2,1
aff_db8095ba477bf27b,"Vitalant Blood Bank, San Francisco, California, United States of America.","[""Vitalant Blood Bank, San Francisco, California, United States of America.""]","[""Busch M"", ""Stone M""]","[""38019897""]",2,1
aff_db9a85fbd38a3bee,"Department of Cellular and Molecular Pharmacology, The Chicago Medical School at Rosalind Franklin University, Chicago, IL 60064, USA.","[""Department of Cellular and Molecular Pharmacology, The Chicago Medical School at Rosalind Franklin University, Chicago, IL 60064, USA.""]","[""Flores-Barrera E"", ""Tseng K""]","[""27568555""]",2,1
aff_dbacd4fc6d2a01dd,"Neuroscience Department ""Rita Levi-Montalcini"" and Neuroscience Institute Cavalieri Ottolenghi, University of Torino, Torino, Italy.","[""Neuroscience Department \""Rita Levi-Montalcini\"" and Neuroscience Institute Cavalieri Ottolenghi, University of Torino, Torino, Italy.""]","[""Schellino R""]","[""31630412""]",1,1
aff_dcfdefc85004e71d,"Alzheimer's Association, Innovation Roundtable, Chicago, Illinois, USA.","[""Alzheimer's Association, Innovation Roundtable, Chicago, Illinois, USA.""]","[""Alzheimer's Association Innovation Roundtable""]","[""42675027""]",1,1
aff_dd07af858107fcc7,"Laboratorio de Investigaciones Biomédicas, Departamento de Fisiología, Instituto de Fisiología y Biofísica Bernardo Houssay (IFIBIO Houssay-CONICET), Facultad de Medicina, Universidad de Buenos Aires, Paraguay, Buenos Aires, Argentina.","[""Laboratorio de Investigaciones Biomédicas, Departamento de Fisiología, Instituto de Fisiología y Biofísica Bernardo Houssay (IFIBIO Houssay-CONICET), Facultad de Medicina, Universidad de Buenos Aires, Paraguay, Buenos Aires, Argentina.""]","[""Marquez L"", ""Silberstein C"", ""Velazquez N""]","[""24466317""]",3,1
aff_dd369be1dcc731ce,"Centro Nacional de Control de Calidad de Biológicos (CNCCB), ""ANLIS, Dr. Carlos G. Malbrán"", Avenida Vélez Sarsfield 563, 1282, Ciudad de Buenos Aires, Argentina.","[""Centro Nacional de Control de Calidad de Biológicos (CNCCB), \""ANLIS, Dr. Carlos G. Malbrán\"", Avenida Vélez Sarsfield 563, 1282, Ciudad de Buenos Aires, Argentina.""]","[""Cangelosi A"", ""Geoghegan P""]","[""35835234"", ""39553573""]",2,2
aff_dd932625353bb829,"Universidad de Buenos Aires, CONICET, Instituto de Fisiología y Biofísica ""Bernardo Houssay"" (IFIBIO), Buenos Aires, Argentina.","[""Universidad de Buenos Aires, CONICET, Instituto de Fisiología y Biofísica \""Bernardo Houssay\"" (IFIBIO), Buenos Aires, Argentina.""]","[""Asorey L""]","[""29355695""]",1,1
aff_ddae692c92ed8cbb,"Universidad de Buenos Aires, Instituto de Fisiología y Biofísica Bernardo Houssay (IFIBIO), Neurociencia de Sistemas, Buenos Aires, Argentina.","[""Universidad de Buenos Aires, Instituto de Fisiología y Biofísica Bernardo Houssay (IFIBIO), Neurociencia de Sistemas, Buenos Aires, Argentina.""]","[""Acosta L"", ""Brocardo L"", ""Capurro C"", ""Piantanida A"", ""Rela L""]","[""30628061""]",5,1
aff_ddd975eed5f34b26,"School of Science and Technology (ECyT), National University of San Martin (UNSAM), Buenos Aires, Argentina. vdellamaggiore@fmed.uba.ar.","[""School of Science and Technology (ECyT), National University of San Martin (UNSAM), Buenos Aires, Argentina. vdellamaggiore@fmed.uba.ar.""]","[""Della-Maggiore V""]","[""38332013""]",1,1
aff_de0b1dcb964173fe,"Departamento de Ciencias Biológicas, Facultad de Farmacia y Bioquimica, UBA, Buenos Aires, Argentina.","[""Departamento de Ciencias Biológicas, Facultad de Farmacia y Bioquimica, UBA, Buenos Aires, Argentina.""]","[""Damiano A""]","[""28986756""]",1,1
aff_de40ef1ed7a21232,"Department of Neuroscience, Feinberg School of Medicine, Northwestern University, Chicago, IL 60611, USA; Universidad de Buenos Aires - CONICET. Instituto de Fisiología y Biofísica Bernardo Houssay (IFIBIO Houssay), Facultad de Medicina, Departamento de Ciencias Fisiológicas, Grupo de Neurociencia de Sistemas, Buenos Aires, Argentina.","[""Department of Neuroscience, Feinberg School of Medicine, Northwestern University, Chicago, IL 60611, USA; Universidad de Buenos Aires - CONICET. Instituto de Fisiología y Biofísica Bernardo Houssay (IFIBIO Houssay), Facultad de Medicina, Departamento de Ciencias Fisiológicas, Grupo de Neurociencia de Sistemas, Buenos Aires, Argentina.""]","[""Tubert C""]","[""37852390""]",1,1
aff_de675b046b71336d,"Departamento de Ciencias Fisiológicas, Facultad de Medicina, Instituto de Fisiología y Biofísica Bernardo Houssay (IFIBIO Houssay), Universidad de Buenos Aires-CONICET, Buenos Aires C1121ABG, Argentina.","[""Departamento de Ciencias Fisiológicas, Facultad de Medicina, Instituto de Fisiología y Biofísica Bernardo Houssay (IFIBIO Houssay), Universidad de Buenos Aires-CONICET, Buenos Aires C1121ABG, Argentina.""]","[""Deleglise A"", ""Griffa G"", ""Jacobacci F"", ""Solano A""]","[""40744730""]",4,1
aff_de8a27181364f8a8,"Genomics Academia, Instituto Politécnico Nacional-CIIDIR Durango, Durango, Mexico.","[""Genomics Academia, Instituto Politécnico Nacional-CIIDIR Durango, Durango, Mexico.""]","[""Galaviz-Hernandez C"", ""Sosa-Macias M""]","[""37466779""]",2,1
aff_defcc35d2c47abb7,"Consejo Nacional de Investigaciones Científicas y Técnicas, Instituto de Química y Fisicoquímica Biológicas (IQUIFIB), Departamento de Fisicomatemática, Facultad de Farmacia y Bioquímica, Universidad de Buenos Aires, Argentina.","[""Consejo Nacional de Investigaciones Científicas y Técnicas, Instituto de Química y Fisicoquímica Biológicas (IQUIFIB), Departamento de Fisicomatemática, Facultad de Farmacia y Bioquímica, Universidad de Buenos Aires, Argentina.""]","[""Alleva K"", ""Canessa Fortuna A"", ""Jozefkowicz C""]","[""28486763""]",3,1
aff_df2cc5f49dd034ef,"Universidad de Buenos Aires, Facultad de Ciencias Médicas, Departamento de Fisiología, Buenos Aires, Argentina.","[""Universidad de Buenos Aires, Facultad de Ciencias Médicas, Departamento de Fisiología, Buenos Aires, Argentina.""]","[""Belluscio M"", ""Coletti M"", ""Murer M"", ""Zold C""]","[""36426715""]",4,1
aff_df41ac45a06a6f81,"Departamento de Fisiología, Facultad de Ciencias Médicas, Universidad de Buenos Aires, Buenos Aires, Argentina.","[""Departamento de Fisiología, Facultad de Ciencias Médicas, Universidad de Buenos Aires, Buenos Aires, Argentina.""]","[""Belluscio M"", ""Murer M""]","[""41743514""]",2,1
aff_df5f06122e65ed2c,"Laboratorio de Fisiopatología Placentaria, (CEFYBO)-CONICET, Facultad de Medicina, Universidad de Buenos Aires. Buenos Aires, Argentina.","[""Laboratorio de Fisiopatología Placentaria, (CEFYBO)-CONICET, Facultad de Medicina, Universidad de Buenos Aires. Buenos Aires, Argentina.""]","[""Etcheverry T"", ""Farina M""]","[""31018904""]",2,1
aff_e00bf8b996446a67,"Instituto Tecnológico de Buenos Aires (ITBA), Buenos Aires, Argentina.","[""Instituto Tecnológico de Buenos Aires (ITBA), Buenos Aires, Argentina.""]","[""Iribarne J"", ""Medina J"", ""Riboldi J""]","[""35217797"", ""42086667""]",3,2
aff_e05fe42341da6f15,"Experimental Parkinsonism Lab, Institute of Pharmacology, School of Pharmacy and Biochemistry, University of Buenos Aires, Buenos Aires, Argentina.","[""Experimental Parkinsonism Lab, Institute of Pharmacology, School of Pharmacy and Biochemistry, University of Buenos Aires, Buenos Aires, Argentina.""]","[""Taravini I""]","[""25872916""]",1,1
aff_e09388b2adc97070,"Hospital Nacional Prof Dr Alejandro Posadas, Pte. Illia S/N y Marconi, El Palomar, Buenos Aires, Argentina.","[""Hospital Nacional Prof Dr Alejandro Posadas, Pte. Illia S/N y Marconi, El Palomar, Buenos Aires, Argentina.""]","[""Maskin B""]","[""26568619""]",1,1
aff_e0e786e15efeb90e,"Instituto de Fisiología y Biofísica Bernardo Houssay, Facultad de Medicina, Universidad de Buenos Aires, C1113AAD Buenos Aires, Argentina.","[""Instituto de Fisiología y Biofísica Bernardo Houssay, Facultad de Medicina, Universidad de Buenos Aires, C1113AAD Buenos Aires, Argentina.""]","[""Cutrera R""]","[""26192095""]",1,1
aff_e100a8607f459396,"Instituto Politecnico Nacional Escuela Nacional de Medicina y Homeopatia, Mexico City, Mexico.","[""Instituto Politecnico Nacional Escuela Nacional de Medicina y Homeopatia, Mexico City, Mexico.""]","[""Marchat L""]","[""42601945""]",1,1
aff_e107406efa5a9ea8,"Instituto de Fisiología y Biofísica Bernardo Houssay (IFIBIO Houssay), Universidad de Buenos Aires - Consejo Nacional de Investigaciones Científicas y Tecnológicas (CONICET); Laboratorio de Fisiopatogenia, Departamento de Ciencias Fisiológicas, Facultad de Medicina, Universidad de Buenos Aires.","[""Instituto de Fisiología y Biofísica Bernardo Houssay (IFIBIO Houssay), Universidad de Buenos Aires - Consejo Nacional de Investigaciones Científicas y Tecnológicas (CONICET); Laboratorio de Fisiopatogenia, Departamento de Ciencias Fisiológicas, Facultad de Medicina, Universidad de Buenos Aires.""]","[""Ibarra C""]","[""40587395""]",1,1
aff_e16498f6455db704,"Instituto de Genética (INTA), Buenos Aires, Argentina.","[""Instituto de Genética (INTA), Buenos Aires, Argentina.""]","[""Soto G""]","[""34293244""]",1,1
aff_e18c4f516eb78541,"Grupo de Neurociencia de Sistemas, Instituto de Fisiología y Biofísica ""Bernardo Houssay"" (IFIBIO HOUSSAY), Facultad de Medicina, Universidad de Buenos Aires, Consejo Nacional de Investigaciones Científicas y Técnicas, Paraguay 2155, C1121ABG, Ciudad Autónoma de Buenos Aires, Argentina. Electronic address: mili.trotta@gmail.com.","[""Grupo de Neurociencia de Sistemas, Instituto de Fisiología y Biofísica \""Bernardo Houssay\"" (IFIBIO HOUSSAY), Facultad de Medicina, Universidad de Buenos Aires, Consejo Nacional de Investigaciones Científicas y Técnicas, Paraguay 2155, C1121ABG, Ciudad Autónoma de Buenos Aires, Argentina. Electronic address: mili.trotta@gmail.com.""]","[""Trotta M""]","[""32311511""]",1,1
aff_e202d802f5701e10,"Genomics Academy, CIIDIR-Durango, Instituto Politécnico Nacional, Durango 34220, Mexico.","[""Genomics Academy, CIIDIR-Durango, Instituto Politécnico Nacional, Durango 34220, Mexico.""]","[""Enriquez-Mendiola D"", ""Galaviz-Hernandez C"", ""Sifuentes-Garcia J"", ""Sosa-Macias M""]","[""42123443""]",4,1
aff_e20f984e26c57db0,"Departamento de Ciencias Fisiológicas, Facultad de Medicina, Universidad de Buenos Aires, Buenos Aires, Argentina.","[""Departamento de Ciencias Fisiológicas, Facultad de Medicina, Universidad de Buenos Aires, Buenos Aires, Argentina.""]","[""Berdasco C"", ""Blake M"", ""Bongiovanni V"", ""Celi A"", ""Galo A"", ""Katz M"", ""Pagani M"", ""Pinto A""]","[""36227397"", ""41208638""]",8,2
aff_e25e6ae6512507c0,"Laboratory of Memory Research and Molecular Cognition, Institute for Cell Biology and Neuroscience CONICET and University of Buenos Aires Medical School, Buenos Aires, Argentina.","[""Laboratory of Memory Research and Molecular Cognition, Institute for Cell Biology and Neuroscience CONICET and University of Buenos Aires Medical School, Buenos Aires, Argentina.""]","[""Bekinschtein P"", ""Gallo F"", ""Miranda M""]","[""29085903""]",3,1
aff_e268971d5ebb3e38,"Memory Research Laboratory, Brain Institute, Federal University of Rio Grande do Norte, Natal, Brazil.","[""Memory Research Laboratory, Brain Institute, Federal University of Rio Grande do Norte, Natal, Brazil.""]","[""Radiske A""]","[""31630412""]",1,1
aff_e27247cfffa955e9,"Universidad de Buenos Aires, CONICET, Instituto de Fisiología y Biofísica Bernardo Houssay (IFIBIO Houssay), Laboratorio de Biología de la Reproducción, Buenos Aires, Argentina; Universidad de Buenos Aires, Facultad de Farmacia y Bioquímica, Departamento de Ciencias Biológicas, Cátedra de Biología Celular y Molecular, Buenos Aires, Argentina.","[""Universidad de Buenos Aires, CONICET, Instituto de Fisiología y Biofísica Bernardo Houssay (IFIBIO Houssay), Laboratorio de Biología de la Reproducción, Buenos Aires, Argentina; Universidad de Buenos Aires, Facultad de Farmacia y Bioquímica, Departamento de Ciencias Biológicas, Cátedra de Biología Celular y Molecular, Buenos Aires, Argentina.""]","[""Fernandez N"", ""Sierra M""]","[""39955250""]",2,1
aff_e27b091ce60a2f65,"Laboratory of Experimental Pathology, Department of Microbiology (IMPaM-CONICET), School of Medicine, University of Buenos Aires, National Scientific and Technical Research Council, Buenos Aires, Argentina.","[""Laboratory of Experimental Pathology, Department of Microbiology (IMPaM-CONICET), School of Medicine, University of Buenos Aires, National Scientific and Technical Research Council, Buenos Aires, Argentina.""]","[""Sanjuan N""]","[""31535145""]",1,1
aff_e2bb4fe4ec2a830f,"Department of Psychiatry and Neurochemistry, Institute of Neuroscience and Physiology, The Sahlgrenska Academy at the University of Gothenburg, Gothenburg, Sweden.","[""Department of Psychiatry and Neurochemistry, Institute of Neuroscience and Physiology, The Sahlgrenska Academy at the University of Gothenburg, Gothenburg, Sweden.""]","[""Karikari T""]","[""31630412""]",1,1
aff_e2d98346afc74265,"Laboratorio de Neurobiología Experimental (LNE), CONICET - Facultad de Bromatología, Universidad Nacional de Entre Ríos, Gualeguaychú, Entre Ríos, Argentina. irenetaravini@gmail.com.","[""Laboratorio de Neurobiología Experimental (LNE), CONICET - Facultad de Bromatología, Universidad Nacional de Entre Ríos, Gualeguaychú, Entre Ríos, Argentina. irenetaravini@gmail.com.""]","[""Taravini I""]","[""30746639""]",1,1
aff_e30046423b1e2579,"Department of Kinesiology and Health Science, York University, Toronto, Canada.","[""Department of Kinesiology and Health Science, York University, Toronto, Canada.""]","[""'t Hart B"", ""Henriques D"", ""Modchalingam S""]","[""35225229""]",3,1
aff_e363a0e01dffa1c0,"IFIBIO Houssay, School of Medicine, Department of Physiology, University of Buenos Aires, Buenos Aires, Argentina.","[""IFIBIO Houssay, School of Medicine, Department of Physiology, University of Buenos Aires, Buenos Aires, Argentina.""]","[""Della-Maggiore V"", ""Griffa G"", ""Solano A"", ""Yeffal A""]","[""42313886""]",4,1
aff_e3a9932312863c7d,"School of Science and Technology (ECyT), National University of San Martin, B1650 Villa Lynch, Buenos Aires, Argentina.","[""School of Science and Technology (ECyT), National University of San Martin, B1650 Villa Lynch, Buenos Aires, Argentina.""]","[""Della-Maggiore V""]","[""36587288""]",1,1
aff_e3bfc85e43d4e4f1,"Plataforma de Imagens na Sala de Autopsia (PISA), Instituto de Radiologia, Facultade de Medicina, Universidade de Sao Paulo, Sao Paulo, 05403-000, Brazil.","[""Plataforma de Imagens na Sala de Autopsia (PISA), Instituto de Radiologia, Facultade de Medicina, Universidade de Sao Paulo, Sao Paulo, 05403-000, Brazil.""]","[""Amaro E""]","[""32900965""]",1,1
aff_e4246186eb7ab649,"Laboratorio de Fisiopatogenia, Departamento de Fisiología, IFIBIO-Houssay UBA-CONICET, Facultad de Medicina, Universidad de Buenos Aires, Buenos Aires, Argentina. Electronic address: mmamaral74@gmail.com.","[""Laboratorio de Fisiopatogenia, Departamento de Fisiología, IFIBIO-Houssay UBA-CONICET, Facultad de Medicina, Universidad de Buenos Aires, Buenos Aires, Argentina. Electronic address: mmamaral74@gmail.com.""]","[""Amaral M""]","[""26335361""]",1,1
aff_e47e41ed1dc94575,"Universidad de Buenos Aires-Consejo Nacional de Investigaciones Científicas y Técnicas (CONICET), Instituto de Fisiología y Biofísica Bernardo Houssay (IFIBIO Houssay), Buenos Aires, Argentina.","[""Universidad de Buenos Aires-Consejo Nacional de Investigaciones Científicas y Técnicas (CONICET), Instituto de Fisiología y Biofísica Bernardo Houssay (IFIBIO Houssay), Buenos Aires, Argentina.""]","[""Damiano A""]","[""39055061""]",1,1
aff_e4cfad4c689b1ea7,"Universidad de Buenos Aires, Facultad de Medicina, Buenos Aires, Argentina; CONICET - Universidad de Buenos Aires, Instituto de Fisiología y Biofísica Bernardo Houssay, (IFIBIO), Buenos Aires, Argentina.","[""Universidad de Buenos Aires, Facultad de Medicina, Buenos Aires, Argentina; CONICET - Universidad de Buenos Aires, Instituto de Fisiología y Biofísica Bernardo Houssay, (IFIBIO), Buenos Aires, Argentina.""]","[""Cutrera R""]","[""30658119""]",1,1
aff_e4e005210b76d76f,"Laboratorio de Memoria y Cognición Molecular, Instituto de Neurociencia Cognitiva y Traslacional, Consejo Nacional de Investigaciones Científicas y Técnicas(CONICET)-Fundación INECO-Universidad Favaloro, 1071 Ciudad Autónoma de Buenos Aires, Argentina pbekinschtein@favaloro.edu.ar.","[""Laboratorio de Memoria y Cognición Molecular, Instituto de Neurociencia Cognitiva y Traslacional, Consejo Nacional de Investigaciones Científicas y Técnicas(CONICET)-Fundación INECO-Universidad Favaloro, 1071 Ciudad Autónoma de Buenos Aires, Argentina pbekinschtein@favaloro.edu.ar.""]","[""Bekinschtein P""]","[""35853718""]",1,1
aff_e508bee9fda6ff68,"Department of Anesthesiology and Critical Care Medicine, Children's Hospital of Philadelphia, Philadelphia, Pennsylvania, USA.","[""Department of Anesthesiology and Critical Care Medicine, Children's Hospital of Philadelphia, Philadelphia, Pennsylvania, USA.""]","[""Kiffer F""]","[""31630412""]",1,1
aff_e5300512be189189,"Laboratoire de Neurosciences Cognitives et Adaptatives, UMR 7364, CNRS, Université de Strasbourg, 12 rue Goethe, Strasbourg, France. Electronic address: zwiller@unistra.fr.","[""Laboratoire de Neurosciences Cognitives et Adaptatives, UMR 7364, CNRS, Université de Strasbourg, 12 rue Goethe, Strasbourg, France. Electronic address: zwiller@unistra.fr.""]","[""Zwiller J""]","[""25981209""]",1,1
aff_e57bd25823407c33,"Laboratorio de Biomembranas, Instituto de Fisiología y Biofísica Bernardo Houssay (IFIBIO Houssay), Facultad de Medicina, Universidad de Buenos Aires-CONICET, Buenos Aires, Argentina.","[""Laboratorio de Biomembranas, Instituto de Fisiología y Biofísica Bernardo Houssay (IFIBIO Houssay), Facultad de Medicina, Universidad de Buenos Aires-CONICET, Buenos Aires, Argentina.""]","[""Casal J"", ""Toriano R""]","[""33906140""]",2,1
aff_e5b447dea7e50670,"Universidad de Buenos Aires, Facultad de Ciencias Médicas, Departamento de Ciencias Fisiológicas, Grupo de Neurociencias de Sistemas, Buenos Aires, Argentina; Consejo Nacional de Investigaciones Científicas y Técnicas (CONICET) - Universidad de Buenos Aires. Instituto de Fisiología y Biofísica Bernardo Houssay (IFIBIO Houssay), Buenos Aires, Argentina.","[""Universidad de Buenos Aires, Facultad de Ciencias Médicas, Departamento de Ciencias Fisiológicas, Grupo de Neurociencias de Sistemas, Buenos Aires, Argentina; Consejo Nacional de Investigaciones Científicas y Técnicas (CONICET) - Universidad de Buenos Aires. Instituto de Fisiología y Biofísica Bernardo Houssay (IFIBIO Houssay), Buenos Aires, Argentina.""]","[""Kasanetz F""]","[""41605341""]",1,1
aff_e5d64dc8908f15e1,"Universidad de Buenos Aires, Consejo Nacional de Investigaciones Científicas y Técnicas (CONICET), Instituto de Fisiología y Biofísica ''Houssay"" (IFIBIO), Laboratorio de Neurofisiopatología, Facultad de Medicina, Paraguay 2155 Piso 7, 1121, Ciudad de Buenos Aires, Argentina.","[""Universidad de Buenos Aires, Consejo Nacional de Investigaciones Científicas y Técnicas (CONICET), Instituto de Fisiología y Biofísica ''Houssay\"" (IFIBIO), Laboratorio de Neurofisiopatología, Facultad de Medicina, Paraguay 2155 Piso 7, 1121, Ciudad de Buenos Aires, Argentina.""]","[""Arenas-Mosquera D"", ""Berdasco C"", ""Goldstein J"", ""Pinto A""]","[""35835234"", ""39553573""]",4,2
aff_e5f9c92d47206008,"CONICET - Universidad de Buenos Aires, Instituto de Fisiología y Biofísica Bernardo Houssay (IFIBIO Houssay), Buenos Aires, Argentina.","[""CONICET - Universidad de Buenos Aires, Instituto de Fisiología y Biofísica Bernardo Houssay (IFIBIO Houssay), Buenos Aires, Argentina.""]","[""Beltramone N"", ""Capurro C"", ""Casal J"", ""Celi A"", ""Di Giusto G"", ""Ford P"", ""Grippo A"", ""Igaz L"", ""Mechali A"", ""Netti V"", ""Nieva G"", ""Vassallu F""]","[""41824201"", ""42404802""]",12,2
aff_e615238faba0e4af,"Universidad de Buenos Aires. Facultad de Medicina, Departamento de Fisiología, Buenos Aires, Argentina, and CONICET-Universidad de Buenos Aires, Instituto de Fisiología y Biofísica ""Bernardo Houssay"" (IFIBIO-Houssay), Grupo de Neurociencia de Sistemas, Buenos Aires 1121, Argentina jbelforte@fmed.uba.ar.","[""Universidad de Buenos Aires. Facultad de Medicina, Departamento de Fisiología, Buenos Aires, Argentina, and CONICET-Universidad de Buenos Aires, Instituto de Fisiología y Biofísica \""Bernardo Houssay\"" (IFIBIO-Houssay), Grupo de Neurociencia de Sistemas, Buenos Aires 1121, Argentina jbelforte@fmed.uba.ar.""]","[""Belforte J""]","[""28193688""]",1,1
aff_e6b686ac84c96869,"University of Buenos Aires, CONICET, Institute of Physiology and Biophysics (IFIBIO) Bernardo Houssay, Buenos Aires C1121ABG, Argentina.","[""University of Buenos Aires, CONICET, Institute of Physiology and Biophysics (IFIBIO) Bernardo Houssay, Buenos Aires C1121ABG, Argentina.""]","[""Deleglise A"", ""Della-Maggiore V"", ""Jacobacci F"", ""Yeffal A""]","[""36587288""]",4,1
aff_e6f8767623d2ee8e,"Cátedra de Biología Celular y Molecular, Departamento de Ciencias Biológicas, Facultad de Farmacia y Bioquímica, Universidad de Buenos Aires, Buenos Aires, Argentina; Laboratorio de Biología de la Reproducción, Instituto de Fisiología y Biofísica Bernardo Houssay (IFIBIO)- CONICET- Facultad de Medicina, Universidad de Buenos Aires, Buenos Aires, Argentina.","[""Cátedra de Biología Celular y Molecular, Departamento de Ciencias Biológicas, Facultad de Farmacia y Bioquímica, Universidad de Buenos Aires, Buenos Aires, Argentina; Laboratorio de Biología de la Reproducción, Instituto de Fisiología y Biofísica Bernardo Houssay (IFIBIO)- CONICET- Facultad de Medicina, Universidad de Buenos Aires, Buenos Aires, Argentina.""]","[""Di Paola M""]","[""34971959""]",1,1
aff_e71d232eee924292,"Department of Neuroscience, The Johns Hopkins University, Baltimore, Maryland 21205, shuler@jhmi.edu.","[""Department of Neuroscience, The Johns Hopkins University, Baltimore, Maryland 21205, shuler@jhmi.edu.""]","[""Hussain Shuler M""]","[""28947572""]",1,1
aff_e78fb6178353a2a4,"Facultad de Agronomía, Universidad de Buenos Aires-CONICET, Buenos Aires 1427, Argentina.","[""Facultad de Agronomía, Universidad de Buenos Aires-CONICET, Buenos Aires 1427, Argentina.""]","[""Cantet R""]","[""28888654""]",1,1
aff_e7debd25d4130bd2,"Laboratorio de Memoria y Cognición Molecular, Instituto de Neurociencia Cognitiva y Traslacional, CONICET-Fundación INECO-Universidad Favaloro, Ciudad Autónoma de Buenos Aires, Buenos Aires, Argentina.","[""Laboratorio de Memoria y Cognición Molecular, Instituto de Neurociencia Cognitiva y Traslacional, CONICET-Fundación INECO-Universidad Favaloro, Ciudad Autónoma de Buenos Aires, Buenos Aires, Argentina.""]","[""Bekinschtein P"", ""Miranda M"", ""Morici J""]","[""38950066""]",3,1
aff_e81b046ac1ffcf76,"Postgraduation Program in Pharmacology, CCB, Federal University of Santa Catarina, Florianópolis, Brazil.","[""Postgraduation Program in Pharmacology, CCB, Federal University of Santa Catarina, Florianópolis, Brazil.""]","[""Lino-de-Oliveira C"", ""Ramos-Hryb A""]","[""32319840""]",2,1
aff_e83720a647217453,"Research Centre for Infectious Diseases, Department of Molecular and Cellular Biology, University of Adelaide, Adelaide 5005, Australia. james.paton@adelaide.edu.au.","[""Research Centre for Infectious Diseases, Department of Molecular and Cellular Biology, University of Adelaide, Adelaide 5005, Australia. james.paton@adelaide.edu.au.""]","[""Paton J""]","[""28718802""]",1,1
aff_e84ecb011fd83614,"Instituto de Neurociencias UMH-CSIC, San Juan de Alicante, Alicante 03550, Spain.","[""Instituto de Neurociencias UMH-CSIC, San Juan de Alicante, Alicante 03550, Spain.""]","[""Reig R""]","[""37683958""]",1,1
aff_e8602aefcfb8d864,"Universidad de Buenos Aires, Consejo Nacional de lnvestigaciones Científicas y Técnicas, Instituto de Química y Fisicoquímica Biológicas (IQUIFIB), Departamento de Química Biológica, Facultad de Farmacia y Bioquímica, Buenos Aires, Argentina.","[""Universidad de Buenos Aires, Consejo Nacional de lnvestigaciones Científicas y Técnicas, Instituto de Química y Fisicoquímica Biológicas (IQUIFIB), Departamento de Química Biológica, Facultad de Farmacia y Bioquímica, Buenos Aires, Argentina.""]","[""Cicconi N"", ""Freund T"", ""Gonzalez L"", ""Mccallum G"", ""Micucci G"", ""Muia N"", ""Piazza V"", ""Sotelo A"", ""Valquinta S""]","[""32259636""]",9,1
aff_e8712180426908e2,"Departamento de Fisiología y Biofísica, Facultad de Medicina, Instituto de Fisiología y Biofísica (IFIBIO) Houssay, Consejo Nacional de Investigaciones Científicas y Técnicas (CONICET), Universidad de Buenos Aires, Buenos Aires C1121ABG, Argentina.","[""Departamento de Fisiología y Biofísica, Facultad de Medicina, Instituto de Fisiología y Biofísica (IFIBIO) Houssay, Consejo Nacional de Investigaciones Científicas y Técnicas (CONICET), Universidad de Buenos Aires, Buenos Aires C1121ABG, Argentina.""]","[""Caffaro P"", ""Della-Maggiore V"", ""Jacobacci F"", ""Lerner G"", ""Villalta J""]","[""32133494""]",5,1
aff_e87701eb3ad8dbbb,"Laboratorio de Fisiopatogenia, Departamento de Fisiología, Instituto de Fisiología y Biofísica Bernardo Houssay (IFIBIO Houssay-CONICET), Facultad de Medicina, Universidad de Buenos Aires, Buenos Aires 1121, Argentina. flasacerdoti@gmail.com.","[""Laboratorio de Fisiopatogenia, Departamento de Fisiología, Instituto de Fisiología y Biofísica Bernardo Houssay (IFIBIO Houssay-CONICET), Facultad de Medicina, Universidad de Buenos Aires, Buenos Aires 1121, Argentina. flasacerdoti@gmail.com.""]","[""Sacerdoti F""]","[""28718802""]",1,1
aff_e8bfa457bdcb8942,"Universidad de Buenos Aires, Instituto de Investigaciones Médicas A. Lanari, Laboratorio de Nefrología Experimental y Bioquímica Molecular, Combatientes de Malvinas 3150, Buenos Aires, 1427, Argentina; Universidad de Buenos Aires, Consejo Nacional de Investigaciones Científicas y Técnicas (CONICET), Instituto de Investigaciones Médicas A. Lanari, Combatientes de Malvinas 3150, Buenos Aires, 1427, Argentina; Universidad de Buenos Aires, Consejo Nacional de Investigaciones Científicas y Técnicas (CONICET), Facultad de Ciencias Médicas, Departamento de Ciencias Fisiológicas. Instituto de Fisiología y Biofísica B. Houssay (IFIBIO-Houssay), Laboratorio de Fisiología Renal, Paraguay 2155, piso 4, Buenos Aires, 1121, Argentina. Electronic address: fibarra@fmed.uba.ar.","[""Universidad de Buenos Aires, Instituto de Investigaciones Médicas A. Lanari, Laboratorio de Nefrología Experimental y Bioquímica Molecular, Combatientes de Malvinas 3150, Buenos Aires, 1427, Argentina; Universidad de Buenos Aires, Consejo Nacional de Investigaciones Científicas y Técnicas (CONICET), Instituto de Investigaciones Médicas A. Lanari, Combatientes de Malvinas 3150, Buenos Aires, 1427, Argentina; Universidad de Buenos Aires, Consejo Nacional de Investigaciones Científicas y Técnicas (CONICET), Facultad de Ciencias Médicas, Departamento de Ciencias Fisiológicas. Instituto de Fisiología y Biofísica B. Houssay (IFIBIO-Houssay), Laboratorio de Fisiología Renal, Paraguay 2155, piso 4, Buenos Aires, 1121, Argentina. Electronic address: fibarra@fmed.uba.ar.""]","[""Ibarra F""]","[""38788356""]",1,1
aff_e8f368907b06c48c,"Laboratorio de Biología de la Reproducción, Instituto de Fisiología y Biofísica Bernardo Houssay (IFIBIO)- CONICET- Facultad de Medicina, Universidad de Buenos Aires, Buenos Aires, Argentina; Cátedra de Biología Celular y Molecular, Departamento de Ciencias Biológicas, Facultad de Farmacia y Bioquímica, Universidad de Buenos Aires, Buenos Aires, Argentina. Electronic address: adamiano@ffyb.uba.ar.","[""Laboratorio de Biología de la Reproducción, Instituto de Fisiología y Biofísica Bernardo Houssay (IFIBIO)- CONICET- Facultad de Medicina, Universidad de Buenos Aires, Buenos Aires, Argentina; Cátedra de Biología Celular y Molecular, Departamento de Ciencias Biológicas, Facultad de Farmacia y Bioquímica, Universidad de Buenos Aires, Buenos Aires, Argentina. Electronic address: adamiano@ffyb.uba.ar.""]","[""Alicia E D""]","[""29567477""]",1,1
aff_e90bf6ee21d23ac6,"Cajal Neuroscience Center, Consejo Superior de Investigaciones Científicas (CSIC), Alcalá de Henares, Madrid, Spain; Laboratorio de Circuitos Neuronales, Centro de Tecnología Biomédica, Universidad Politécnica de Madrid, Spain.","[""Cajal Neuroscience Center, Consejo Superior de Investigaciones Científicas (CSIC), Alcalá de Henares, Madrid, Spain; Laboratorio de Circuitos Neuronales, Centro de Tecnología Biomédica, Universidad Politécnica de Madrid, Spain.""]","[""Merino-Serrais P""]","[""42570776""]",1,1
aff_e90e74557a03a368,"Servicio de Cardiología, Hospital A. Posadas, Provincia de Buenos Aires, Argentina.","[""Servicio de Cardiología, Hospital A. Posadas, Provincia de Buenos Aires, Argentina.""]","[""Ciotti A""]","[""36464947""]",1,1
aff_e914c85632115e81,"Departamento de Endocrinología, Hospital de Pediatría S.A.M.I.C. Prof. Dr. Juan P. Garrahan, Buenos Aires, Argentina.","[""Departamento de Endocrinología, Hospital de Pediatría S.A.M.I.C. Prof. Dr. Juan P. Garrahan, Buenos Aires, Argentina.""]","[""Dujovne N""]","[""42611393""]",1,1
aff_e93a63dcf25df282,"Universidad de Buenos Aires, Facultad de Ciencias Médicas, Departamento de Ciencias Fisiológicas, Laboratorio de Biomembranas, Buenos Aires, Argentina; Consejo Nacional de Investigaciones Científicas y Técnicas (CONICET), Instituto de Fisiología y Biofísica Bernardo Houssay (IFIBIO Houssay), Buenos Aires, Argentina.","[""Universidad de Buenos Aires, Facultad de Ciencias Médicas, Departamento de Ciencias Fisiológicas, Laboratorio de Biomembranas, Buenos Aires, Argentina; Consejo Nacional de Investigaciones Científicas y Técnicas (CONICET), Instituto de Fisiología y Biofísica Bernardo Houssay (IFIBIO Houssay), Buenos Aires, Argentina.""]","[""Capurro C"", ""Cocca M"", ""Cutrera N"", ""Di Giusto G"", ""Ford P""]","[""41933672""]",5,1
aff_e93d2dd2b4d7a5f8,"Instituto de Fisiología y Biofísica Bernardo Houssay, National Council for Scientific and Technical Research (CONICET), Buenos Aires, Argentina.","[""Instituto de Fisiología y Biofísica Bernardo Houssay, National Council for Scientific and Technical Research (CONICET), Buenos Aires, Argentina.""]","[""Belluscio M""]","[""33240056""]",1,1
aff_e9afc57afa059091,"CERVO Brain Research Center, Department of Psychiatry and Neurosciences, Université Laval, Quebec City, Quebec, Canada.","[""CERVO Brain Research Center, Department of Psychiatry and Neurosciences, Université Laval, Quebec City, Quebec, Canada.""]","[""Proulx C""]","[""35217797""]",1,1
aff_e9bc89904d44eca1,"IFIBIO Houssay, Department of Physiology and Biophysics, School of Medicine, University of Buenos Aires Buenos Aires, Argentina.","[""IFIBIO Houssay, Department of Physiology and Biophysics, School of Medicine, University of Buenos Aires Buenos Aires, Argentina.""]","[""Della-Maggiore V""]","[""27625602""]",1,1
aff_e9dda97779efab4f,"Laboratorio de Patogénesis y de Procesos Infecciosos, Instituto de Medicina Experimental, (IMEX-CONICET), Academia Nacional de Medicina, Argentina. E-mail: marinaspalermo@hotmail.com.","[""Laboratorio de Patogénesis y de Procesos Infecciosos, Instituto de Medicina Experimental, (IMEX-CONICET), Academia Nacional de Medicina, Argentina. E-mail: marinaspalermo@hotmail.com.""]","[""Palermo M""]","[""28643674""]",1,1
aff_ea2467606c123986,"IFIBIO Houssay, Department of Physiology, School of Medicine, University of Buenos Aires, C1121ABG, Argentina.","[""IFIBIO Houssay, Department of Physiology, School of Medicine, University of Buenos Aires, C1121ABG, Argentina.""]","[""Della-Maggiore V"", ""Riquelme L"", ""Solano A""]","[""34649283""]",3,1
aff_ea25522efdbee1e6,"Instituto Cajal, Consejo Superior de Investigaciones Científicas, CSIC, Madrid 28002, Spain; CIBERNED, Instituto de Salud Carlos III, Madrid, Spain. Electronic address: moratalla@cajal.csic.es.","[""Instituto Cajal, Consejo Superior de Investigaciones Científicas, CSIC, Madrid 28002, Spain; CIBERNED, Instituto de Salud Carlos III, Madrid, Spain. Electronic address: moratalla@cajal.csic.es.""]","[""Moratalla R""]","[""37683958""]",1,1
aff_ea371a1149398891,"Instituto Tecnológico de Buenos Aires, CONICET, Buenos Aires, Argentina.","[""Instituto Tecnológico de Buenos Aires, CONICET, Buenos Aires, Argentina.""]","[""Garcia-Violini D"", ""Sanchez-Pena R""]","[""31998083""]",2,1
aff_ea38277a345f79cb,"Instituto de Fisiología y Biofísica (IFIBIO) Houssay, Consejo Nacional de Investigaciones Científicas y Técnicas (CONICET), Departamento de Fisiología y Biofísica, Universidad de Buenos Aires, Buenos Aires, 1121, Argentina.","[""Instituto de Fisiología y Biofísica (IFIBIO) Houssay, Consejo Nacional de Investigaciones Científicas y Técnicas (CONICET), Departamento de Fisiología y Biofísica, Universidad de Buenos Aires, Buenos Aires, 1121, Argentina.""]","[""Jacobacci F"", ""Lerner G"", ""Yeffal A""]","[""32900965""]",3,1
aff_ea4d4de5fbb3ba02,"Cátedra de Fisiopatología, Departamento de Ciencias Biológicas, Facultad de Farmacia y Bioquímica, Universidad de Buenos Aires, Buenos Aires, Argentina.","[""Cátedra de Fisiopatología, Departamento de Ciencias Biológicas, Facultad de Farmacia y Bioquímica, Universidad de Buenos Aires, Buenos Aires, Argentina.""]","[""Seyahian E"", ""Zotta E""]","[""31956716""]",2,1
aff_ea57fbba16f33c76,"Universidad de Buenos Aires, Departamento de Ciencias Fisiológicas, Instituto de Fisiología y Biofísica Bernardo Houssay (IFIBIO Houssay)-CONICET, Facultad de Medicina, Buenos Aires, Argentina.","[""Universidad de Buenos Aires, Departamento de Ciencias Fisiológicas, Instituto de Fisiología y Biofísica Bernardo Houssay (IFIBIO Houssay)-CONICET, Facultad de Medicina, Buenos Aires, Argentina.""]","[""Ibarra F"", ""Silberstein C""]","[""34320266""]",2,1
aff_eaa59edc77a01795,"Departamento de Ciencias Fisiológicas, Facultad de Medicina, Universidad de Buenos Aires, Buenos Aires, 1121, Argentina.","[""Departamento de Ciencias Fisiológicas, Facultad de Medicina, Universidad de Buenos Aires, Buenos Aires, 1121, Argentina.""]","[""Araoz A""]","[""27521227""]",1,1
aff_eaad9813b8a354b3,"Facultad de Ciencias Médicas, Departamento de Ciencias Fisiológicas, Laboratorio de Biomembranas, Universidad de Buenos Aires, Buenos Aires, Argentina. vnetti@conicet.gov.ar.","[""Facultad de Ciencias Médicas, Departamento de Ciencias Fisiológicas, Laboratorio de Biomembranas, Universidad de Buenos Aires, Buenos Aires, Argentina. vnetti@conicet.gov.ar.""]","[""Netti V""]","[""39485629""]",1,1
aff_eab109220248ecf3,"Laboratorio de Neurofarmacología, Universitat Pompeu Fabra, Barcelona, Spain.","[""Laboratorio de Neurofarmacología, Universitat Pompeu Fabra, Barcelona, Spain.""]","[""Maldonado R""]","[""31833146""]",1,1
aff_eac148e69962caa0,"Universidad de Buenos Aires, CONICET, Instituto de Fisiología y Biofísica (IFIBIO) Bernardo Houssay, Grupo de Neurociencia de Sistemas, 2155 Paraguay Street, Buenos Aires 1121, Argentina.","[""Universidad de Buenos Aires, CONICET, Instituto de Fisiología y Biofísica (IFIBIO) Bernardo Houssay, Grupo de Neurociencia de Sistemas, 2155 Paraguay Street, Buenos Aires 1121, Argentina.""]","[""Paz R""]","[""34048797""]",1,1
aff_eadad6dc2729ba0a,"Departamento de Química Inorgánica, Analítica y Química Física, INQUIMAE, Facultad de Ciencias Exactas y Naturales, Universidad de Buenos Aires, CONICET, Ciudad Universitaria Pabellón 2, AR1428EHA Buenos Aires, Argentina.","[""Departamento de Química Inorgánica, Analítica y Química Física, INQUIMAE, Facultad de Ciencias Exactas y Naturales, Universidad de Buenos Aires, CONICET, Ciudad Universitaria Pabellón 2, AR1428EHA Buenos Aires, Argentina.""]","[""Etchenique R""]","[""29758221""]",1,1
aff_eb2f0cf983bd67cb,"Clínica Pediátrica, Sanatorio la Trinidad, Quilmes, Provincia de Buenos Aires, Argentina.","[""Clínica Pediátrica, Sanatorio la Trinidad, Quilmes, Provincia de Buenos Aires, Argentina.""]","[""Vaccarello M""]","[""36464947""]",1,1
aff_eb66b7d79751c0d5,"Departamento de Fisiología y Biología Molecular y Celular, Facultad de Ciencias Exactas y Naturales, Universidad de Buenos Aires; Intendente Güiraldes 2160, Ciudad Universitaria, Buenos Aires, Argentina.","[""Departamento de Fisiología y Biología Molecular y Celular, Facultad de Ciencias Exactas y Naturales, Universidad de Buenos Aires; Intendente Güiraldes 2160, Ciudad Universitaria, Buenos Aires, Argentina.""]","[""Boccaccio G"", ""Melani M""]","[""40595449""]",2,1
aff_ebccbd2cf582b74c,"Institute of Health Sciences, Federal University of Mato Grosso, Sinop, Brazil.","[""Institute of Health Sciences, Federal University of Mato Grosso, Sinop, Brazil.""]","[""Bomfim G""]","[""34267676""]",1,1
aff_ec1c88cdb09fc0ec,"Universidad de Buenos Aires, Consejo Nacional de Investigaciones Científicas y Técnicas, Centro de Estudios Farmacológicos y Botánicos (UBA-CONICET-CEFYBO), Facultad de Medicina, Buenos Aires, Argentina. Electronic address: tomasetch@gmail.com.","[""Universidad de Buenos Aires, Consejo Nacional de Investigaciones Científicas y Técnicas, Centro de Estudios Farmacológicos y Botánicos (UBA-CONICET-CEFYBO), Facultad de Medicina, Buenos Aires, Argentina. Electronic address: tomasetch@gmail.com.""]","[""Etcheverry T""]","[""33126049""]",1,1
aff_ec7689683f616975,"Consejo Nacional de Investigaciones Científicas y Técnicas, Instituto de Química y Fisicoquímica Biológicas (IQUIFIB), Facultad de Farmacia y Bioquímica, Universidad de Buenos Aires, Junín 956, Buenos Aires, C1113AAD, Argentina.","[""Consejo Nacional de Investigaciones Científicas y Técnicas, Instituto de Química y Fisicoquímica Biológicas (IQUIFIB), Facultad de Farmacia y Bioquímica, Universidad de Buenos Aires, Junín 956, Buenos Aires, C1113AAD, Argentina.""]","[""Chiarante N"", ""Duhalde Vega M"", ""Garcia Vior M"", ""Marino J"", ""Roguin L"", ""Valli F""]","[""32525252""]",6,1
aff_ec82c621f7aded17,"Instituto de Biomedicina de Sevilla, IBiS/Hospital Universitario Virgen del Rocío/CSIC/Universidad de Sevilla, Av. Manuel Siurot s/n, 41013, Seville, Spain.","[""Instituto de Biomedicina de Sevilla, IBiS/Hospital Universitario Virgen del Rocío/CSIC/Universidad de Sevilla, Av. Manuel Siurot s/n, 41013, Seville, Spain.""]","[""Calle-Castillejo C"", ""Gonzalez-Vinceiro L"", ""Hiraldo-Gonzalez L"", ""Mayo F"", ""Ramirez-Lorca R"", ""Rodriguez-Gomez F""]","[""38956598""]",6,1
aff_ec9263af2a63066f,"Departamento de Microbiología, Parasitología e Inmunología, Facultad de Medicina, Universidad de Buenos Aires, Buenos Aires 1121, Argentina.","[""Departamento de Microbiología, Parasitología e Inmunología, Facultad de Medicina, Universidad de Buenos Aires, Buenos Aires 1121, Argentina.""]","[""Jancic C""]","[""31703347""]",1,1
aff_eccbdadbeef75264,"Laboratorio de Fisiopatogenia, Facultad de Medicina, Departamento de Ciencias Fisiológicas, IFIBIO-Houssay CONICET-UBA, Universidad de Buenos Aires, Buenos Aires, Argentina.","[""Laboratorio de Fisiopatogenia, Facultad de Medicina, Departamento de Ciencias Fisiológicas, IFIBIO-Houssay CONICET-UBA, Universidad de Buenos Aires, Buenos Aires, Argentina.""]","[""Amaral M"", ""Ibarra C""]","[""34155339""]",2,1
aff_ed49356c1fc536f9,"Laboratorio de Neurofisiología de la Memoria, Instituto de Biología Celular y Neurociencia, Facultad de Medicina (UBA/CONICET) - Instituto Tecnológico de Buenos Aires (ITBA), Buenos Aires, Argentina.","[""Laboratorio de Neurofisiología de la Memoria, Instituto de Biología Celular y Neurociencia, Facultad de Medicina (UBA/CONICET) - Instituto Tecnológico de Buenos Aires (ITBA), Buenos Aires, Argentina.""]","[""Moncada D""]","[""42086667""]",1,1
aff_ed7ee324581c5061,"Interdisciplinary Centre for Health Studies (CIESAL), Universidad de Valparaíso, Viña del Mar, Chile.","[""Interdisciplinary Centre for Health Studies (CIESAL), Universidad de Valparaíso, Viña del Mar, Chile.""]","[""Stojanova J""]","[""37466779""]",1,1
aff_edaa30310d31176f,"Laboratorio de Fisiopatogenia, Departamento de Fisiología, Instituto de Fisiología y Biofísica ""Bernardo Houssay"", Facultad de Medicina-Consejo Nacional de Investigaciones Científicas y Técnicas, Universidad de Buenos Aires, 1121 Buenos Aires, Argentina. roalvarez_4@yahoo.com.ar.","[""Laboratorio de Fisiopatogenia, Departamento de Fisiología, Instituto de Fisiología y Biofísica \""Bernardo Houssay\"", Facultad de Medicina-Consejo Nacional de Investigaciones Científicas y Técnicas, Universidad de Buenos Aires, 1121 Buenos Aires, Argentina. roalvarez_4@yahoo.com.ar.""]","[""Alvarez R""]","[""29068360""]",1,1
aff_edb02fd4a69e9e96,"Laboratorio de Fisiopatogenia, Departamento de Fisiología, Instituto de Fisiología y Biofísica Bernardo Houssay (IFIBIO Houssay-CONICET), Facultad de Medicina, Universidad de Buenos Aires, Buenos Aires, Argentina, 1121. Electronic address: fsacerdoti@fmed.uba.ar.","[""Laboratorio de Fisiopatogenia, Departamento de Fisiología, Instituto de Fisiología y Biofísica Bernardo Houssay (IFIBIO Houssay-CONICET), Facultad de Medicina, Universidad de Buenos Aires, Buenos Aires, Argentina, 1121. Electronic address: fsacerdoti@fmed.uba.ar.""]","[""Sacerdoti F""]","[""33685676""]",1,1
aff_edb0c189f5bdac98,"Faculty of Medicine and Biomedical Sciences, University of Queensland Centre for Clinical Research (UQCCR), University of Queensland, Herston, QLD, Australia.","[""Faculty of Medicine and Biomedical Sciences, University of Queensland Centre for Clinical Research (UQCCR), University of Queensland, Herston, QLD, Australia.""]","[""Sobrevia L""]","[""38827994""]",1,1
aff_edc29b1ccca97321,"Escuela de Ciencia y Tecnología (ECyT), Universidad Nacional de San Martin, San Martin, Buenos Aires, CP 1650, Argentina.","[""Escuela de Ciencia y Tecnología (ECyT), Universidad Nacional de San Martin, San Martin, Buenos Aires, CP 1650, Argentina.""]","[""Della-Maggiore V""]","[""39074983""]",1,1
aff_edfe414206641179,"Vascular Physiology Laboratory, Group of Research and Innovation in Vascular Health (GRIVAS Health), Basic Sciences Department Faculty of Sciences, Universidad Del Bio-Bio , Chillan, Chile.","[""Vascular Physiology Laboratory, Group of Research and Innovation in Vascular Health (GRIVAS Health), Basic Sciences Department Faculty of Sciences, Universidad Del Bio-Bio , Chillan, Chile.""]","[""Escudero C""]","[""32482148""]",1,1
aff_ee004d8f39a6362f,"Instituto de Fisiología y Biofísica B. Houssay (IFIBIO), Consejo Nacional de Investigaciones Científicas y Técnicas, Departamento de Fisiología y Biofísica, Universidad de Buenos Aires, Buenos Aires, Argentina.","[""Instituto de Fisiología y Biofísica B. Houssay (IFIBIO), Consejo Nacional de Investigaciones Científicas y Técnicas, Departamento de Fisiología y Biofísica, Universidad de Buenos Aires, Buenos Aires, Argentina.""]","[""Deleglise A""]","[""33692740""]",1,1
aff_ee6a6208e8bd2e18,"CONICET - Universidad de Buenos Aires. Instituto de Fisiología y Biofísica Bernardo Houssay (IFIBIO Houssay), Buenos Aires, Argentina.","[""CONICET - Universidad de Buenos Aires. Instituto de Fisiología y Biofísica Bernardo Houssay (IFIBIO Houssay), Buenos Aires, Argentina.""]","[""Igaz L""]","[""42086667""]",1,1
aff_ee78c5dc732716af,"Departamento de Química Biológica, Facultad de Farmacia y Bioquímica, Instituto de Química y Fisico-Química Biológicas (IQUIFIB) ""Prof. Alejandro C. Paladini,"" Consejo Nacional de Investigaciones Científicas y Técnicas, Cátedra de Química Biológica Superior, Universidad de Buenos Aires, Buenos Aires, Argentina.","[""Departamento de Química Biológica, Facultad de Farmacia y Bioquímica, Instituto de Química y Fisico-Química Biológicas (IQUIFIB) \""Prof. Alejandro C. Paladini,\"" Consejo Nacional de Investigaciones Científicas y Técnicas, Cátedra de Química Biológica Superior, Universidad de Buenos Aires, Buenos Aires, Argentina.""]","[""Alvarez C"", ""Bazzi Z"", ""Schwarzbaum P""]","[""33094506""]",3,1
aff_ee7a0be276b4860e,"Centro de Neurobiología y Fisiopatología Integrativa (CENFI), Instituto de Fisiología, Universidad de Valparaíso, Valparaíso 2340000, Chile; Millennium Nucleus of Neuroepigenetics and Plasticity (EpiNeuro), Santiago, Chile. Electronic address: marco.fuenzalida@uv.cl.","[""Centro de Neurobiología y Fisiopatología Integrativa (CENFI), Instituto de Fisiología, Universidad de Valparaíso, Valparaíso 2340000, Chile; Millennium Nucleus of Neuroepigenetics and Plasticity (EpiNeuro), Santiago, Chile. Electronic address: marco.fuenzalida@uv.cl.""]","[""Fuenzalida M""]","[""39855537""]",1,1
aff_eea4425e6779333f,"Servicio de Cardiología, Hospital El Cruce Néstor Carlos Kirchner, Provincia de Buenos Aires, Argentina.","[""Servicio de Cardiología, Hospital El Cruce Néstor Carlos Kirchner, Provincia de Buenos Aires, Argentina.""]","[""Manso P""]","[""36464947""]",1,1
aff_ef083e0b6fab3f77,"Grupo de Neurociencia de Sistemas, Departamento de Ciencias Fisiológicas, Facultad de Ciencias Médicas, Universidad de Buenos Aires, 2155 Paraguay st, 7 floor, Ciudad Autónoma de Buenos Aires 1121, Argentina; Instituto de Fisiología y Biofísica Bernardo Houssay (IFIBIO-Houssay), UBA-CONICET. 2155 Paraguay st, 7 Floor, Ciudad Autónoma de Buenos Aires 1121, Argentina. Electronic address: jbelforte@fmed.uba.ar.","[""Grupo de Neurociencia de Sistemas, Departamento de Ciencias Fisiológicas, Facultad de Ciencias Médicas, Universidad de Buenos Aires, 2155 Paraguay st, 7 floor, Ciudad Autónoma de Buenos Aires 1121, Argentina; Instituto de Fisiología y Biofísica Bernardo Houssay (IFIBIO-Houssay), UBA-CONICET. 2155 Paraguay st, 7 Floor, Ciudad Autónoma de Buenos Aires 1121, Argentina. Electronic address: jbelforte@fmed.uba.ar.""]","[""Belforte J""]","[""42097396""]",1,1
aff_ef1bd2311aeeb254,"Facultad de Medicina, Departamento de Ciencias Fisiológicas, Laboratorio de Biomembranas, Universidad de Buenos Aires- CONICET, Instituto de Fisiología y Biofísica ''Bernardo Houssay'' (IFIBIO-HOUSSAY), Buenos Aires, Argentina.","[""Facultad de Medicina, Departamento de Ciencias Fisiológicas, Laboratorio de Biomembranas, Universidad de Buenos Aires- CONICET, Instituto de Fisiología y Biofísica ''Bernardo Houssay'' (IFIBIO-HOUSSAY), Buenos Aires, Argentina.""]","[""Netti V""]","[""38956598""]",1,1
aff_ef43751fd207a594,"Programa de Doctorado en Ciencias, Mención Neurociencia, Universidad de Valparaíso, Valparaíso 2340000, Chile; Instituto de Neurociencias y Centro Interdisciplinario de Neurociencia de Valparaíso, Facultad de Ciencias, Universidad de Valparaíso, Valparaíso 2340000, Chile.","[""Programa de Doctorado en Ciencias, Mención Neurociencia, Universidad de Valparaíso, Valparaíso 2340000, Chile; Instituto de Neurociencias y Centro Interdisciplinario de Neurociencia de Valparaíso, Facultad de Ciencias, Universidad de Valparaíso, Valparaíso 2340000, Chile.""]","[""Estay S""]","[""39855537""]",1,1
aff_ef4b740f111118b1,"Universidad de Buenos Aires, Facultad de Medicina, Departamento de Ciencias Fisiológicas, Argentina; Universidad de Buenos Aires and CONICET, Instituto de Fisiología y Biofísica Bernardo Houssay (IFIBIO Houssay), 2155 Paraguay St, Buenos Aires 1121, Argentina. Electronic address: gmurer@fmed.uba.ar.","[""Universidad de Buenos Aires, Facultad de Medicina, Departamento de Ciencias Fisiológicas, Argentina; Universidad de Buenos Aires and CONICET, Instituto de Fisiología y Biofísica Bernardo Houssay (IFIBIO Houssay), 2155 Paraguay St, Buenos Aires 1121, Argentina. Electronic address: gmurer@fmed.uba.ar.""]","[""Murer M""]","[""37683958""]",1,1
aff_ef8e2ea5ad727311,"Laboratorio de Fisiología de Circuitos Neuronales, Departamento de Fisiología, Facultad de Medicina, Instituto de Fisiología y Biofísica ""Bernardo Houssay"", Universidad de Buenos Aires - CONICET, Paraguay 2155 - 7th floor, Ciudad Autónoma de Buenos Aires, C1121ABG Buenos Aires, Argentina. Electronic address: ceciliamartinez256@gmail.com.","[""Laboratorio de Fisiología de Circuitos Neuronales, Departamento de Fisiología, Facultad de Medicina, Instituto de Fisiología y Biofísica \""Bernardo Houssay\"", Universidad de Buenos Aires - CONICET, Paraguay 2155 - 7th floor, Ciudad Autónoma de Buenos Aires, C1121ABG Buenos Aires, Argentina. Electronic address: ceciliamartinez256@gmail.com.""]","[""Martinez M""]","[""27130259""]",1,1
aff_efb0f5bfb027f5fc,"Sorbonne Université, Institut Jean Le Rond d'Alembert, CNRS, Paris, France.","[""Sorbonne Université, Institut Jean Le Rond d'Alembert, CNRS, Paris, France.""]","[""Ventre J""]","[""31521941""]",1,1
aff_efd3a4cbff7bff74,"Laboratory Service, Hospital Britanico de Buenos Aires, Perdriel 74, 1280 Buenos Aires, Argentina.","[""Laboratory Service, Hospital Britanico de Buenos Aires, Perdriel 74, 1280 Buenos Aires, Argentina.""]","[""Canzonieri R"", ""Muryan A"", ""Schiel A""]","[""26942026""]",3,1
aff_f02ac9398e504504,"Universidad de Buenos Aires, Facultad de Ciencias Médicas, Departamento de Ciencias Fisiológicas. Buenos Aires, Argentina.","[""Universidad de Buenos Aires, Facultad de Ciencias Médicas, Departamento de Ciencias Fisiológicas. Buenos Aires, Argentina.""]","[""Igaz L"", ""Vassallu F""]","[""40766632""]",2,1
aff_f04e5ef64ca0bd3c,"Instituto de Biología Celular y Neurociencias ""Prof. Eduardo de Robertis"", Facultad de Medicina - Universidad de Buenos Aires - CONICET, Paraguay 2155 - 3rd floor, Ciudad Autónoma de Buenos Aires, C1121ABG Buenos Aires, Argentina. Electronic address: pamelopes@gmail.com.","[""Instituto de Biología Celular y Neurociencias \""Prof. Eduardo de Robertis\"", Facultad de Medicina - Universidad de Buenos Aires - CONICET, Paraguay 2155 - 3rd floor, Ciudad Autónoma de Buenos Aires, C1121ABG Buenos Aires, Argentina. Electronic address: pamelopes@gmail.com.""]","[""Lopes da Cunha P""]","[""27130259""]",1,1
aff_f068b2531bc4c253,"Department of Neuroscience, Johns Hopkins School of Medicine, Baltimore, United States.","[""Department of Neuroscience, Johns Hopkins School of Medicine, Baltimore, United States.""]","[""Krakauer J""]","[""35225229""]",1,1
aff_f080ded293ce2aeb,"Laboratorio de Biología de la Reproducción, Instituto de Fisiología y Biofísica Bernardo Houssay (IFIBIO)-UBA-CONICET, Facultad de Medicina, Universidad de Buenos Aires, Buenos Aires, Argentina.","[""Laboratorio de Biología de la Reproducción, Instituto de Fisiología y Biofísica Bernardo Houssay (IFIBIO)-UBA-CONICET, Facultad de Medicina, Universidad de Buenos Aires, Buenos Aires, Argentina.""]","[""Damiano A"", ""Di Paola M"", ""Martinez N"", ""Medina Y"", ""Reppetti J"", ""Seyahian A"", ""Szpilbarg N""]","[""30425647""]",7,1
aff_f0e68021a8df59f9,"Instituto de Química y Físico-Química Biológicas ""Prof. Alejandro C. Paladini"", Universidad de Buenos Aires (UBA), Consejo Nacional de Investigaciones Científicas y Técnicas (CONICET), Facultad de Farmacia y Bioquímica, Junín 956, C1113AAD Buenos Aires, Argentina. Electronic address: jschachter@qb.ffyb.uba.ar.","[""Instituto de Química y Físico-Química Biológicas \""Prof. Alejandro C. Paladini\"", Universidad de Buenos Aires (UBA), Consejo Nacional de Investigaciones Científicas y Técnicas (CONICET), Facultad de Farmacia y Bioquímica, Junín 956, C1113AAD Buenos Aires, Argentina. Electronic address: jschachter@qb.ffyb.uba.ar.""]","[""Schachter J""]","[""34216588""]",1,1
aff_f1035155a57362ca,"Clem Jones Centre for Ageing Dementia Research, Queensland Brain Institute, The University of Queensland, St Lucia, QLD, 4072, Australia.","[""Clem Jones Centre for Ageing Dementia Research, Queensland Brain Institute, The University of Queensland, St Lucia, QLD, 4072, Australia.""]","[""Bademosi A"", ""Brown-Wright H"", ""Chang M"", ""Chye Y"", ""Luan W"", ""Madrid San Martin L"", ""Venturato J"", ""Wu H""]","[""41423699""]",8,1
aff_f133df0c9a3248ec,"Instituto Cajal, Consejo Superior de Investigaciones Científicas (CSIC), Madrid, Spain; Centro de Investigación Biomédica en Red sobre Enfermedades Neurodegenerativas (CIBERNED), Instituto de Salud Carlos III, Madrid, Spain.","[""Instituto Cajal, Consejo Superior de Investigaciones Científicas (CSIC), Madrid, Spain; Centro de Investigación Biomédica en Red sobre Enfermedades Neurodegenerativas (CIBERNED), Instituto de Salud Carlos III, Madrid, Spain.""]","[""Garcia-Verdugo M"", ""Granado N"", ""Jercog P"", ""Mendieta L""]","[""39947439"", ""41183746""]",4,2
aff_f13a48fb3253ee4b,"Consejo Nacional de Investigaciones Científicas y Técnicas, Facultad de Medicina, Instituto de Fisiología y Biofísica (IFIBIO Houssay), Laboratorio de Biomembranas, Universidad de Buenos Aires, Argentina.","[""Consejo Nacional de Investigaciones Científicas y Técnicas, Facultad de Medicina, Instituto de Fisiología y Biofísica (IFIBIO Houssay), Laboratorio de Biomembranas, Universidad de Buenos Aires, Argentina.""]","[""Goldman R"", ""Ozu M""]","[""28486763""]",2,1
aff_f1a607a1a6c11477,"Instituto de Investigaciones en Ingeniería Genética y Biología Molecular, Consejo Nacional de Investigaciones Científicas y Técnicas, Vuelta de Obligado 2490, 1428, Ciudad Autónoma de Buenos Aires, Argentina. Electronic address: belentavella@gmail.com.","[""Instituto de Investigaciones en Ingeniería Genética y Biología Molecular, Consejo Nacional de Investigaciones Científicas y Técnicas, Vuelta de Obligado 2490, 1428, Ciudad Autónoma de Buenos Aires, Argentina. Electronic address: belentavella@gmail.com.""]","[""Tavella M""]","[""32311511""]",1,1
aff_f1c7233257fb031f,"Universidad de Buenos Aires, CONICET, Instituto de Fisiología y Biofísica Bernardo Houssay (IFIBIO Houssay), Laboratorio de Biología de la Reproducción, Buenos Aires, Argentina; Universidad de Buenos Aires, Facultad de Farmacia y Bioquímica, Departamento de Ciencias Biológicas, Cátedra de Biología Celular y Molecular, Buenos Aires, Argentina. Electronic address: adamiano@ffyb.uba.ar.","[""Universidad de Buenos Aires, CONICET, Instituto de Fisiología y Biofísica Bernardo Houssay (IFIBIO Houssay), Laboratorio de Biología de la Reproducción, Buenos Aires, Argentina; Universidad de Buenos Aires, Facultad de Farmacia y Bioquímica, Departamento de Ciencias Biológicas, Cátedra de Biología Celular y Molecular, Buenos Aires, Argentina. Electronic address: adamiano@ffyb.uba.ar.""]","[""Damiano A""]","[""39955250""]",1,1
aff_f1ddb25373081fda,"Departamento de Ciencias Fisiológicas, Facultad de Medicina, Universidad de Buenos Aires, Paraguay, 2155, Buenos Aires, 1121, Argentina.","[""Departamento de Ciencias Fisiológicas, Facultad de Medicina, Universidad de Buenos Aires, Paraguay, 2155, Buenos Aires, 1121, Argentina.""]","[""Katz M""]","[""40603573""]",1,1
aff_f1e02530988b347e,"Universidad de Buenos Aires, Consejo Nacional de Investigaciones Científicas y Técnicas, Centro de Estudios Farmacológicos y Botánicos (UBA-CONICET-CEFYBO), Facultad de Medicina, Buenos Aires, Argentina.","[""Universidad de Buenos Aires, Consejo Nacional de Investigaciones Científicas y Técnicas, Centro de Estudios Farmacológicos y Botánicos (UBA-CONICET-CEFYBO), Facultad de Medicina, Buenos Aires, Argentina.""]","[""Accialini P"", ""Farina M"", ""Loureiro F""]","[""33126049""]",3,1
aff_f2199c8d0ab9cd8d,"Department of Biomedical Engineering, Johns Hopkins School of Medicine, Baltimore, USA.","[""Department of Biomedical Engineering, Johns Hopkins School of Medicine, Baltimore, USA.""]","[""Albert S"", ""Shadmehr R""]","[""32133494""]",2,1
aff_f28a6afaf1be9b2c,"Centro de Neurobiología y Fisiopatología Integrativa (CENFI), Instituto de Fisiología, Universidad de Valparaíso, Valparaíso 2340000, Chile.","[""Centro de Neurobiología y Fisiopatología Integrativa (CENFI), Instituto de Fisiología, Universidad de Valparaíso, Valparaíso 2340000, Chile.""]","[""Garcia-Rojas F""]","[""39855537""]",1,1
aff_f298d85cf810daf1,"Universidad de Buenos Aires (UBA), Facultad de Ciencias Médicas, Departamento de Ciencias Fisiológicas, Laboratorio de Fisiología Renal, Buenos Aires, Argentina; Universidad de Buenos Aires - Consejo Nacional de Investigaciones Científicas y Tecnológicas (CONICET), Instituto de Fisiología y Biofísica Bernardo Houssay (IFIBIO Houssay), Buenos Aires, Argentina. Electronic address: csilber@fmed.uba.ar.","[""Universidad de Buenos Aires (UBA), Facultad de Ciencias Médicas, Departamento de Ciencias Fisiológicas, Laboratorio de Fisiología Renal, Buenos Aires, Argentina; Universidad de Buenos Aires - Consejo Nacional de Investigaciones Científicas y Tecnológicas (CONICET), Instituto de Fisiología y Biofísica Bernardo Houssay (IFIBIO Houssay), Buenos Aires, Argentina. Electronic address: csilber@fmed.uba.ar.""]","[""Silberstein C""]","[""38086442""]",1,1
aff_f2f41d2c80be1556,"Universidad de Buenos Aires, Instituto de Fisiología y Biofísica Bernardo Houssay, Grupo de Neurociencia de Sistemas, CONICET, 2155 Paraguay St, Buenos Aires, 1121, Argentina.","[""Universidad de Buenos Aires, Instituto de Fisiología y Biofísica Bernardo Houssay, Grupo de Neurociencia de Sistemas, CONICET, 2155 Paraguay St, Buenos Aires, 1121, Argentina.""]","[""Belforte J"", ""Paz R"", ""Rela L"", ""Tubert C""]","[""41817828""]",4,1
aff_f2fcc23aa8135766,"Universidad de Buenos Aires, CONICET, Instituto de Fisiología y Biofísica (IFIBIO) Bernardo Houssay, Grupo de Neurociencia de Sistemas, 2155 Paraguay Street, Buenos Aires 1121, Argentina. Electronic address: gmurer@fmed.uba.ar.","[""Universidad de Buenos Aires, CONICET, Instituto de Fisiología y Biofísica (IFIBIO) Bernardo Houssay, Grupo de Neurociencia de Sistemas, 2155 Paraguay Street, Buenos Aires 1121, Argentina. Electronic address: gmurer@fmed.uba.ar.""]","[""Murer M""]","[""34048797""]",1,1
aff_f3777d5fae118269,"Laboratorio de Neurofarmacología de los Procesos de Memoria, Cátedra de Farmacología, Fac. Farmacia y Bioquímica, Universidad de Buenos Aires/CONICETBuenos Aires, Argentina.","[""Laboratorio de Neurofarmacología de los Procesos de Memoria, Cátedra de Farmacología, Fac. Farmacia y Bioquímica, Universidad de Buenos Aires/CONICETBuenos Aires, Argentina.""]","[""Boccia M"", ""Krawczyk M""]","[""28439227""]",2,1
aff_f39ddc6ac5eb1872,"CONICET - Universidad de Buenos Aires, Instituto de Fisiología, Biología Molecular y Neurociencias (IFIBYNE), Buenos Aires, Argentina.","[""CONICET - Universidad de Buenos Aires, Instituto de Fisiología, Biología Molecular y Neurociencias (IFIBYNE), Buenos Aires, Argentina.""]","[""Depino A""]","[""42404802""]",1,1
aff_f3b9c7f27bad1f62,"Biochemistry and Molecular Biology, Facultad de Farmacia, Universidad San Pablo-CEU, CEU Universities, Madrid, Spain.","[""Biochemistry and Molecular Biology, Facultad de Farmacia, Universidad San Pablo-CEU, CEU Universities, Madrid, Spain.""]","[""Alcala M"", ""Calderon-Dominguez M"", ""Ramos M"", ""Viana M""]","[""28986756""]",4,1
aff_f3c45d6d17776ed3,"Common Spirit, Phoenix, Arizona, USA.","[""Common Spirit, Phoenix, Arizona, USA.""]","[""Sabbagh M""]","[""42675027""]",1,1
aff_f3cb42547abaaf14,"Laboratorio de Biología de la Reproducción, Instituto de Fisiología y Biofísica Bernardo Houssay (IFIBIO), CONICET, Facultad de Medicina, Universidad de Buenos Aires, Buenos Aires, Argentina; Cátedra de Biología Celular y Molecular, Departamento de Ciencias Biológicas, Facultad de Farmacia y Bioquímica, Universidad de Buenos Aires, Argentina.","[""Laboratorio de Biología de la Reproducción, Instituto de Fisiología y Biofísica Bernardo Houssay (IFIBIO), CONICET, Facultad de Medicina, Universidad de Buenos Aires, Buenos Aires, Argentina; Cátedra de Biología Celular y Molecular, Departamento de Ciencias Biológicas, Facultad de Farmacia y Bioquímica, Universidad de Buenos Aires, Argentina.""]","[""Damiano A""]","[""27016779""]",1,1
aff_f3cffdb76c03a730,"Laboratorio de Neurociencias Integradas, Centro de Investigación Biomédica, Facultad de Medicina, Universidad Diego Portales. Ejército Libertador 141, CP 8370007 Santiago, Chile. Electronic address: juan.montiel@udp.cl.","[""Laboratorio de Neurociencias Integradas, Centro de Investigación Biomédica, Facultad de Medicina, Universidad Diego Portales. Ejército Libertador 141, CP 8370007 Santiago, Chile. Electronic address: juan.montiel@udp.cl.""]","[""Montiel J""]","[""42097396""]",1,1
aff_f3e1a8beedf35540,"Systems Neuroscience Group, Institute of Physiology and Biophysics, IFIBIO 'Houssay', CONICET and University of Buenos Aires School of Medicine, Buenos Aires, Argentina.","[""Systems Neuroscience Group, Institute of Physiology and Biophysics, IFIBIO 'Houssay', CONICET and University of Buenos Aires School of Medicine, Buenos Aires, Argentina.""]","[""Belforte J"", ""Braz B"", ""Galinanes G"", ""Murer M""]","[""25872916""]",4,1
aff_f3f619325302c00d,"Maestría en Ciencia y Tecnología Química, Unidad Académica de Ciencias Químicas, Universidad Autónoma de Zacatecas, Zacatecas 98160, Mexico.","[""Maestría en Ciencia y Tecnología Química, Unidad Académica de Ciencias Químicas, Universidad Autónoma de Zacatecas, Zacatecas 98160, Mexico.""]","[""Lazalde-Ramos B""]","[""42123443""]",1,1
aff_f41748f58b45f25d,"Neurobiología Experimental, Universidad de Entre Ríos, Gualeguaychú, Entre Ríos E2822EXB, Argentina.","[""Neurobiología Experimental, Universidad de Entre Ríos, Gualeguaychú, Entre Ríos E2822EXB, Argentina.""]","[""Taravini I""]","[""27568555""]",1,1
aff_f41f4680c2307ace,"ICIFI School of Science and Technology (ECyT), University of San Martin, Buenos Aires, Argentina.","[""ICIFI School of Science and Technology (ECyT), University of San Martin, Buenos Aires, Argentina.""]","[""Della-Maggiore V""]","[""41040166""]",1,1
aff_f48d6f1e1ca521ca,"Cátedra de Química General e Inorgánica, Departamento de Química Analítica y Fisicoquímica, Facultad de Farmacia y Bioquímica, Universidad de Buenos Aires, Buenos Aires, Argentina.","[""Cátedra de Química General e Inorgánica, Departamento de Química Analítica y Fisicoquímica, Facultad de Farmacia y Bioquímica, Universidad de Buenos Aires, Buenos Aires, Argentina.""]","[""Repetto M""]","[""26568619""]",1,1
aff_f504af77a7dac60c,"Instituto de Patobiologia, CICVyA, Instituto Nacional de Tecnología Agropecuaria, Hurlingham, Argentina.","[""Instituto de Patobiologia, CICVyA, Instituto Nacional de Tecnología Agropecuaria, Hurlingham, Argentina.""]","[""Mercado E"", ""Vilte D""]","[""26030198""]",2,1
aff_f522d37519348218,"Pharmacogenomics Academia, Instituto Politécnico Nacional-CIIDIR Durango, Durango, Mexico.","[""Pharmacogenomics Academia, Instituto Politécnico Nacional-CIIDIR Durango, Durango, Mexico.""]","[""Galaviz-Hernandez C"", ""Sosa-Macias M""]","[""28986756""]",2,1
aff_f560b50e5f968676,"Fundación Instituto Leloir, Instituto de Investigaciones Bioquímicas de Buenos Aires (IIBBA - CONICET), Buenos Aires, Argentina.","[""Fundación Instituto Leloir, Instituto de Investigaciones Bioquímicas de Buenos Aires (IIBBA - CONICET), Buenos Aires, Argentina.""]","[""Schinder A""]","[""27419661""]",1,1
aff_f5e4111a6396909f,"Instituto de Investigaciones Bioquímicas de Buenos Aires, CONICET, Patricias Argentinas 435, Buenos Aires, Argentina. pwappner@leloir.org.ar.","[""Instituto de Investigaciones Bioquímicas de Buenos Aires, CONICET, Patricias Argentinas 435, Buenos Aires, Argentina. pwappner@leloir.org.ar.""]","[""Wappner P""]","[""40595449""]",1,1
aff_f617c31b55166e1b,"Instituto de Física, Universidade Federal de Alagoas (UFAL), Maceió 57072-970, Brazil.","[""Instituto de Física, Universidade Federal de Alagoas (UFAL), Maceió 57072-970, Brazil.""]","[""Rosso O""]","[""39851628""]",1,1
aff_f6332e3086967dd9,"Instituto de Fisiología y Biofísica (IFIBIO UBA-CONICET), Facultad de Medicina, UBA, Paraguay 2155, C1121ABG CABA, Argentina.","[""Instituto de Fisiología y Biofísica (IFIBIO UBA-CONICET), Facultad de Medicina, UBA, Paraguay 2155, C1121ABG CABA, Argentina.""]","[""Blake M""]","[""27321160""]",1,1
aff_f6703c9a1576ad03,"Center for Mind/Brain Sciences, University of Trento, Rovereto, 38068, Trento, Italy.","[""Center for Mind/Brain Sciences, University of Trento, Rovereto, 38068, Trento, Italy.""]","[""Jovicich J""]","[""32900965""]",1,1
aff_f6d92ce8a4c60f3e,"Departamento de Ciencias Fisiológicas IFIBIO Houssay, CONICET, Facultad de Medicina, Universidad de Buenos Aires, Buenos Aires, Argentina; Cátedra de Fisiopatología, Facultad de Farmacia y Bioquímica, Universidad de Buenos Aires, Buenos Aires, Argentina.","[""Departamento de Ciencias Fisiológicas IFIBIO Houssay, CONICET, Facultad de Medicina, Universidad de Buenos Aires, Buenos Aires, Argentina; Cátedra de Fisiopatología, Facultad de Farmacia y Bioquímica, Universidad de Buenos Aires, Buenos Aires, Argentina.""]","[""Costales-Collaguazo C"", ""Zotta E""]","[""30139698"", ""33722403"", ""36166246""]",2,3
aff_f73937e0e22e9999,"Departamento de Fisiología, Facultad de Medicina, Universidad de Buenos Aires, Buenos Aires, Argentina.","[""Departamento de Fisiología, Facultad de Medicina, Universidad de Buenos Aires, Buenos Aires, Argentina.""]","[""Murer M""]","[""27431292""]",1,1
aff_f7597be7af016f8a,"Centro de Diagnóstico San Jorge, Puerto Madryn, Chubut, Argentina.","[""Centro de Diagnóstico San Jorge, Puerto Madryn, Chubut, Argentina.""]","[""Schonfeld D""]","[""39853576""]",1,1
aff_f7ce6acbfa6c593b,"Laboratorio de Biología de la Reproducción, Instituto de Fisiología y Biofísica Bernardo Houssay (IFIBIO)-CONICET- Facultad de Medicina, Universidad de Buenos Aires, Buenos Aires, Argentina.","[""Laboratorio de Biología de la Reproducción, Instituto de Fisiología y Biofísica Bernardo Houssay (IFIBIO)-CONICET- Facultad de Medicina, Universidad de Buenos Aires, Buenos Aires, Argentina.""]","[""Damiano A"", ""Martinez N"", ""Medina Y"", ""Reca A"", ""Reppetti J"", ""Seyahian E"", ""Szpilbarg N""]","[""31541456""]",7,1
aff_f7d2625d3e88a95e,"Laboratorio de Parkinson Experimental, Instituto de Investigaciones Farmacológicas (ININFA-CONICET-UBA), Ciudad Autónoma de Buenos Aires, Argentina. Electronic address: taravini@ffyb.uba.ar.","[""Laboratorio de Parkinson Experimental, Instituto de Investigaciones Farmacológicas (ININFA-CONICET-UBA), Ciudad Autónoma de Buenos Aires, Argentina. Electronic address: taravini@ffyb.uba.ar.""]","[""Taravini I""]","[""25963416""]",1,1
aff_f7ddf2d800fb1b34,"Laboratorio de Neurobiología de la Memoria, Dto. Fisiología, Biología Molecular y Celular, Fac. Cs. Exactas y Naturales, UBA/IFIByNE, CONICET, Int. Güiraldes 2160, C1428EGA CABA, Argentina. Electronic address: mfeld@fbmc.fcen.uba.ar.","[""Laboratorio de Neurobiología de la Memoria, Dto. Fisiología, Biología Molecular y Celular, Fac. Cs. Exactas y Naturales, UBA/IFIByNE, CONICET, Int. Güiraldes 2160, C1428EGA CABA, Argentina. Electronic address: mfeld@fbmc.fcen.uba.ar.""]","[""Feld M""]","[""27321160""]",1,1
aff_f81c872bc5ed5af1,"California National Primate Research Center, UC Davis, Davis, California, USA.","[""California National Primate Research Center, UC Davis, Davis, California, USA.""]","[""Beckman D""]","[""31630412""]",1,1
aff_f841012a45757f76,"Aix Marseille Univ, INSERM, INS, Inst Neurosci Syst, Marseille, France; APHM, Timone Hospital, Functional and Stereotactic Neurosurgery, Marseille, France.","[""Aix Marseille Univ, INSERM, INS, Inst Neurosci Syst, Marseille, France; APHM, Timone Hospital, Functional and Stereotactic Neurosurgery, Marseille, France.""]","[""Carron R""]","[""29605667""]",1,1
aff_f8478922c4996e95,"Laboratorio de Biología de la Reproducción, Instituto de Fisiología y Biofísica Bernardo Houssay (IFIBIO)-CONICET, Facultad de Medicina, Universidad de Buenos Aires, Buenos Aires, Argentina Departamento de Ciencias Biológicas, Facultad de Farmacia y Bioquímica, Universidad de Buenos Aires, Buenos Aires, Argentina adamiano@ffyb.uba.ar.","[""Laboratorio de Biología de la Reproducción, Instituto de Fisiología y Biofísica Bernardo Houssay (IFIBIO)-CONICET, Facultad de Medicina, Universidad de Buenos Aires, Buenos Aires, Argentina Departamento de Ciencias Biológicas, Facultad de Farmacia y Bioquímica, Universidad de Buenos Aires, Buenos Aires, Argentina adamiano@ffyb.uba.ar.""]","[""Damiano A""]","[""26568619""]",1,1
aff_f854683b07196682,"IFIBIO Houssay-CONICET Universidad de Buenos Aires, Buenos Aires, Argentina.","[""IFIBIO Houssay-CONICET Universidad de Buenos Aires, Buenos Aires, Argentina.""]","[""Damiano A"", ""Reynoso M""]","[""42601945""]",2,1
aff_f85484e8d1a3559d,"Consejo Nacional de Investigaciones Científicas y Técnicas (CONICET), Instituto de Química Biológica de la Facultad de Ciencias Exactas y Naturales (IQUIBICEN).","[""Consejo Nacional de Investigaciones Científicas y Técnicas (CONICET), Instituto de Química Biológica de la Facultad de Ciencias Exactas y Naturales (IQUIBICEN).""]","[""Calo G"", ""Gallino L"", ""Hauk V"", ""Leiros C"", ""Merech F"", ""Paparini D"", ""Ramhorst R"", ""Vota D""]","[""30204500""]",8,1
aff_f8647c36942943f7,"Universidad de Buenos Aires, Consejo Nacional de Investigaciones Científicas y Técnicas (CONICET), Instituto de Fisiología y Biofísica ""Houssay"" (IFIBIO), Facultad de Medicina, Universidad de Buenos Aires, Argentina.","[""Universidad de Buenos Aires, Consejo Nacional de Investigaciones Científicas y Técnicas (CONICET), Instituto de Fisiología y Biofísica \""Houssay\"" (IFIBIO), Facultad de Medicina, Universidad de Buenos Aires, Argentina.""]","[""Pinto A""]","[""28042026""]",1,1
aff_f86b287d24626deb,"PISA, LIM-44, Instituto de Radiologia, FMUSP, University of Sao Paulo, Sao Paulo, Brazil.","[""PISA, LIM-44, Instituto de Radiologia, FMUSP, University of Sao Paulo, Sao Paulo, Brazil.""]","[""Amaro E""]","[""32061044""]",1,1
aff_f8ac30ed5b0b9e5e,"Vanderbilt University School of Medicine, Nashville, United States.","[""Vanderbilt University School of Medicine, Nashville, United States.""]","[""Jang J""]","[""35225229""]",1,1
aff_f8b1c72d2c26f0a3,"Servicio de Nefrología, Hospital Británico de Buenos Aires, Perdriel 74, 1280, Buenos Aires, Argentina. htrimarchi@hotmail.com.","[""Servicio de Nefrología, Hospital Británico de Buenos Aires, Perdriel 74, 1280, Buenos Aires, Argentina. htrimarchi@hotmail.com.""]","[""Trimarchi H""]","[""26842625"", ""27015899""]",1,2
aff_f8b2886174515bd2,"Universidad de Buenos Aires, CONICET, Instituto de Fisiología y Biofísica Bernardo Houssay (IFIBIO Houssay), Laboratorio de Biología de la Reproducción, Buenos Aires, Argentina.","[""Universidad de Buenos Aires, CONICET, Instituto de Fisiología y Biofísica Bernardo Houssay (IFIBIO Houssay), Laboratorio de Biología de la Reproducción, Buenos Aires, Argentina.""]","[""Castro Parodi M"", ""Medina Y""]","[""39955250"", ""41014673""]",2,2
aff_f8f2545050fd40bb,"Instituto Cajal, Consejo Superior de Investigaciones Científicas (CSIC), Madrid, Spain; Centro de Investigación Biomédica en Red sobre Enfermedades Neurodegenerativas (CIBERNED), Instituto de Salud Carlos III, Madrid, Spain. Electronic address: moratalla@cajal.csic.es.","[""Instituto Cajal, Consejo Superior de Investigaciones Científicas (CSIC), Madrid, Spain; Centro de Investigación Biomédica en Red sobre Enfermedades Neurodegenerativas (CIBERNED), Instituto de Salud Carlos III, Madrid, Spain. Electronic address: moratalla@cajal.csic.es.""]","[""Moratalla R""]","[""39947439"", ""41183746""]",1,2
aff_f9022101bcfd8588,"Instituto de Química y Físico-Química Biológicas ""Prof. Alejandro C. Paladini"", Universidad de Buenos Aires (UBA), Consejo Nacional de Investigaciones Científicas y Técnicas (CONICET), Facultad de Farmacia y Bioquímica, Junín 956, C1113AAD Buenos Aires, Argentina; Universidad de Buenos Aires (UBA), Facultad de Farmacia y Bioquímica, Departamento de Química Biológica, Cátedra de Química Biológica, Junín 956, C1113AAD Buenos Aires, Argentina.","[""Instituto de Química y Físico-Química Biológicas \""Prof. Alejandro C. Paladini\"", Universidad de Buenos Aires (UBA), Consejo Nacional de Investigaciones Científicas y Técnicas (CONICET), Facultad de Farmacia y Bioquímica, Junín 956, C1113AAD Buenos Aires, Argentina; Universidad de Buenos Aires (UBA), Facultad de Farmacia y Bioquímica, Departamento de Química Biológica, Cátedra de Química Biológica, Junín 956, C1113AAD Buenos Aires, Argentina.""]","[""Alvarez C"", ""Corradi G"", ""Gonzalez-Lebrero R"", ""Rinaldi D""]","[""34216588""]",4,1
aff_f92b9ba4b680134a,"Nephrology Service, Hospital Británico de Buenos Aires, Perdriel 74, 1280 Buenos Aires, Argentina.","[""Nephrology Service, Hospital Británico de Buenos Aires, Perdriel 74, 1280 Buenos Aires, Argentina.""]","[""Andrews J"", ""Forrester M"", ""Karl A"", ""Lombi F"", ""Pomeranz V"", ""Rengel T"", ""Trimarchi H""]","[""26064721""]",7,1
aff_f983070427ab2705,"Laboratorio de Biología de la Reproducción, Instituto de Fisiología y Biofísica Bernardo Houssay (IFIBIO)- CONICET- Facultad de Medicina, Universidad de Buenos Aires, Buenos Aires, Argentina. adamiano@ffyb.uba.ar.","[""Laboratorio de Biología de la Reproducción, Instituto de Fisiología y Biofísica Bernardo Houssay (IFIBIO)- CONICET- Facultad de Medicina, Universidad de Buenos Aires, Buenos Aires, Argentina. adamiano@ffyb.uba.ar.""]","[""Damiano A""]","[""28258575""]",1,1
aff_f9bc29c5d3ec45c5,"Universidad de Buenos Aires, Facultad de Farmacia y Bioquímica, Departamento de Ciencias Biológicas, Argentina; Laboratorio de Biología de la Reproducción, IFIBIO-CONICET, Argentina.","[""Universidad de Buenos Aires, Facultad de Farmacia y Bioquímica, Departamento de Ciencias Biológicas, Argentina; Laboratorio de Biología de la Reproducción, IFIBIO-CONICET, Argentina.""]","[""Damiano A""]","[""29405971""]",1,1
aff_f9e4cc836f986368,"Laboratorio de Biología de la Reproducción, Instituto de Fisiología y Biofísica Bernardo Houssay (IFIBIO-Houssay)- CONICET, Universidad de Buenos Aires, Buenos Aires, Argentina.","[""Laboratorio de Biología de la Reproducción, Instituto de Fisiología y Biofísica Bernardo Houssay (IFIBIO-Houssay)- CONICET, Universidad de Buenos Aires, Buenos Aires, Argentina.""]","[""Damiano A""]","[""37274341""]",1,1
aff_fa046458e8cdf994,"Universidad de Buenos Aires y Consejo Nacional de Investigaciones Científicas y Técnicas (CONICET), Instituto de Fisiología y Biofísica ""Bernardo Houssay"" (IFIBIO-Houssay), Grupo de Neurociencia de Sistemas, Buenos Aires 1121, Argentina. Electronic address: lorena.rela@fmed.uba.ar.","[""Universidad de Buenos Aires y Consejo Nacional de Investigaciones Científicas y Técnicas (CONICET), Instituto de Fisiología y Biofísica \""Bernardo Houssay\"" (IFIBIO-Houssay), Grupo de Neurociencia de Sistemas, Buenos Aires 1121, Argentina. Electronic address: lorena.rela@fmed.uba.ar.""]","[""Rela L""]","[""29758221""]",1,1
aff_fa8e6198ce99cd0e,"Department of Physiology and Institute of Physiology and Biophysics (IFIBIO), School of Medicine, University of Buenos Aires, Paraguay 2155 7th floor, C1121ABG, Ciudad Autónoma de Buenos Aires, Argentina. rbernabeu@fmed.uba.ar.","[""Department of Physiology and Institute of Physiology and Biophysics (IFIBIO), School of Medicine, University of Buenos Aires, Paraguay 2155 7th floor, C1121ABG, Ciudad Autónoma de Buenos Aires, Argentina. rbernabeu@fmed.uba.ar.""]","[""Bernabeu R""]","[""28130648""]",1,1
aff_faa68e8928ae31ad,"Instituto de Biología Celular y Neurociencias ""Prof. Eduardo de Robertis"", Facultad de Medicina - Universidad de Buenos Aires - CONICET, Paraguay 2155 - 3rd floor, Ciudad Autónoma de Buenos Aires, C1121ABG Buenos Aires, Argentina. Electronic address: faballarini@gmail.com.","[""Instituto de Biología Celular y Neurociencias \""Prof. Eduardo de Robertis\"", Facultad de Medicina - Universidad de Buenos Aires - CONICET, Paraguay 2155 - 3rd floor, Ciudad Autónoma de Buenos Aires, C1121ABG Buenos Aires, Argentina. Electronic address: faballarini@gmail.com.""]","[""Ballarini F""]","[""27130259""]",1,1
aff_fabd853f7c70ec55,"Instituto de Investigaciones Neurológicas Dr. Raúl Carrea, FLENI, Buenos Aires, Argentina.","[""Instituto de Investigaciones Neurológicas Dr. Raúl Carrea, FLENI, Buenos Aires, Argentina.""]","[""Correale J""]","[""41208638""]",1,1
aff_faf540c2573f346c,"Universidad de Buenos Aires, Consejo Nacional de Investigaciones Científicas y Técnicas (CONICET), Instituto de Fisiología y Biofísica ""Houssay"" (IFIBIO), Laboratorio de Neurofisiopatología, Facultad de Medicina, Argentina.","[""Universidad de Buenos Aires, Consejo Nacional de Investigaciones Científicas y Técnicas (CONICET), Instituto de Fisiología y Biofísica \""Houssay\"" (IFIBIO), Laboratorio de Neurofisiopatología, Facultad de Medicina, Argentina.""]","[""Goldstein J"", ""Nunez-Goluboay K"", ""Pinto A""]","[""32077828""]",3,1
aff_fb273ce6782aaee1,"Cátedra de Microbiología, Facultad de Ciencias Veterinarias, Universidad de Buenos Aires, Buenos Aires 1427, Argentina.","[""Cátedra de Microbiología, Facultad de Ciencias Veterinarias, Universidad de Buenos Aires, Buenos Aires 1427, Argentina.""]","[""Bentancor A""]","[""28888654""]",1,1
aff_fb2f2c21c5e3ae4d,"Systems Biology Group (SysBio), Institute of Physics of Liquids and Biological Systems (IFLySIB), National Scientific and Technical Research Council (CONICET), University of La Plata, La Plata, Argentina.","[""Systems Biology Group (SysBio), Institute of Physics of Liquids and Biological Systems (IFLySIB), National Scientific and Technical Research Council (CONICET), University of La Plata, La Plata, Argentina.""]","[""Fernandez J"", ""Spagnuolo D""]","[""35705598""]",2,1
aff_fb3588a7ecd129d3,"Department of Cardiovascular Surgery, Sanatorio de la Trinidad-Mitre, Buenos Aires, Argentina.","[""Department of Cardiovascular Surgery, Sanatorio de la Trinidad-Mitre, Buenos Aires, Argentina.""]","[""Piazza A""]","[""31535145""]",1,1
aff_fb48e4fef63deee0,"Facultad de Medicina, Instituto de Fisiología y Biofísica Bernardo Houssay (IFIBIO Houssay), CONICET-Universidad de Buenos Aires, Buenos Aires, Argentina.","[""Facultad de Medicina, Instituto de Fisiología y Biofísica Bernardo Houssay (IFIBIO Houssay), CONICET-Universidad de Buenos Aires, Buenos Aires, Argentina.""]","[""Casal J"", ""Dorr R"", ""Toriano R""]","[""35982602""]",3,1
aff_fb87e38a127a3692,"Division of Intramural Research National Center for Complementary and Integrative Health, 35 Convent Drive, Building 35A / Room 1E-410, Bethesda, MD 20892, USA.","[""Division of Intramural Research National Center for Complementary and Integrative Health, 35 Convent Drive, Building 35A / Room 1E-410, Bethesda, MD 20892, USA.""]","[""Singh S""]","[""41605341""]",1,1
aff_fbcf8276c638690e,"Grupo de Neurofisiología, Instituto Multidisciplinario de Biología Celular (IMBICE), Universidad Nacional La Plata (UNLP), Consejo Nacional de Investigaciones Científicas y Técnicas (CONICET), Comisión de Investigaciones Científicas de la Provincia de Buenos Aires (CICPBA)), La Plata, Buenos Aires, Argentina; Department of Surgical Sciences, Functional Pharmacology and Neuroscience, University of Uppsala, Uppsala, Sweden.","[""Grupo de Neurofisiología, Instituto Multidisciplinario de Biología Celular (IMBICE), Universidad Nacional La Plata (UNLP), Consejo Nacional de Investigaciones Científicas y Técnicas (CONICET), Comisión de Investigaciones Científicas de la Provincia de Buenos Aires (CICPBA)), La Plata, Buenos Aires, Argentina; Department of Surgical Sciences, Functional Pharmacology and Neuroscience, University of Uppsala, Uppsala, Sweden.""]","[""Perello M""]","[""41605341""]",1,1
aff_fbec47c27962b8d3,"Laboratorio de Biología de la Reproducción, Instituto de Fisiología y Biofísica Bernardo Houssay (IFIBIO) - Consejo Nacional de Investigaciones Científicas y Técnicas (CONICET) - Facultad de Medicina, Universidad de Buenos Aires, Buenos Aires, Argentina.","[""Laboratorio de Biología de la Reproducción, Instituto de Fisiología y Biofísica Bernardo Houssay (IFIBIO) - Consejo Nacional de Investigaciones Científicas y Técnicas (CONICET) - Facultad de Medicina, Universidad de Buenos Aires, Buenos Aires, Argentina.""]","[""Damiano A"", ""Martinez N"", ""Medina Y""]","[""35095555""]",3,1
aff_fc33c3530f54b80c,"Biochemistry, Hospital Británico de Buenos Aires, Buenos Aires, Argentina.","[""Biochemistry, Hospital Británico de Buenos Aires, Buenos Aires, Argentina.""]","[""Canzonieri R"", ""Muryan A"", ""Schiel A"", ""Stern A""]","[""28473934""]",4,1
aff_fc52f16a563bae6c,"Facultad de Ingeniería, Universidad Católica de Córdoba, CONICET, Córdoba, Argentina. Electronic address: cfresno@bdmg.com.ar.","[""Facultad de Ingeniería, Universidad Católica de Córdoba, CONICET, Córdoba, Argentina. Electronic address: cfresno@bdmg.com.ar.""]","[""Fresno C""]","[""25963416""]",1,1
aff_fc7525f67a87322b,"Instituto de Biología Celular y Neurociencias ""Prof. Eduardo de Robertis"", Facultad de Medicina - Universidad de Buenos Aires - CONICET, Paraguay 2155 - 3rd floor, Ciudad Autónoma de Buenos Aires, C1121ABG Buenos Aires, Argentina. Electronic address: maeuvi@yahoo.com.","[""Instituto de Biología Celular y Neurociencias \""Prof. Eduardo de Robertis\"", Facultad de Medicina - Universidad de Buenos Aires - CONICET, Paraguay 2155 - 3rd floor, Ciudad Autónoma de Buenos Aires, C1121ABG Buenos Aires, Argentina. Electronic address: maeuvi@yahoo.com.""]","[""Villar M""]","[""27130259""]",1,1
aff_fcab07b7d888d141,"Laboratorio de Fisiopatogenia, Departamento de Fisiología, Instituto de Fisiología y Biofísica Bernardo Houssay (IFIBIO Houssay-CONICET), Facultad de Medicina, Universidad de Buenos Aires, Buenos Aires, Argentina. Electronic address: ibarra@fmed.uba.ar.","[""Laboratorio de Fisiopatogenia, Departamento de Fisiología, Instituto de Fisiología y Biofísica Bernardo Houssay (IFIBIO Houssay-CONICET), Facultad de Medicina, Universidad de Buenos Aires, Buenos Aires, Argentina. Electronic address: ibarra@fmed.uba.ar.""]","[""Ibarra C""]","[""25794836"", ""25819809"", ""27527816""]",1,3
aff_fd5e1073b20b3752,"Department of Neurology, University of Alabama at Birmingham, Birmingham, AL.","[""Department of Neurology, University of Alabama at Birmingham, Birmingham, AL.""]","[""Eskow Jaunarajs K""]","[""29394409""]",1,1
aff_fd644ce429ab7af0,"Neurology Department, Laboratorio de Neuroquímica Dr. Nestor Chamoles, Buenos Aires, Argentina.","[""Neurology Department, Laboratorio de Neuroquímica Dr. Nestor Chamoles, Buenos Aires, Argentina.""]","[""Politei J""]","[""28523190""]",1,1
aff_fd873c37d6cab34d,"Centro de Neurociencias de Cuba, Cuba. Electronic address: robertrl1981@gmail.com.","[""Centro de Neurociencias de Cuba, Cuba. Electronic address: robertrl1981@gmail.com.""]","[""Rodriguez-Labrada R""]","[""42097396""]",1,1
aff_feaf1f6443810fc3,"Laboratorio de Biología de la Reproducción, Instituto de Fisiología y Biofísica Bernardo Houssay (IFIBIO), CONICET, Facultad de Medicina, Universidad de Buenos Aires, Buenos Aires, Argentina.","[""Laboratorio de Biología de la Reproducción, Instituto de Fisiología y Biofísica Bernardo Houssay (IFIBIO), CONICET, Facultad de Medicina, Universidad de Buenos Aires, Buenos Aires, Argentina.""]","[""Dietrich V"", ""Szpilbarg N""]","[""26470817"", ""29108637""]",2,2
aff_feca71874502ddeb,"Institute of Physiology and Biophysics Bernardo Houssay (IFIBIO-Houssay), National Scientific and Technical Research Council (CONICET), School of Pharmacy and Biochemistry, University of Buenos Aires, Junín, Buenos Aires.","[""Institute of Physiology and Biophysics Bernardo Houssay (IFIBIO-Houssay), National Scientific and Technical Research Council (CONICET), School of Pharmacy and Biochemistry, University of Buenos Aires, Junín, Buenos Aires.""]","[""Zotta E""]","[""29494356""]",1,1
aff_fece55b74d394aa9,"Servicio de Endocrinología, Hospital Pediátrico Avelino Castelan, Resistencia, Chaco, Argentina.","[""Servicio de Endocrinología, Hospital Pediátrico Avelino Castelan, Resistencia, Chaco, Argentina.""]","[""Zappa J""]","[""42611393""]",1,1
aff_fee90322d14f8974,"CONICET-Universidad de Buenos Aires, Instituto de Investigaciones Biomédicas (INBIOMED), Laboratorio de Efectos Biológicos de Contaminantes Ambientales, Buenos Aires, Argentina; Universidad de Buenos Aires, Facultad de Medicina, Departamento de Bioquímica Humana, Buenos Aires, Argentina.","[""CONICET-Universidad de Buenos Aires, Instituto de Investigaciones Biomédicas (INBIOMED), Laboratorio de Efectos Biológicos de Contaminantes Ambientales, Buenos Aires, Argentina; Universidad de Buenos Aires, Facultad de Medicina, Departamento de Bioquímica Humana, Buenos Aires, Argentina.""]","[""Randi A""]","[""40617562""]",1,1
aff_ff0e67561ead5ad9,"Instituto de Neurociencia Cognitiva y Traslacional, Fundación INECO, Universidad Favaloro y Consejo Nacional de Investigaciones Científicas y Técnicas, Buenos Aires 1078, Argentina.","[""Instituto de Neurociencia Cognitiva y Traslacional, Fundación INECO, Universidad Favaloro y Consejo Nacional de Investigaciones Científicas y Técnicas, Buenos Aires 1078, Argentina.""]","[""Morici J"", ""Weisstaub N""]","[""35561217""]",2,1
aff_ff10bfa28896ed6e,"IIS-Fundacion Jimenez Diaz, School of Medicine, UAM, Avda Reyes Catolicos 2, 28040, Madrid, Spain. mdsanchez@fjd.es.","[""IIS-Fundacion Jimenez Diaz, School of Medicine, UAM, Avda Reyes Catolicos 2, 28040, Madrid, Spain. mdsanchez@fjd.es.""]","[""Sanchez-Nino M""]","[""27733175""]",1,1
aff_ff192471596a3be1,"System Toxicology and Health Risk Assessment Group, CSIR-Indian Institute of Toxicology Research, Lucknow, India.","[""System Toxicology and Health Risk Assessment Group, CSIR-Indian Institute of Toxicology Research, Lucknow, India.""]","[""Singh S""]","[""31630412""]",1,1
aff_ff718d7d60ed84db,"Department of Pediatrics, University of California - San Francisco, San Francisco, California, USA.","[""Department of Pediatrics, University of California - San Francisco, San Francisco, California, USA.""]","[""Chiou B""]","[""31630412""]",1,1
aff_ff726aafe17cb92c,"Laboratorio de Neurofarmacología de los Procesos de Memoria, Cátedra de Farmacología, Fac. Farmacia y Bioquímica, UBA, Junín 956, C1113AAD CABA, Argentina. Electronic address: mboccia@ffyb.uba.ar.","[""Laboratorio de Neurofarmacología de los Procesos de Memoria, Cátedra de Farmacología, Fac. Farmacia y Bioquímica, UBA, Junín 956, C1113AAD CABA, Argentina. Electronic address: mboccia@ffyb.uba.ar.""]","[""Boccia M""]","[""27321160""]",1,1
aff_fff5abede2e432af,"Department of Pharmacology and Toxicology, Faculty of Pharmacy in Hradec Kralove, Charles University, Hradec Králové, Czechia.","[""Department of Pharmacology and Toxicology, Faculty of Pharmacy in Hradec Kralove, Charles University, Hradec Králové, Czechia.""]","[""Abad C""]","[""38089623""]",1,1
