pmid,autor,nombres_originales,n_filiaciones,filiacion_ids
24466317,Ibarra C,"[""Ibarra Cristina""]",1,"[""aff_b5a79ef2b453d0da""]"
24466317,Marquez L,"[""Márquez Laura B""]",1,"[""aff_dd07af858107fcc7""]"
24466317,Paton A,"[""Paton Adrienne W""]",1,"[""aff_258502add63482a2""]"
24466317,Paton J,"[""Paton James C""]",1,"[""aff_258502add63482a2""]"
24466317,Repetto H,"[""Repetto Horacio A""]",1,"[""aff_87cf1c37bb466c05""]"
24466317,Silberstein C,"[""Silberstein Claudia""]",1,"[""aff_dd07af858107fcc7""]"
24466317,Velazquez N,"[""Velázquez Natalia""]",1,"[""aff_dd07af858107fcc7""]"
24859216,Pagani M,"[""Pagani Mario Rafael""]",1,"[""aff_12e52ce62007af48""]"
24859216,San Martin A,"[""San Martín Alvaro""]",1,"[""aff_1a333170077d1f46""]"
25157355,Amaral M,"[""Amaral María M""]",1,"[""aff_abea6e6294284460""]"
25157355,Franchi A,"[""Franchi Ana M""]",1,"[""aff_a5aead9376acf632""]"
25157355,Ibarra C,"[""Ibarra Cristina""]",1,"[""aff_abea6e6294284460""]"
25157355,Sacerdoti F,"[""Sacerdoti Flavia""]",1,"[""aff_abea6e6294284460""]"
25157355,Zotta E,"[""Zotta Elsa""]",1,"[""aff_abea6e6294284460""]"
25392493,Alfieri J,"[""Alfieri Julio A""]",1,"[""aff_8d9927acf1432f74""]"
25392493,Igaz L,"[""Igaz Lionel M""]",1,"[""aff_7bce89c208cade4c""]"
25392493,Pino N,"[""Pino Natalia S""]",1,"[""aff_8d9927acf1432f74""]"
25506318,Cammarota M,"[""Cammarota Martín""]",1,"[""aff_671804a51ddd3a1b""]"
25506318,Gonzalez M,"[""Gonzalez María C""]",1,"[""aff_52739d396aabd88d""]"
25506318,Katche C,"[""Katche Cynthia""]",1,"[""aff_52739d396aabd88d""]"
25506318,Kramar C,"[""Kramar Cecilia P""]",1,"[""aff_52739d396aabd88d""]"
25506318,Medina J,"[""Medina Jorge H""]",1,"[""aff_ae054173290988ff""]"
25506318,Tomaiuolo M,"[""Tomaiuolo Micol""]",1,"[""aff_52739d396aabd88d""]"
25506318,Weisstaub N,"[""Weisstaub Noelia""]",1,"[""aff_8a3e83401bd7bb3e""]"
25794836,Albanese A,"[""Albanese Adriana""]",1,"[""aff_b5a79ef2b453d0da""]"
25794836,Amigo N,"[""Amigo Natalia""]",1,"[""aff_1647eacb1e099609""]"
25794836,Cataldi A,"[""Cataldi Angel""]",1,"[""aff_1647eacb1e099609""]"
25794836,Garcia H,"[""García Hugo""]",1,"[""aff_b64f4c1a52f1367a""]"
25794836,Gerhardt E,"[""Gerhardt Elizabeth""]",1,"[""aff_b5a79ef2b453d0da""]"
25794836,Ibarra C,"[""Ibarra Cristina""]",1,"[""aff_fcab07b7d888d141""]"
25794836,Zotta E,"[""Zotta Elsa""]",1,"[""aff_b5a79ef2b453d0da""]"
25810483,Della-Maggiore V,"[""Della-Maggiore Valeria""]",1,"[""aff_0290d2bdd75ce963""]"
25810483,Grafton S,"[""Grafton Scott T""]",1,"[""aff_d0d03a8a91941e8a""]"
25810483,Gueugneau N,"[""Gueugneau Nicolas""]",1,"[""aff_217bef4cd0cdab8a""]"
25810483,Mc Cabe S,"[""Mc Cabe Sofia I""]",1,"[""aff_217bef4cd0cdab8a""]"
25810483,Villalta J,"[""Villalta Jorge I""]",1,"[""aff_217bef4cd0cdab8a""]"
25819809,Aisemberg J,"[""Aisemberg J""]",1,"[""aff_7632b2f5c08f5b58""]"
25819809,Amaral M,"[""Amaral M M""]",1,"[""aff_b5a79ef2b453d0da""]"
25819809,Cymeryng C,"[""Cymeryng C B""]",1,"[""aff_7632b2f5c08f5b58""]"
25819809,Franchi A,"[""Franchi A M""]",1,"[""aff_7632b2f5c08f5b58""]"
25819809,Ibarra C,"[""Ibarra C""]",1,"[""aff_fcab07b7d888d141""]"
25819809,Sacerdoti F,"[""Sacerdoti F""]",1,"[""aff_b5a79ef2b453d0da""]"
25856239,Bordey A,"[""Bordey Angelique""]",2,"[""aff_14bc7e9ad50a692c"", ""aff_3d00a58bac42ad69""]"
25856239,Greer C,"[""Greer Charles A""]",2,"[""aff_3d00a58bac42ad69"", ""aff_418929afbe3e1028""]"
25856239,Piantanida A,"[""Piantanida Ana Paula""]",2,"[""aff_3c15b18649cefc81"", ""aff_66d92e506dade2f6""]"
25856239,Rela L,"[""Rela Lorena""]",3,"[""aff_3c15b18649cefc81"", ""aff_3d00a58bac42ad69"", ""aff_66d92e506dade2f6""]"
25872916,Belforte J,"[""Belforte Juan E""]",1,"[""aff_f3e1a8beedf35540""]"
25872916,Braz B,"[""Braz Barbara Y""]",1,"[""aff_f3e1a8beedf35540""]"
25872916,Galinanes G,"[""Galiñanes Gregorio L""]",1,"[""aff_f3e1a8beedf35540""]"
25872916,Murer M,"[""Murer M Gustavo""]",1,"[""aff_f3e1a8beedf35540""]"
25872916,Taravini I,"[""Taravini Irene R E""]",1,"[""aff_e05fe42341da6f15""]"
25963416,Fernandez E,"[""Fernández Elmer""]",1,"[""aff_2da7ed3b66cc1960""]"
25963416,Fresno C,"[""Fresno Cristóbal""]",1,"[""aff_fc52f16a563bae6c""]"
25963416,Gershanik O,"[""Gershanik Oscar S""]",1,"[""aff_8b4607951ca57823""]"
25963416,Gomez G,"[""Gomez Gimena""]",1,"[""aff_abc9c6d1b81fa18f""]"
25963416,Gonzalez G,"[""González Germán A""]",1,"[""aff_6092f8d8af729ff9""]"
25963416,Larramendy C,"[""Larramendy Celia""]",1,"[""aff_085c8dbcfdcf5aea""]"
25963416,Murer M,"[""Murer Mario G""]",1,"[""aff_3383ecbb44166433""]"
25963416,Saborido M,"[""Saborido Mariano D""]",1,"[""aff_3be13da2c3543ca9""]"
25963416,Spaans F,"[""Spaans Floor""]",1,"[""aff_7701c2af2e605840""]"
25963416,Taravini I,"[""Taravini Irene R""]",1,"[""aff_f7d2625d3e88a95e""]"
25980432,Cabral P,"[""Cabral P D""]",2,"[""aff_30be19c77b7fe9ec"", ""aff_99a6f6ed7c213299""]"
25980432,Capurro C,"[""Capurro C""]",1,"[""aff_30be19c77b7fe9ec""]"
25980432,Garvin J,"[""Garvin J L""]",1,"[""aff_99a6f6ed7c213299""]"
25981209,Bernabeu R,"[""Bernabeu R O""]",1,"[""aff_6b1c96a5421d50e6""]"
25981209,Faillace M,"[""Faillace M P""]",1,"[""aff_b816617c7bc45891""]"
25981209,Zwiller J,"[""Zwiller J""]",1,"[""aff_e5300512be189189""]"
26030198,Amigo N,"[""Amigo Natalia""]",1,"[""aff_c54896045b11bec4""]"
26030198,Bentancor A,"[""Bentancor Adriana""]",1,"[""aff_0f36299427c1292e""]"
26030198,Cataldi A,"[""Cataldi Angel""]",1,"[""aff_c54896045b11bec4""]"
26030198,Gerhardt E,"[""Gerhardt Elisabeth""]",1,"[""aff_a6a8b38e83885e4a""]"
26030198,Ibarra C,"[""Ibarra Cristina""]",1,"[""aff_a6a8b38e83885e4a""]"
26030198,Larzabal M,"[""Larzábal Mariano""]",1,"[""aff_c54896045b11bec4""]"
26030198,Manning S,"[""Manning Shannon D""]",1,"[""aff_6deeb559c2aa2e67""]"
26030198,Mercado E,"[""Mercado Elsa""]",1,"[""aff_f504af77a7dac60c""]"
26030198,Singh P,"[""Singh Pallavi""]",1,"[""aff_6deeb559c2aa2e67""]"
26030198,Vilte D,"[""Vilte Daniel""]",1,"[""aff_f504af77a7dac60c""]"
26030198,Zotta E,"[""Zotta Elsa""]",1,"[""aff_a6a8b38e83885e4a""]"
26064721,Andrews J,"[""Andrews J""]",1,"[""aff_f92b9ba4b680134a""]"
26064721,Araoz A,"[""Araoz A""]",1,"[""aff_179c57c338aa1280""]"
26064721,Canzonieri R,"[""Canzonieri R""]",1,"[""aff_3484e45d5c25fa94""]"
26064721,Forrester M,"[""Forrester M""]",1,"[""aff_f92b9ba4b680134a""]"
26064721,Karl A,"[""Karl A""]",1,"[""aff_f92b9ba4b680134a""]"
26064721,Lombi F,"[""Lombi F""]",1,"[""aff_f92b9ba4b680134a""]"
26064721,Muryan A,"[""Muryan A""]",1,"[""aff_3484e45d5c25fa94""]"
26064721,Pomeranz V,"[""Pomeranz V""]",1,"[""aff_f92b9ba4b680134a""]"
26064721,Rengel T,"[""Rengel T""]",1,"[""aff_f92b9ba4b680134a""]"
26064721,Schiel A,"[""Schiel A""]",1,"[""aff_3484e45d5c25fa94""]"
26064721,Trimarchi H,"[""Trimarchi H""]",1,"[""aff_f92b9ba4b680134a""]"
26064721,Zotta E,"[""Zotta E""]",1,"[""aff_179c57c338aa1280""]"
26192095,Bustamante J,"[""Bustamante J""]",1,"[""aff_31978df891cc1f80""]"
26192095,Cutrera R,"[""Cutrera R A""]",1,"[""aff_e0e786e15efeb90e""]"
26192095,Czerniczyniec A,"[""Czerniczyniec A""]",1,"[""aff_31978df891cc1f80""]"
26192095,Karadayian A,"[""Karadayian A G""]",1,"[""aff_31978df891cc1f80""]"
26192095,Lombardi P,"[""Lombardi P""]",1,"[""aff_31978df891cc1f80""]"
26192095,Lores-Arnaiz S,"[""Lores-Arnaiz S""]",1,"[""aff_ad38561ba3949cae""]"
26335361,Amaral M,"[""Amaral María M""]",1,"[""aff_e4246186eb7ab649""]"
26335361,Girard M,"[""Girard Magalí C""]",1,"[""aff_133890e35e9024be""]"
26335361,Ibarra C,"[""Ibarra Cristina""]",1,"[""aff_133890e35e9024be""]"
26335361,Repetto H,"[""Repetto Horacio A""]",1,"[""aff_1634010af039ed03""]"
26335361,Rivera F,"[""Rivera Fulton P""]",1,"[""aff_133890e35e9024be""]"
26335361,Sacerdoti F,"[""Sacerdoti Flavia""]",1,"[""aff_133890e35e9024be""]"
26470817,Damiano A,"[""Damiano Alicia E""]",1,"[""aff_457bad5e76aa544d""]"
26470817,Dietrich V,"[""Dietrich Valeria""]",1,"[""aff_feaf1f6443810fc3""]"
26484945,Bisagno V,"[""Bisagno Verónica""]",1,"[""aff_1f0da6583f4def16""]"
26484945,Garcia-Rill E,"[""Garcia-Rill Edgar""]",1,"[""aff_18364756813db116""]"
26484945,Gingrich J,"[""Gingrich Jay A""]",1,"[""aff_4f0cbe8c7e7083fa""]"
26484945,Goitia B,"[""Goitia Belén""]",2,"[""aff_1f0da6583f4def16"", ""aff_2665c3c0f87d53ff""]"
26484945,Rivero-Echeto M,"[""Rivero-Echeto María Celeste""]",2,"[""aff_1f0da6583f4def16"", ""aff_2665c3c0f87d53ff""]"
26484945,Urbano F,"[""Urbano Francisco J""]",1,"[""aff_2665c3c0f87d53ff""]"
26484945,Weisstaub N,"[""Weisstaub Noelia V""]",1,"[""aff_874dfc8e1d00d458""]"
26493441,Gonzalez M,"[""Gonzalez Maria Carolina""]",1,"[""aff_5a33851ac515a4c8""]"
26493441,Igaz L,"[""Igaz Lionel M""]",1,"[""aff_34d230244c82198c""]"
26493441,Medina J,"[""Medina Jorge H""]",1,"[""aff_bf78ff2abd5f078c""]"
26493441,Villar M,"[""Villar Maria Eugenia""]",1,"[""aff_5a33851ac515a4c8""]"
26493441,Viola H,"[""Viola Haydée""]",1,"[""aff_5a33851ac515a4c8""]"
26568619,Castro-Parodi M,"[""Castro-Parodi M""]",1,"[""aff_16c47262ce39acb1""]"
26568619,Damiano A,"[""Damiano A E""]",1,"[""aff_f8478922c4996e95""]"
26568619,Martinez N,"[""Martinez N""]",1,"[""aff_0211bfda88182203""]"
26568619,Maskin B,"[""Maskin B""]",1,"[""aff_e09388b2adc97070""]"
26568619,Repetto M,"[""Repetto M""]",1,"[""aff_f48d6f1e1ca521ca""]"
26568619,Reppetti J,"[""Reppetti J""]",1,"[""aff_16c47262ce39acb1""]"
26568619,Szpilbarg N,"[""Szpilbarg N""]",1,"[""aff_0211bfda88182203""]"
26656723,Della-Maggiore V,"[""Della-Maggiore Valeria""]",1,"[""aff_07bf92a9139dfeda""]"
26656723,Kovacevic N,"[""Kovacevic Natasa""]",1,"[""aff_454a3aa7c89d859b""]"
26656723,McIntosh A,"[""McIntosh Anthony Randal""]",1,"[""aff_454a3aa7c89d859b""]"
26656723,Villalta J,"[""Villalta Jorge I""]",1,"[""aff_07bf92a9139dfeda""]"
26779016,Bekinschtein P,"[""Bekinschtein Pedro""]",1,"[""aff_757ed4495b008297""]"
26779016,Ciccia L,"[""Ciccia Lucia""]",1,"[""aff_380f0b28f5efd945""]"
26779016,Gingrich J,"[""Gingrich Jay A""]",1,"[""aff_3fc6660c678104fd""]"
26779016,Malleret G,"[""Malleret Gaël""]",1,"[""aff_23127281358a4075""]"
26779016,Morici J,"[""Morici Juan F""]",1,"[""aff_380f0b28f5efd945""]"
26779016,Weisstaub N,"[""Weisstaub Noelia V""]",1,"[""aff_380f0b28f5efd945""]"
26842625,Andrews J,"[""Andrews José""]",1,"[""aff_cfd267c8fd822ba6""]"
26842625,Araoz A,"[""Aráoz Alicia""]",1,"[""aff_56fd823df65626ee""]"
26842625,Canzonieri R,"[""Canzonieri Romina""]",1,"[""aff_0fa2cdb133d14994""]"
26842625,Forrester M,"[""Forrester Mariano""]",1,"[""aff_cfd267c8fd822ba6""]"
26842625,Iriarte R,"[""Iriarte Romina""]",1,"[""aff_cfd267c8fd822ba6""]"
26842625,Lombi F,"[""Lombi Fernando""]",1,"[""aff_cfd267c8fd822ba6""]"
26842625,Muryan A,"[""Muryan Alexis""]",1,"[""aff_0fa2cdb133d14994""]"
26842625,Paulero M,"[""Paulero Matías""]",1,"[""aff_cfd267c8fd822ba6""]"
26842625,Politei J,"[""Politei Juan""]",1,"[""aff_a948fc8ec0153129""]"
26842625,Pomeranz V,"[""Pomeranz Vanesa""]",1,"[""aff_cfd267c8fd822ba6""]"
26842625,Rengel T,"[""Rengel Tatiana""]",1,"[""aff_cfd267c8fd822ba6""]"
26842625,Schiel A,"[""Schiel Amalia""]",1,"[""aff_0fa2cdb133d14994""]"
26842625,Stern A,"[""Stern Aníbal""]",1,"[""aff_0fa2cdb133d14994""]"
26842625,Trimarchi H,"[""Trimarchi Hernán""]",2,"[""aff_b8dd4f653d4b2d82"", ""aff_f8b1c72d2c26f0a3""]"
26842625,Young P,"[""Young Pablo""]",1,"[""aff_35b4b21674b69eea""]"
26842625,Zotta E,"[""Zotta Elsa""]",1,"[""aff_56fd823df65626ee""]"
26942026,Andrews J,"[""Andrews J""]",1,"[""aff_59cff27019488d2a""]"
26942026,Araoz A,"[""Araoz A""]",1,"[""aff_179c57c338aa1280""]"
26942026,Canzonieri R,"[""Canzonieri R""]",1,"[""aff_efd3a4cbff7bff74""]"
26942026,Forrester M,"[""Forrester M""]",1,"[""aff_59cff27019488d2a""]"
26942026,Iriarte R,"[""Iriarte R""]",1,"[""aff_59cff27019488d2a""]"
26942026,Lombi F,"[""Lombi F""]",1,"[""aff_59cff27019488d2a""]"
26942026,Muryan A,"[""Muryan A""]",1,"[""aff_efd3a4cbff7bff74""]"
26942026,Paulero M,"[""Paulero M""]",1,"[""aff_59cff27019488d2a""]"
26942026,Pomeranz V,"[""Pomeranz V""]",1,"[""aff_59cff27019488d2a""]"
26942026,Rengel T,"[""Rengel T""]",1,"[""aff_59cff27019488d2a""]"
26942026,Schiel A,"[""Schiel A""]",1,"[""aff_efd3a4cbff7bff74""]"
26942026,Trimarchi H,"[""Trimarchi H""]",1,"[""aff_59cff27019488d2a""]"
26942026,Zotta E,"[""Zotta E""]",1,"[""aff_179c57c338aa1280""]"
27015899,Andrews J,"[""Andrews José""]",1,"[""aff_cfd267c8fd822ba6""]"
27015899,Araoz A,"[""Aráoz Alicia""]",1,"[""aff_56fd823df65626ee""]"
27015899,Canzonieri R,"[""Canzonieri Romina""]",1,"[""aff_0fa2cdb133d14994""]"
27015899,Forrester M,"[""Forrester Mariano""]",1,"[""aff_cfd267c8fd822ba6""]"
27015899,Iriarte R,"[""Iriarte Romina""]",1,"[""aff_cfd267c8fd822ba6""]"
27015899,Lombi F,"[""Lombi Fernando""]",1,"[""aff_cfd267c8fd822ba6""]"
27015899,Muryan A,"[""Muryan Alexis""]",1,"[""aff_0fa2cdb133d14994""]"
27015899,Paulero M,"[""Paulero Matías""]",1,"[""aff_cfd267c8fd822ba6""]"
27015899,Politei J,"[""Politei Juan""]",1,"[""aff_a948fc8ec0153129""]"
27015899,Pomeranz V,"[""Pomeranz Vanesa""]",1,"[""aff_cfd267c8fd822ba6""]"
27015899,Rengel T,"[""Rengel Tatiana""]",1,"[""aff_cfd267c8fd822ba6""]"
27015899,Schiel A,"[""Schiel Amalia""]",1,"[""aff_0fa2cdb133d14994""]"
27015899,Stern A,"[""Stern Aníbal""]",1,"[""aff_0fa2cdb133d14994""]"
27015899,Trimarchi H,"[""Trimarchi Hernán""]",2,"[""aff_b8dd4f653d4b2d82"", ""aff_f8b1c72d2c26f0a3""]"
27015899,Young P,"[""Young Pablo""]",1,"[""aff_35b4b21674b69eea""]"
27015899,Zotta E,"[""Zotta Elsa""]",1,"[""aff_56fd823df65626ee""]"
27016670,Fernandez J,"[""Fernández Juan Manuel""]",1,"[""aff_02dcb411a26a5fd0""]"
27016670,Fullana J,"[""Fullana José María""]",1,"[""aff_ca6d73dfef232205""]"
27016670,Gaudric J,"[""Gaudric Julien""]",1,"[""aff_9dbb0d59bdf7c7d0""]"
27016670,Ghigo A,"[""Ghigo Arthur""]",1,"[""aff_a937da78351a84c0""]"
27016670,Khelifa I,"[""Khelifa Ismaïl""]",1,"[""aff_7cfdbeb18e480ee2""]"
27016670,Lagree P,"[""Lagrée Pierre-Yves""]",1,"[""aff_ca6d73dfef232205""]"
27016670,Politi M,"[""Politi María Teresa""]",1,"[""aff_7c4c03c3c032b3b8""]"
27016779,Aban C,"[""Abán Cyntia E""]",1,"[""aff_1c0d65d3200f6917""]"
27016779,Damiano A,"[""Damiano Alicia E""]",1,"[""aff_f3cb42547abaaf14""]"
27016779,Farina M,"[""Farina Mariana G""]",1,"[""aff_1c0d65d3200f6917""]"
27016779,Leguizamon G,"[""Leguizamón Gustavo F""]",1,"[""aff_0ff74788f5411c76""]"
27016779,Martinez N,"[""Martínez Nora""]",1,"[""aff_af27eae0050b46ad""]"
27130259,Ballarini F,"[""Ballarini Fabricio""]",1,"[""aff_faa68e8928ae31ad""]"
27130259,Lopes da Cunha P,"[""Lopes da Cunha Pamela""]",1,"[""aff_f04e5ef64ca0bd3c""]"
27130259,Martinez M,"[""Martinez María Cecilia""]",1,"[""aff_ef8e2ea5ad727311""]"
27130259,Villar M,"[""Villar María Eugenia""]",1,"[""aff_fc7525f67a87322b""]"
27130259,Viola H,"[""Viola Haydee""]",1,"[""aff_93194571ab72d28c""]"
27191152,Capurro C,"[""Capurro Claudia""]",1,"[""aff_8cdecdaff6994559""]"
27191152,Christensen M,"[""Christensen María José""]",1,"[""aff_8cdecdaff6994559""]"
27191152,Di Giusto G,"[""Di Giusto Gisela""]",1,"[""aff_8cdecdaff6994559""]"
27191152,Ford P,"[""Ford Paula""]",1,"[""aff_8cdecdaff6994559""]"
27191152,Rivarola V,"[""Rivarola Valeria""]",1,"[""aff_8cdecdaff6994559""]"
27225760,Belforte J,"[""Belforte Juan E""]",1,"[""aff_58c02760b494e4c9""]"
27225760,Escande M,"[""Escande Mariela V""]",1,"[""aff_893f2761d4123230""]"
27225760,Murer M,"[""Murer M Gustavo""]",1,"[""aff_58c02760b494e4c9""]"
27225760,Taravini I,"[""Taravini Irene R E""]",1,"[""aff_a371d298b7a40641""]"
27225760,Zold C,"[""Zold Camila L""]",1,"[""aff_58c02760b494e4c9""]"
27321160,Blake M,"[""Blake M G""]",1,"[""aff_f6332e3086967dd9""]"
27321160,Boccia M,"[""Boccia M M""]",1,"[""aff_ff726aafe17cb92c""]"
27321160,Feld M,"[""Feld M""]",1,"[""aff_f7ddf2d800fb1b34""]"
27321160,Krawczyk M,"[""Krawczyk M C""]",1,"[""aff_38c7cbdea0e5929d""]"
27321160,Navarro N,"[""Navarro N""]",1,"[""aff_38c7cbdea0e5929d""]"
27321160,Romano A,"[""Romano A""]",1,"[""aff_5777df2da578d774""]"
27342375,Castro-Parodi M,"[""Castro-Parodi Mauricio""]",1,"[""aff_16c47262ce39acb1""]"
27342375,Damiano A,"[""Damiano Alicia E""]",1,"[""aff_92d21ef695e9337b""]"
27342375,Farina M,"[""Farina Mariana""]",1,"[""aff_4f3f75f925893e51""]"
27342375,Herlax V,"[""Herlax Vanesa""]",1,"[""aff_28022c07b7d14f83""]"
27342375,Levi L,"[""Levi Lorena""]",1,"[""aff_16c47262ce39acb1""]"
27342375,Martinez N,"[""Martínez Nora""]",1,"[""aff_a4de4d80af177a8d""]"
27342375,Mate S,"[""Mate Sabina""]",1,"[""aff_28022c07b7d14f83""]"
27342375,Piehl L,"[""Piehl Lidia L""]",1,"[""aff_a30f9286ac44cacf""]"
27342375,Rubin De Celis E,"[""Rubín De Celis Emilio""]",1,"[""aff_a30f9286ac44cacf""]"
27419661,Coll L,"[""Coll Lucia""]",1,"[""aff_623532a2745f8700""]"
27419661,Lempel A,"[""Lempel Augusto Abel""]",1,"[""aff_623532a2745f8700""]"
27419661,Piriz J,"[""Piriz Joaquin""]",2,"[""aff_623532a2745f8700"", ""aff_638dacceba6b8d0c""]"
27419661,Schinder A,"[""Schinder Alejandro F""]",1,"[""aff_f560b50e5f968676""]"
27419661,Uchitel O,"[""Uchitel Osvaldo Daniel""]",1,"[""aff_623532a2745f8700""]"
27431292,Bello E,"[""Bello E P""]",1,"[""aff_6542dac6e7b0ddf4""]"
27431292,Belluscio M,"[""Belluscio M A""]",1,"[""aff_9a3894a764dbe156""]"
27431292,Casas-Cordero R,"[""Casas-Cordero R""]",1,"[""aff_6542dac6e7b0ddf4""]"
27431292,Casey E,"[""Casey E""]",1,"[""aff_6542dac6e7b0ddf4""]"
27431292,Galinanes G,"[""Galiñanes G L""]",1,"[""aff_9a3894a764dbe156""]"
27431292,Murer M,"[""Murer M G""]",2,"[""aff_9a3894a764dbe156"", ""aff_f73937e0e22e9999""]"
27431292,Noain D,"[""Noaín D""]",1,"[""aff_6542dac6e7b0ddf4""]"
27431292,Rodriguez V,"[""Rodríguez V""]",1,"[""aff_6542dac6e7b0ddf4""]"
27431292,Rubinstein M,"[""Rubinstein M""]",2,"[""aff_4745d4c222c4d4ea"", ""aff_6542dac6e7b0ddf4""]"
27488203,Aban C,"[""Abán C""]",1,"[""aff_acad6906fc146de6""]"
27488203,Albamonte I,"[""Albamonte I""]",1,"[""aff_336d559d0a93ab0f""]"
27488203,Carou C,"[""Carou C""]",1,"[""aff_d3abee6767fd46ce""]"
27488203,Damiano A,"[""Damiano A""]",2,"[""aff_14f00333d118f1d3"", ""aff_16c47262ce39acb1""]"
27488203,Farina M,"[""Farina M""]",1,"[""aff_8a273ef1ab78d34a""]"
27488203,Franchi A,"[""Franchi A""]",1,"[""aff_2d837627df81b02b""]"
27488203,Leguizamon G,"[""Leguizamón G""]",1,"[""aff_a39237c59753476a""]"
27488203,Martinez N,"[""Martinez N""]",1,"[""aff_14f00333d118f1d3""]"
27488203,Seyahian A,"[""Seyahian A""]",1,"[""aff_14f00333d118f1d3""]"
27488203,Toro A,"[""Toro A""]",1,"[""aff_480d488e74261737""]"
27488203,Trigubo D,"[""Trigubo D""]",1,"[""aff_a39237c59753476a""]"
27521227,Araoz A,"[""Araoz Alicia""]",1,"[""aff_eaa59edc77a01795""]"
27521227,Ibarra F,"[""Ibarra Fernando R""]",1,"[""aff_b8b4ed077d98356b""]"
27521227,Marquez L,"[""Márquez Laura B""]",1,"[""aff_833389ea9e724f8f""]"
27521227,Repetto H,"[""Repetto Horacio A""]",1,"[""aff_90025ddadb9eef05""]"
27521227,Silberstein C,"[""Silberstein Claudia""]",1,"[""aff_35eb4f3a5a5d8b4e""]"
27527816,Alvarez R,"[""Alvarez Romina Soledad""]",1,"[""aff_b5a79ef2b453d0da""]"
27527816,Amaral M,"[""Amaral María M""]",1,"[""aff_b5a79ef2b453d0da""]"
27527816,Bruballa A,"[""Bruballa Andrea C""]",1,"[""aff_20b77bcd704663d1""]"
27527816,Ibarra C,"[""Ibarra Cristina""]",1,"[""aff_fcab07b7d888d141""]"
27527816,Mejias M,"[""Mejías María P""]",1,"[""aff_20b77bcd704663d1""]"
27527816,Palermo M,"[""Palermo Marina S""]",1,"[""aff_20b77bcd704663d1""]"
27527816,Sacerdoti F,"[""Sacerdoti Flavia""]",1,"[""aff_b5a79ef2b453d0da""]"
27568555,Avale M,"[""Avale María Elena""]",1,"[""aff_030479e2ce3470c0""]"
27568555,Flores-Barrera E,"[""Flores-Barrera Eden""]",1,"[""aff_db9a85fbd38a3bee""]"
27568555,Murer M,"[""Murer Mario Gustavo""]",1,"[""aff_95f2b25c237b1d7e""]"
27568555,Prost M,"[""Prost María Alejandra""]",1,"[""aff_95f2b25c237b1d7e""]"
27568555,Rela L,"[""Rela Lorena""]",1,"[""aff_95f2b25c237b1d7e""]"
27568555,Sanchez G,"[""Sánchez Gonzalo M""]",1,"[""aff_95f2b25c237b1d7e""]"
27568555,Taravini I,"[""Taravini Irene R E""]",1,"[""aff_f41748f58b45f25d""]"
27568555,Tseng K,"[""Tseng Kuei Y""]",1,"[""aff_db9a85fbd38a3bee""]"
27568555,Tubert C,"[""Tubert Cecilia""]",1,"[""aff_c468475c6b2a13e0""]"
27625602,De Oliveira L,"[""De Oliveira Laura A S""]",1,"[""aff_7bf61284bc2bf88d""]"
27625602,Della-Maggiore V,"[""Della-Maggiore Valeria""]",1,"[""aff_e9bc89904d44eca1""]"
27625602,Nogueira-Campos A,"[""Nogueira-Campos Anaelli A""]",1,"[""aff_361a75cd489d2577""]"
27625602,Rodrigues E,"[""Rodrigues Erika C""]",1,"[""aff_7bf61284bc2bf88d""]"
27625602,Saunier G,"[""Saunier Ghislain""]",1,"[""aff_9de42c9cf06932f5""]"
27625602,Vargas C,"[""Vargas Claudia D""]",1,"[""aff_5572db135a66575e""]"
27695468,Amodeo G,"[""Amodeo Gabriela""]",1,"[""aff_31270dcc04180389""]"
27695468,Chara O,"[""Chara Osvaldo""]",1,"[""aff_5a723dc47d19ac4a""]"
27695468,Ozu M,"[""Ozu Marcelo""]",1,"[""aff_d79374c81f3c9284""]"
27695468,Sutka M,"[""Sutka Moira""]",1,"[""aff_31270dcc04180389""]"
27695468,Vitali V,"[""Vitali Victoria""]",1,"[""aff_31270dcc04180389""]"
27733175,Andrews J,"[""Andrews J""]",1,"[""aff_3096e1df35581be8""]"
27733175,Canzonieri R,"[""Canzonieri R""]",1,"[""aff_9f68a053f8172122""]"
27733175,Costales-Collaguazo C,"[""Costales-Collaguazo C""]",1,"[""aff_bf3aef72481c723c""]"
27733175,Forrester M,"[""Forrester M""]",1,"[""aff_3096e1df35581be8""]"
27733175,Iriarte R,"[""Iriarte R""]",1,"[""aff_3096e1df35581be8""]"
27733175,Lombi M,"[""Lombi M""]",1,"[""aff_3096e1df35581be8""]"
27733175,Muryan A,"[""Muryan A""]",1,"[""aff_9f68a053f8172122""]"
27733175,Ortiz A,"[""Ortiz A""]",2,"[""aff_8e4e0251c391bfd6"", ""aff_a0c58bcca0fd4272""]"
27733175,Paulero M,"[""Paulero M""]",1,"[""aff_3096e1df35581be8""]"
27733175,Politei J,"[""Politei J""]",1,"[""aff_723bc24aa366ae97""]"
27733175,Pomeranz V,"[""Pomeranz V""]",1,"[""aff_3096e1df35581be8""]"
27733175,Rengel T,"[""Rengel T""]",1,"[""aff_3096e1df35581be8""]"
27733175,Sanchez-Nino M,"[""Sanchez-Niño M D""]",2,"[""aff_8e3de54dd41b7735"", ""aff_ff10bfa28896ed6e""]"
27733175,Schiel A,"[""Schiel A""]",1,"[""aff_9f68a053f8172122""]"
27733175,Stern A,"[""Stern A""]",1,"[""aff_9f68a053f8172122""]"
27733175,Trimarchi H,"[""Trimarchi H""]",1,"[""aff_76b7ea277c7bf876""]"
27733175,Zotta E,"[""Zotta E""]",1,"[""aff_bf3aef72481c723c""]"
28042026,Cangelosi A,"[""Cangelosi Adriana""]",1,"[""aff_d8b2cb7e03dc7d10""]"
28042026,Geoghegan P,"[""Geoghegan Patricia A""]",1,"[""aff_d8b2cb7e03dc7d10""]"
28042026,Goldstein J,"[""Goldstein Jorge""]",1,"[""aff_6bc224161c465a75""]"
28042026,Pinto A,"[""Pinto Alipio""]",1,"[""aff_f8647c36942943f7""]"
28057514,Castro Parodi M,"[""Castro Parodi Mauricio""]",1,"[""aff_2bf7cc5fb38f2450""]"
28057514,Damiano A,"[""Damiano Alicia""]",1,"[""aff_2bf7cc5fb38f2450""]"
28057514,Hermes R,"[""Hermes Ricardo""]",1,"[""aff_126b3693f1f70e9b""]"
28057514,Ibarra C,"[""Ibarra Cristina""]",1,"[""aff_2bf7cc5fb38f2450""]"
28057514,Lago N,"[""Lago Nestor""]",1,"[""aff_4fa69a238c969106""]"
28057514,Melendi S,"[""Melendi Santiago""]",1,"[""aff_2bf7cc5fb38f2450""]"
28057514,Ochoa F,"[""Ochoa Federico""]",1,"[""aff_2bf7cc5fb38f2450""]"
28057514,Oltra G,"[""Oltra Gisela""]",1,"[""aff_2bf7cc5fb38f2450""]"
28057514,Paton A,"[""Paton Adrienne W""]",1,"[""aff_dab50ee709682b5e""]"
28057514,Paton J,"[""Paton James C""]",1,"[""aff_dab50ee709682b5e""]"
28057514,Seyahian E,"[""Seyahian E Abril""]",1,"[""aff_2bf7cc5fb38f2450""]"
28057514,Zotta E,"[""Zotta Elsa""]",1,"[""aff_0c8e5b6df46e8872""]"
28066234,Alfieri J,"[""Alfieri Julio A""]",1,"[""aff_6c245b5ddda76887""]"
28066234,Igaz L,"[""Igaz Lionel M""]",1,"[""aff_6c245b5ddda76887""]"
28066234,Silva P,"[""Silva Pablo R""]",1,"[""aff_6c245b5ddda76887""]"
28069463,Blake M,"[""Blake M G""]",1,"[""aff_8d09cb3b2f248396""]"
28069463,Boccia M,"[""Boccia M M""]",1,"[""aff_cf05d9cabb768c4a""]"
28069463,Krawczyk M,"[""Krawczyk M C""]",1,"[""aff_cf05d9cabb768c4a""]"
28069463,Navarro N,"[""Navarro N M""]",1,"[""aff_795bfc2422ef9498""]"
28098409,Capurro C,"[""Capurro Claudia""]",1,"[""aff_96bd9f9a9fa792bd""]"
28098409,Di Giusto G,"[""Di Giusto Gisela""]",1,"[""aff_96bd9f9a9fa792bd""]"
28098409,Fernandez J,"[""Fernández Juan""]",1,"[""aff_96bd9f9a9fa792bd""]"
28098409,Ford P,"[""Ford Paula""]",1,"[""aff_96bd9f9a9fa792bd""]"
28098409,Kalstein M,"[""Kalstein Maia""]",1,"[""aff_96bd9f9a9fa792bd""]"
28098409,Netti V,"[""Netti Vanina""]",1,"[""aff_96bd9f9a9fa792bd""]"
28098409,Pizzoni A,"[""Pizzoni Alejandro""]",1,"[""aff_96bd9f9a9fa792bd""]"
28098409,Rivarola V,"[""Rivarola Valeria""]",1,"[""aff_96bd9f9a9fa792bd""]"
28118493,Bernabeu R,"[""Bernabeu Ramón""]",1,"[""aff_1c29c0f7385b0b01""]"
28118493,Bruno-Blanch L,"[""Bruno-Blanch Luis""]",1,"[""aff_51c3072c6d655393""]"
28118493,Otero S,"[""Otero Sofía""]",1,"[""aff_1c29c0f7385b0b01""]"
28118493,Pisera-Fuster A,"[""Pisera-Fuster Antonella""]",1,"[""aff_1c29c0f7385b0b01""]"
28118493,Talevi A,"[""Talevi Alan""]",1,"[""aff_51c3072c6d655393""]"
28130648,Bejarano A,"[""Bejarano A C""]",1,"[""aff_87b8f63f7f9fcce6""]"
28130648,Bernabeu R,"[""Bernabeu R O""]",1,"[""aff_fa8e6198ce99cd0e""]"
28130648,Faillace M,"[""Faillace M P""]",1,"[""aff_87b8f63f7f9fcce6""]"
28130648,Medrano M,"[""Medrano M P""]",1,"[""aff_87b8f63f7f9fcce6""]"
28130648,Pisera-Fuster A,"[""Pisera-Fuster A""]",1,"[""aff_87b8f63f7f9fcce6""]"
28193688,Beccaria J,"[""Beccaria Juan P""]",1,"[""aff_a0fa15620f974ac5""]"
28193688,Belforte J,"[""Belforte Juan E""]",1,"[""aff_e615238faba0e4af""]"
28193688,Braz B,"[""Braz Barbara Y""]",1,"[""aff_a0fa15620f974ac5""]"
28193688,Martos Y,"[""Martos Yanina V""]",1,"[""aff_a0fa15620f974ac5""]"
28193688,Murer M,"[""Murer M Gustavo""]",1,"[""aff_a0fa15620f974ac5""]"
28213811,Blake M,"[""Blake M G""]",1,"[""aff_35e8118072fa08c0""]"
28213811,Boccia M,"[""Boccia M M""]",1,"[""aff_07bee886c037745e""]"
28258575,Damiano A,"[""Damiano Alicia E""]",2,"[""aff_54a8b64a73a8363a"", ""aff_f983070427ab2705""]"
28258575,Martinez N,"[""Martínez Nora""]",1,"[""aff_a4de4d80af177a8d""]"
28432141,Gelb B,"[""Gelb Bruce""]",1,"[""aff_c3307ee508a55bf0""]"
28432141,Pagani M,"[""Pagani Mario Rafael""]",1,"[""aff_680f35fd3ffe6df4""]"
28432141,Rela L,"[""Rela Lorena""]",1,"[""aff_8cfa12d286c1fd6e""]"
28432141,San Martin A,"[""San Martin Alvaro""]",1,"[""aff_8cfa12d286c1fd6e""]"
28439227,Blake M,"[""Blake Mariano""]",1,"[""aff_6f329311f6343e44""]"
28439227,Boccia M,"[""Boccia Mariano M""]",1,"[""aff_f3777d5fae118269""]"
28439227,Freudenthal R,"[""Freudenthal Ramiro""]",2,"[""aff_6c5792e934f2c3b3"", ""aff_7e121574a05e66ef""]"
28439227,Krawczyk M,"[""Krawczyk Maria Del C""]",1,"[""aff_f3777d5fae118269""]"
28439227,Romano A,"[""Romano Arturo""]",2,"[""aff_6c5792e934f2c3b3"", ""aff_7e121574a05e66ef""]"
28439227,Salles A,"[""Salles Angeles""]",2,"[""aff_6c5792e934f2c3b3"", ""aff_7e121574a05e66ef""]"
28473934,Canzonieri R,"[""Canzonieri R""]",1,"[""aff_fc33c3530f54b80c""]"
28473934,Costales-Collaguazo C,"[""Costales-Collaguazo C""]",1,"[""aff_9212ab9caf2bc870""]"
28473934,Forrester M,"[""Forrester M""]",1,"[""aff_cfd267c8fd822ba6""]"
28473934,Gonzalez-Hoyos I,"[""Gonzalez-Hoyos I""]",1,"[""aff_cfd267c8fd822ba6""]"
28473934,Iotti A,"[""Iotti A""]",1,"[""aff_09585924ce1b00ce""]"
28473934,Iriarte R,"[""Iriarte R""]",1,"[""aff_cfd267c8fd822ba6""]"
28473934,Lombi F,"[""Lombi F""]",1,"[""aff_cfd267c8fd822ba6""]"
28473934,Muryan A,"[""Muryan A""]",1,"[""aff_fc33c3530f54b80c""]"
28473934,Paulero M,"[""Paulero M""]",1,"[""aff_cfd267c8fd822ba6""]"
28473934,Pomeranz V,"[""Pomeranz V""]",1,"[""aff_cfd267c8fd822ba6""]"
28473934,Rengel T,"[""Rengel T""]",1,"[""aff_cfd267c8fd822ba6""]"
28473934,Schiel A,"[""Schiel A""]",1,"[""aff_fc33c3530f54b80c""]"
28473934,Stern A,"[""Stern A""]",1,"[""aff_fc33c3530f54b80c""]"
28473934,Trimarchi H,"[""Trimarchi H""]",1,"[""aff_cfd267c8fd822ba6""]"
28473934,Zotta E,"[""Zotta E""]",1,"[""aff_09585924ce1b00ce""]"
28476642,Belforte J,"[""Belforte Juan E""]",1,"[""aff_d8160147f9e5c6cc""]"
28476642,Braz B,"[""Braz Barbara Y""]",1,"[""aff_c79e3ffb822d4d6e""]"
28476642,Galinanes G,"[""Galiñanes Gregorio L""]",1,"[""aff_0497b348a8eb9b11""]"
28476642,Murer M,"[""Murer M Gustavo""]",1,"[""aff_d2f9be1c0a5ffdbb""]"
28486763,Alleva K,"[""Alleva Karina""]",1,"[""aff_defcc35d2c47abb7""]"
28486763,Canessa Fortuna A,"[""Canessa Fortuna Agustina""]",1,"[""aff_defcc35d2c47abb7""]"
28486763,Goldman R,"[""Goldman Ramiro P""]",1,"[""aff_f13a48fb3253ee4b""]"
28486763,Jozefkowicz C,"[""Jozefkowicz Cintia""]",1,"[""aff_defcc35d2c47abb7""]"
28486763,Ozu M,"[""Ozu Marcelo""]",2,"[""aff_700a7a4c184d6f73"", ""aff_f13a48fb3253ee4b""]"
28486763,Sutka M,"[""Sutka Moira""]",1,"[""aff_700a7a4c184d6f73""]"
28523190,Canzonieri R,"[""Canzonieri Romina""]",1,"[""aff_9f68a053f8172122""]"
28523190,Costales-Collaguazo C,"[""Costales-Collaguazo Cristian""]",1,"[""aff_bf3aef72481c723c""]"
28523190,Forrester M,"[""Forrester Mariano""]",1,"[""aff_d260c6cdb1b0bb08""]"
28523190,Iriarte R,"[""Iriarte Romina""]",1,"[""aff_d260c6cdb1b0bb08""]"
28523190,Lombi F,"[""Lombi Fernando""]",1,"[""aff_d260c6cdb1b0bb08""]"
28523190,Muryan A,"[""Muryan Alexis""]",1,"[""aff_9f68a053f8172122""]"
28523190,Ortiz A,"[""Ortiz Alberto""]",2,"[""aff_3d1f532e83990432"", ""aff_8e4e0251c391bfd6""]"
28523190,Paulero M,"[""Paulero Matías""]",1,"[""aff_d260c6cdb1b0bb08""]"
28523190,Politei J,"[""Politei Juan""]",1,"[""aff_fd644ce429ab7af0""]"
28523190,Pomeranz V,"[""Pomeranz Vanesa""]",1,"[""aff_d260c6cdb1b0bb08""]"
28523190,Rengel T,"[""Rengel Tatiana""]",1,"[""aff_d260c6cdb1b0bb08""]"
28523190,Sanchez-Nino M,"[""Sanchez-Niño María Dolores""]",2,"[""aff_3d1f532e83990432"", ""aff_8e4e0251c391bfd6""]"
28523190,Schiel A,"[""Schiel Amalia""]",1,"[""aff_9f68a053f8172122""]"
28523190,Stern A,"[""Stern Aníbal""]",1,"[""aff_9f68a053f8172122""]"
28523190,Trimarchi H,"[""Trimarchi Hernán""]",1,"[""aff_d260c6cdb1b0bb08""]"
28523190,Valino-Rivas L,"[""Valiño-Rivas Lara""]",1,"[""aff_3d1f532e83990432""]"
28523190,Zotta E,"[""Zotta Elsa""]",1,"[""aff_bf3aef72481c723c""]"
28643674,Amaral M,"[""Amaral María Marta""]",1,"[""aff_585d6c26886bf0f0""]"
28643674,Bentancor L,"[""Bentancor Leticia V""]",1,"[""aff_7c59d6b55309d6cb""]"
28643674,Briones G,"[""Briones Gabriel""]",1,"[""aff_7843b8ce05ab09cd""]"
28643674,Ciocchini A,"[""Ciocchini Andrés E""]",1,"[""aff_7843b8ce05ab09cd""]"
28643674,Da Rocha M,"[""Da Rocha Marcelo""]",1,"[""aff_8ee4982ec7c319af""]"
28643674,Fernandez-Brando R,"[""Fernández-Brando Romina J""]",1,"[""aff_85e055e59d8bde34""]"
28643674,Ibarra C,"[""Ibarra Cristina""]",1,"[""aff_585d6c26886bf0f0""]"
28643674,Landriel M,"[""Landriel Martín""]",1,"[""aff_3d16ae11d34f972d""]"
28643674,Palermo M,"[""Palermo Marina S""]",1,"[""aff_e9dda97779efab4f""]"
28643674,Trelles J,"[""Trelles Jorge A""]",1,"[""aff_0685d4d5069d0a09""]"
28643674,Ugarte M,"[""Ugarte Mariana""]",1,"[""aff_3d16ae11d34f972d""]"
28710541,Battista A,"[""Battista Ariadna G""]",1,"[""aff_11ed18e97e2fe311""]"
28710541,Bejarano C,"[""Bejarano Claudio A""]",2,"[""aff_28f9dde996930b0b"", ""aff_30c8abd41e24c198""]"
28710541,Bernabeu R,"[""Bernabeu Ramón O""]",2,"[""aff_28f9dde996930b0b"", ""aff_30c8abd41e24c198""]"
28710541,Faillace M,"[""Faillace Maria Paula""]",3,"[""aff_083ec23f412eaf11"", ""aff_2b96a3a001f83643"", ""aff_5280a87c1d18614b""]"
28710541,Medrano M,"[""Medrano Matías P""]",2,"[""aff_11ed18e97e2fe311"", ""aff_28f9dde996930b0b""]"
28710541,Venera G,"[""Venera Graciela D""]",1,"[""aff_a191b45b3a42ae42""]"
28718802,Alvarez R,"[""Álvarez Romina S""]",1,"[""aff_b5279e05fbb6af80""]"
28718802,Amaral M,"[""Amaral María M""]",1,"[""aff_1bbdbdfcef89d25c""]"
28718802,Girard M,"[""Girard Magalí C""]",1,"[""aff_5a43249c628fabd6""]"
28718802,Ibarra C,"[""Ibarra Cristina A""]",1,"[""aff_d415bccac5fbe3e6""]"
28718802,Paton A,"[""Paton Adrienne W""]",1,"[""aff_29aa327838cdd8ab""]"
28718802,Paton J,"[""Paton James C""]",1,"[""aff_e83720a647217453""]"
28718802,Repetto H,"[""Repetto Horacio A""]",1,"[""aff_12bc9b23d2520f2e""]"
28718802,Sacerdoti F,"[""Sacerdoti Flavia""]",1,"[""aff_e87701eb3ad8dbbb""]"
28888654,Albanese A,"[""Albanese A""]",1,"[""aff_c279eecb7c53fe7c""]"
28888654,Bentancor A,"[""Bentancor A""]",1,"[""aff_fb273ce6782aaee1""]"
28888654,Cantet R,"[""Cantet R""]",1,"[""aff_e78fb6178353a2a4""]"
28888654,Cataldi A,"[""Cataldi A""]",1,"[""aff_95146fa943ba6958""]"
28888654,Chinen I,"[""Chinen I""]",1,"[""aff_7bf518fd88f9b850""]"
28888654,Ibarra C,"[""Ibarra C""]",1,"[""aff_c279eecb7c53fe7c""]"
28888654,Martorelli L,"[""Martorelli L""]",1,"[""aff_8ab716c03800f152""]"
28888654,Mercado E,"[""Mercado E C""]",1,"[""aff_8ab716c03800f152""]"
28888654,Rivas M,"[""Rivas M""]",1,"[""aff_7bf518fd88f9b850""]"
28888654,Vilte D,"[""Vilte D""]",1,"[""aff_8ab716c03800f152""]"
28888654,Zolezzi G,"[""Zolezzi G""]",1,"[""aff_7bf518fd88f9b850""]"
28947572,Hussain Shuler M,"[""Hussain Shuler Marshall G""]",1,"[""aff_e71d232eee924292""]"
28947572,Levy J,"[""Levy Joshua M""]",1,"[""aff_1c49743935125c8a""]"
28947572,Namboodiri V,"[""Namboodiri Vijay Mohan K""]",2,"[""aff_0d4a066729caa8ed"", ""aff_ae0039804c85d993""]"
28947572,Zold C,"[""Zold Camila L""]",1,"[""aff_bb8a3e424b634981""]"
28986756,Alcala M,"[""Alcala Martin""]",1,"[""aff_f3b9c7f27bad1f62""]"
28986756,Asturizaga P,"[""Asturizaga Patricia""]",1,"[""aff_b4bf7164bb190828""]"
28986756,Bueno J,"[""Bueno Julio""]",1,"[""aff_46ecdd393c8be8c3""]"
28986756,Cadavid A,"[""Cadavid Angela""]",1,"[""aff_46ecdd393c8be8c3""]"
28986756,Calderon-Dominguez M,"[""Calderón-Domínguez María""]",1,"[""aff_f3b9c7f27bad1f62""]"
28986756,Clapes S,"[""Clapes Sonia""]",1,"[""aff_934038e0757455b5""]"
28986756,Damiano A,"[""Damiano Alicia E""]",2,"[""aff_90d0edc5647ab870"", ""aff_de0b1dcb964173fe""]"
28986756,Escudero C,"[""Escudero Carlos""]",1,"[""aff_83bd468f7e35eeaf""]"
28986756,Galaviz-Hernandez C,"[""Galaviz-Hernandez Carlos""]",1,"[""aff_f522d37519348218""]"
28986756,Giachini F,"[""Giachini Fernanda Regina""]",1,"[""aff_45d1ff79df1ecbe5""]"
28986756,Lima V,"[""Lima Victor Vitorino""]",1,"[""aff_45d1ff79df1ecbe5""]"
28986756,Martinez N,"[""Martinez Nora""]",1,"[""aff_90d0edc5647ab870""]"
28986756,RIVA-TREM,"[""""]",0,[]
28986756,Ramos M,"[""Ramos María P""]",1,"[""aff_f3b9c7f27bad1f62""]"
28986756,Roberts J,"[""Roberts James M""]",1,"[""aff_d52a77d2cfba0dfc""]"
28986756,Sosa-Macias M,"[""Sosa-Macias Martha""]",1,"[""aff_f522d37519348218""]"
28986756,Teran E,"[""Teran Enrique""]",1,"[""aff_bde1ac9b93d89c05""]"
28986756,Viana M,"[""Viana Marta""]",1,"[""aff_f3b9c7f27bad1f62""]"
29068360,Abrey Recalde M,"[""Abrey Recalde Maria J""]",1,"[""aff_1e0ba8eb89ee6465""]"
29068360,Alberto F,"[""Alberto Fabiana""]",1,"[""aff_7d38f3d04af56582""]"
29068360,Alconcher L,"[""Alconcher Laura""]",1,"[""aff_59804d3622cd8c74""]"
29068360,Alvarez R,"[""Alvarez Romina S""]",1,"[""aff_edaa30310d31176f""]"
29068360,Amaral M,"[""Amaral María M""]",1,"[""aff_6f55f026b97702a4""]"
29068360,Bruballa A,"[""Bruballa Andrea C""]",1,"[""aff_46ae17452d92b7bb""]"
29068360,Exeni R,"[""Exeni Ramon A""]",1,"[""aff_828ef310deaf1171""]"
29068360,Fernandez Brando R,"[""Fernandez Brando Romina J""]",1,"[""aff_b084b652c5535fcb""]"
29068360,Ibarra C,"[""Ibarra Cristina A""]",1,"[""aff_8c7c70fb475a5ab1""]"
29068360,Mejias M,"[""Mejias Maria P""]",1,"[""aff_a3349785a61e9ce9""]"
29068360,Palermo M,"[""Palermo Marina S""]",1,"[""aff_0ff30223dba683af""]"
29068360,Ramos M,"[""Ramos Maria V""]",1,"[""aff_c8b8cabc469e87e0""]"
29085903,Bekinschtein P,"[""Bekinschtein Pedro""]",1,"[""aff_e25e6ae6512507c0""]"
29085903,Bussey T,"[""Bussey Timothy J""]",3,"[""aff_3d1f5223a91c7ecf"", ""aff_6ba3d3b9e1f4db26"", ""aff_8a89f4ad1a2348a9""]"
29085903,Gallo F,"[""Gallo Francisco""]",2,"[""aff_d4357d2d3141bfb7"", ""aff_e25e6ae6512507c0""]"
29085903,Kent B,"[""Kent Brianne A""]",1,"[""aff_d2662da6c9382796""]"
29085903,Miranda M,"[""Miranda Magdalena""]",1,"[""aff_e25e6ae6512507c0""]"
29085903,Morici J,"[""Morici Juan Facundo""]",1,"[""aff_d4357d2d3141bfb7""]"
29085903,Saksida L,"[""Saksida Lisa M""]",3,"[""aff_3d1f5223a91c7ecf"", ""aff_6ba3d3b9e1f4db26"", ""aff_8a89f4ad1a2348a9""]"
29085903,Weisstaub N,"[""Weisstaub Noelia V""]",1,"[""aff_d4357d2d3141bfb7""]"
29108637,Damiano A,"[""Damiano Alicia E""]",1,"[""aff_457bad5e76aa544d""]"
29108637,Szpilbarg N,"[""Szpilbarg Natalia""]",1,"[""aff_feaf1f6443810fc3""]"
29197004,Capobianco E,"[""Capobianco Evangelina""]",1,"[""aff_3dc2cc8e35bbd071""]"
29197004,Martinez N,"[""Martinez Nora""]",1,"[""aff_125efcb0a19992a8""]"
29243846,Capurro C,"[""Capurro Claudia""]",2,"[""aff_9fcba21d7f2313b9"", ""aff_a2561a71dc652c92""]"
29243846,Di Giusto G,"[""Di Giusto Gisela""]",2,"[""aff_9fcba21d7f2313b9"", ""aff_a2561a71dc652c92""]"
29243846,Ford P,"[""Ford Paula""]",2,"[""aff_9fcba21d7f2313b9"", ""aff_a2561a71dc652c92""]"
29243846,Lopez Gonzalez M,"[""López González Macarena""]",1,"[""aff_9fcba21d7f2313b9""]"
29243846,Pizzoni A,"[""Pizzoni Alejandro""]",2,"[""aff_9fcba21d7f2313b9"", ""aff_a2561a71dc652c92""]"
29243846,Rivarola V,"[""Rivarola Valeria""]",2,"[""aff_9fcba21d7f2313b9"", ""aff_a2561a71dc652c92""]"
29355695,Asorey L,"[""Asorey Lucas G""]",1,"[""aff_dd932625353bb829""]"
29355695,Carbone S,"[""Carbone Silvia""]",1,"[""aff_a289cbc6d9de7592""]"
29355695,Cutrera R,"[""Cutrera Rodolfo A""]",1,"[""aff_0dc8facd07e6e2f2""]"
29355695,Gonzalez B,"[""Gonzalez Bárbara J""]",1,"[""aff_a289cbc6d9de7592""]"
29394409,Belforte J,"[""Belforte Juan E""]",1,"[""aff_375631e1c5122c13""]"
29394409,Diaz N,"[""Diaz Noelia B""]",1,"[""aff_375631e1c5122c13""]"
29394409,Eskow Jaunarajs K,"[""Eskow Jaunarajs Karen L""]",1,"[""aff_fd5e1073b20b3752""]"
29394409,Fujita Y,"[""Fujita Yuko""]",1,"[""aff_d7550e81f792792d""]"
29394409,Hashimoto K,"[""Hashimoto Kenji""]",1,"[""aff_d7550e81f792792d""]"
29394409,Jeevakumar V,"[""Jeevakumar Vivek""]",1,"[""aff_42654adad47b9edd""]"
29394409,Jiang S,"[""Jiang Sunny Zhihong""]",1,"[""aff_99c18ca43b8704d8""]"
29394409,Nakao K,"[""Nakao Kazuhito""]",2,"[""aff_42654adad47b9edd"", ""aff_99c18ca43b8704d8""]"
29394409,Nakazawa K,"[""Nakazawa Kazu""]",2,"[""aff_42654adad47b9edd"", ""aff_99c18ca43b8704d8""]"
29394409,Pretell Annan C,"[""Pretell Annan Carlos A""]",1,"[""aff_375631e1c5122c13""]"
29405971,Balconi S,"[""Balconi S""]",1,"[""aff_07e60caea64fcd26""]"
29405971,Corominas A,"[""Corominas A""]",1,"[""aff_07e60caea64fcd26""]"
29405971,Damiano A,"[""Damiano A E""]",1,"[""aff_f9bc29c5d3ec45c5""]"
29405971,Martinez N,"[""Martinez N""]",1,"[""aff_425326c606e437df""]"
29405971,Ortiz M,"[""Ortíz M""]",1,"[""aff_07e60caea64fcd26""]"
29481898,Bernabeu R,"[""Bernabeu R""]",1,"[""aff_1977e38a2e737773""]"
29481898,Faillace M,"[""Faillace M P""]",1,"[""aff_17b1544dfcd34f05""]"
29481898,Pisera-Fuster A,"[""Pisera-Fuster A""]",1,"[""aff_17b1544dfcd34f05""]"
29483033,Albanese A,"[""Albanese Adriana""]",1,"[""aff_b69492c275830c1d""]"
29483033,Amaral M,"[""Amaral Maria Marta""]",1,"[""aff_b69492c275830c1d""]"
29483033,Cataldi A,"[""Cataldi Angel""]",1,"[""aff_1f559e033880a58d""]"
29483033,Fernandez Brando R,"[""Fernandez Brando Romina""]",1,"[""aff_9812952286c5f04c""]"
29483033,Fiorentino G,"[""Fiorentino Gabriela""]",1,"[""aff_9812952286c5f04c""]"
29483033,Ibarra C,"[""Ibarra Cristina""]",1,"[""aff_72422198be497618""]"
29483033,Mercado E,"[""Mercado Elsa C""]",1,"[""aff_1c30aae8b4374179""]"
29483033,Palermo M,"[""Palermo Marina S""]",1,"[""aff_9812952286c5f04c""]"
29483033,Sacerdoti F,"[""Sacerdoti Flavia""]",1,"[""aff_b69492c275830c1d""]"
29483033,Seyahian E,"[""Seyahian E Abril""]",1,"[""aff_b69492c275830c1d""]"
29483033,Vilte D,"[""Vilte Daniel A""]",1,"[""aff_1c30aae8b4374179""]"
29483033,Zotta E,"[""Zotta Elsa""]",1,"[""aff_b69492c275830c1d""]"
29494356,Bellizzi Y,"[""Bellizzi Yanina""]",1,"[""aff_905e8c1354140ed4""]"
29494356,Blank V,"[""Blank Viviana""]",1,"[""aff_905e8c1354140ed4""]"
29494356,Boggian D,"[""Boggián Dora B""]",1,"[""aff_89c34679d0842218""]"
29494356,Cornier P,"[""Cornier Patricia G""]",1,"[""aff_89c34679d0842218""]"
29494356,Delpiccolo C,"[""Delpiccolo Carina M L""]",1,"[""aff_89c34679d0842218""]"
29494356,Mata E,"[""Mata Ernesto G""]",1,"[""aff_89c34679d0842218""]"
29494356,Roguin L,"[""Roguin Leonor P""]",1,"[""aff_905e8c1354140ed4""]"
29494356,Zotta E,"[""Zotta Elsa""]",1,"[""aff_feca71874502ddeb""]"
29567477,Alejandra R,"[""Alejandra Reca""]",1,"[""aff_a4de4d80af177a8d""]"
29567477,Alicia E D,"[""Alicia E Damiano""]",1,"[""aff_e8f368907b06c48c""]"
29567477,Natalia S,"[""Natalia Szpilbarg""]",1,"[""aff_a4de4d80af177a8d""]"
29605667,Bartolomei F,"[""Bartolomei F""]",1,"[""aff_2a78f560666218b0""]"
29605667,Benar C,"[""Bénar C-G""]",1,"[""aff_b0f505531f28eade""]"
29605667,Carron R,"[""Carron R""]",1,"[""aff_f841012a45757f76""]"
29605667,Colombet B,"[""Colombet B""]",1,"[""aff_c7f9af714aaa01ee""]"
29605667,Lagarde S,"[""Lagarde S""]",1,"[""aff_2a78f560666218b0""]"
29605667,Medina Villalon S,"[""Medina Villalon S""]",1,"[""aff_2a78f560666218b0""]"
29605667,Paz R,"[""Paz R""]",1,"[""aff_12767b187b9ad69d""]"
29605667,Pizzo F,"[""Pizzo F""]",1,"[""aff_c7f9af714aaa01ee""]"
29605667,Roehri N,"[""Roehri N""]",1,"[""aff_c7f9af714aaa01ee""]"
29669277,Alvarez R,"[""Alvarez Rodrigo Javier""]",1,"[""aff_9225b2cafc9a7fb7""]"
29669277,Avale M,"[""Avale María Elena""]",1,"[""aff_293d3be8c45688f9""]"
29669277,Belforte J,"[""Belforte Juan Emilio""]",1,"[""aff_9225b2cafc9a7fb7""]"
29669277,Damianich A,"[""Damianich Ana""]",1,"[""aff_d93d0f9178421df9""]"
29669277,Espindola S,"[""Espíndola Sonia Lorena""]",1,"[""aff_d93d0f9178421df9""]"
29669277,Ferrario J,"[""Ferrario Juan Esteban""]",1,"[""aff_c4864a4516659cf9""]"
29669277,Gallo J,"[""Gallo Jean-Marc""]",1,"[""aff_ccfbcf2499463b23""]"
29669277,Sartor M,"[""Sartor Manuela""]",1,"[""aff_d93d0f9178421df9""]"
29717980,Bekinschtein P,"[""Bekinschtein Pedro""]",2,"[""aff_440939cae05a1692"", ""aff_9fbfaf455eb379d0""]"
29717980,Gallo F,"[""Gallo Francisco Tomás""]",2,"[""aff_440939cae05a1692"", ""aff_9fbfaf455eb379d0""]"
29717980,Miranda M,"[""Miranda Magdalena""]",2,"[""aff_440939cae05a1692"", ""aff_9fbfaf455eb379d0""]"
29717980,Morici J,"[""Morici Juan Facundo""]",2,"[""aff_1743cc8c7020d2af"", ""aff_9fbfaf455eb379d0""]"
29717980,Weisstaub N,"[""Weisstaub Noelia V""]",2,"[""aff_1743cc8c7020d2af"", ""aff_9fbfaf455eb379d0""]"
29717980,Zanoni B,"[""Zanoni Belén""]",1,"[""aff_9fbfaf455eb379d0""]"
29755331,Gallo F,"[""Gallo Francisco T""]",1,"[""aff_8bea95437be40bba""]"
29755331,Katche C,"[""Katche Cynthia""]",1,"[""aff_98a8b450e5e90100""]"
29755331,Medina J,"[""Medina Jorge H""]",2,"[""aff_55c20d3f08a996dc"", ""aff_98a8b450e5e90100""]"
29755331,Morici J,"[""Morici Juan F""]",1,"[""aff_8bea95437be40bba""]"
29755331,Weisstaub N,"[""Weisstaub Noelia V""]",1,"[""aff_8bea95437be40bba""]"
29758221,Diaz A,"[""Díaz Analía López""]",1,"[""aff_68b60e7c3529cc40""]"
29758221,Etchenique R,"[""Etchenique Roberto""]",1,"[""aff_eadad6dc2729ba0a""]"
29758221,Murer M,"[""Murer Mario Gustavo""]",1,"[""aff_68b60e7c3529cc40""]"
29758221,Paz R,"[""Paz Rodrigo Manuel""]",1,"[""aff_68b60e7c3529cc40""]"
29758221,Rela L,"[""Rela Lorena""]",1,"[""aff_fa046458e8cdf994""]"
29758221,Stahl A,"[""Stahl Agostina""]",1,"[""aff_68b60e7c3529cc40""]"
29758221,Tubert C,"[""Tubert Cecilia""]",1,"[""aff_68b60e7c3529cc40""]"
29774754,Carbone S,"[""Carbone S""]",2,"[""aff_3813dc13e55ed604"", ""aff_cde3ccd212863f06""]"
29774754,Cutrera R,"[""Cutrera R A""]",1,"[""aff_3813dc13e55ed604""]"
29774754,Gobetto N,"[""Gobetto N""]",1,"[""aff_cde3ccd212863f06""]"
29774754,Moguilevsky J,"[""Moguilevsky J A""]",1,"[""aff_2b2397cf9a636559""]"
29774754,Ponzo O,"[""Ponzo O J""]",1,"[""aff_cde3ccd212863f06""]"
29774754,Reynoso R,"[""Reynoso R""]",1,"[""aff_cde3ccd212863f06""]"
29774754,Samaniego Y,"[""Samaniego Y A""]",1,"[""aff_cde3ccd212863f06""]"
29790838,Capurro C,"[""Capurro Claudia""]",2,"[""aff_234d495e582015a6"", ""aff_b02fd2ea60e937e0""]"
29790838,Ford P,"[""Ford Paula""]",2,"[""aff_234d495e582015a6"", ""aff_b02fd2ea60e937e0""]"
29790838,Netti V,"[""Netti Vanina""]",2,"[""aff_234d495e582015a6"", ""aff_b02fd2ea60e937e0""]"
29790838,Pasantes-Morales H,"[""Pasantes-Morales Herminia""]",1,"[""aff_7086b8256e5d4e68""]"
29790838,Perez-Dominguez M,"[""Pérez-Domínguez Martha""]",1,"[""aff_6d11923e4f1c6981""]"
29790838,Pizzoni A,"[""Pizzoni Alejandro""]",2,"[""aff_234d495e582015a6"", ""aff_b02fd2ea60e937e0""]"
29790838,Ramos-Mandujano G,"[""Ramos-Mandujano Gerardo""]",1,"[""aff_7086b8256e5d4e68""]"
29807709,Barth S,"[""Barth Stefanie A""]",1,"[""aff_5990a59080f9c536""]"
29807709,Cataldi A,"[""Cataldi Angel""]",1,"[""aff_4e1d03a05ef1bbaf""]"
29807709,Fiorentino G,"[""Fiorentino Gabriela A""]",1,"[""aff_a75dd5566e846f78""]"
29807709,Garbaccio S,"[""Garbaccio Sergio G""]",1,"[""aff_28ab0e2471b0a7f8""]"
29807709,Garimano N,"[""Garimano Nicolás""]",1,"[""aff_b5a79ef2b453d0da""]"
29807709,Ibarra C,"[""Ibarra Cristina""]",1,"[""aff_b5a79ef2b453d0da""]"
29807709,Martorelli L,"[""Martorelli Luisina""]",1,"[""aff_28ab0e2471b0a7f8""]"
29807709,Menge C,"[""Menge Christian""]",1,"[""aff_5990a59080f9c536""]"
29807709,Palermo M,"[""Palermo Marina S""]",1,"[""aff_a75dd5566e846f78""]"
29807709,Vilte D,"[""Vilte Daniel A""]",1,"[""aff_28ab0e2471b0a7f8""]"
30102439,Bernabeu R,"[""Bernabeu Ramon Oscar""]",2,"[""aff_30c8abd41e24c198"", ""aff_3c1f1aa6a5d6ee60""]"
30102439,Faillace M,"[""Faillace Maria Paula""]",2,"[""aff_30c8abd41e24c198"", ""aff_3c1f1aa6a5d6ee60""]"
30102439,Medrano M,"[""Medrano Matias Pedro""]",1,"[""aff_3c1f1aa6a5d6ee60""]"
30102439,Paez N,"[""Paez Natalia""]",1,"[""aff_3c1f1aa6a5d6ee60""]"
30102439,Pisera Fuster A,"[""Pisera Fuster Antonella""]",1,"[""aff_3c1f1aa6a5d6ee60""]"
30102439,Sanchis P,"[""Sanchis Pablo Antonio""]",1,"[""aff_3c1f1aa6a5d6ee60""]"
30139698,Collazo A,"[""Collazo Anabella""]",1,"[""aff_a966b07114e8a21b""]"
30139698,Costales-Collaguazo C,"[""Costales-Collaguazo Cristian""]",1,"[""aff_f6d92ce8a4c60f3e""]"
30139698,Fainboin A,"[""Fainboin Alejandro""]",1,"[""aff_a966b07114e8a21b""]"
30139698,Isse L,"[""Isse Lorena""]",1,"[""aff_a966b07114e8a21b""]"
30139698,Liern M,"[""Liern Miguel""]",1,"[""aff_21db1d70fad0d3d7""]"
30139698,Ochoa F,"[""Ochoa Federico""]",1,"[""aff_b051ddc926791c54""]"
30139698,Valencia M,"[""Valencia Maylin""]",1,"[""aff_a966b07114e8a21b""]"
30139698,Vallejo G,"[""Vallejo Graciela""]",1,"[""aff_a966b07114e8a21b""]"
30139698,Zotta E,"[""Zotta Elsa""]",1,"[""aff_f6d92ce8a4c60f3e""]"
30204500,Calo G,"[""Calo Guillermina""]",1,"[""aff_f85484e8d1a3559d""]"
30204500,Gallino L,"[""Gallino Lucila""]",1,"[""aff_f85484e8d1a3559d""]"
30204500,Hauk V,"[""Hauk Vanesa""]",1,"[""aff_f85484e8d1a3559d""]"
30204500,Leiros C,"[""Leirós Claudia Pérez""]",1,"[""aff_f85484e8d1a3559d""]"
30204500,Merech F,"[""Merech Fátima""]",1,"[""aff_f85484e8d1a3559d""]"
30204500,Ochoa F,"[""Ochoa Federico""]",1,"[""aff_cb48feaf2ccd917a""]"
30204500,Paparini D,"[""Paparini Daniel""]",1,"[""aff_f85484e8d1a3559d""]"
30204500,Ramhorst R,"[""Ramhorst Rosanna""]",1,"[""aff_f85484e8d1a3559d""]"
30204500,Vota D,"[""Vota Daiana""]",1,"[""aff_f85484e8d1a3559d""]"
30204500,Waschek J,"[""Waschek James""]",1,"[""aff_d454cf05b6ad6d1b""]"
30204500,Zotta E,"[""Zotta Elsa""]",2,"[""aff_1f01facd1ca0d1c5"", ""aff_cb48feaf2ccd917a""]"
30274180,Amaral M,"[""Amaral Maria M""]",1,"[""aff_917d03aa56a11138""]"
30274180,Bentancor L,"[""Bentancor Leticia""]",1,"[""aff_94d6ea99254aa763""]"
30274180,Galli L,"[""Galli Lucia""]",1,"[""aff_9be17f27dbf2a9ae""]"
30274180,Goldstein J,"[""Goldstein Jorge""]",1,"[""aff_03494a1f040dd060""]"
30274180,Kruger A,"[""Krüger Alejandra""]",1,"[""aff_7f569a3a1ea595f5""]"
30274180,Rojas-Lopez M,"[""Rojas-Lopez Maricarmen""]",1,"[""aff_b3c737898285b4ba""]"
30274180,Torres A,"[""Torres Alfredo G""]",1,"[""aff_c680a196d79bd9f4""]"
30283405,Alsina R,"[""Alsina Ramiro""]",1,"[""aff_ce6f79848aec9c32""]"
30283405,Bumaschny V,"[""Bumaschny Viviana Florencia""]",2,"[""aff_7c732adf1e570f60"", ""aff_ce6f79848aec9c32""]"
30283405,Trotta M,"[""Trotta Milagros""]",1,"[""aff_ce6f79848aec9c32""]"
30300837,Bazzano M,"[""Bazzano María Victoria""]",1,"[""aff_8e0c29e30a934c10""]"
30300837,Beron de Astrada M,"[""Berón de Astrada Martín""]",1,"[""aff_60d79c5e6658cf61""]"
30300837,Elia E,"[""Elia Evelin Mariel""]",1,"[""aff_189a05fa4ae9b3ab""]"
30300837,Martinez N,"[""Martinez Nora""]",1,"[""aff_687510cbc1741c8b""]"
30300837,Sarrible G,"[""Sarrible Gisela Belén""]",1,"[""aff_34ae008b6fce664d""]"
30360505,Amaral M,"[""Amaral María Marta""]",1,"[""aff_165331cabbe62142""]"
30360505,Burdet J,"[""Burdet Juliana""]",1,"[""aff_2dd1bb076cf95d05""]"
30360505,Franchi A,"[""Franchi Ana María""]",1,"[""aff_24ce7c53e152bf8d""]"
30360505,Ibarra C,"[""Ibarra Cristina""]",1,"[""aff_2b89bc840ddf09b3""]"
30360505,Sacerdoti F,"[""Sacerdoti Flavia""]",1,"[""aff_b388351409a5cbda""]"
30360505,Scalise M,"[""Scalise María Luján""]",1,"[""aff_b9ac7fdb5bd918b2""]"
30425647,Castro Parodi M,"[""Castro Parodi Mauricio""]",1,"[""aff_385bd095785cb599""]"
30425647,Damiano A,"[""Damiano Alicia E""]",2,"[""aff_385bd095785cb599"", ""aff_f080ded293ce2aeb""]"
30425647,Di Paola M,"[""Di Paola Mauricio""]",2,"[""aff_385bd095785cb599"", ""aff_f080ded293ce2aeb""]"
30425647,Martinez N,"[""Martínez Nora A""]",1,"[""aff_f080ded293ce2aeb""]"
30425647,Medina Y,"[""Medina Yollyseth""]",1,"[""aff_f080ded293ce2aeb""]"
30425647,Reppetti J,"[""Reppetti Julieta""]",1,"[""aff_f080ded293ce2aeb""]"
30425647,Seyahian A,"[""Seyahian Abril""]",1,"[""aff_f080ded293ce2aeb""]"
30425647,Szpilbarg N,"[""Szpilbarg Natalia""]",1,"[""aff_f080ded293ce2aeb""]"
30458250,Dos Santos-Rodrigues A,"[""Dos Santos-Rodrigues Alexandre""]",1,"[""aff_c08df1959fc57920""]"
30458250,Faillace M,"[""Faillace Maria Paula""]",1,"[""aff_ad76a3ad070e1253""]"
30458250,Mitchell C,"[""Mitchell Claire H""]",1,"[""aff_c59eabd3262836e4""]"
30458250,Ventura A,"[""Ventura Ana Lucia Marques""]",1,"[""aff_6fce53bcf507b3fa""]"
30466042,Albano J,"[""Albano Juan M R""]",1,"[""aff_7417f3a9ca9169e3""]"
30466042,Facelli J,"[""Facelli Julio C""]",1,"[""aff_08498a86af13ef24""]"
30466042,Ferraro M,"[""Ferraro Marta B""]",1,"[""aff_7417f3a9ca9169e3""]"
30466042,Mussini N,"[""Mussini Nahuel""]",1,"[""aff_7417f3a9ca9169e3""]"
30466042,Pickholz M,"[""Pickholz Mónica""]",1,"[""aff_7417f3a9ca9169e3""]"
30466042,Toriano R,"[""Toriano Roxana""]",1,"[""aff_43eb1bc5d1636ebd""]"
30513821,Amaral M,"[""Amaral Maria Marta""]",1,"[""aff_6e5aeff254278ce8""]"
30513821,Bernal A,"[""Bernal Alan Mauro""]",1,"[""aff_6dff560c5f340b71""]"
30513821,Ibarra C,"[""Ibarra Cristina""]",1,"[""aff_006f54e77981bbc8""]"
30513821,Luz D,"[""Luz Daniela""]",1,"[""aff_5146a71bc9957c18""]"
30513821,Moro A,"[""Moro Ana Maria""]",1,"[""aff_2415f7279b61bf72""]"
30513821,Palermo M,"[""Palermo Marina Sandra""]",1,"[""aff_951ebe8e48279c82""]"
30513821,Piazza R,"[""Piazza Roxane Maria Fontes""]",1,"[""aff_159c515b0f14b80a""]"
30513821,Quintilio W,"[""Quintilio Wagner""]",1,"[""aff_846d2fbb48b802d7""]"
30513821,Sacerdoti F,"[""Sacerdoti Flavia""]",1,"[""aff_ce671baa0b2f13d8""]"
30539720,Castro-Parodi M,"[""Castro-Parodi Mauricio""]",1,"[""aff_4b3d9d283afbef14""]"
30539720,Damiano A,"[""Damiano Alicia E""]",1,"[""aff_347ed524c56d4304""]"
30539720,Farina M,"[""Farina Mariana""]",1,"[""aff_2b484cfe4722d8d4""]"
30539720,Martinez N,"[""Martinez Nora""]",1,"[""aff_9778f7d279e99363""]"
30539720,Paola M,"[""Paola Mauricio Di""]",1,"[""aff_c4177f388ce3d737""]"
30539720,Seyahian A,"[""Seyahian Abril""]",1,"[""aff_9778f7d279e99363""]"
30539720,Szpilbarg N,"[""Szpilbarg Natalia""]",1,"[""aff_9778f7d279e99363""]"
30564135,Aban C,"[""Abán Cyntia E""]",1,"[""aff_5ac5df57aa4974a5""]"
30564135,Accialini P,"[""Accialini Paula L""]",1,"[""aff_b69ee39b3cc67bfe""]"
30564135,Etcheverry T,"[""Etcheverry Tomás""]",1,"[""aff_b69ee39b3cc67bfe""]"
30564135,Farina M,"[""Farina Mariana G""]",2,"[""aff_81d6ffcea2ee2436"", ""aff_b69ee39b3cc67bfe""]"
30564135,Leguizamon G,"[""Leguizamón Gustavo F""]",1,"[""aff_a623d90c4b933864""]"
30564135,Martinez N,"[""Martinez Nora A""]",2,"[""aff_789f6b4484afab70"", ""aff_81d6ffcea2ee2436""]"
30619183,Bentancor L,"[""Bentancor Leticia V""]",1,"[""aff_7c59d6b55309d6cb""]"
30619183,Del Cogliano M,"[""Del Cogliano Manuel E""]",1,"[""aff_7c59d6b55309d6cb""]"
30619183,Fernandez-Brando R,"[""Fernández-Brando Romina Jimena""]",1,"[""aff_17cff9d429023f4e""]"
30619183,Ghiringhelli P,"[""Ghiringhelli Pablo D""]",1,"[""aff_7c59d6b55309d6cb""]"
30619183,Goldstein J,"[""Goldstein Jorge""]",1,"[""aff_03ead5288da3ca93""]"
30619183,Muniesa M,"[""Muniesa Maite""]",1,"[""aff_18c4f371625298dc""]"
30619183,Ochoa F,"[""Ochoa Federico""]",1,"[""aff_0348daa324e368d4""]"
30619183,Palermo M,"[""Palermo Marina S""]",1,"[""aff_17cff9d429023f4e""]"
30619183,Pinto A,"[""Pinto Alipio""]",1,"[""aff_03ead5288da3ca93""]"
30619183,Zotta E,"[""Zotta Elsa""]",1,"[""aff_0348daa324e368d4""]"
30620717,Amaral M,"[""Amaral María Marta""]",1,"[""aff_ac2cbbf7768f6cdf""]"
30620717,Damiano A,"[""Damiano Alicia E""]",2,"[""aff_385bd095785cb599"", ""aff_3cca1a26b7ad8bc3""]"
30620717,Ibarra C,"[""Ibarra Cristina""]",1,"[""aff_ac2cbbf7768f6cdf""]"
30620717,Reppetti J,"[""Reppetti Julieta""]",1,"[""aff_3cca1a26b7ad8bc3""]"
30620717,Sacerdoti F,"[""Sacerdoti Flavia""]",1,"[""aff_ac2cbbf7768f6cdf""]"
30620717,Scalise M,"[""Scalise María Luján""]",1,"[""aff_ac2cbbf7768f6cdf""]"
30628061,Acosta L,"[""Acosta Luis Ernesto""]",2,"[""aff_40c7a82f2c8aa783"", ""aff_ddae692c92ed8cbb""]"
30628061,Brocardo L,"[""Brocardo Lucila""]",2,"[""aff_40c7a82f2c8aa783"", ""aff_ddae692c92ed8cbb""]"
30628061,Capurro C,"[""Capurro Claudia""]",2,"[""aff_40c7a82f2c8aa783"", ""aff_ddae692c92ed8cbb""]"
30628061,Greer C,"[""Greer Charles A""]",2,"[""aff_7917923f159f2c75"", ""aff_d980a4294f72dfd1""]"
30628061,Piantanida A,"[""Piantanida Ana Paula""]",2,"[""aff_40c7a82f2c8aa783"", ""aff_ddae692c92ed8cbb""]"
30628061,Rela L,"[""Rela Lorena""]",2,"[""aff_40c7a82f2c8aa783"", ""aff_ddae692c92ed8cbb""]"
30658119,Bustamante J,"[""Bustamante J""]",1,"[""aff_897c40e6df90ec1b""]"
30658119,Cutrera R,"[""Cutrera R""]",1,"[""aff_e4cfad4c689b1ea7""]"
30658119,Karadayian A,"[""Karadayian A G""]",1,"[""aff_1f709089357dee21""]"
30658119,Lombardi P,"[""Lombardi P""]",1,"[""aff_1f709089357dee21""]"
30658119,Lores-Arnaiz S,"[""Lores-Arnaiz S""]",1,"[""aff_ad7429af760076cc""]"
30732602,Arenas D,"[""Arenas David""]",1,"[""aff_8b57ce94a9f65a09""]"
30732602,Berdasco C,"[""Berdasco Clara""]",1,"[""aff_8b57ce94a9f65a09""]"
30732602,Calabro V,"[""Calabró Valeria""]",1,"[""aff_1c3b2e65cc5db0d1""]"
30732602,Cangelosi A,"[""Cangelosi Adriana""]",1,"[""aff_00f73494364c1707""]"
30732602,Evelson P,"[""Evelson Pablo""]",2,"[""aff_14f4c08569899194"", ""aff_1c3b2e65cc5db0d1""]"
30732602,Geoghegan P,"[""Geoghegan Patricia""]",1,"[""aff_00f73494364c1707""]"
30732602,Goldstein J,"[""Goldstein Jorge""]",1,"[""aff_bb64ac42ebf9c6ff""]"
30732602,Pinto A,"[""Pinto Alipio""]",1,"[""aff_8b57ce94a9f65a09""]"
30746639,Belforte J,"[""Belforte J E""]",1,"[""aff_b1895623d35d2225""]"
30746639,Escande M,"[""Escande M V""]",1,"[""aff_b1895623d35d2225""]"
30746639,Gershanik O,"[""Gershanik O S""]",2,"[""aff_474dd01122e06115"", ""aff_5bcb4fb4b8b3ed23""]"
30746639,Gomez G,"[""Gomez G""]",2,"[""aff_474dd01122e06115"", ""aff_5bcb4fb4b8b3ed23""]"
30746639,Moratalla R,"[""Moratalla R""]",2,"[""aff_b3cb2146fe063764"", ""aff_be102b1b3275f070""]"
30746639,Murer M,"[""Murer M G""]",1,"[""aff_b1895623d35d2225""]"
30746639,Rela L,"[""Rela L""]",1,"[""aff_b1895623d35d2225""]"
30746639,Suarez L,"[""Suarez L M""]",2,"[""aff_b3cb2146fe063764"", ""aff_be102b1b3275f070""]"
30746639,Taravini I,"[""Taravini I R E""]",3,"[""aff_3e7ff306361189c7"", ""aff_b8b11627be8b8e1b"", ""aff_e2d98346afc74265""]"
30747154,Canzonieri R,"[""Canzonieri Romina""]",1,"[""aff_9f68a053f8172122""]"
30747154,Costales-Collaguazo C,"[""Costales-Collaguazo Cristian""]",1,"[""aff_bf3aef72481c723c""]"
30747154,Forrester M,"[""Forrester Mariano""]",1,"[""aff_d260c6cdb1b0bb08""]"
30747154,Gonzalez-Hoyos I,"[""González-Hoyos Ivan""]",1,"[""aff_d260c6cdb1b0bb08""]"
30747154,Iriarte R,"[""Iriarte Romina""]",1,"[""aff_d260c6cdb1b0bb08""]"
30747154,Lombi F,"[""Lombi Fernando""]",1,"[""aff_d260c6cdb1b0bb08""]"
30747154,Muryan A,"[""Muryan Alexis""]",1,"[""aff_9f68a053f8172122""]"
30747154,Paulero M,"[""Paulero Matias""]",1,"[""aff_d260c6cdb1b0bb08""]"
30747154,Politei J,"[""Politei Juan""]",1,"[""aff_7acc6e448316a8bb""]"
30747154,Pomeranz V,"[""Pomeranz Vanesa""]",1,"[""aff_d260c6cdb1b0bb08""]"
30747154,Rengel T,"[""Rengel Tatiana""]",1,"[""aff_d260c6cdb1b0bb08""]"
30747154,Schiel A,"[""Schiel Amalia""]",1,"[""aff_9f68a053f8172122""]"
30747154,Stern A,"[""Stern Anibal""]",1,"[""aff_9f68a053f8172122""]"
30747154,Trimarchi H,"[""Trimarchi Hernán""]",1,"[""aff_d260c6cdb1b0bb08""]"
30747154,Zotta E,"[""Zotta Elsa""]",1,"[""aff_bf3aef72481c723c""]"
30826460,Bernabeu R,"[""Bernabeu R""]",1,"[""aff_a9f9c1b68303a8e6""]"
30826460,Faillace M,"[""Faillace M P""]",1,"[""aff_1007b2e6587aeb19""]"
30826460,Pisera-Fuster A,"[""Pisera-Fuster A""]",1,"[""aff_1007b2e6587aeb19""]"
30826460,Rocco L,"[""Rocco L""]",1,"[""aff_1007b2e6587aeb19""]"
30842725,Merlo E,"[""Merlo Emiliano""]",2,"[""aff_3303d001c7b11acb"", ""aff_a3aff8ee1c072148""]"
30842725,Pagani M,"[""Pagani Mario Rafael""]",1,"[""aff_a3aff8ee1c072148""]"
30879772,Armando I,"[""Armando Inés""]",1,"[""aff_512a8311e6a3af21""]"
30879772,Azurmendi P,"[""Azurmendi Pablo J""]",1,"[""aff_022d1e64f078b3df""]"
30879772,Fischer Sigel L,"[""Fischer Sigel Lilian K""]",1,"[""aff_3e1e5a30e7a63365""]"
30879772,Ibarra F,"[""Ibarra Fernando R""]",1,"[""aff_747051c13abbb9ab""]"
30879772,Oddo E,"[""Oddo Elisabet M""]",1,"[""aff_022d1e64f078b3df""]"
30879772,Sanchez D,"[""Sánchez Daiana S""]",1,"[""aff_3e1e5a30e7a63365""]"
30879772,Silberstein C,"[""Silberstein Claudia""]",1,"[""aff_1fa9a60243ecf340""]"
30879772,Vlachovsky S,"[""Vlachovsky Sandra G""]",1,"[""aff_022d1e64f078b3df""]"
30895594,Keifman E,"[""Keifman Ettel""]",2,"[""aff_17d960832bed61b8"", ""aff_9925f4777f1cdf64""]"
30895594,Moratalla R,"[""Moratalla Rosario""]",2,"[""aff_17d960832bed61b8"", ""aff_3e518a1ad80af884""]"
30895594,Murer M,"[""Murer Mario Gustavo""]",1,"[""aff_9925f4777f1cdf64""]"
30895594,Pafundo D,"[""Pafundo Diego Esteban""]",1,"[""aff_9925f4777f1cdf64""]"
30895594,Paz R,"[""Paz Rodrigo Manuel""]",1,"[""aff_9925f4777f1cdf64""]"
30895594,Ruiz-DeDiego I,"[""Ruiz-DeDiego Irene""]",2,"[""aff_17d960832bed61b8"", ""aff_3e518a1ad80af884""]"
30895594,Solis O,"[""Solís Oscar""]",2,"[""aff_17d960832bed61b8"", ""aff_3e518a1ad80af884""]"
31018904,Damiano A,"[""Damiano Alicia E""]",1,"[""aff_8996ed8fa46943e2""]"
31018904,Etcheverry T,"[""Etcheverry Tomás""]",1,"[""aff_df5f06122e65ed2c""]"
31018904,Farina M,"[""Farina Mariana""]",1,"[""aff_df5f06122e65ed2c""]"
31018904,Martinez N,"[""Martínez Nora""]",1,"[""aff_8ae69a3436b95c1b""]"
31018904,Reppetti J,"[""Reppetti Julieta""]",1,"[""aff_333fa58bbbfec23e""]"
31018904,Sierra M,"[""Sierra Matías N""]",1,"[""aff_05cd3718da2b1b3a""]"
31057366,Blake M,"[""Blake Mariano G""]",1,"[""aff_9a13372647178713""]"
31057366,Boccia M,"[""Boccia Mariano M""]",1,"[""aff_9da4b1c9d652062a""]"
31057366,Feld M,"[""Feld Mariana""]",1,"[""aff_d7343d8c878c41da""]"
31057366,Krawczyk M,"[""Krawczyk Maria C""]",1,"[""aff_9da4b1c9d652062a""]"
31057366,Millan J,"[""Millan Julieta""]",1,"[""aff_9da4b1c9d652062a""]"
31068973,Igaz L,"[""Igaz Lionel M""]",1,"[""aff_2691fdc14f90d42d""]"
31068973,Nieva G,"[""Nieva Gabriela V""]",1,"[""aff_2691fdc14f90d42d""]"
31068973,Silva P,"[""Silva Pablo R""]",1,"[""aff_2691fdc14f90d42d""]"
31396108,Damiano A,"[""Damiano Alicia E""]",2,"[""aff_1a12fec5ff3f588b"", ""aff_385bd095785cb599""]"
31396108,Escudero C,"[""Escudero Carlos""]",1,"[""aff_975f4afdcdf4876f""]"
31396108,Galaviz-Hernandez C,"[""Galaviz-Hernandez Carlos""]",1,"[""aff_3e56710cb54942fc""]"
31396108,Giachini F,"[""Giachini Fernanda Regina""]",1,"[""aff_83418c87b4dbaab1""]"
31396108,RIVA-TREM,"[""""]",0,[]
31521898,Capurro C,"[""Capurro Claudia""]",1,"[""aff_3294c07e1816b6ec""]"
31521898,Carre E,"[""Carre Emmanuelle""]",1,"[""aff_7aa00326aad39b72""]"
31521898,Fernandez J,"[""Fernández Juan Manuel""]",1,"[""aff_1cd98c6256c9099c""]"
31521898,Fullana J,"[""Fullana José María""]",1,"[""aff_6061c4ec47ed9ba5""]"
31521898,Gaudric J,"[""Gaudric Julien""]",1,"[""aff_b256fd7517996fdd""]"
31521898,Politi M,"[""Politi María Teresa""]",1,"[""aff_38c6744abfe62a7f""]"
31521941,Armentano R,"[""Armentano Ricardo""]",1,"[""aff_cd0ccf7de65e68f7""]"
31521941,Capurro C,"[""Capurro Claudia""]",1,"[""aff_8b05b6e60d3ecbed""]"
31521941,Fernandez J,"[""Fernández Juan Manuel""]",1,"[""aff_8b05b6e60d3ecbed""]"
31521941,Gaudric J,"[""Gaudric Julien""]",1,"[""aff_6e9e07724266a76a""]"
31521941,Ghigo A,"[""Ghigo Arthur""]",1,"[""aff_1cc9679f42059533""]"
31521941,Lagree P,"[""Lagrée Pierre-Yves""]",1,"[""aff_9d1c913a37128267""]"
31521941,Politi M,"[""Politi María Teresa""]",1,"[""aff_1642627823f6abd2""]"
31521941,Ventre J,"[""Ventre Jeanne""]",1,"[""aff_efb0f5bfb027f5fc""]"
31535145,Bortman G,"[""Bortman Guillermo""]",1,"[""aff_cb96a252c9ab90c4""]"
31535145,Capurro C,"[""Capurro Claudia""]",1,"[""aff_b8b69b676151d554""]"
31535145,Ferreyra R,"[""Ferreyra Raúl""]",1,"[""aff_cb96a252c9ab90c4""]"
31535145,Morales C,"[""Morales Celina""]",1,"[""aff_9888c3ae0d9378ec""]"
31535145,Netti V,"[""Netti Vanina""]",1,"[""aff_b8b69b676151d554""]"
31535145,Ochoa F,"[""Ochoa Federico""]",1,"[""aff_b8b69b676151d554""]"
31535145,Piazza A,"[""Piazza Antonio""]",1,"[""aff_fb3588a7ecd129d3""]"
31535145,Politi M,"[""Politi María Teresa""]",1,"[""aff_b8b69b676151d554""]"
31535145,Sanjuan N,"[""Sanjuan Norberto""]",1,"[""aff_e27b091ce60a2f65""]"
31541456,Damiano A,"[""Damiano Alicia E""]",2,"[""aff_385bd095785cb599"", ""aff_f7ce6acbfa6c593b""]"
31541456,Martinez N,"[""Martínez Nora""]",1,"[""aff_f7ce6acbfa6c593b""]"
31541456,Medina Y,"[""Medina Yollyseth""]",1,"[""aff_f7ce6acbfa6c593b""]"
31541456,Reca A,"[""Reca Alejandra""]",1,"[""aff_f7ce6acbfa6c593b""]"
31541456,Reppetti J,"[""Reppetti Julieta""]",1,"[""aff_f7ce6acbfa6c593b""]"
31541456,Seyahian E,"[""Seyahian E Abril""]",1,"[""aff_f7ce6acbfa6c593b""]"
31541456,Szpilbarg N,"[""Szpilbarg Natalia""]",1,"[""aff_f7ce6acbfa6c593b""]"
31628683,Beltramone N,"[""Beltramone Natalia""]",1,"[""aff_94c8b74534ecaf74""]"
31628683,Capurro C,"[""Capurro Claudia""]",1,"[""aff_94c8b74534ecaf74""]"
31628683,Di Giusto G,"[""Di Giusto Gisela""]",1,"[""aff_94c8b74534ecaf74""]"
31628683,Ford P,"[""Ford Paula""]",1,"[""aff_94c8b74534ecaf74""]"
31628683,Pizzoni A,"[""Pizzoni Alejandro""]",1,"[""aff_94c8b74534ecaf74""]"
31628683,Rivarola V,"[""Rivarola Valeria""]",1,"[""aff_94c8b74534ecaf74""]"
31628683,White A,"[""White Alan""]",1,"[""aff_94c8b74534ecaf74""]"
31630412,Beckman D,"[""Beckman Danielle""]",1,"[""aff_f81c872bc5ed5af1""]"
31630412,Bocai N,"[""Bocai Nadia I""]",2,"[""aff_67c8cf5c8edf7250"", ""aff_b680313360492a21""]"
31630412,Chedotal A,"[""Chédotal Alain""]",1,"[""aff_af6801709a9591c7""]"
31630412,Chiou B,"[""Chiou Brian""]",1,"[""aff_ff718d7d60ed84db""]"
31630412,Davimes J,"[""Davimes Joshua""]",1,"[""aff_adb9f1bc36876038""]"
31630412,Gomez G,"[""Gomez Gimena""]",1,"[""aff_800ebd1c62140adc""]"
31630412,Grassi S,"[""Grassi Sara""]",1,"[""aff_74e9ac3a4030955a""]"
31630412,Hoque A,"[""Hoque Ashfaqul""]",1,"[""aff_d948c44d632e4572""]"
31630412,Karikari T,"[""Karikari Thomas K""]",3,"[""aff_15be64a871c4ddaf"", ""aff_891224f51168c3c9"", ""aff_e2bb4fe4ec2a830f""]"
31630412,Kiffer F,"[""Kiffer Frederico""]",3,"[""aff_80c59da7f77a18cb"", ""aff_c4baa78702143c0e"", ""aff_e508bee9fda6ff68""]"
31630412,Lopez M,"[""Lopez Mary""]",1,"[""aff_99f2c717daaec750""]"
31630412,Lunghi G,"[""Lunghi Giulia""]",1,"[""aff_3c43c18269feb5ef""]"
31630412,Mazengenya P,"[""Mazengenya Pedzisai""]",1,"[""aff_94682e8fb3639705""]"
31630412,Meier S,"[""Meier Sonja""]",1,"[""aff_9f856431525c3406""]"
31630412,Olguin-Albuerne M,"[""Olguín-Albuerne Mauricio""]",1,"[""aff_7086b8256e5d4e68""]"
31630412,Oliveira M,"[""Oliveira Mauricio M""]",1,"[""aff_98f3de619b952624""]"
31630412,Paraiso-Luna J,"[""Paraíso-Luna Juan""]",2,"[""aff_9b97e19f8ff415b6"", ""aff_9df27d65029ec4f0""]"
31630412,Pradhan J,"[""Pradhan Jonu""]",1,"[""aff_c7f302c07042baf0""]"
31630412,Radiske A,"[""Radiske Andressa""]",1,"[""aff_e268971d5ebb3e38""]"
31630412,Ramos-Hryb A,"[""Ramos-Hryb Ana Belén""]",2,"[""aff_48c2cb670d671069"", ""aff_9c25b5dc2eed5261""]"
31630412,Ribeiro M,"[""Ribeiro Mayara C""]",1,"[""aff_bdcd738e07833b2b""]"
31630412,Roig-Puiggros S,"[""Roig-Puiggros Sergi""]",1,"[""aff_af6801709a9591c7""]"
31630412,Schellino R,"[""Schellino Roberta""]",1,"[""aff_dbacd4fc6d2a01dd""]"
31630412,Selles M,"[""Selles Maria Clara""]",1,"[""aff_4afa02bd543b8fc6""]"
31630412,Singh S,"[""Singh Shripriya""]",1,"[""aff_ff192471596a3be1""]"
31630412,Theotokis P,"[""Theotokis Paschalis""]",1,"[""aff_d5a93b9730de35cc""]"
31630412,Vigouroux R,"[""Vigouroux Robin J""]",1,"[""aff_af6801709a9591c7""]"
31690927,Arzi A,"[""Arzi Anat""]",1,"[""aff_bd0565296f830634""]"
31690927,Bekinschtein T,"[""Bekinschtein Tristan A""]",1,"[""aff_bd0565296f830634""]"
31690927,Canales-Johnson A,"[""Canales-Johnson Andrés""]",3,"[""aff_4656262f6a966ae5"", ""aff_bd0565296f830634"", ""aff_cfa784efefbd3363""]"
31690927,Merlo E,"[""Merlo Emiliano""]",3,"[""aff_bd0565296f830634"", ""aff_bffecf569eede212"", ""aff_c33b723d22027459""]"
31703347,Alvarez R,"[""Álvarez Romina S""]",1,"[""aff_c279eecb7c53fe7c""]"
31703347,Amaral M,"[""Amaral María M""]",1,"[""aff_c279eecb7c53fe7c""]"
31703347,Garimano N,"[""Garimano Nicolás""]",1,"[""aff_c279eecb7c53fe7c""]"
31703347,Ibarra C,"[""Ibarra Cristina""]",1,"[""aff_c279eecb7c53fe7c""]"
31703347,Jancic C,"[""Jancic Carolina""]",2,"[""aff_2d69482a1f682698"", ""aff_ec9263af2a63066f""]"
31703347,Paton A,"[""Paton Adrienne W""]",1,"[""aff_2b43aaeeb6afe199""]"
31703347,Paton J,"[""Paton James C""]",1,"[""aff_2b43aaeeb6afe199""]"
31703347,Sacerdoti F,"[""Sacerdoti Flavia""]",1,"[""aff_c279eecb7c53fe7c""]"
31780897,Acosta L,"[""Acosta Luis Ernesto""]",1,"[""aff_820dd8b50756cf0a""]"
31780897,Brocardo L,"[""Brocardo Lucila""]",1,"[""aff_820dd8b50756cf0a""]"
31780897,Piantanida A,"[""Piantanida Ana Paula""]",1,"[""aff_820dd8b50756cf0a""]"
31780897,Rela L,"[""Rela Lorena""]",1,"[""aff_820dd8b50756cf0a""]"
31811544,Beltramone N,"[""Beltramone Natalia""]",1,"[""aff_8e0dcfbdde3acbf1""]"
31811544,Capurro C,"[""Capurro Claudia""]",1,"[""aff_8e0dcfbdde3acbf1""]"
31811544,Di Giusto G,"[""Di Giusto Gisela""]",1,"[""aff_8e0dcfbdde3acbf1""]"
31811544,Ford P,"[""Ford Paula""]",1,"[""aff_8e0dcfbdde3acbf1""]"
31811544,Mazzocchi M,"[""Mazzocchi Marina""]",1,"[""aff_8e0dcfbdde3acbf1""]"
31811544,Pizzoni A,"[""Pizzoni Alejandro""]",1,"[""aff_8e0dcfbdde3acbf1""]"
31811544,Porta M,"[""Porta Micaela""]",1,"[""aff_8e0dcfbdde3acbf1""]"
31811544,Rivarola V,"[""Rivarola Valeria""]",2,"[""aff_97ad00359151f0d9"", ""aff_c0fdbf20a931d58e""]"
31824869,Amaral M,"[""Amaral María Marta""]",1,"[""aff_cdbb1eda16a801a4""]"
31824869,Garimano N,"[""Garimano Nicolás""]",1,"[""aff_cdbb1eda16a801a4""]"
31824869,Ibarra C,"[""Ibarra Cristina""]",1,"[""aff_cdbb1eda16a801a4""]"
31833146,Garcia-Sanz P,"[""García-Sanz Patricia""]",2,"[""aff_60f30097ab50e683"", ""aff_be102b1b3275f070""]"
31833146,Granado N,"[""Granado Noelia""]",2,"[""aff_60f30097ab50e683"", ""aff_be102b1b3275f070""]"
31833146,Maldonado R,"[""Maldonado Rafael""]",1,"[""aff_eab109220248ecf3""]"
31833146,Martin A,"[""Martín Ana B""]",1,"[""aff_60f30097ab50e683""]"
31833146,Moratalla R,"[""Moratalla Rosario""]",2,"[""aff_60f30097ab50e683"", ""aff_be102b1b3275f070""]"
31833146,Murer M,"[""Murer M Gustavo""]",1,"[""aff_69246669b16f6648""]"
31833146,Podlesniy P,"[""Podlesniy Petar""]",1,"[""aff_be102b1b3275f070""]"
31833146,Sanz-Magro A,"[""Sanz-Magro Adrián""]",2,"[""aff_60f30097ab50e683"", ""aff_be102b1b3275f070""]"
31833146,Solis O,"[""Solís Oscar""]",2,"[""aff_60f30097ab50e683"", ""aff_be102b1b3275f070""]"
31833146,Trullas R,"[""Trullas Ramón""]",1,"[""aff_be102b1b3275f070""]"
31848934,Bernabeu R,"[""Bernabeu Ramon""]",1,"[""aff_cd74bd63a705e75e""]"
31848934,Faillace M,"[""Faillace Maria Paula""]",1,"[""aff_b737eea56003048c""]"
31848934,Pisera-Fuster A,"[""Pisera-Fuster Antonella""]",1,"[""aff_b737eea56003048c""]"
31956716,Cacciagiu L,"[""Cacciagiu Leornardo""]",1,"[""aff_423939ff39b40143""]"
31956716,Damiano A,"[""Damiano Alicia E""]",2,"[""aff_385bd095785cb599"", ""aff_d21c583e5bd869a9""]"
31956716,Seyahian E,"[""Seyahian Erika A""]",2,"[""aff_d21c583e5bd869a9"", ""aff_ea4d4de5fbb3ba02""]"
31956716,Zotta E,"[""Zotta Elsa""]",2,"[""aff_d21c583e5bd869a9"", ""aff_ea4d4de5fbb3ba02""]"
31997350,Bernabeu R,"[""Bernabeu Ramón O""]",2,"[""aff_30c8abd41e24c198"", ""aff_3c1f1aa6a5d6ee60""]"
31997350,Faillace M,"[""Faillace María Paula""]",2,"[""aff_30c8abd41e24c198"", ""aff_3c1f1aa6a5d6ee60""]"
31997350,Medrano M,"[""Medrano Matías P""]",1,"[""aff_3c1f1aa6a5d6ee60""]"
31997350,Pisera-Fuster A,"[""Pisera-Fuster Antonella""]",1,"[""aff_3c1f1aa6a5d6ee60""]"
31998083,Belluscio M,"[""Belluscio Mariano""]",1,"[""aff_66dd77edcd6a5e28""]"
31998083,Bertone-Cueto N,"[""Bertone-Cueto Nicolas Iván""]",1,"[""aff_66dd77edcd6a5e28""]"
31998083,Garcia-Violini D,"[""García-Violini Demian""]",1,"[""aff_ea371a1149398891""]"
31998083,Herreras O,"[""Herreras Oscar""]",1,"[""aff_572ba837bf994c2f""]"
31998083,Makarova J,"[""Makarova Julia""]",1,"[""aff_572ba837bf994c2f""]"
31998083,Mosqueira A,"[""Mosqueira Alejo""]",1,"[""aff_66dd77edcd6a5e28""]"
31998083,Piriz J,"[""Piriz Joaquin""]",1,"[""aff_66dd77edcd6a5e28""]"
31998083,Sanchez-Pena R,"[""Sánchez-Peña Ricardo""]",1,"[""aff_ea371a1149398891""]"
32061044,Amaro E,"[""Amaro Edson""]",1,"[""aff_f86b287d24626deb""]"
32061044,Armony J,"[""Armony Jorge L""]",1,"[""aff_c7baf880766003b8""]"
32061044,Della-Maggiore V,"[""Della-Maggiore Valeria""]",1,"[""aff_1183af058051246d""]"
32061044,Doyon J,"[""Doyon Julien""]",1,"[""aff_0cff9a85c87f91e3""]"
32061044,Jacobacci F,"[""Jacobacci Florencia""]",1,"[""aff_1183af058051246d""]"
32061044,Jovicich J,"[""Jovicich Jorge""]",1,"[""aff_4600d82a5c47f5e7""]"
32061044,Lerner G,"[""Lerner Gonzalo""]",1,"[""aff_1183af058051246d""]"
32061348,Damiano A,"[""Damiano Alicia E""]",1,"[""aff_8dc9e313e2031740""]"
32077828,Goldstein J,"[""Goldstein Jorge""]",1,"[""aff_faf540c2573f346c""]"
32077828,Nunez-Goluboay K,"[""Nuñez-Goluboay Krista""]",1,"[""aff_faf540c2573f346c""]"
32077828,Pinto A,"[""Pinto Alipio""]",1,"[""aff_faf540c2573f346c""]"
32129110,Barragan-Zuniga L,"[""Barragán-Zúñiga L Jazel""]",1,"[""aff_7f5ceab98bd48c7c""]"
32129110,Blanco-Castaneda R,"[""Blanco-Castañeda Ricardo""]",1,"[""aff_7f5ceab98bd48c7c""]"
32129110,Damiano A,"[""Damiano Alicia E""]",2,"[""aff_8266523032086167"", ""aff_97b628f7572875f9""]"
32129110,Escudero C,"[""Escudero Carlos""]",1,"[""aff_530e56ab21633014""]"
32129110,Galaviz-Hernandez C,"[""Galaviz-Hernández Carlos""]",1,"[""aff_7f5ceab98bd48c7c""]"
32129110,Giachini F,"[""Giachini Fernanda R""]",1,"[""aff_0a7ad559aae333cd""]"
32129110,Lima V,"[""Lima Victor Vitorino""]",1,"[""aff_0a7ad559aae333cd""]"
32129110,Martinez-Aguilar G,"[""Martínez-Aguilar Gerardo""]",1,"[""aff_444da710e7e3a0d4""]"
32129110,Sosa-Macias M,"[""Sosa-Macías Martha""]",1,"[""aff_7f5ceab98bd48c7c""]"
32129110,Souto P,"[""Souto Paula C S""]",1,"[""aff_0a7ad559aae333cd""]"
32133494,Albert S,"[""Albert Scott""]",1,"[""aff_f2199c8d0ab9cd8d""]"
32133494,Caffaro P,"[""Caffaro Pedro A""]",1,"[""aff_e8712180426908e2""]"
32133494,Della-Maggiore V,"[""Della-Maggiore Valeria""]",1,"[""aff_e8712180426908e2""]"
32133494,Jacobacci F,"[""Jacobacci Florencia""]",1,"[""aff_e8712180426908e2""]"
32133494,Lerner G,"[""Lerner Gonzalo""]",1,"[""aff_e8712180426908e2""]"
32133494,Shadmehr R,"[""Shadmehr Reza""]",1,"[""aff_f2199c8d0ab9cd8d""]"
32133494,Villalta J,"[""Villalta Jorge I""]",1,"[""aff_e8712180426908e2""]"
32205341,Alvarez R,"[""Alvarez Rodrigo J""]",1,"[""aff_9797d0364a7cdf00""]"
32205341,Belforte J,"[""Belforte Juan E""]",1,"[""aff_8d11b78b5dd36377""]"
32205341,Pafundo D,"[""Pafundo Diego E""]",1,"[""aff_9797d0364a7cdf00""]"
32205341,Zold C,"[""Zold Camila L""]",1,"[""aff_9797d0364a7cdf00""]"
32259636,Bartke A,"[""Bartke Andrzej""]",1,"[""aff_18205d6edd2b2f30""]"
32259636,Cicconi N,"[""Cicconi Nadia S""]",1,"[""aff_e8602aefcfb8d864""]"
32259636,Fang Y,"[""Fang Yimin""]",1,"[""aff_18205d6edd2b2f30""]"
32259636,Freund T,"[""Freund Thomas""]",1,"[""aff_e8602aefcfb8d864""]"
32259636,Frungieri M,"[""Frungieri Mónica B""]",1,"[""aff_4f2177fa655b62ce""]"
32259636,Gonzalez L,"[""González Lorena""]",1,"[""aff_e8602aefcfb8d864""]"
32259636,Matzkin M,"[""Matzkin María E""]",1,"[""aff_18a3d469a2a0fe29""]"
32259636,Mccallum G,"[""Mccallum Gregorio J""]",1,"[""aff_e8602aefcfb8d864""]"
32259636,Micucci G,"[""Micucci Giannina P""]",1,"[""aff_e8602aefcfb8d864""]"
32259636,Miquet J,"[""Miquet Johanna G""]",1,"[""aff_0a22ef151a307c94""]"
32259636,Muia N,"[""Muia Nadia V""]",1,"[""aff_e8602aefcfb8d864""]"
32259636,Piazza V,"[""Piazza Verónica G""]",1,"[""aff_e8602aefcfb8d864""]"
32259636,Sotelo A,"[""Sotelo Ana I""]",1,"[""aff_e8602aefcfb8d864""]"
32259636,Valquinta S,"[""Valquinta Sofía""]",1,"[""aff_e8602aefcfb8d864""]"
32259636,Zotta E,"[""Zotta Elsa""]",1,"[""aff_8de126b4ebcdf021""]"
32282322,Azurmendi P,"[""Azurmendi Pablo J""]",1,"[""aff_0097f4bcedede33a""]"
32282322,Di Ciano L,"[""Di Ciano Luis A""]",1,"[""aff_0097f4bcedede33a""]"
32282322,Ibarra F,"[""Ibarra Fernando R""]",2,"[""aff_0097f4bcedede33a"", ""aff_9ec6aa0ef09fca2b""]"
32282322,Oddo E,"[""Oddo Elisabet M""]",1,"[""aff_0097f4bcedede33a""]"
32282322,Sanchez D,"[""Sánchez Daiana S""]",1,"[""aff_9ec6aa0ef09fca2b""]"
32282322,Silberstein C,"[""Silberstein Claudia""]",1,"[""aff_9ec6aa0ef09fca2b""]"
32282322,Vlachovsky S,"[""Vlachovsky Sandra G""]",1,"[""aff_98a86fe576cd0cfc""]"
32302030,Murer M,"[""Murer Mario Gustavo""]",1,"[""aff_aed0f3e022116958""]"
32302030,Tubert C,"[""Tubert Cecilia""]",1,"[""aff_aed0f3e022116958""]"
32308155,Ballarini F,"[""Ballarini Fabricio""]",1,"[""aff_64beae1b9ddd007f""]"
32308155,Berardino B,"[""Berardino Bruno G""]",1,"[""aff_b13d846ff93b3702""]"
32308155,Canepa E,"[""Cánepa Eduardo T""]",1,"[""aff_b13d846ff93b3702""]"
32308155,Chertoff M,"[""Chertoff Mariela""]",1,"[""aff_b13d846ff93b3702""]"
32308155,Igaz L,"[""Igaz Lionel M""]",1,"[""aff_cfb4102381436be0""]"
32311511,Alsina R,"[""Alsina Ramiro""]",1,"[""aff_6404da7241215457""]"
32311511,Bello E,"[""Bello Estefanía Pilar""]",1,"[""aff_24d08dca71002849""]"
32311511,Bumaschny V,"[""Bumaschny Viviana Florencia""]",1,"[""aff_2015c56965ebf48c""]"
32311511,Ferran J,"[""Ferrán José Luis""]",1,"[""aff_82438d989000fa04""]"
32311511,Rubinstein M,"[""Rubinstein Marcelo""]",1,"[""aff_1c9413fd0141924e""]"
32311511,Tavella M,"[""Tavella María Belén""]",1,"[""aff_f1a607a1a6c11477""]"
32311511,Trotta M,"[""Trotta Milagros""]",1,"[""aff_e18c4f516eb78541""]"
32319840,Lino-de-Oliveira C,"[""Lino-de-Oliveira Cilene""]",2,"[""aff_22520c387a4f4e3b"", ""aff_e81b046ac1ffcf76""]"
32319840,Pagani M,"[""Pagani Mario Rafael""]",1,"[""aff_b1895623d35d2225""]"
32319840,Ramirez M,"[""Ramirez Mauro Federico""]",1,"[""aff_b1895623d35d2225""]"
32319840,Ramos-Hryb A,"[""Ramos-Hryb Ana Belén""]",2,"[""aff_b1895623d35d2225"", ""aff_e81b046ac1ffcf76""]"
32360730,Cattaneo V,"[""Cattaneo Verónica""]",1,"[""aff_6b576d5b0664421b""]"
32360730,Gelb B,"[""Gelb Bruce D""]",1,"[""aff_5050b8b935129963""]"
32360730,Lew S,"[""Lew Sergio E""]",1,"[""aff_b0c1ac48a9081a49""]"
32360730,Pagani M,"[""Pagani Mario R""]",1,"[""aff_2f34fecc1226ccb1""]"
32360730,San Martin A,"[""San Martin Alvaro""]",1,"[""aff_6b576d5b0664421b""]"
32482148,Agudelo O,"[""Agudelo Olga""]",1,"[""aff_cc397ca953abf2bc""]"
32482148,Alvarez A,"[""Alvarez Angela M""]",1,"[""aff_3e239ecd11c68bf1""]"
32482148,Ayala-Ramirez P,"[""Ayala-Ramírez Paola""]",1,"[""aff_09404bf9fd3ac417""]"
32482148,Borbely A,"[""Borbely Alexandre U""]",1,"[""aff_7f7b3a8d4619a861""]"
32482148,Bueno J,"[""Bueno Julio""]",1,"[""aff_3e239ecd11c68bf1""]"
32482148,Cadavid A,"[""Cadavid Angela""]",1,"[""aff_3e239ecd11c68bf1""]"
32482148,Damiano A,"[""Damiano Alicia E""]",2,"[""aff_5f7e79808111e878"", ""aff_843454e9a23523a6""]"
32482148,Escudero C,"[""Escudero Carlos""]",1,"[""aff_edfe414206641179""]"
32482148,Giachini F,"[""Giachini Fernanda R""]",1,"[""aff_aafb0bfb5a59b00e""]"
32482148,Ibarra C,"[""Ibarra Cristina""]",1,"[""aff_843454e9a23523a6""]"
32482148,Lima V,"[""Lima Victor V""]",1,"[""aff_aafb0bfb5a59b00e""]"
32482148,Ribeiro I,"[""Ribeiro Isabela Moreti""]",1,"[""aff_aafb0bfb5a59b00e""]"
32482148,Robles R,"[""Robles Reggie García""]",1,"[""aff_bf32adc63b02a4dc""]"
32482148,Sacerdoti F,"[""Sacerdoti Flavia""]",1,"[""aff_bd715a28dd32a242""]"
32482148,Souto P,"[""Souto Paula Cristina Souza""]",1,"[""aff_aafb0bfb5a59b00e""]"
32482148,Szasz T,"[""Szasz Theodora""]",1,"[""aff_ce97353cc7df7a12""]"
32482148,Tanabe E,"[""Tanabe Eloiza Lopes Lira""]",1,"[""aff_7f7b3a8d4619a861""]"
32525252,Basika T,"[""Basika Tatiana""]",1,"[""aff_64f221c26c55594e""]"
32525252,Bollati-Fogolin M,"[""Bollati-Fogolin Mariela""]",1,"[""aff_64f221c26c55594e""]"
32525252,Chiarante N,"[""Chiarante Nicolás""]",1,"[""aff_ec7689683f616975""]"
32525252,Daghero H,"[""Daghero Hellen""]",1,"[""aff_64f221c26c55594e""]"
32525252,Duhalde Vega M,"[""Duhalde Vega Maite""]",1,"[""aff_ec7689683f616975""]"
32525252,Garcia Vior M,"[""García Vior María C""]",1,"[""aff_ec7689683f616975""]"
32525252,Marino J,"[""Marino Julieta""]",1,"[""aff_ec7689683f616975""]"
32525252,Roguin L,"[""Roguin Leonor P""]",1,"[""aff_ec7689683f616975""]"
32525252,Valli F,"[""Valli Federico""]",1,"[""aff_ec7689683f616975""]"
32525252,Zotta E,"[""Zotta Elsa""]",1,"[""aff_c47e928d755ee59e""]"
32900965,Amaro E,"[""Amaro Edson""]",1,"[""aff_e3bfc85e43d4e4f1""]"
32900965,Armony J,"[""Armony Jorge L""]",1,"[""aff_caab25ef355bdab1""]"
32900965,Della-Maggiore V,"[""Della-Maggiore Valeria""]",1,"[""aff_22dff2e49acff8fe""]"
32900965,Doyon J,"[""Doyon Julien""]",2,"[""aff_9d17263d51f9eea6"", ""aff_b0d9700e05a40eed""]"
32900965,Jacobacci F,"[""Jacobacci Florencia""]",1,"[""aff_ea38277a345f79cb""]"
32900965,Jovicich J,"[""Jovicich Jorge""]",1,"[""aff_f6703c9a1576ad03""]"
32900965,Lerner G,"[""Lerner Gonzalo""]",1,"[""aff_ea38277a345f79cb""]"
32900965,Yeffal A,"[""Yeffal Abraham""]",1,"[""aff_ea38277a345f79cb""]"
33094506,Alvarez C,"[""Alvarez Cora L""]",1,"[""aff_ee78c5dc732716af""]"
33094506,Bazzi Z,"[""Bazzi Zaher""]",1,"[""aff_ee78c5dc732716af""]"
33094506,Capurro C,"[""Capurro Claudia""]",1,"[""aff_55bd043e8c0c9815""]"
33094506,Di Giusto G,"[""Di Giusto Gisela""]",1,"[""aff_55bd043e8c0c9815""]"
33094506,Ford P,"[""Ford Paula""]",1,"[""aff_55bd043e8c0c9815""]"
33094506,Pizzoni A,"[""Pizzoni Alejandro""]",1,"[""aff_55bd043e8c0c9815""]"
33094506,Rivarola V,"[""Rivarola Valeria""]",1,"[""aff_55bd043e8c0c9815""]"
33094506,Schwarzbaum P,"[""Schwarzbaum Pablo J""]",1,"[""aff_ee78c5dc732716af""]"
33126049,Accialini P,"[""Accialini Paula""]",1,"[""aff_f1e02530988b347e""]"
33126049,Etcheverry T,"[""Etcheverry Tomás""]",1,"[""aff_ec1c88cdb09fc0ec""]"
33126049,Farina M,"[""Farina Mariana""]",1,"[""aff_f1e02530988b347e""]"
33126049,Loureiro F,"[""Loureiro Florencia""]",1,"[""aff_f1e02530988b347e""]"
33126049,Martinez N,"[""Martínez Nora""]",1,"[""aff_665c8fe278a7bc9e""]"
33126049,Palligas M,"[""Palligas Marcos""]",1,"[""aff_1409abf96921209a""]"
33126049,Saraco N,"[""Saraco Nora""]",1,"[""aff_1409abf96921209a""]"
33240056,Belluscio M,"[""Belluscio Mariano Andres""]",2,"[""aff_aa7a38c296ccdcdb"", ""aff_e93d2dd2b4d7a5f8""]"
33240056,Camera A,"[""Cámera Alejandro""]",1,"[""aff_b272151555cf1e20""]"
33240056,Tomsic D,"[""Tomsic Daniel""]",2,"[""aff_1ac9a29bb43f178e"", ""aff_b272151555cf1e20""]"
33307182,Blake M,"[""Blake M G""]",1,"[""aff_9a13372647178713""]"
33307182,Boccia M,"[""Boccia M M""]",1,"[""aff_1e11e073b9333a57""]"
33307182,Krawczyk M,"[""Krawczyk M C""]",1,"[""aff_9b74209c508060b1""]"
33307182,Millan J,"[""Millan J""]",1,"[""aff_9b74209c508060b1""]"
33363456,Blaustein M,"[""Blaustein Matías""]",1,"[""aff_c7bad83102694fd9""]"
33363456,Charif S,"[""Charif Santiago E""]",1,"[""aff_aed0f3e022116958""]"
33363456,Igaz L,"[""Igaz Lionel M""]",1,"[""aff_aed0f3e022116958""]"
33363456,Luchelli L,"[""Luchelli Luciana""]",1,"[""aff_aed0f3e022116958""]"
33363456,Vila A,"[""Vila Antonella""]",1,"[""aff_c7bad83102694fd9""]"
33519685,Berni J,"[""Berni Jimena""]",2,"[""aff_44da268f6a3e1f4b"", ""aff_94afcea4d4eef6dd""]"
33519685,Dare S,"[""Dare Samuel S""]",2,"[""aff_3a479c80ad9dea31"", ""aff_5ad4e32ad814566f""]"
33519685,Ekanem P,"[""Ekanem Peter E""]",1,"[""aff_4cb8178dc63a3ab9""]"
33519685,Hu N,"[""Hu Nan""]",1,"[""aff_94afcea4d4eef6dd""]"
33519685,Merlo E,"[""Merlo Emiliano""]",2,"[""aff_091dc03894b4b08c"", ""aff_a4ff206b0bd58fe9""]"
33519685,Rodriguez Curt J,"[""Rodriguez Curt Jesus""]",2,"[""aff_44da268f6a3e1f4b"", ""aff_94afcea4d4eef6dd""]"
33547844,Amarillo Y,"[""Amarillo Yimy""]",1,"[""aff_aef56c46035996e3""]"
33547844,Murer M,"[""Murer Mario Gustavo""]",1,"[""aff_37c4a1ceb20e96d3""]"
33547844,Paz R,"[""Paz Rodrigo Manuel""]",1,"[""aff_37c4a1ceb20e96d3""]"
33547844,Rela L,"[""Rela Lorena""]",1,"[""aff_37c4a1ceb20e96d3""]"
33547844,Stahl A,"[""Stahl Agostina Monica""]",1,"[""aff_37c4a1ceb20e96d3""]"
33547844,Tubert C,"[""Tubert Cecilia""]",1,"[""aff_37c4a1ceb20e96d3""]"
33685676,Amaral M,"[""Amaral M M""]",1,"[""aff_b1421dcf015553be""]"
33685676,Badin E,"[""Badin E E""]",1,"[""aff_632cc1ec5be1f5d5""]"
33685676,Bernal A,"[""Bernal A M""]",1,"[""aff_4db2143187e67449""]"
33685676,Cataldi A,"[""Cataldi A A""]",1,"[""aff_9a1519a28f3472e0""]"
33685676,Diaz Vergara L,"[""Diaz Vergara L I""]",1,"[""aff_632cc1ec5be1f5d5""]"
33685676,Garimano N,"[""Garimano N""]",1,"[""aff_b1421dcf015553be""]"
33685676,Gonzalez D,"[""Gonzalez D D""]",1,"[""aff_0c86d5e689f513e2""]"
33685676,Ibarra C,"[""Ibarra C""]",1,"[""aff_b1421dcf015553be""]"
33685676,Kim A,"[""Kim A D""]",1,"[""aff_b1421dcf015553be""]"
33685676,Larzabal M,"[""Larzabal M""]",1,"[""aff_9a1519a28f3472e0""]"
33685676,Lespinard A,"[""Lespinard A R""]",1,"[""aff_632cc1ec5be1f5d5""]"
33685676,Montenegro M,"[""Montenegro M A""]",1,"[""aff_632cc1ec5be1f5d5""]"
33685676,Palermo M,"[""Palermo M S""]",1,"[""aff_4db2143187e67449""]"
33685676,Porporatto C,"[""Porporatto C""]",1,"[""aff_632cc1ec5be1f5d5""]"
33685676,Sacerdoti F,"[""Sacerdoti F""]",1,"[""aff_edb02fd4a69e9e96""]"
33685676,Sodero S,"[""Sodero S""]",1,"[""aff_632cc1ec5be1f5d5""]"
33692740,Collavini S,"[""Collavini Santiago""]",3,"[""aff_37f5451bedadbaf9"", ""aff_54ea707af7991ac4"", ""aff_d4d4e25992912100""]"
33692740,Deleglise A,"[""Deleglise Alvaro""]",1,"[""aff_ee004d8f39a6362f""]"
33692740,Donnelly-Kehoe P,"[""Donnelly-Kehoe Patricio Andres""]",1,"[""aff_d92108e5a201e116""]"
33692740,Kochen S,"[""Kochen Silvia""]",1,"[""aff_37f5451bedadbaf9""]"
33692740,Nasimbera A,"[""Nasimbera Alejandro Hugo""]",2,"[""aff_218bce40e9121f2c"", ""aff_37f5451bedadbaf9""]"
33692740,Pascariello G,"[""Pascariello Guido Orlando""]",1,"[""aff_d92108e5a201e116""]"
33692740,Princich J,"[""Princich Juan Pablo""]",2,"[""aff_37f5451bedadbaf9"", ""aff_56e1a3e2090a5144""]"
33692740,Seoane P,"[""Seoane Pablo""]",2,"[""aff_218bce40e9121f2c"", ""aff_37f5451bedadbaf9""]"
33692740,Vallejo-Azar M,"[""Vallejo-Azar Mariana Nahir""]",1,"[""aff_37f5451bedadbaf9""]"
33692740,Veron Do Santos J,"[""Veron Do Santos Jose Gabriel""]",1,"[""aff_37f5451bedadbaf9""]"
33703954,Aguiar A,"[""Aguiar Anna C C""]",1,"[""aff_2dc5cd1ce2805174""]"
33703954,Aguilar L,"[""Aguilar Luis F""]",1,"[""aff_08117b784c69e778""]"
33703954,Asis S,"[""Asís Silvia E""]",1,"[""aff_28c50e49d737513d""]"
33703954,Casal J,"[""Casal Juan J""]",2,"[""aff_28c50e49d737513d"", ""aff_3f88cb2aa79b5c16""]"
33703954,Gonzalez L,"[""González Lucía G""]",1,"[""aff_28c50e49d737513d""]"
33703954,Guido R,"[""Guido Rafael V C""]",1,"[""aff_2dc5cd1ce2805174""]"
33703954,Luczywo A,"[""Luczywo Ayelen""]",1,"[""aff_28c50e49d737513d""]"
33703954,Mellado M,"[""Mellado Marco""]",1,"[""aff_08117b784c69e778""]"
33703954,Oliva G,"[""Oliva Glaucius""]",1,"[""aff_2dc5cd1ce2805174""]"
33703954,Oliveira de Souza J,"[""Oliveira de Souza Juliana""]",1,"[""aff_2dc5cd1ce2805174""]"
33703954,Souza G,"[""Souza Guilherme E""]",1,"[""aff_2dc5cd1ce2805174""]"
33722403,Colazo A,"[""Colazo Anabella""]",1,"[""aff_a966b07114e8a21b""]"
33722403,Liern M,"[""Liern Miguel""]",1,"[""aff_da3d7af85826b9b8""]"
33722403,Vallejo G,"[""Vallejo Graciela""]",1,"[""aff_a966b07114e8a21b""]"
33722403,Zotta E,"[""Zotta Elsa""]",1,"[""aff_f6d92ce8a4c60f3e""]"
33822178,Belforte J,"[""Belforte Juan E""]",1,"[""aff_418567cbe904acae""]"
33822178,Fulginiti N,"[""Fulginiti Nicolas M""]",1,"[""aff_418567cbe904acae""]"
33822178,Pafundo D,"[""Pafundo Diego E""]",1,"[""aff_418567cbe904acae""]"
33822178,Pretell Annan C,"[""Pretell Annan Carlos A""]",1,"[""aff_418567cbe904acae""]"
33906140,Casal J,"[""Casal Juan José""]",1,"[""aff_e57bd25823407c33""]"
33906140,Dorr R,"[""Dorr Ricardo A""]",1,"[""aff_0a4eb0fde292260f""]"
33906140,Toriano R,"[""Toriano Roxana""]",1,"[""aff_e57bd25823407c33""]"
34048797,Murer M,"[""Murer Mario Gustavo""]",1,"[""aff_f2fcc23aa8135766""]"
34048797,Paz R,"[""Paz Rodrigo Manuel""]",1,"[""aff_eac148e69962caa0""]"
34155339,Amaral M,"[""Amaral María M""]",1,"[""aff_eccbdadbeef75264""]"
34155339,Balestracci A,"[""Balestracci Alejandro""]",1,"[""aff_d88b79c46f76ceb0""]"
34155339,Fischer Sigel L,"[""Fischer Sigel Lilian K""]",1,"[""aff_936ddcbaf06122e1""]"
34155339,Ibarra C,"[""Ibarra Cristina""]",1,"[""aff_eccbdadbeef75264""]"
34155339,Sanchez D,"[""Sánchez Daiana S""]",1,"[""aff_936ddcbaf06122e1""]"
34155339,Silberstein C,"[""Silberstein Claudia""]",1,"[""aff_bb3b558a49ff2cb6""]"
34216588,Alvarez C,"[""Alvarez C L""]",1,"[""aff_f9022101bcfd8588""]"
34216588,Bazzi Z,"[""Bazzi Z""]",1,"[""aff_b7a94c9faf6acf65""]"
34216588,Corradi G,"[""Corradi G""]",1,"[""aff_f9022101bcfd8588""]"
34216588,Faillace M,"[""Faillace M P""]",1,"[""aff_9cbce7eba8d04a16""]"
34216588,Gonzalez-Lebrero R,"[""Gonzalez-Lebrero R""]",1,"[""aff_f9022101bcfd8588""]"
34216588,Hattab C,"[""Hattab C""]",1,"[""aff_cbbca9cfe7401037""]"
34216588,Molineris M,"[""Molineris M Pucci""]",1,"[""aff_b03bdedebbcee639""]"
34216588,Ostuni M,"[""Ostuni M A""]",1,"[""aff_cbbca9cfe7401037""]"
34216588,Rinaldi D,"[""Rinaldi D E""]",1,"[""aff_f9022101bcfd8588""]"
34216588,Schachter J,"[""Schachter J""]",1,"[""aff_f0e68021a8df59f9""]"
34216588,Schwarzbaum P,"[""Schwarzbaum P J""]",1,"[""aff_9ee590976ebfdea8""]"
34216588,Sevigny J,"[""Sévigny J""]",1,"[""aff_347fefd2a3c11b92""]"
34263427,Capurro C,"[""Capurro Claudia""]",1,"[""aff_52dbb8ed5ecef24b""]"
34263427,Di Giusto G,"[""Di Giusto Gisela""]",1,"[""aff_48edc3dce54b24f7""]"
34263427,Echevarria M,"[""Echevarría Miriam""]",1,"[""aff_075fd74b0cc4e63f""]"
34263427,Fernandez J,"[""Fernández Juan""]",1,"[""aff_48edc3dce54b24f7""]"
34263427,Ford P,"[""Ford Paula""]",1,"[""aff_48edc3dce54b24f7""]"
34263427,Garcia-Miranda P,"[""Garcia-Miranda Pablo""]",1,"[""aff_075fd74b0cc4e63f""]"
34263427,Melamud L,"[""Melamud Luciana""]",1,"[""aff_327b0e04b1986e2a""]"
34263427,Netti V,"[""Netti Vanina""]",1,"[""aff_48edc3dce54b24f7""]"
34267676,Bach C,"[""Bach Camila Werle""]",1,"[""aff_8e776c6beae99658""]"
34267676,Bomfim G,"[""Bomfim Gisele Facholi""]",1,"[""aff_ebccbd2cf582b74c""]"
34267676,Damiano A,"[""Damiano Alicia E""]",2,"[""aff_6a132b6c9c092e49"", ""aff_aedca35129f0fa22""]"
34267676,Dela Justina V,"[""Dela Justina Vanessa""]",1,"[""aff_140c136b97d0eb17""]"
34267676,Dos Passos Junior R,"[""Dos Passos Junior Rinaldo Rodrigues""]",1,"[""aff_140c136b97d0eb17""]"
34267676,Giachini F,"[""Giachini Fernanda R""]",2,"[""aff_140c136b97d0eb17"", ""aff_8e776c6beae99658""]"
34267676,Lima V,"[""Lima Victor Vitorino""]",1,"[""aff_8e776c6beae99658""]"
34267676,Medina Y,"[""Medina Yollyseth""]",1,"[""aff_6a132b6c9c092e49""]"
34267676,Reppetti J,"[""Reppetti Julieta""]",1,"[""aff_6a132b6c9c092e49""]"
34267676,de Freitas R,"[""de Freitas Raiany Alves""]",1,"[""aff_140c136b97d0eb17""]"
34279203,Bernabeu R,"[""Bernabeu Ramón O""]",1,"[""aff_9e0b7b0a533d2188""]"
34279203,Faillace M,"[""Faillace Maria P""]",1,"[""aff_9e0b7b0a533d2188""]"
34293244,Alleva K,"[""Alleva Karina""]",2,"[""aff_35af8b21ccc80a8d"", ""aff_b7727a6b6fdce087""]"
34293244,Canessa Fortuna A,"[""Canessa Fortuna Agustina""]",1,"[""aff_b7727a6b6fdce087""]"
34293244,Chevriau J,"[""Chevriau Jonathan""]",1,"[""aff_35af8b21ccc80a8d""]"
34293244,Scochera F,"[""Scochera Florencia""]",1,"[""aff_b7727a6b6fdce087""]"
34293244,Soto G,"[""Soto Gabriela""]",2,"[""aff_209c5d4e00c323a6"", ""aff_e16498f6455db704""]"
34293244,Toriano R,"[""Toriano Roxana""]",1,"[""aff_56f3dfc518b305f1""]"
34293244,Zeida A,"[""Zeida Ari""]",1,"[""aff_11033125744a4a2c""]"
34293244,Zerbetto De Palma G,"[""Zerbetto De Palma Gerardo""]",3,"[""aff_35af8b21ccc80a8d"", ""aff_5ebe703ca5ab3d27"", ""aff_b7727a6b6fdce087""]"
34320266,Arrizurieta E,"[""Arrizurieta Elvira E""]",2,"[""aff_0c0d06b026218758"", ""aff_33703390530c752c""]"
34320266,Azurmendi P,"[""Azurmendi Pablo J""]",1,"[""aff_0c0d06b026218758""]"
34320266,Di Ciano L,"[""Di Ciano Luis A""]",1,"[""aff_0c0d06b026218758""]"
34320266,Goette N,"[""Goette Nora P""]",1,"[""aff_b6c61b8c5d4cbbc8""]"
34320266,Ibarra F,"[""Ibarra Fernando R""]",2,"[""aff_0c0d06b026218758"", ""aff_ea57fbba16f33c76""]"
34320266,Oddo E,"[""Oddo Elisabet M""]",1,"[""aff_0c0d06b026218758""]"
34320266,Silberstein C,"[""Silberstein Claudia""]",1,"[""aff_ea57fbba16f33c76""]"
34320266,Vlachovsky S,"[""Vlachovsky Sandra G""]",1,"[""aff_0c0d06b026218758""]"
34437406,Alvarez R,"[""Álvarez Romina S""]",1,"[""aff_c279eecb7c53fe7c""]"
34437406,Amaral M,"[""Amaral María M""]",1,"[""aff_c279eecb7c53fe7c""]"
34437406,Gomez F,"[""Gómez Fernando D""]",1,"[""aff_c279eecb7c53fe7c""]"
34437406,Ibarra C,"[""Ibarra Cristina""]",1,"[""aff_c279eecb7c53fe7c""]"
34437406,Paton A,"[""Paton Adrienne W""]",1,"[""aff_2b43aaeeb6afe199""]"
34437406,Paton J,"[""Paton James C""]",1,"[""aff_2b43aaeeb6afe199""]"
34437406,Sacerdoti F,"[""Sacerdoti Flavia""]",1,"[""aff_c279eecb7c53fe7c""]"
34437406,Zotta E,"[""Zotta Elsa""]",2,"[""aff_0583d5ae97783aaa"", ""aff_c279eecb7c53fe7c""]"
34619364,Blake M,"[""Blake M G""]",1,"[""aff_9a13372647178713""]"
34619364,Boccia M,"[""Boccia M M""]",1,"[""aff_3804ca8ac6f8c511""]"
34619364,Krawczyk M,"[""Krawczyk M C""]",1,"[""aff_9da4b1c9d652062a""]"
34619364,Millan J,"[""Millan J""]",1,"[""aff_9da4b1c9d652062a""]"
34649283,Della-Maggiore V,"[""Della-Maggiore Valeria""]",1,"[""aff_ea2467606c123986""]"
34649283,Perez-Chada D,"[""Perez-Chada Daniel""]",1,"[""aff_bf96513df3c3b76b""]"
34649283,Riquelme L,"[""Riquelme Luis A""]",1,"[""aff_ea2467606c123986""]"
34649283,Solano A,"[""Solano Agustín""]",1,"[""aff_ea2467606c123986""]"
34741225,Ballestero J,"[""Ballestero Jimena A""]",1,"[""aff_b1895623d35d2225""]"
34741225,Brughera A,"[""Brughera Andrew""]",2,"[""aff_08e1e3ae9c5aec56"", ""aff_b0db5227cb42e1e0""]"
34741225,McAlpine D,"[""McAlpine David""]",1,"[""aff_6b33c917f6338a57""]"
34804128,Beltramone N,"[""Beltramone Natalia""]",1,"[""aff_02db6c081cc77452""]"
34804128,Capurro C,"[""Capurro Claudia""]",1,"[""aff_02db6c081cc77452""]"
34804128,Garcia-Venzor A,"[""García-Venzor Alfredo""]",2,"[""aff_792f9b1c452818fc"", ""aff_9cff4d0cc8cde6bf""]"
34804128,Sanhueza Salas L,"[""Sanhueza Salas L Francisco""]",1,"[""aff_b89447045715e163""]"
34804128,Silberman D,"[""Silberman Dafne Magalí""]",1,"[""aff_b89447045715e163""]"
34804128,Toiber D,"[""Toiber Debra""]",2,"[""aff_792f9b1c452818fc"", ""aff_9cff4d0cc8cde6bf""]"
34822608,Amaral M,"[""Amaral María Marta""]",1,"[""aff_c814fbf537814cf0""]"
34822608,Chen G,"[""Chen Gang""]",1,"[""aff_3bf25a30ebbca5d3""]"
34822608,Ferreira R,"[""Ferreira Raíssa L""]",1,"[""aff_83905f8a70f2d6e5""]"
34822608,Gomez F,"[""Gómez Fernando D""]",1,"[""aff_c814fbf537814cf0""]"
34822608,Guth B,"[""Guth Beatriz E C""]",1,"[""aff_d849fe128e39f4f9""]"
34822608,Ibarra C,"[""Ibarra Cristina""]",1,"[""aff_c814fbf537814cf0""]"
34822608,Luz D,"[""Luz Daniela""]",1,"[""aff_83905f8a70f2d6e5""]"
34822608,Melo B,"[""Melo Bruna S""]",1,"[""aff_83905f8a70f2d6e5""]"
34822608,Moro A,"[""Moro Ana Maria""]",1,"[""aff_7a59e05520429531""]"
34822608,Piazza R,"[""Piazza Roxane M F""]",1,"[""aff_83905f8a70f2d6e5""]"
34822608,Presta A,"[""Presta Agostina""]",1,"[""aff_c814fbf537814cf0""]"
34822608,Quintilio W,"[""Quintilio Wagner""]",1,"[""aff_7a59e05520429531""]"
34822608,Sacerdoti F,"[""Sacerdoti Flavia""]",1,"[""aff_c814fbf537814cf0""]"
34822608,Sidhu S,"[""Sidhu Sachdev S""]",1,"[""aff_3bf25a30ebbca5d3""]"
34823607,Casabona J,"[""Casabona Juan Cruz""]",1,"[""aff_38607abed355923a""]"
34823607,Casalia M,"[""Casalia Mariana L""]",1,"[""aff_38607abed355923a""]"
34823607,Cavaliere Candedo V,"[""Cavaliere Candedo Verónica""]",1,"[""aff_38607abed355923a""]"
34823607,Consalvo D,"[""Consalvo Damian""]",1,"[""aff_6f86c1ba450584b3""]"
34823607,Cordoba M,"[""Córdoba Marta""]",1,"[""aff_6f86c1ba450584b3""]"
34823607,Farias M,"[""Farías María Isabel""]",1,"[""aff_38607abed355923a""]"
34823607,Garcia C,"[""García Corina""]",1,"[""aff_38607abed355923a""]"
34823607,Gonzalez J,"[""Gonzalez Joaquín""]",1,"[""aff_38607abed355923a""]"
34823607,Gonzalez Moron D,"[""Gonzalez Morón Dolores""]",1,"[""aff_6f86c1ba450584b3""]"
34823607,Kauffman M,"[""Kauffman Marcelo A""]",1,"[""aff_a4b0ef4c3a6aaafb""]"
34823607,Mostoslavsky G,"[""Mostoslavsky Gustavo""]",1,"[""aff_a6df7561a64897f4""]"
34823607,Murer M,"[""Murer Mario Gustavo""]",2,"[""aff_57833ca493b15fef"", ""aff_81be4ded416def6c""]"
34823607,Pasquini J,"[""Pasquini Juana""]",1,"[""aff_7ada5096bb8c32d8""]"
34823607,Pitossi F,"[""Pitossi Fernando J""]",1,"[""aff_267d8b1ab2df8257""]"
34823607,Quinta H,"[""Quintá Héctor Ramiro""]",1,"[""aff_61bccfa9e627bb1a""]"
34823607,Rela L,"[""Rela Lorena""]",2,"[""aff_57833ca493b15fef"", ""aff_81be4ded416def6c""]"
34823607,Urbano F,"[""Urbano Francisco J""]",1,"[""aff_3fe4da6e70ad25e8""]"
34900753,Alvarez R,"[""Álvarez Romina Soledad""]",1,"[""aff_ba7adaade4e443e2""]"
34900753,Amaral M,"[""Amaral María Marta""]",1,"[""aff_ba7adaade4e443e2""]"
34900753,Gomez F,"[""Gómez Fernando Daniel""]",1,"[""aff_ba7adaade4e443e2""]"
34900753,Ibarra C,"[""Ibarra Cristina""]",1,"[""aff_ba7adaade4e443e2""]"
34900753,Jancic C,"[""Jancic Carolina Cristina""]",2,"[""aff_6234f24add618aef"", ""aff_d483779fbf2abd07""]"
34900753,Keitelman I,"[""Keitelman Irene Angélica""]",1,"[""aff_d483779fbf2abd07""]"
34900753,Rosato M,"[""Rosato Micaela""]",1,"[""aff_d483779fbf2abd07""]"
34900753,Rosso D,"[""Rosso David Antonio""]",1,"[""aff_d483779fbf2abd07""]"
34900753,Shiromizu C,"[""Shiromizu Carolina Maiumi""]",1,"[""aff_d483779fbf2abd07""]"
34916412,Charif S,"[""Charif Santiago E""]",1,"[""aff_88385f429325171f""]"
34916412,Igaz L,"[""Igaz Lionel M""]",1,"[""aff_88385f429325171f""]"
34916412,Salvanal L,"[""Salvañal Lara""]",1,"[""aff_88385f429325171f""]"
34916412,Vassallu M,"[""Vassallu M Florencia""]",1,"[""aff_88385f429325171f""]"
34925067,Acosta L,"[""Acosta Lucas""]",1,"[""aff_938ef903b0dcdf81""]"
34925067,Bustamante J,"[""Bustamante Juanita""]",1,"[""aff_938ef903b0dcdf81""]"
34925067,Corominas A,"[""Corominas Ana""]",1,"[""aff_290ab18d5e62e5f9""]"
34925067,Damiano A,"[""Damiano Alicia E""]",2,"[""aff_385bd095785cb599"", ""aff_a4de4d80af177a8d""]"
34925067,Medina Y,"[""Medina Yollyseth""]",1,"[""aff_a4de4d80af177a8d""]"
34925067,Reppetti J,"[""Reppetti Julieta""]",1,"[""aff_a4de4d80af177a8d""]"
34925067,Szpilbarg N,"[""Szpilbarg Natalia""]",1,"[""aff_a4de4d80af177a8d""]"
34930957,Kasanetz F,"[""Kasanetz Fernando""]",2,"[""aff_2aa41b5d0d38493e"", ""aff_cfa398c2f7c45cc2""]"
34930957,Nevian T,"[""Nevian Thomas""]",1,"[""aff_b0cb698222007017""]"
34933954,Beccaria J,"[""Beccaria Juan P""]",1,"[""aff_acfaf2648954bc70""]"
34933954,Belforte J,"[""Belforte Juan E""]",1,"[""aff_69fefdd980c043cf""]"
34933954,Keifman E,"[""Keifman Ettel""]",1,"[""aff_acfaf2648954bc70""]"
34933954,Murer M,"[""Murer M Gustavo""]",1,"[""aff_acfaf2648954bc70""]"
34933954,Pretell Annan C,"[""Pretell Annan Carlos A""]",1,"[""aff_acfaf2648954bc70""]"
34935149,Correale J,"[""Correale Jorge D""]",1,"[""aff_15fa33aa0c71b1c8""]"
34935149,Di Pietro A,"[""Di Pietro Anabella A""]",2,"[""aff_1f61b7d1e8047012"", ""aff_2ee24db3a253275f""]"
34935149,Igaz L,"[""Igaz Lionel M""]",1,"[""aff_121a02d5aa406bb6""]"
34935149,Marcora M,"[""Marcora María S""]",2,"[""aff_1f61b7d1e8047012"", ""aff_2ee24db3a253275f""]"
34935149,Marder M,"[""Marder Mariel""]",1,"[""aff_2ee24db3a253275f""]"
34935149,Pasquini J,"[""Pasquini Juana M""]",2,"[""aff_1f61b7d1e8047012"", ""aff_2ee24db3a253275f""]"
34935149,Pasquini L,"[""Pasquini Laura A""]",2,"[""aff_1f61b7d1e8047012"", ""aff_2ee24db3a253275f""]"
34935149,Silva Pinto P,"[""Silva Pinto Pablo""]",1,"[""aff_121a02d5aa406bb6""]"
34935149,Vence M,"[""Vence Marianela""]",1,"[""aff_2ee24db3a253275f""]"
34935149,Wies Mancini V,"[""Wies Mancini Victoria S B""]",2,"[""aff_1f61b7d1e8047012"", ""aff_2ee24db3a253275f""]"
34935149,de Olmos S,"[""de Olmos Soledad""]",1,"[""aff_1a0a99f6d0a6a226""]"
34938200,Damiano A,"[""Damiano Alicia E""]",2,"[""aff_14f00333d118f1d3"", ""aff_385bd095785cb599""]"
34938200,Farina M,"[""Farina Mariana""]",1,"[""aff_640ef6f29986a67f""]"
34938200,Martinez N,"[""Martínez Nora Alicia""]",1,"[""aff_14f00333d118f1d3""]"
34938200,Medina Y,"[""Medina Yollyseth""]",1,"[""aff_14f00333d118f1d3""]"
34938200,Reppetti J,"[""Reppetti Julieta""]",1,"[""aff_14f00333d118f1d3""]"
34971959,Damiano A,"[""Damiano Alicia E""]",1,"[""aff_47b101bf1c47a8a3""]"
34971959,Di Paola M,"[""Di Paola Mauricio""]",1,"[""aff_e6f8767623d2ee8e""]"
34971959,Fernandez N,"[""Fernández Nazarena""]",1,"[""aff_385bd095785cb599""]"
34971959,Ibarra C,"[""Ibarra Cristina""]",1,"[""aff_12ac3af70018e9a3""]"
34971959,Sierra M,"[""Sierra Matías N""]",1,"[""aff_385bd095785cb599""]"
35095555,Balconi S,"[""Balconi Silvia""]",1,"[""aff_d8d0a73eff45e0a9""]"
35095555,Casale R,"[""Casale Roberto""]",1,"[""aff_d8d0a73eff45e0a9""]"
35095555,Corominas A,"[""Corominas Ana I""]",1,"[""aff_d8d0a73eff45e0a9""]"
35095555,Damiano A,"[""Damiano Alicia E""]",2,"[""aff_bcee52ab4aca5753"", ""aff_fbec47c27962b8d3""]"
35095555,Farina M,"[""Farina Mariana""]",1,"[""aff_74202a3b4ad97943""]"
35095555,Martinez N,"[""Martínez Nora""]",1,"[""aff_fbec47c27962b8d3""]"
35095555,Medina Y,"[""Medina Yollyseth""]",1,"[""aff_fbec47c27962b8d3""]"
35217797,Ihidoype M,"[""Ihidoype Marina R""]",1,"[""aff_56b5e9617ab667c4""]"
35217797,Medina J,"[""Medina Jorge H""]",2,"[""aff_5b17cc643387a3df"", ""aff_e00bf8b996446a67""]"
35217797,Mendez P,"[""Mendez Pablo""]",1,"[""aff_34f2b01921c04dbe""]"
35217797,Pafundo D,"[""Pafundo Diego E""]",1,"[""aff_56b5e9617ab667c4""]"
35217797,Piriz J,"[""Piriz Joaquin""]",2,"[""aff_35db0d4197a4ad32"", ""aff_44d0bc32d8ec51d9""]"
35217797,Proulx C,"[""Proulx Christophe D""]",1,"[""aff_e9afc57afa059091""]"
35217797,Sachella T,"[""Sachella Tomas E""]",1,"[""aff_56b5e9617ab667c4""]"
35223548,Amaral M,"[""Amaral Maria Marta""]",1,"[""aff_a64f4c71e39ac2c2""]"
35223548,Ferreira R,"[""Ferreira Raissa Lozzardo""]",1,"[""aff_ba3322ed8eeeb13a""]"
35223548,Henrique C,"[""Henrique Camila""]",1,"[""aff_ba3322ed8eeeb13a""]"
35223548,Henrique I,"[""Henrique Izabella de Macedo""]",1,"[""aff_ba3322ed8eeeb13a""]"
35223548,Luz D,"[""Luz Daniela""]",1,"[""aff_ba3322ed8eeeb13a""]"
35223548,Piazza R,"[""Piazza Roxane Maria Fontes""]",1,"[""aff_ba3322ed8eeeb13a""]"
35223548,Sacerdoti F,"[""Sacerdoti Flavia""]",1,"[""aff_a64f4c71e39ac2c2""]"
35225229,'t Hart B,"[""'t Hart Bernard Marius""]",1,"[""aff_e30046423b1e2579""]"
35225229,Albert S,"[""Albert Scott T""]",2,"[""aff_c1843b289d883e8b"", ""aff_d040740adde29d9e""]"
35225229,Della-Maggiore V,"[""Della-Maggiore Valeria""]",1,"[""aff_707fd97b23105dbf""]"
35225229,Haith A,"[""Haith Adrian M""]",1,"[""aff_b2687fa9a6f7b61f""]"
35225229,Henriques D,"[""Henriques Denise""]",1,"[""aff_e30046423b1e2579""]"
35225229,Jang J,"[""Jang Jihoon""]",2,"[""aff_d040740adde29d9e"", ""aff_f8ac30ed5b0b9e5e""]"
35225229,Krakauer J,"[""Krakauer John W""]",3,"[""aff_b2687fa9a6f7b61f"", ""aff_bdd11945a8209b51"", ""aff_f068b2531bc4c253""]"
35225229,Lerner G,"[""Lerner Gonzalo""]",1,"[""aff_707fd97b23105dbf""]"
35225229,Modchalingam S,"[""Modchalingam Shanaathanan""]",1,"[""aff_e30046423b1e2579""]"
35225229,Shadmehr R,"[""Shadmehr Reza""]",1,"[""aff_d040740adde29d9e""]"
35368282,Della-Maggiore V,"[""Della-Maggiore Valeria""]",1,"[""aff_994bf80b6631b8fb""]"
35368282,Perez-Chada D,"[""Perez-Chada Daniel""]",1,"[""aff_07a0677273bc7e0d""]"
35368282,Riquelme L,"[""Riquelme Luis A""]",1,"[""aff_994bf80b6631b8fb""]"
35368282,Solano A,"[""Solano Agustín""]",1,"[""aff_994bf80b6631b8fb""]"
35431989,Alves de Freitas R,"[""Alves de Freitas Raiany""]",1,"[""aff_140c136b97d0eb17""]"
35431989,Ayala-Ramirez P,"[""Ayala-Ramírez Paola""]",1,"[""aff_a21cda2f65bbd7ee""]"
35431989,Damiano A,"[""Damiano Alicia E""]",2,"[""aff_385bd095785cb599"", ""aff_a4de4d80af177a8d""]"
35431989,Escudero C,"[""Escudero Carlos""]",2,"[""aff_406c480d8d512641"", ""aff_b69a12a93c57d961""]"
35431989,Garcia-Robles R,"[""García-Robles Reggie""]",1,"[""aff_99c9d63d8ddecf4f""]"
35431989,Giachini F,"[""Giachini Fernanda R""]",2,"[""aff_140c136b97d0eb17"", ""aff_8e776c6beae99658""]"
35431989,Gonzalez M,"[""González Marcelo""]",2,"[""aff_406c480d8d512641"", ""aff_8d361cdeedd0afb5""]"
35431989,Quintero-Arciniegas L,"[""Quintero-Arciniegas Laura""]",2,"[""aff_75a132773bc86da1"", ""aff_99c9d63d8ddecf4f""]"
35535012,Murer M,"[""Murer Mario Gustavo""]",1,"[""aff_9925f4777f1cdf64""]"
35535012,Paz R,"[""Paz Rodrigo Manuel""]",1,"[""aff_9925f4777f1cdf64""]"
35535012,Rela L,"[""Rela Lorena""]",1,"[""aff_9925f4777f1cdf64""]"
35535012,Stahl A,"[""Stahl Agostina Mónica""]",1,"[""aff_9925f4777f1cdf64""]"
35535012,Tubert C,"[""Tubert Cecilia""]",1,"[""aff_9925f4777f1cdf64""]"
35561217,Morici J,"[""Morici Juan Facundo""]",1,"[""aff_ff0e67561ead5ad9""]"
35561217,Weisstaub N,"[""Weisstaub Noelia Victoria""]",1,"[""aff_ff0e67561ead5ad9""]"
35561217,Zold C,"[""Zold Camila Lidia""]",1,"[""aff_0e3d48147ff4a8c9""]"
35597334,Bekinschtein P,"[""Bekinschtein P""]",1,"[""aff_c8400eddd6dbfd7a""]"
35597334,Belluscio M,"[""Belluscio M""]",1,"[""aff_bf33407d92aaf19b""]"
35597334,Cicuttin G,"[""Cicuttin G""]",1,"[""aff_c8400eddd6dbfd7a""]"
35597334,Gallo F,"[""Gallo F T""]",1,"[""aff_c8400eddd6dbfd7a""]"
35597334,Miranda M,"[""Miranda M""]",1,"[""aff_c8400eddd6dbfd7a""]"
35597334,Morici J,"[""Morici J F""]",1,"[""aff_c8400eddd6dbfd7a""]"
35597334,Silva A,"[""Silva A""]",1,"[""aff_bf33407d92aaf19b""]"
35597334,Weisstaub N,"[""Weisstaub N V""]",1,"[""aff_80feb055149bc537""]"
35597334,Zold C,"[""Zold C""]",1,"[""aff_bf33407d92aaf19b""]"
35705598,Avaca H,"[""Avaca Horacio A""]",1,"[""aff_cf14e5784ad707d8""]"
35705598,Caceres Monie C,"[""Cáceres Monié César""]",1,"[""aff_cf14e5784ad707d8""]"
35705598,Chara O,"[""Chara Osvaldo""]",3,"[""aff_359e4207bf941d5d"", ""aff_72441bcd52dc4cdd"", ""aff_a2e2a28b8a1efb3c""]"
35705598,Fernandez J,"[""Fernández Juan M F""]",1,"[""aff_fb2f2c21c5e3ae4d""]"
35705598,Politi M,"[""Politi María T""]",1,"[""aff_45aa0a3dfc5dc338""]"
35705598,Schiavone M,"[""Schiavone Miguel""]",1,"[""aff_cf14e5784ad707d8""]"
35705598,Spagnuolo D,"[""Spagnuolo Damián N""]",1,"[""aff_fb2f2c21c5e3ae4d""]"
35705598,Tello Santacruz I,"[""Tello Santacruz Iván A""]",1,"[""aff_cf14e5784ad707d8""]"
35752429,Blake M,"[""Blake M G""]",1,"[""aff_9a13372647178713""]"
35752429,Boccia M,"[""Boccia M M""]",1,"[""aff_3804ca8ac6f8c511""]"
35752429,Krawczyk M,"[""Krawczyk M C""]",1,"[""aff_9da4b1c9d652062a""]"
35752429,Medina C,"[""Medina C""]",1,"[""aff_9da4b1c9d652062a""]"
35752429,Millan J,"[""Millan J""]",1,"[""aff_9da4b1c9d652062a""]"
35777525,Bernabeu R,"[""Bernabeu R""]",1,"[""aff_a9f9c1b68303a8e6""]"
35777525,Faillace M,"[""Faillace M P""]",1,"[""aff_156eeb45c47fc123""]"
35777525,Pisera-Fuster A,"[""Pisera-Fuster A""]",1,"[""aff_1007b2e6587aeb19""]"
35777525,Rocco L,"[""Rocco L""]",1,"[""aff_1007b2e6587aeb19""]"
35835234,Arenas-Mosquera D,"[""Arenas-Mosquera David""]",1,"[""aff_e5d64dc8908f15e1""]"
35835234,Berdasco C,"[""Berdasco Clara""]",1,"[""aff_e5d64dc8908f15e1""]"
35835234,Cangelosi A,"[""Cangelosi Adriana""]",1,"[""aff_dd369be1dcc731ce""]"
35835234,Cerny N,"[""Cerny Natacha""]",1,"[""aff_8dcc636beb191185""]"
35835234,De Marzi M,"[""De Marzi Mauricio""]",1,"[""aff_2390250633232927""]"
35835234,Geoghegan P,"[""Geoghegan Patricia Andrea""]",1,"[""aff_dd369be1dcc731ce""]"
35835234,Goldstein J,"[""Goldstein Jorge""]",1,"[""aff_cb1d3bba9a0916b7""]"
35835234,Malchiodi E,"[""Malchiodi Emilio Luis""]",1,"[""aff_74da111b63a2417e""]"
35835234,Pinto A,"[""Pinto Alipio""]",1,"[""aff_e5d64dc8908f15e1""]"
35853718,Anderson M,"[""Anderson Michael C""]",2,"[""aff_44ddd48de5771b8f"", ""aff_83d05cc4ffaf2479""]"
35853718,Bekinschtein P,"[""Bekinschtein Pedro""]",1,"[""aff_e4e005210b76d76f""]"
35853718,Gallo F,"[""Gallo Francisco Tomás""]",1,"[""aff_45714dc57ddf1917""]"
35853718,Miranda M,"[""Miranda Magdalena""]",1,"[""aff_45714dc57ddf1917""]"
35853718,Morici J,"[""Morici Juan Facundo""]",1,"[""aff_45714dc57ddf1917""]"
35853718,Silva A,"[""Silva Azul""]",1,"[""aff_7f822e3313d9d93f""]"
35853718,Weisstaub N,"[""Weisstaub Noelia V""]",1,"[""aff_45714dc57ddf1917""]"
35853718,Zanoni Saad M,"[""Zanoni Saad María Belén""]",1,"[""aff_45714dc57ddf1917""]"
35904906,Dorr R,"[""Dorr Ricardo A""]",1,"[""aff_9df55b7dca1e96d4""]"
35904906,Ibarra C,"[""Ibarra Cristina""]",1,"[""aff_ae16c3396c3429c3""]"
35904906,Silberstein C,"[""Silberstein Claudia""]",1,"[""aff_cc6746bd641f173d""]"
35904906,Toriano R,"[""Toriano Roxana""]",1,"[""aff_8aec74ffcaa01029""]"
35957815,Amaral M,"[""Amaral María Marta""]",1,"[""aff_778b94ed8eeeec62""]"
35957815,Casale R,"[""Casale Roberto""]",1,"[""aff_cfdd92b181a5643c""]"
35957815,Garimano N,"[""Garimano Nicolás""]",1,"[""aff_778b94ed8eeeec62""]"
35957815,Ibarra C,"[""Ibarra Cristina""]",1,"[""aff_778b94ed8eeeec62""]"
35957815,Leonino P,"[""Leonino Patricia""]",1,"[""aff_cfdd92b181a5643c""]"
35957815,Padola N,"[""Padola Nora Lia""]",1,"[""aff_15a54d093dac5480""]"
35957815,Pereyra A,"[""Pereyra Adriana""]",1,"[""aff_cfdd92b181a5643c""]"
35957815,Sacerdoti F,"[""Sacerdoti Flavia""]",1,"[""aff_778b94ed8eeeec62""]"
35957815,Sanz M,"[""Sanz Marcelo""]",1,"[""aff_15a54d093dac5480""]"
35957815,Scalise M,"[""Scalise María Luján""]",1,"[""aff_778b94ed8eeeec62""]"
35982602,Casal J,"[""Casal Juan J""]",1,"[""aff_fb48e4fef63deee0""]"
35982602,Dorr R,"[""Dorr Ricardo A""]",1,"[""aff_fb48e4fef63deee0""]"
35982602,Toriano R,"[""Toriano Roxana""]",1,"[""aff_fb48e4fef63deee0""]"
36004327,Amaral M,"[""Amaral María Marta""]",1,"[""aff_778b94ed8eeeec62""]"
36004327,Garimano N,"[""Garimano Nicolás""]",1,"[""aff_778b94ed8eeeec62""]"
36004327,Gomez F,"[""Gómez Fernando""]",1,"[""aff_778b94ed8eeeec62""]"
36004327,Ibarra C,"[""Ibarra Cristina""]",1,"[""aff_778b94ed8eeeec62""]"
36004327,Scalise M,"[""Scalise María Luján""]",1,"[""aff_778b94ed8eeeec62""]"
36117714,Damiano A,"[""Damiano Alicia E""]",3,"[""aff_385bd095785cb599"", ""aff_93130deb441cb8f0"", ""aff_a4de4d80af177a8d""]"
36117714,Escudero C,"[""Escudero Carlos""]",3,"[""aff_2fe1c297ffd88b23"", ""aff_6c3e9f942b0e008a"", ""aff_93130deb441cb8f0""]"
36117714,Galaviz-Hernandez C,"[""Galaviz-Hernandez Carlos""]",2,"[""aff_7f5ceab98bd48c7c"", ""aff_93130deb441cb8f0""]"
36117714,Garcia-Robles R,"[""García-Robles Reggie""]",2,"[""aff_93130deb441cb8f0"", ""aff_d021534fc37a5a01""]"
36117714,Giachini F,"[""Giachini Fernanda Regina""]",2,"[""aff_8e776c6beae99658"", ""aff_93130deb441cb8f0""]"
36166246,Colazo A,"[""Colazo Anabella""]",1,"[""aff_a966b07114e8a21b""]"
36166246,Liern M,"[""Liern Miguel""]",1,"[""aff_7e60091ebb6e539c""]"
36166246,Vallejo G,"[""Vallejo Graciela""]",1,"[""aff_a966b07114e8a21b""]"
36166246,Zotta E,"[""Zotta Elsa""]",1,"[""aff_f6d92ce8a4c60f3e""]"
36227397,Berdasco C,"[""Berdasco Clara""]",2,"[""aff_d6c8886602313529"", ""aff_e20f984e26c57db0""]"
36227397,Blake M,"[""Blake Mariano G""]",2,"[""aff_60dafe0ed3a8afdd"", ""aff_e20f984e26c57db0""]"
36227397,Cangelosi A,"[""Cangelosi Adriana""]",1,"[""aff_766cb72e0d3f027d""]"
36227397,Carbajosa N,"[""Carbajosa Nadia A Longo""]",2,"[""aff_cab4fee785e8fad6"", ""aff_d210e1871288a74e""]"
36227397,Celi A,"[""Celi Ana B""]",2,"[""aff_d6c8886602313529"", ""aff_e20f984e26c57db0""]"
36227397,Correa F,"[""Correa Fernando""]",1,"[""aff_2e05406c637afc62""]"
36227397,Geoghegan P,"[""Geoghegan Patricia A""]",1,"[""aff_766cb72e0d3f027d""]"
36227397,Gironacci M,"[""Gironacci Mariela M""]",2,"[""aff_cab4fee785e8fad6"", ""aff_d210e1871288a74e""]"
36227397,Goldstein J,"[""Goldstein Jorge""]",2,"[""aff_1aea4b70cd0f1de3"", ""aff_acdea9dd918867dd""]"
36227397,Nunez M,"[""Nuñez Myriam""]",1,"[""aff_6c247cf3f0d95846""]"
36227397,Pinto A,"[""Pinto Alipio""]",2,"[""aff_d6c8886602313529"", ""aff_e20f984e26c57db0""]"
36241384,Belforte J,"[""Belforte Juan E""]",1,"[""aff_0ab9a1c91151e2e2""]"
36241384,Braz B,"[""Braz Barbara Y""]",1,"[""aff_6bb7f69568947bcc""]"
36241384,Coll C,"[""Coll Camila""]",1,"[""aff_0ab9a1c91151e2e2""]"
36241384,Keifman E,"[""Keifman Ettel""]",1,"[""aff_0ab9a1c91151e2e2""]"
36241384,Murer M,"[""Murer Mario G""]",1,"[""aff_6bb7f69568947bcc""]"
36241384,Paz R,"[""Paz Rodrigo M""]",1,"[""aff_0ab9a1c91151e2e2""]"
36241384,Tubert C,"[""Tubert Cecilia""]",1,"[""aff_0ab9a1c91151e2e2""]"
36426715,Belluscio M,"[""Belluscio Mariano Andrés""]",2,"[""aff_44027febf1b0938a"", ""aff_df2cc5f49dd034ef""]"
36426715,Coletti M,"[""Coletti Marcos Antonio""]",2,"[""aff_44027febf1b0938a"", ""aff_df2cc5f49dd034ef""]"
36426715,Martinez M,"[""Martinez Maria Cecilia""]",2,"[""aff_330185d41cffdf97"", ""aff_44027febf1b0938a""]"
36426715,Murer M,"[""Murer Mario Gustavo""]",2,"[""aff_44027febf1b0938a"", ""aff_df2cc5f49dd034ef""]"
36426715,Zold C,"[""Zold Camila Lidia""]",2,"[""aff_44027febf1b0938a"", ""aff_df2cc5f49dd034ef""]"
36464947,Ackerman J,"[""Ackerman Judith""]",1,"[""aff_9b7389426363fa82""]"
36464947,Affranchino N,"[""Affranchino Nicolás""]",1,"[""aff_5557dbf5f1fc2971""]"
36464947,Baleani S,"[""Baleani Silvia""]",1,"[""aff_05c0608ea7b8a62d""]"
36464947,Ballester C,"[""Ballester Celeste""]",1,"[""aff_2e26b742398afd5b""]"
36464947,Cazalas M,"[""Cazalas Mariana""]",1,"[""aff_6e81868bbc668696""]"
36464947,Cervetto V,"[""Cervetto Vanesa""]",1,"[""aff_3eeb122d4881154d""]"
36464947,Ciotti A,"[""Ciotti Ana Laura""]",1,"[""aff_e90e74557a03a368""]"
36464947,Cosentino M,"[""Cosentino Mariana""]",1,"[""aff_93be7b35ea076644""]"
36464947,De Carli D,"[""De Carli Domingo Norberto""]",1,"[""aff_20fead52e9a4af72""]"
36464947,De Carli M,"[""De Carli Maria Estela""]",1,"[""aff_20fead52e9a4af72""]"
36464947,EMSKC Group,"[""""]",0,[]
36464947,Fabi M,"[""Fabi Mariana""]",1,"[""aff_b7141a7bb4baec3a""]"
36464947,Goldaracena P,"[""Goldaracena Pablo""]",1,"[""aff_5e719bbeb4c28df6""]"
36464947,Goldsman A,"[""Goldsman Alejandro""]",1,"[""aff_6e81868bbc668696""]"
36464947,Gonzalez G,"[""González Gabriela""]",1,"[""aff_a567857b6f943808""]"
36464947,Hortas M,"[""Hortas María""]",1,"[""aff_a827ccd46b3a49ef""]"
36464947,Magliola R,"[""Magliola Ricardo""]",1,"[""aff_852d74c65cb2b17b""]"
36464947,Manso P,"[""Manso Paula""]",1,"[""aff_eea4425e6779333f""]"
36464947,Murer M,"[""Murer Mario Gustavo""]",1,"[""aff_3277ce55b19887d8""]"
36464947,Pena S,"[""Peña Sonia""]",1,"[""aff_2e26b742398afd5b""]"
36464947,Rios Leiva C,"[""Rios Leiva Cecilia""]",1,"[""aff_ce0edde18a03d3b2""]"
36464947,Roggiero G,"[""Roggiero Gustavo""]",1,"[""aff_8f6e0bafdd101510""]"
36464947,Sardella A,"[""Sardella Angela""]",1,"[""aff_50e8919a2c4db907""]"
36464947,Sicurello M,"[""Sicurello María Irene""]",1,"[""aff_50e8919a2c4db907""]"
36464947,Tolin A,"[""Tolin Ana Laura""]",1,"[""aff_2e26b742398afd5b""]"
36464947,Triguy J,"[""Triguy Jésica""]",1,"[""aff_2e26b742398afd5b""]"
36464947,Urrutia L,"[""Urrutia Luis""]",1,"[""aff_5557dbf5f1fc2971""]"
36464947,Vaccarello M,"[""Vaccarello María""]",1,"[""aff_eb2f0cf983bd67cb""]"
36464947,Vainstein E,"[""Vainstein Eduardo""]",1,"[""aff_05c0608ea7b8a62d""]"
36464947,Villalba C,"[""Villalba Claudia""]",1,"[""aff_749e932adb52c613""]"
36464947,Zold C,"[""Zold Camila Lidia""]",1,"[""aff_3277ce55b19887d8""]"
36549423,Arrizurieta E,"[""Arrizurieta Elvira Emilia""]",1,"[""aff_63ad8f7c0a4628e3""]"
36549423,Azurmendi P,"[""Azurmendi Pablo Javier""]",1,"[""aff_4dc9c984bc78aabb""]"
36549423,Celia A,"[""Celía Alejandro Fabián""]",1,"[""aff_85999b737ff785d5""]"
36549423,Di Ciano L,"[""Di Ciano Luis Alberto""]",1,"[""aff_85999b737ff785d5""]"
36549423,Guevara D,"[""Guevara Darío""]",1,"[""aff_85999b737ff785d5""]"
36549423,Ibarra F,"[""Ibarra Fernando Raúl""]",1,"[""aff_d2c6ad9ca22715f1""]"
36549423,Oddo E,"[""Oddo Elisabet Mónica""]",1,"[""aff_85999b737ff785d5""]"
36549423,Solerno M,"[""Solerno Martín Rogelio""]",1,"[""aff_85999b737ff785d5""]"
36549423,Toledo J,"[""Toledo Jorge Eduardo""]",1,"[""aff_85999b737ff785d5""]"
36549423,Toro A,"[""Toro Ayelén Rayen""]",1,"[""aff_63ad8f7c0a4628e3""]"
36587288,Amaro E,"[""Amaro Edson""]",1,"[""aff_ac9c5f3f7d1bce63""]"
36587288,Armony J,"[""Armony Jorge L""]",1,"[""aff_06a0edf925701fdf""]"
36587288,Deleglise A,"[""Deleglise Alvaro""]",1,"[""aff_e6b686ac84c96869""]"
36587288,Della-Maggiore V,"[""Della-Maggiore Valeria""]",2,"[""aff_e3a9932312863c7d"", ""aff_e6b686ac84c96869""]"
36587288,Donnelly-Kehoe P,"[""Donnelly-Kehoe Patricio Andres""]",1,"[""aff_9005cee62a3569be""]"
36587288,Doyon J,"[""Doyon Julien""]",2,"[""aff_20bf2e253658e8b1"", ""aff_a762ee38f60277af""]"
36587288,Jacobacci F,"[""Jacobacci Florencia""]",1,"[""aff_e6b686ac84c96869""]"
36587288,Jovicich J,"[""Jovicich Jorge""]",1,"[""aff_614740cd77ae0e81""]"
36587288,Yeffal A,"[""Yeffal Abraham""]",1,"[""aff_e6b686ac84c96869""]"
36710956,Martinez M,"[""Martínez María Cecilia""]",2,"[""aff_964a98b67e27aea8"", ""aff_9fc4a4ff7698cbe3""]"
36710956,Silva A,"[""Silva Azul""]",2,"[""aff_9fc4a4ff7698cbe3"", ""aff_bef28628e9901c17""]"
36717499,Damiano A,"[""Damiano Alicia E""]",2,"[""aff_5addbefca958a52e"", ""aff_849cfdb1cdb65021""]"
36717499,Martinez N,"[""Martínez Nora""]",1,"[""aff_9aefa7a6e1eb66a4""]"
36878143,Ayala-Ramirez P,"[""Ayala-Ramírez Paola""]",1,"[""aff_19d406a511925123""]"
36878143,Barragan-Zuniga L,"[""Barragán-Zúñiga Laura Jazel""]",1,"[""aff_12c570ee4eddb01e""]"
36878143,Blanco-Castaneda R,"[""Blanco-Castañeda Ricardo""]",1,"[""aff_12c570ee4eddb01e""]"
36878143,Bueno-Sanchez J,"[""Bueno-Sánchez Julio""]",1,"[""aff_92de607af44c34fb""]"
36878143,Damiano A,"[""Damiano Alicia""]",1,"[""aff_59d3bcd01f2e7653""]"
36878143,Escudero C,"[""Escudero Carlos""]",1,"[""aff_5f7ae0b3b37763d6""]"
36878143,Galaviz-Hernandez C,"[""Galaviz-Hernández Carlos""]",1,"[""aff_cbcace45890bf0ca""]"
36878143,Garcia-Robles R,"[""Garcia-Robles Reggie""]",1,"[""aff_0f6f958d2667a186""]"
36878143,Giachini F,"[""Giachini Fernanda Regina""]",1,"[""aff_77945ec9eeaf853b""]"
36878143,Macias-Salas A,"[""Macías-Salas Alejo""]",1,"[""aff_12c570ee4eddb01e""]"
36878143,Sosa-Macias M,"[""Sosa-Macías Martha""]",1,"[""aff_857869a1ecf4915a""]"
37036956,Amaral M,"[""Amaral María Marta""]",1,"[""aff_50389e14c92e1ed4""]"
37036956,Biani C,"[""Biani Celeste""]",1,"[""aff_7523725681db8020""]"
37036956,Birnberg-Weiss F,"[""Birnberg-Weiss Federico""]",1,"[""aff_21bd3f49d6be930d""]"
37036956,Castillo Montanez L,"[""Castillo Montañez Luis""]",1,"[""aff_21bd3f49d6be930d""]"
37036956,Fernandez G,"[""Fernández Gabriela Cristina""]",1,"[""aff_21bd3f49d6be930d""]"
37036956,Furmento V,"[""Furmento Verónica Alejandra""]",1,"[""aff_7523725681db8020""]"
37036956,La Greca A,"[""La Greca Alejandro""]",1,"[""aff_7523725681db8020""]"
37036956,Landoni V,"[""Landoni Verónica Inés""]",1,"[""aff_21bd3f49d6be930d""]"
37036956,Lombardi A,"[""Lombardi Antonella""]",1,"[""aff_7523725681db8020""]"
37036956,Luzzani C,"[""Luzzani Carlos""]",1,"[""aff_7523725681db8020""]"
37036956,Martire-Greco D,"[""Martire-Greco Daiana""]",1,"[""aff_21bd3f49d6be930d""]"
37036956,Miriuka S,"[""Miriuka Santiago Gabriel""]",1,"[""aff_7523725681db8020""]"
37036956,Norris A,"[""Norris Alessandra""]",1,"[""aff_7523725681db8020""]"
37036956,Pittaluga J,"[""Pittaluga Jose Ramón""]",1,"[""aff_21bd3f49d6be930d""]"
37036956,Rodrigues-Rodriguez N,"[""Rodrigues-Rodriguez Nahuel""]",1,"[""aff_21bd3f49d6be930d""]"
37036956,Sacerdoti F,"[""Sacerdoti Flavia""]",1,"[""aff_50389e14c92e1ed4""]"
37236391,Ilarraz C,"[""Ilarraz Constanza""]",1,"[""aff_0d01a913a8cf6def""]"
37236391,Kasanetz F,"[""Kasanetz Fernando""]",1,"[""aff_8ade7b3feb0a1338""]"
37236391,Trujillo M,"[""Trujillo María Jesús""]",1,"[""aff_0d01a913a8cf6def""]"
37252991,Acuna M,"[""Acuña Mario A""]",1,"[""aff_0ab2c57121296919""]"
37252991,De Luna P,"[""De Luna Paolo""]",1,"[""aff_0ab2c57121296919""]"
37252991,Falkowska M,"[""Falkowska Marta""]",1,"[""aff_0ab2c57121296919""]"
37252991,Kasanetz F,"[""Kasanetz Fernando""]",2,"[""aff_0ab2c57121296919"", ""aff_58be8a264a648e29""]"
37252991,Nevian T,"[""Nevian Thomas""]",1,"[""aff_0ab2c57121296919""]"
37274341,Aguayo C,"[""Aguayo Claudio""]",1,"[""aff_cad92dcdbe845473""]"
37274341,Appel-Rubio J,"[""Appel-Rubio Javiera""]",1,"[""aff_cad92dcdbe845473""]"
37274341,Araya J,"[""Araya Juan""]",2,"[""aff_23313e0c19d215c7"", ""aff_a04f49a3af8b2d02""]"
37274341,Castro E,"[""Castro Erica""]",1,"[""aff_080c88aabeead937""]"
37274341,Damiano A,"[""Damiano Alicia E""]",2,"[""aff_385bd095785cb599"", ""aff_f9e4cc836f986368""]"
37274341,Eriz-Salinas A,"[""Eriz-Salinas Alma""]",1,"[""aff_8bb727ee20213f27""]"
37274341,Guzman-Gutierrez E,"[""Guzmán-Gutiérrez Enrique""]",2,"[""aff_a04f49a3af8b2d02"", ""aff_cad92dcdbe845473""]"
37274341,Mennickent D,"[""Mennickent Daniela""]",3,"[""aff_23313e0c19d215c7"", ""aff_a04f49a3af8b2d02"", ""aff_cad92dcdbe845473""]"
37274341,Opazo M,"[""Opazo Ma Cecilia""]",2,"[""aff_152e8ad6e2c59f7d"", ""aff_6d2dd8dcfaa28249""]"
37274341,Riedel C,"[""Riedel Claudia A""]",2,"[""aff_6d2dd8dcfaa28249"", ""aff_c8f3f0065f8b994e""]"
37274341,Rodriguez A,"[""Rodríguez Andrés""]",2,"[""aff_a04f49a3af8b2d02"", ""aff_bfa35b8652cd6348""]"
37466779,Araujo G,"[""Araujo Gabriel Gomes""]",1,"[""aff_162753459549e1f1""]"
37466779,Carrasco-Wong I,"[""Carrasco-Wong Ivo""]",1,"[""aff_7209ed718d819d8d""]"
37466779,Damiano A,"[""Damiano Alicia E""]",2,"[""aff_385bd095785cb599"", ""aff_a4de4d80af177a8d""]"
37466779,Escudero C,"[""Escudero Carlos""]",2,"[""aff_0f678194300b4103"", ""aff_b1a2e0b488e54984""]"
37466779,Escudero P,"[""Escudero Pablo""]",1,"[""aff_956310065f68a6fd""]"
37466779,Galaviz-Hernandez C,"[""Galaviz-Hernandez Carlos""]",1,"[""aff_de8a27181364f8a8""]"
37466779,Giachini F,"[""Giachini Fernanda R""]",1,"[""aff_162753459549e1f1""]"
37466779,Gonzalez-Ortiz M,"[""González-Ortiz Marcelo""]",2,"[""aff_406c480d8d512641"", ""aff_8d361cdeedd0afb5""]"
37466779,Lima V,"[""Lima Victor V""]",1,"[""aff_162753459549e1f1""]"
37466779,Martin S,"[""Martín Sebastián San""]",2,"[""aff_406c480d8d512641"", ""aff_68de8de95c4c2e5b""]"
37466779,Moller A,"[""Moller Alejandra""]",1,"[""aff_a9f604192f0f9824""]"
37466779,Sosa-Macias M,"[""Sosa-Macias Martha""]",1,"[""aff_de8a27181364f8a8""]"
37466779,Stojanova J,"[""Stojanova Jana""]",1,"[""aff_ed7ee324581c5061""]"
37466779,Teran E,"[""Teran Enrique""]",1,"[""aff_bde1ac9b93d89c05""]"
37466779,on behalf RIVATREM,"[""""]",0,[]
37676461,Azurmendi P,"[""Azurmendi Pablo J""]",2,"[""aff_27640c7d308e68c5"", ""aff_4b4f9972886acc7a""]"
37676461,Di Ciano L,"[""Di Ciano Luis A""]",1,"[""aff_4b4f9972886acc7a""]"
37676461,Ibarra F,"[""Ibarra Fernando R""]",3,"[""aff_03e2d56d2286973e"", ""aff_28d0bbbda0195d6a"", ""aff_bcc2ea3d8a44eeb1""]"
37676461,Oddo E,"[""Oddo Elisabet M""]",2,"[""aff_27640c7d308e68c5"", ""aff_4b4f9972886acc7a""]"
37676461,Silberstein C,"[""Silberstein Claudia""]",1,"[""aff_1f1abed56b5cbb62""]"
37676461,Vlachovsky S,"[""Vlachovsky Sandra G""]",2,"[""aff_27640c7d308e68c5"", ""aff_4b4f9972886acc7a""]"
37683958,Alberquilla S,"[""Alberquilla Samuel""]",1,"[""aff_8d1e699596e6339f""]"
37683958,Coll C,"[""Coll Camila""]",1,"[""aff_9aeea1f770873122""]"
37683958,Keifman E,"[""Keifman Ettel""]",1,"[""aff_2ae1f804569d71aa""]"
37683958,Moratalla R,"[""Moratalla Rosario""]",1,"[""aff_ea25522efdbee1e6""]"
37683958,Murer M,"[""Murer Mario Gustavo""]",1,"[""aff_ef4b740f111118b1""]"
37683958,Reig R,"[""Reig Ramón""]",1,"[""aff_e84ecb011fd83614""]"
37683958,Saez M,"[""Sáez María""]",1,"[""aff_465c5e85ca8f0591""]"
37704516,Amaral M,"[""Amaral María M""]",1,"[""aff_55efb15246a14e45""]"
37704516,Belardo M,"[""Belardo Marcela""]",1,"[""aff_a998d3a4f32feb37""]"
37704516,Bernal A,"[""Bernal Alan M""]",1,"[""aff_09d5ca6c7f06ed0c""]"
37704516,Da Rocha M,"[""Da Rocha Marcelo""]",1,"[""aff_30999dad88c48570""]"
37704516,Fernandez-Brando R,"[""Fernandez-Brando Romina J""]",1,"[""aff_09d5ca6c7f06ed0c""]"
37704516,Ibarra C,"[""Ibarra Cristina A""]",1,"[""aff_c808509f675fc755""]"
37704516,Palermo M,"[""Palermo Marina S""]",1,"[""aff_7420627c42675979""]"
37704516,Sacerdoti F,"[""Sacerdoti Flavia""]",1,"[""aff_55efb15246a14e45""]"
37718031,Belforte J,"[""Belforte Juan Emilio""]",1,"[""aff_1d9442f567adf0ab""]"
37852390,Pancani T,"[""Pancani T""]",1,"[""aff_1c56a7716ccf4ddc""]"
37852390,Surmeier D,"[""Surmeier D J""]",1,"[""aff_87aabd0673c7d810""]"
37852390,Tkatch T,"[""Tkatch T""]",1,"[""aff_d04155fc9ba451f6""]"
37852390,Tubert C,"[""Tubert C""]",1,"[""aff_de40ef1ed7a21232""]"
37852390,Zampese E,"[""Zampese E""]",1,"[""aff_d04155fc9ba451f6""]"
37979924,Amaral M,"[""Amaral María M""]",1,"[""aff_4c7790f8f40143d4""]"
37979924,Chiappetta D,"[""Chiappetta Diego A""]",1,"[""aff_9d4c795197046309""]"
37979924,Gomez F,"[""Gomez Fernando D""]",1,"[""aff_34a26bcc33150d46""]"
37979924,Ibarra C,"[""Ibarra Cristina""]",1,"[""aff_34a26bcc33150d46""]"
37979924,Jancic C,"[""Jancic Carolina""]",1,"[""aff_5103d8f070443079""]"
37979924,Lombardo T,"[""Lombardo Tomas""]",1,"[""aff_62566e29efe16f0c""]"
37979924,Moretton M,"[""Moretton Marcela A""]",1,"[""aff_9d4c795197046309""]"
37979924,Pascuale C,"[""Pascuale Carla A""]",1,"[""aff_1b1659026162c6ab""]"
37979924,Sacerdoti F,"[""Sacerdoti Flavia""]",1,"[""aff_948afcc5f6007442""]"
38019897,Barbehenn A,"[""Barbehenn Alton""]",1,"[""aff_a52748f665b8b99a""]"
38019897,Busch M,"[""Busch Michael P""]",1,"[""aff_db8095ba477bf27b""]"
38019897,Deeks S,"[""Deeks Steven G""]",1,"[""aff_a52748f665b8b99a""]"
38019897,Dwivedi A,"[""Dwivedi Ashok K""]",1,"[""aff_a52748f665b8b99a""]"
38019897,Gibson E,"[""Gibson Erica A""]",1,"[""aff_a0bf9c42d5992fa0""]"
38019897,Gornalusse G,"[""Gornalusse Germán G""]",2,"[""aff_6d7a349a4b6031bf"", ""aff_7d988c4443f307d5""]"
38019897,Hecht F,"[""Hecht Frederick""]",1,"[""aff_a52748f665b8b99a""]"
38019897,Henrich T,"[""Henrich Timothy J""]",1,"[""aff_7d988c4443f307d5""]"
38019897,Hladik F,"[""Hladik Florian""]",3,"[""aff_6d7a349a4b6031bf"", ""aff_7d988c4443f307d5"", ""aff_d63945c2bb3d569e""]"
38019897,Hobbs K,"[""Hobbs Kristen S""]",1,"[""aff_a0bf9c42d5992fa0""]"
38019897,Hoh R,"[""Hoh Rebecca""]",1,"[""aff_a52748f665b8b99a""]"
38019897,Huang M,"[""Huang Meei-Li""]",2,"[""aff_37419cc03f42717c"", ""aff_6d7a349a4b6031bf""]"
38019897,Jerome K,"[""Jerome Keith R""]",2,"[""aff_37419cc03f42717c"", ""aff_6d7a349a4b6031bf""]"
38019897,Lee S,"[""Lee Sulggi A""]",1,"[""aff_a52748f665b8b99a""]"
38019897,Levy C,"[""Levy Claire N""]",2,"[""aff_6d7a349a4b6031bf"", ""aff_7d988c4443f307d5""]"
38019897,Martin J,"[""Martin Jeffrey""]",1,"[""aff_a53bfad2bf5de7d7""]"
38019897,Milush J,"[""Milush Jeffrey""]",1,"[""aff_a0bf9c42d5992fa0""]"
38019897,Pan T,"[""Pan Tony""]",1,"[""aff_a0bf9c42d5992fa0""]"
38019897,Pilcher C,"[""Pilcher Christopher""]",1,"[""aff_a52748f665b8b99a""]"
38019897,Reppetti J,"[""Reppetti Julieta""]",2,"[""aff_38c3c3c215f657b5"", ""aff_7d988c4443f307d5""]"
38019897,Roychoudhury P,"[""Roychoudhury Pavitra""]",2,"[""aff_37419cc03f42717c"", ""aff_6d7a349a4b6031bf""]"
38019897,Siegel D,"[""Siegel David A""]",1,"[""aff_a52748f665b8b99a""]"
38019897,Stone M,"[""Stone Mars""]",1,"[""aff_db8095ba477bf27b""]"
38019897,Thanh C,"[""Thanh Cassandra""]",1,"[""aff_a0bf9c42d5992fa0""]"
38019897,Vo P,"[""Vo Phuong M""]",2,"[""aff_6d7a349a4b6031bf"", ""aff_7d988c4443f307d5""]"
38086442,Fischer Sigel L,"[""Fischer Sigel Lilian K""]",1,"[""aff_4b169babc29c2518""]"
38086442,Sacerdoti F,"[""Sacerdoti Flavia""]",1,"[""aff_c2ddf2e07972ade1""]"
38086442,Sanchez D,"[""Sánchez Daiana S""]",1,"[""aff_4b169babc29c2518""]"
38086442,Silberstein C,"[""Silberstein Claudia""]",1,"[""aff_f298d85cf810daf1""]"
38086442,Zotta E,"[""Zotta Elsa""]",1,"[""aff_1913ae31d7106341""]"
38089623,Abad C,"[""Abad Cilia""]",1,"[""aff_fff5abede2e432af""]"
38089623,Damiano A,"[""Damiano Alicia E""]",2,"[""aff_61fbc19f32d41763"", ""aff_620f45ecb4fa96bd""]"
38089623,Farina M,"[""Farina Mariana""]",1,"[""aff_d11358aa0f36dae7""]"
38089623,Marin R,"[""Marín Reinaldo""]",1,"[""aff_9960a8370a659d14""]"
38289455,Bernabeu R,"[""Bernabeu Ramon""]",1,"[""aff_8c6df4bfe88d35ba""]"
38289455,Faillace M,"[""Faillace Maria Paula""]",1,"[""aff_26d016fa90f43311""]"
38289455,Ortiz J,"[""Ortiz Joaquin""]",1,"[""aff_721a3cd3faabb13b""]"
38289455,Rocco L,"[""Rocco Leandro""]",1,"[""aff_721a3cd3faabb13b""]"
38332013,Della-Maggiore V,"[""Della-Maggiore Valeria""]",2,"[""aff_a81f36201bca7f01"", ""aff_ddd975eed5f34b26""]"
38355584,Belluscio M,"[""Belluscio Mariano Andrés""]",2,"[""aff_90f3214ef1a79e1c"", ""aff_ccdd92511c648e30""]"
38355584,Merlo E,"[""Merlo Emiliano""]",1,"[""aff_745f85fd40dc787d""]"
38355584,Merlo S,"[""Merlo Santiago Abel""]",3,"[""aff_3f24331eaae85406"", ""aff_90f3214ef1a79e1c"", ""aff_ccdd92511c648e30""]"
38355584,Pedreira M,"[""Pedreira Maria Eugenia""]",1,"[""aff_3f24331eaae85406""]"
38788356,Azurmendi P,"[""Azurmendi Pablo J""]",1,"[""aff_a1f0ce2c4b2edb96""]"
38788356,Di Ciano L,"[""Di Ciano Luis A""]",1,"[""aff_36af6c7fc8e47b2b""]"
38788356,Goette N,"[""Goette Nora P""]",1,"[""aff_58dd91ae6139cfcc""]"
38788356,Ibarra F,"[""Ibarra Fernando R""]",1,"[""aff_e8bfa457bdcb8942""]"
38788356,Oddo E,"[""Oddo Elisabet M""]",1,"[""aff_1cae7d78a5c3305c""]"
38788356,Paz L,"[""Paz Leonardo A""]",1,"[""aff_1b25778737a2a0be""]"
38788356,Rodriguez R,"[""Rodríguez Romina S""]",1,"[""aff_6674e461b9602d47""]"
38788356,Silberstein C,"[""Silberstein Claudia""]",1,"[""aff_4ab850075184282f""]"
38788356,Vlachovsky S,"[""Vlachovsky Sandra G""]",1,"[""aff_92c3e52638cda980""]"
38827994,Capurro C,"[""Capurro Claudia""]",1,"[""aff_55bd043e8c0c9815""]"
38827994,Cremaschi G,"[""Cremaschi Graciela Alicia""]",1,"[""aff_093812e66c22cd56""]"
38827994,Larocca M,"[""Larocca Maria Cecilia""]",1,"[""aff_93c55f9c4b9f7e91""]"
38827994,Sobrevia L,"[""Sobrevia Luis""]",5,"[""aff_4222640156e0768d"", ""aff_5186d19e853fb37e"", ""aff_9d121fff2a1f6e1b"", ""aff_cfd79c0a2a5e2ca5"", ""aff_edb0c189f5bdac98""]"
38827994,Vila Petroff M,"[""Vila Petroff Martin""]",1,"[""aff_32a4f194af1f3f3d""]"
38950066,Bekinschtein P,"[""Bekinschtein Pedro""]",1,"[""aff_e7debd25d4130bd2""]"
38950066,Belluscio M,"[""Belluscio Mariano""]",2,"[""aff_71c64e9fc35ba201"", ""aff_80e97758033b2e20""]"
38950066,Coletti M,"[""Coletti Marcos Antonio""]",2,"[""aff_71c64e9fc35ba201"", ""aff_80e97758033b2e20""]"
38950066,Miranda M,"[""Miranda Magdalena""]",1,"[""aff_e7debd25d4130bd2""]"
38950066,Morici J,"[""Morici Juan Facundo""]",1,"[""aff_e7debd25d4130bd2""]"
38950066,Silva A,"[""Silva Azul""]",2,"[""aff_71c64e9fc35ba201"", ""aff_80e97758033b2e20""]"
38956598,Calle-Castillejo C,"[""Calle-Castillejo Claudia""]",1,"[""aff_ec82c621f7aded17""]"
38956598,Echevarria M,"[""Echevarría Miriam""]",2,"[""aff_43d00b9b5574c3d0"", ""aff_d76dc10413910295""]"
38956598,Gonzalez-Vinceiro L,"[""González-Vinceiro Lourdes""]",2,"[""aff_89dc26118788c47f"", ""aff_ec82c621f7aded17""]"
38956598,Hiraldo-Gonzalez L,"[""Hiraldo-González Laura""]",2,"[""aff_89dc26118788c47f"", ""aff_ec82c621f7aded17""]"
38956598,Mayo F,"[""Mayo Francisco""]",2,"[""aff_89dc26118788c47f"", ""aff_ec82c621f7aded17""]"
38956598,Mayo M,"[""Mayo Manuel""]",1,"[""aff_adeeaa9fd97dc6b5""]"
38956598,Netti V,"[""Netti Vanina""]",1,"[""aff_ef1bd2311aeeb254""]"
38956598,Ramirez-Lorca R,"[""Ramírez-Lorca Reposo""]",2,"[""aff_89dc26118788c47f"", ""aff_ec82c621f7aded17""]"
38956598,Rodriguez-Gomez F,"[""Rodríguez-Gómez Francisco D""]",1,"[""aff_ec82c621f7aded17""]"
39055061,Castro-Parodi M,"[""Castro-Parodi Mauricio""]",1,"[""aff_303affa4f4fb01f0""]"
39055061,Damiano A,"[""Damiano Alicia E""]",2,"[""aff_303affa4f4fb01f0"", ""aff_e47e41ed1dc94575""]"
39055061,Giachini F,"[""Giachini Fernanda R""]",1,"[""aff_ae1ab7d3cff96ff5""]"
39055061,Hryciw D,"[""Hryciw Deanne H""]",1,"[""aff_2fdf6c506b16ca3b""]"
39074983,Caffaro P,"[""Caffaro Pedro""]",1,"[""aff_63ef220c64eb8510""]"
39074983,Deleglise A,"[""Deleglise Alvaro""]",1,"[""aff_63ef220c64eb8510""]"
39074983,Della-Maggiore V,"[""Della-Maggiore Valeria""]",3,"[""aff_5583129e55d9bcb7"", ""aff_9a941c1453ee3534"", ""aff_edc29b1ccca97321""]"
39074983,Griffa G,"[""Griffa Guillermina""]",1,"[""aff_63ef220c64eb8510""]"
39074983,Lerner G,"[""Lerner Gonzalo""]",1,"[""aff_63ef220c64eb8510""]"
39074983,Perez-Chada D,"[""Perez-Chada Daniel""]",1,"[""aff_5c9bc85acb69cb37""]"
39074983,Riquelme L,"[""Riquelme Luis""]",1,"[""aff_63ef220c64eb8510""]"
39074983,Solano A,"[""Solano Agustin""]",1,"[""aff_63ef220c64eb8510""]"
39327159,Igaz L,"[""Igaz Lionel M""]",1,"[""aff_3217373d8b1494d6""]"
39327159,Vassallu F,"[""Vassallu Florencia""]",1,"[""aff_121a02d5aa406bb6""]"
39442808,Alvarez R,"[""Alvarez Romina S""]",1,"[""aff_d522327b0a5450a3""]"
39442808,Amaral M,"[""Amaral María M""]",1,"[""aff_0247b809e16a8a45""]"
39442808,Balestracci A,"[""Balestracci Alejandro""]",1,"[""aff_9974c078d51cf92e""]"
39442808,Damiano A,"[""Damiano Alicia E""]",1,"[""aff_1f3851b68845cf1f""]"
39442808,Di Giusto G,"[""Di Giusto Gisela""]",1,"[""aff_494a51b40fb17103""]"
39442808,Giron Reyes D,"[""Girón Reyes Daniel C""]",1,"[""aff_d522327b0a5450a3""]"
39442808,Gomez F,"[""Gomez Fernando D""]",1,"[""aff_d522327b0a5450a3""]"
39442808,Martinez N,"[""Martínez Nora A""]",1,"[""aff_6815b0361f0fd9c1""]"
39442808,Reppetti J,"[""Reppetti Julieta""]",1,"[""aff_6815b0361f0fd9c1""]"
39442808,Sacerdoti F,"[""Sacerdoti Flavia""]",1,"[""aff_d522327b0a5450a3""]"
39461007,Barril C,"[""Barril Camila""]",1,"[""aff_5d00eb3574c5d1f4""]"
39461007,Cebral E,"[""Cebral Elisa""]",1,"[""aff_51e0d132e340fbf6""]"
39461007,Damiano A,"[""Damiano Alicia E""]",1,"[""aff_bbfe76aa2210eb14""]"
39461007,Gualdoni G,"[""Gualdoni Gisela Soledad""]",1,"[""aff_5d00eb3574c5d1f4""]"
39485629,Capurro C,"[""Capurro Claudia""]",2,"[""aff_51aeaff5e5e3b3d9"", ""aff_5d7553c4e919cc25""]"
39485629,Cocca M,"[""Cocca María Azul""]",2,"[""aff_51aeaff5e5e3b3d9"", ""aff_5d7553c4e919cc25""]"
39485629,Cutrera N,"[""Cutrera Nicolás""]",2,"[""aff_51aeaff5e5e3b3d9"", ""aff_5d7553c4e919cc25""]"
39485629,Di Giusto G,"[""Di Giusto Gisela""]",2,"[""aff_51aeaff5e5e3b3d9"", ""aff_5d7553c4e919cc25""]"
39485629,Ford P,"[""Ford Paula""]",2,"[""aff_51aeaff5e5e3b3d9"", ""aff_5d7553c4e919cc25""]"
39485629,Molina Ponce T,"[""Molina Ponce Tomás""]",2,"[""aff_51aeaff5e5e3b3d9"", ""aff_5d7553c4e919cc25""]"
39485629,Netti V,"[""Netti Vanina""]",2,"[""aff_4eb846c189333edf"", ""aff_eaad9813b8a354b3""]"
39553573,Arenas-Mosquera D,"[""Arenas-Mosquera D""]",1,"[""aff_e5d64dc8908f15e1""]"
39553573,Cangelosi A,"[""Cangelosi A""]",1,"[""aff_dd369be1dcc731ce""]"
39553573,Cerny N,"[""Cerny N""]",2,"[""aff_00dd5270a70efe18"", ""aff_67c9c317fe4b259d""]"
39553573,De Marzi M,"[""De Marzi M""]",1,"[""aff_d29cf10ab11dee9b""]"
39553573,Geoghegan P,"[""Geoghegan P A""]",1,"[""aff_dd369be1dcc731ce""]"
39553573,Goldstein J,"[""Goldstein J""]",1,"[""aff_e5d64dc8908f15e1""]"
39553573,Malchiodi E,"[""Malchiodi E L""]",1,"[""aff_74da111b63a2417e""]"
39553573,Pinto A,"[""Pinto A""]",1,"[""aff_e5d64dc8908f15e1""]"
39833563,Belforte J,"[""Belforte Juan E""]",2,"[""aff_2defcc597060fc62"", ""aff_d265d836c74a6a6b""]"
39833563,Bello E,"[""Bello Estefanía P""]",2,"[""aff_08e828390736715f"", ""aff_cf056aad41458a89""]"
39833563,Gomez Acosta M,"[""Gomez Acosta Martina""]",2,"[""aff_51ad578f18c547a8"", ""aff_611932da19df87e0""]"
39833563,Uehara J,"[""Uehara Juan M""]",2,"[""aff_51ad578f18c547a8"", ""aff_611932da19df87e0""]"
39851628,Arini P,"[""Arini Pedro D""]",2,"[""aff_bc70c78588b67e6b"", ""aff_d999260a07edd193""]"
39851628,Rosso O,"[""Rosso Osvaldo A""]",2,"[""aff_a96b1ec6159add56"", ""aff_f617c31b55166e1b""]"
39851628,Valverde E,"[""Valverde Esteban R""]",2,"[""aff_08b48b366bbd1b54"", ""aff_d999260a07edd193""]"
39851628,Vampa V,"[""Vampa Victoria""]",1,"[""aff_a343e967c77ce89e""]"
39853576,Arias S,"[""Arias Sergio""]",1,"[""aff_b7dde8ab999af33e""]"
39853576,Azpiazu M,"[""Azpiazu Mikel""]",1,"[""aff_c905806002bbb57e""]"
39853576,Perez-Chada D,"[""Pérez-Chada Daniel""]",1,"[""aff_c18172ec0f75eeb6""]"
39853576,Schonfeld D,"[""Schonfeld Daniel""]",1,"[""aff_f7597be7af016f8a""]"
39853576,Solomons D,"[""Solomons Daniel""]",2,"[""aff_305c528cd4ad1af7"", ""aff_a9fbe87ab8c5c59d""]"
39853576,Vigo D,"[""Vigo Daniel E""]",1,"[""aff_a2a3f449b2cdcf8f""]"
39855537,Arredondo S,"[""Arredondo Sebastián B""]",1,"[""aff_c2fb94e6e602a872""]"
39855537,Belforte J,"[""Belforte Juan E""]",1,"[""aff_5a513b70fc8f0d0a""]"
39855537,Chavez A,"[""Chávez Andrés E""]",1,"[""aff_0954eb3b22360885""]"
39855537,Estay S,"[""Estay Sebastián F""]",1,"[""aff_ef43751fd207a594""]"
39855537,Fuenzalida M,"[""Fuenzalida Marco""]",1,"[""aff_ee7a0be276b4860e""]"
39855537,Garcia-Rojas F,"[""García-Rojas Francisca""]",1,"[""aff_f28a6afaf1be9b2c""]"
39855537,Santander O,"[""Santander Odra""]",1,"[""aff_857aec0595b3510a""]"
39855537,Varela-Nallar L,"[""Varela-Nallar Lorena""]",1,"[""aff_6a6bf79b128f89cc""]"
39947439,Granado N,"[""Granado Noelia""]",1,"[""aff_f133df0c9a3248ec""]"
39947439,Mendieta L,"[""Mendieta Liliana""]",1,"[""aff_f133df0c9a3248ec""]"
39947439,Moratalla R,"[""Moratalla Rosario""]",1,"[""aff_f8f2545050fd40bb""]"
39947439,Murer M,"[""Murer Mario Gustavo""]",1,"[""aff_4cca83c5c47772b9""]"
39947439,Tizabi Y,"[""Tizabi Yousef""]",1,"[""aff_4c02661503b41453""]"
39955250,Castro Parodi M,"[""Castro Parodi Mauricio""]",1,"[""aff_4d9956390ce3bfe3""]"
39955250,Damiano A,"[""Damiano Alicia E""]",1,"[""aff_f1c7233257fb031f""]"
39955250,Fernandez N,"[""Fernandez Nazarena""]",1,"[""aff_e27247cfffa955e9""]"
39955250,Medina Y,"[""Medina Yollyseth""]",1,"[""aff_f8b2886174515bd2""]"
39955250,Sierra M,"[""Sierra Matías N""]",1,"[""aff_e27247cfffa955e9""]"
40012853,Alipio P,"[""Alipio Pinto""]",1,"[""aff_3d8223fbb96e1135""]"
40012853,Fabian L,"[""Fabián Loidl C""]",1,"[""aff_8da25903baeb78f7""]"
40012853,Jorge G,"[""Jorge Goldstein""]",1,"[""aff_3d8223fbb96e1135""]"
40451786,Barba V,"[""Barba Virginia""]",1,"[""aff_ca9211e29e55d7d6""]"
40451786,Bortman G,"[""Bortman Guillermo""]",1,"[""aff_ca9211e29e55d7d6""]"
40451786,Capurro C,"[""Capurro Claudia""]",1,"[""aff_7fbc18d50da60faa""]"
40451786,Di Benedetto S,"[""Di Benedetto Sarah""]",1,"[""aff_3d7aa84cd5afe69d""]"
40451786,Ferreyra R,"[""Ferreyra Raúl""]",1,"[""aff_ca9211e29e55d7d6""]"
40451786,Izurieta M,"[""Izurieta Marcelo""]",1,"[""aff_ca9211e29e55d7d6""]"
40451786,Piazza A,"[""Piazza Antonio""]",1,"[""aff_ca9211e29e55d7d6""]"
40451786,Politi M,"[""Politi María Teresa""]",1,"[""aff_7fbc18d50da60faa""]"
40527250,Alicia D,"[""Alicia Damiano""]",1,"[""aff_84d7fd1c09ce8882""]"
40527250,German G,"[""Germán Gornalusse""]",1,"[""aff_203b3a8e5a498a35""]"
40527250,Mariana F,"[""Mariana Farina""]",1,"[""aff_8a51e2e5a72197eb""]"
40527250,Nora M,"[""Nora Martínez""]",1,"[""aff_3ac5c6f57b74ba5a""]"
40527250,Reppetti J,"[""Reppetti Julieta""]",1,"[""aff_23868cf4421c32c1""]"
40527250,Tomas E,"[""Tomás Etcheverry""]",1,"[""aff_8a51e2e5a72197eb""]"
40553107,Murer M,"[""Murer Mario Gustavo""]",2,"[""aff_2e5420e0a1047618"", ""aff_7c732adf1e570f60""]"
40553107,Paz R,"[""Paz Rodrigo Manuel""]",2,"[""aff_2e5420e0a1047618"", ""aff_d4d1b4ef7738e07d""]"
40553107,Rela L,"[""Rela Lorena""]",2,"[""aff_2e5420e0a1047618"", ""aff_7c732adf1e570f60""]"
40553107,Sanchez Armijos K,"[""Sanchez Armijos Kianny Miroslava""]",1,"[""aff_2e5420e0a1047618""]"
40553107,Stahl A,"[""Stahl Agostina Mónica""]",1,"[""aff_2e5420e0a1047618""]"
40553107,Tubert C,"[""Tubert Cecilia""]",1,"[""aff_2e5420e0a1047618""]"
40577142,Di Ciano L,"[""Di Ciano Luis""]",2,"[""aff_320455ea214b3afe"", ""aff_d0bcddafd54786ee""]"
40577142,Ibarra F,"[""Ibarra Fernando R""]",2,"[""aff_07a7d8ddbf990adc"", ""aff_320455ea214b3afe""]"
40577142,Vlachovsky S,"[""Vlachovsky Sandra G""]",2,"[""aff_7be356d8a2c9fa2e"", ""aff_b5a4005c183ba476""]"
40587395,Balestracci A,"[""Balestracci Alejandro""]",1,"[""aff_d36f9fb57a2cfc52""]"
40587395,Fischer Sigel L,"[""Fischer Sigel Lilian K""]",1,"[""aff_4d0445d02e05a569""]"
40587395,Ibarra C,"[""Ibarra Cristina""]",1,"[""aff_e107406efa5a9ea8""]"
40587395,Sanchez D,"[""Sánchez Daiana S""]",1,"[""aff_4d0445d02e05a569""]"
40587395,Silberstein C,"[""Silberstein Claudia""]",1,"[""aff_d217b3c35480b320""]"
40595449,Boccaccio G,"[""Boccaccio Graciela L""]",3,"[""aff_5c85927a9e37cc3d"", ""aff_c0f4b8b9686a3384"", ""aff_eb66b7d79751c0d5""]"
40595449,Borrat A,"[""Borrat Agustina G""]",2,"[""aff_5c85927a9e37cc3d"", ""aff_c0f4b8b9686a3384""]"
40595449,Evangelisti F,"[""Evangelisti Fermín""]",2,"[""aff_5c85927a9e37cc3d"", ""aff_c0f4b8b9686a3384""]"
40595449,Katz M,"[""Katz Maximiliano J""]",2,"[""aff_b85e955d3843554c"", ""aff_bb59763f8d8b0187""]"
40595449,Melani M,"[""Melani Mariana""]",3,"[""aff_5c85927a9e37cc3d"", ""aff_c0f4b8b9686a3384"", ""aff_eb66b7d79751c0d5""]"
40595449,Perez-Pandolfo S,"[""Perez-Pandolfo Sebastián""]",2,"[""aff_5c85927a9e37cc3d"", ""aff_c0f4b8b9686a3384""]"
40595449,Peters T,"[""Peters Tomás""]",2,"[""aff_5c85927a9e37cc3d"", ""aff_c0f4b8b9686a3384""]"
40595449,Rodriguez F,"[""Rodríguez Felipe""]",2,"[""aff_5c85927a9e37cc3d"", ""aff_c0f4b8b9686a3384""]"
40595449,Sommario N,"[""Sommario Natalia""]",2,"[""aff_5c85927a9e37cc3d"", ""aff_c0f4b8b9686a3384""]"
40595449,Wappner P,"[""Wappner Pablo""]",3,"[""aff_2fe6d617a93437db"", ""aff_4d53c44c100a038c"", ""aff_f5e4111a6396909f""]"
40603573,Acevedo J,"[""Acevedo Julieta M""]",1,"[""aff_5cc17ba9a3be32b3""]"
40603573,Katz M,"[""Katz Maximiliano J""]",2,"[""aff_0864a01dd26b2da3"", ""aff_f1ddb25373081fda""]"
40603573,Melani M,"[""Melani Mariana""]",3,"[""aff_3f04655630a87f51"", ""aff_5cc17ba9a3be32b3"", ""aff_82efff6c0763a986""]"
40603573,Perez-Perri J,"[""Perez-Perri Joel I""]",1,"[""aff_905ec077e2735c31""]"
40603573,Sorianello E,"[""Sorianello Eleonora""]",1,"[""aff_293851581585c31e""]"
40603573,Wappner P,"[""Wappner Pablo""]",3,"[""aff_3beb38a791af4687"", ""aff_84d60a0f2c172882"", ""aff_c19da172802ef94f""]"
40617562,Goldstein J,"[""Goldstein Jorge""]",1,"[""aff_3fad717c7c0a9562""]"
40617562,Igaz L,"[""Igaz Lionel M""]",1,"[""aff_d7e6d6b0421e0458""]"
40617562,Miret N,"[""Miret Noelia V""]",1,"[""aff_04209ae6772bdd1b""]"
40617562,Pinto A,"[""Pinto Alipio""]",1,"[""aff_3fad717c7c0a9562""]"
40617562,Ramos Aloi A,"[""Ramos Aloi Ana Belen""]",1,"[""aff_3fad717c7c0a9562""]"
40617562,Randi A,"[""Randi Andrea S""]",1,"[""aff_fee90322d14f8974""]"
40617562,Vassallu F,"[""Vassallu Florencia""]",1,"[""aff_d7e6d6b0421e0458""]"
40642510,Abad C,"[""Abad Cilia""]",1,"[""aff_7c90cc7f36ca1c40""]"
40642510,Damiano A,"[""Damiano Alicia E""]",2,"[""aff_36bf9922da4ec2cc"", ""aff_4248175a9555565b""]"
40642510,Farina M,"[""Farina Mariana""]",1,"[""aff_05111e08ca7b6bf2""]"
40642510,Marin R,"[""Marín Reinaldo""]",1,"[""aff_9960a8370a659d14""]"
40744730,De Pino G,"[""De Pino Gabriela""]",1,"[""aff_2b6e40460f25a0af""]"
40744730,Deleglise A,"[""Deleglise Alvaro""]",1,"[""aff_de675b046b71336d""]"
40744730,Della-Maggiore V,"[""Della-Maggiore Valeria""]",3,"[""aff_2b6e40460f25a0af"", ""aff_40d9ca977897692c"", ""aff_6caf3626b4429618""]"
40744730,Griffa G,"[""Griffa Guillermina""]",1,"[""aff_de675b046b71336d""]"
40744730,Jacobacci F,"[""Jacobacci Florencia""]",1,"[""aff_de675b046b71336d""]"
40744730,Solano A,"[""Solano Agustin""]",1,"[""aff_de675b046b71336d""]"
40766632,Igaz L,"[""Igaz Lionel Muller""]",2,"[""aff_ad79c99e60df3b18"", ""aff_f02ac9398e504504""]"
40766632,Lacour A,"[""Lacour Ailín""]",1,"[""aff_b283fbf9bf253fc9""]"
40766632,Rayes D,"[""Rayes Diego""]",1,"[""aff_b283fbf9bf253fc9""]"
40766632,Vassallu F,"[""Vassallu Florencia""]",2,"[""aff_ad79c99e60df3b18"", ""aff_f02ac9398e504504""]"
40882494,Damiano A,"[""Damiano A""]",1,"[""aff_84d7fd1c09ce8882""]"
40882494,Etcheverry T,"[""Etcheverry T""]",1,"[""aff_8a51e2e5a72197eb""]"
40882494,Farina M,"[""Farina M""]",1,"[""aff_8a51e2e5a72197eb""]"
40882494,Gornalusse G,"[""Gornalusse G""]",1,"[""aff_2cf1eb064e9a077e""]"
40882494,Martinez N,"[""Martínez N""]",1,"[""aff_3ac5c6f57b74ba5a""]"
40882494,Reppetti J,"[""Reppetti J""]",1,"[""aff_23868cf4421c32c1""]"
40976751,Borbely A,"[""Borbely Alexandre""]",1,"[""aff_308e979de150e66e""]"
40976751,Damiano A,"[""Damiano Alicia E""]",1,"[""aff_826faa5c5325ce0d""]"
40976751,Giachini F,"[""Giachini Fernanda""]",1,"[""aff_487a4ddbb1be4ebc""]"
41014673,Castro Parodi M,"[""Castro Parodi Mauricio""]",1,"[""aff_f8b2886174515bd2""]"
41014673,Damiano A,"[""Damiano Alicia E""]",1,"[""aff_826faa5c5325ce0d""]"
41014673,Di Paola M,"[""Di Paola Mauricio""]",1,"[""aff_4d9956390ce3bfe3""]"
41014673,Fernandez N,"[""Fernández Nazarena""]",1,"[""aff_7d0f4343f6c458b6""]"
41014673,Reynoso M,"[""Reynoso Mariano""]",1,"[""aff_4d9956390ce3bfe3""]"
41014673,Sierra M,"[""Sierra Matías N""]",1,"[""aff_7d0f4343f6c458b6""]"
41040166,Della-Maggiore V,"[""Della-Maggiore Valeria""]",3,"[""aff_66c73a8ce5a882d9"", ""aff_9d17263d51f9eea6"", ""aff_f41f4680c2307ace""]"
41040166,Griffa G,"[""Griffa Guillermina""]",1,"[""aff_66c73a8ce5a882d9""]"
41040166,Huang S,"[""Huang Susie Y""]",1,"[""aff_80edbfc28e9f1eee""]"
41040166,Lee H,"[""Lee Hong-Hsi""]",1,"[""aff_80edbfc28e9f1eee""]"
41040166,Palombo M,"[""Palombo Marco""]",1,"[""aff_59d70d8d4a329a0d""]"
41040166,Yeffal A,"[""Yeffal Abraham""]",1,"[""aff_66c73a8ce5a882d9""]"
41183746,Garcia-Verdugo M,"[""Garcia-Verdugo Mario""]",1,"[""aff_f133df0c9a3248ec""]"
41183746,Gustincich S,"[""Gustincich Stefano""]",1,"[""aff_c01ba80b7a2f6a80""]"
41183746,Jercog P,"[""Jercog Pablo""]",1,"[""aff_f133df0c9a3248ec""]"
41183746,Lanciego J,"[""Lanciego Jose L""]",1,"[""aff_c48dbb27d6bc9634""]"
41183746,Moratalla R,"[""Moratalla Rosario""]",1,"[""aff_f8f2545050fd40bb""]"
41183746,Murer M,"[""Murer Mario Gustavo""]",1,"[""aff_4cca83c5c47772b9""]"
41183746,Rodriguez-Martin P,"[""Rodríguez-Martín Pilar""]",1,"[""aff_b3cb2146fe063764""]"
41208638,Bochicchio P,"[""Bochicchio Pablo""]",1,"[""aff_328c6697b101faf3""]"
41208638,Bodin D,"[""Bodín Diego H""]",1,"[""aff_328c6697b101faf3""]"
41208638,Bongiovanni V,"[""Bongiovanni Vinicius""]",2,"[""aff_8d23ad52c9feccfa"", ""aff_e20f984e26c57db0""]"
41208638,Correale J,"[""Correale Jorge D""]",2,"[""aff_b879c9e3d0a6a199"", ""aff_fabd853f7c70ec55""]"
41208638,Galo A,"[""Galo Azul""]",2,"[""aff_8d23ad52c9feccfa"", ""aff_e20f984e26c57db0""]"
41208638,Katz M,"[""Katz Maximiliano J""]",2,"[""aff_8d23ad52c9feccfa"", ""aff_e20f984e26c57db0""]"
41208638,Marcora M,"[""Marcora María S""]",1,"[""aff_b879c9e3d0a6a199""]"
41208638,Pagani M,"[""Pagani Mario R""]",2,"[""aff_8d23ad52c9feccfa"", ""aff_e20f984e26c57db0""]"
41208638,Pasquini J,"[""Pasquini Juana M""]",1,"[""aff_b879c9e3d0a6a199""]"
41242030,Alvarez A,"[""Alvarez Anny""]",1,"[""aff_43759fdfe7074ebf""]"
41242030,Ayala-Ramirez P,"[""Ayala-Ramírez Paola""]",1,"[""aff_0b32686ff7c79632""]"
41242030,Cardona P,"[""Cardona Paula""]",1,"[""aff_43759fdfe7074ebf""]"
41242030,Damiano A,"[""Damiano Alicia E""]",1,"[""aff_5d22ed88967c7d0e""]"
41242030,Garcia-Robles R,"[""García-Robles Reggie""]",1,"[""aff_0481bba69fd0c0a4""]"
41242030,Palacios D,"[""Palacios Daniel""]",1,"[""aff_43759fdfe7074ebf""]"
41423699,Bademosi A,"[""Bademosi Adekunle T""]",1,"[""aff_f1035155a57362ca""]"
41423699,Blizzard C,"[""Blizzard Catherine A""]",2,"[""aff_2d8900d2768afa78"", ""aff_be316785d21178b9""]"
41423699,Brown-Wright H,"[""Brown-Wright Heledd""]",1,"[""aff_f1035155a57362ca""]"
41423699,Cao M,"[""Cao Maize C""]",1,"[""aff_2c7f8897d11435f4""]"
41423699,Chang M,"[""Chang Mu Sheen""]",3,"[""aff_93e230e73595ef31"", ""aff_cf2f6dce46d7c2a1"", ""aff_f1035155a57362ca""]"
41423699,Chye Y,"[""Chye Yi Jia""]",3,"[""aff_4a7a18d8f37dd23e"", ""aff_93e230e73595ef31"", ""aff_f1035155a57362ca""]"
41423699,Harutyunyan A,"[""Harutyunyan Anna""]",2,"[""aff_93e230e73595ef31"", ""aff_cf2f6dce46d7c2a1""]"
41423699,Igaz L,"[""Igaz Lionel M""]",2,"[""aff_4692ada1b2336e9a"", ""aff_51ad578f18c547a8""]"
41423699,Luan W,"[""Luan Wei""]",1,"[""aff_f1035155a57362ca""]"
41423699,Madrid San Martin L,"[""Madrid San Martin Lidia""]",1,"[""aff_f1035155a57362ca""]"
41423699,Robinson K,"[""Robinson Katherine J""]",2,"[""aff_93e230e73595ef31"", ""aff_cf2f6dce46d7c2a1""]"
41423699,San Gil R,"[""San Gil Rebecca""]",3,"[""aff_3a26936a62e60903"", ""aff_918ec50751c2e4d7"", ""aff_a0c82f8177ce87ae""]"
41423699,Scotter E,"[""Scotter Emma L""]",1,"[""aff_2c7f8897d11435f4""]"
41423699,Vassallu F,"[""Vassallu Florencia""]",2,"[""aff_4692ada1b2336e9a"", ""aff_51ad578f18c547a8""]"
41423699,Venturato J,"[""Venturato Juliana""]",3,"[""aff_93e230e73595ef31"", ""aff_cf2f6dce46d7c2a1"", ""aff_f1035155a57362ca""]"
41423699,Walker A,"[""Walker Adam K""]",3,"[""aff_006a67a31f5e64be"", ""aff_6ae0796c5c72dd64"", ""aff_d37dcaf256b62523""]"
41423699,West P,"[""West Phillip K""]",2,"[""aff_4a7a18d8f37dd23e"", ""aff_93e230e73595ef31""]"
41423699,Wu H,"[""Wu Hao Yu""]",1,"[""aff_f1035155a57362ca""]"
41457365,Beltramone N,"[""Beltramone N""]",2,"[""aff_234f94ad003faf17"", ""aff_d690604ea09bb1eb""]"
41457365,Capurro C,"[""Capurro C""]",2,"[""aff_234f94ad003faf17"", ""aff_d690604ea09bb1eb""]"
41457365,Casal J,"[""Casal J J""]",2,"[""aff_234f94ad003faf17"", ""aff_d690604ea09bb1eb""]"
41457365,Celi A,"[""Celi A B""]",2,"[""aff_234f94ad003faf17"", ""aff_d690604ea09bb1eb""]"
41457365,Di Giusto G,"[""Di Giusto G""]",2,"[""aff_234f94ad003faf17"", ""aff_d690604ea09bb1eb""]"
41457365,Fanelli M,"[""Fanelli M A""]",1,"[""aff_bc9bae4b1da890fe""]"
41457365,Ford P,"[""Ford P""]",2,"[""aff_234f94ad003faf17"", ""aff_d690604ea09bb1eb""]"
41457365,Rivarola V,"[""Rivarola V""]",2,"[""aff_234f94ad003faf17"", ""aff_d690604ea09bb1eb""]"
41457365,Sterba J,"[""Sterba J J""]",2,"[""aff_234f94ad003faf17"", ""aff_d690604ea09bb1eb""]"
41489386,Arias L,"[""Arias Luciana Soledad""]",1,"[""aff_9e29cbfd5b404381""]"
41489386,Goldstein J,"[""Goldstein Jorge""]",1,"[""aff_08ca75b3ceb7596c""]"
41489386,Pinto A,"[""Pinto Alipio""]",1,"[""aff_08ca75b3ceb7596c""]"
41489386,Ramos-Aloi A,"[""Ramos-Aloi Ana Belén""]",1,"[""aff_08ca75b3ceb7596c""]"
41571758,Igaz L,"[""Igaz Lionel Muller""]",2,"[""aff_3722a6d3d1befe40"", ""aff_77562cdb26c7cd84""]"
41571758,Lacour A,"[""Lacour Ailín""]",2,"[""aff_6adeef7793aa5411"", ""aff_7a8dd683d82dcf1e""]"
41571758,Rayes D,"[""Rayes Diego""]",2,"[""aff_9064db81ef102fa7"", ""aff_91913fe89ca672a6""]"
41571758,Romussi S,"[""Romussi Stefano""]",2,"[""aff_6adeef7793aa5411"", ""aff_7a8dd683d82dcf1e""]"
41571758,Vassallu F,"[""Vassallu Florencia""]",2,"[""aff_09c035911b86ae00"", ""aff_65c3d20eeeccbccc""]"
41605341,Agostino P,"[""Agostino Patricia Veronica""]",1,"[""aff_08dfbc32dbf6da8c""]"
41605341,Carrasquillo Y,"[""Carrasquillo Yarimar""]",1,"[""aff_9eee224cc968b96e""]"
41605341,Kasanetz F,"[""Kasanetz Fernando""]",1,"[""aff_e5b447dea7e50670""]"
41605341,Perello M,"[""Perello Mario""]",1,"[""aff_fbcf8276c638690e""]"
41605341,Reynaldo M,"[""Reynaldo Mirta""]",1,"[""aff_2845dcbd2dcb5767""]"
41605341,Singh S,"[""Singh Sudhuman""]",1,"[""aff_fb87e38a127a3692""]"
41605341,Valdivia S,"[""Valdivia Spring""]",1,"[""aff_5010256eb15855bb""]"
41709136,Azevedo V,"[""Azevedo Vasco""]",1,"[""aff_337ca8bfb8191fcf""]"
41709136,Chatel J,"[""Chatel Jean-Marc""]",1,"[""aff_7de9f9d798aa4a99""]"
41709136,Ferrary Americo M,"[""Ferrary Américo Monique""]",2,"[""aff_337ca8bfb8191fcf"", ""aff_5bd39c8480985821""]"
41709136,Henry C,"[""Henry Céline""]",1,"[""aff_5bd39c8480985821""]"
41709136,Marques da Silva W,"[""Marques da Silva Wanderson""]",2,"[""aff_7583b4a982c698e9"", ""aff_d125b9f3ebccdf67""]"
41709136,Verano-Braga T,"[""Verano-Braga Tiago""]",1,"[""aff_070354f43eb57274""]"
41709136,Vilela Rodrigues T,"[""Vilela Rodrigues Thaís""]",2,"[""aff_337ca8bfb8191fcf"", ""aff_5bd39c8480985821""]"
41743514,Belluscio M,"[""Belluscio Mariano Andrés""]",2,"[""aff_28f56a705bedde3e"", ""aff_df41ac45a06a6f81""]"
41743514,Marini M,"[""Marini Micaela Betsabé""]",2,"[""aff_28f56a705bedde3e"", ""aff_7445d50103944537""]"
41743514,Martinez M,"[""Martínez María Cecilia""]",2,"[""aff_28f56a705bedde3e"", ""aff_7445d50103944537""]"
41743514,Murer M,"[""Murer Mario Gustavo""]",2,"[""aff_28f56a705bedde3e"", ""aff_df41ac45a06a6f81""]"
41800087,Fischer Sigel L,"[""Fischer Sigel Lilian K""]",2,"[""aff_453b7394e370894f"", ""aff_bcba04651d634aef""]"
41800087,Sanchez D,"[""Sánchez Daiana S""]",2,"[""aff_453b7394e370894f"", ""aff_bcba04651d634aef""]"
41800087,Silberstein C,"[""Silberstein Claudia""]",2,"[""aff_453b7394e370894f"", ""aff_bcba04651d634aef""]"
41800087,Zotta E,"[""Zotta Elsa""]",2,"[""aff_26f32e8cd0c26593"", ""aff_c0d1973a50415e48""]"
41817828,Belforte J,"[""Belforte Juan Emilio""]",2,"[""aff_8ee067b62cdb310b"", ""aff_f2f41d2c80be1556""]"
41817828,Gomez G,"[""Gomez Gimena""]",1,"[""aff_b77f12958008e9a3""]"
41817828,Murer M,"[""Murer Mario Gustavo""]",2,"[""aff_3b994d984444414f"", ""aff_7287ca77f71f37cc""]"
41817828,Paz R,"[""Paz Rodrigo Manuel""]",3,"[""aff_8ee067b62cdb310b"", ""aff_c3520b1a4102f885"", ""aff_f2f41d2c80be1556""]"
41817828,Rela L,"[""Rela Lorena""]",2,"[""aff_8ee067b62cdb310b"", ""aff_f2f41d2c80be1556""]"
41817828,Stahl A,"[""Stahl Agostina Mónica""]",2,"[""aff_3934ba44d29eec9c"", ""aff_8947a5bf05c4a166""]"
41817828,Taravini I,"[""Taravini Irene R E""]",1,"[""aff_58c74bc5422daae5""]"
41817828,Tubert C,"[""Tubert Cecilia""]",2,"[""aff_8ee067b62cdb310b"", ""aff_f2f41d2c80be1556""]"
41824201,Beltramone N,"[""Beltramone Natalia""]",2,"[""aff_c6401d047eb855e2"", ""aff_e5f9c92d47206008""]"
41824201,Capurro C,"[""Capurro Claudia""]",2,"[""aff_c6401d047eb855e2"", ""aff_e5f9c92d47206008""]"
41824201,Casal J,"[""Casal Juan Jose""]",2,"[""aff_c6401d047eb855e2"", ""aff_e5f9c92d47206008""]"
41824201,Celi A,"[""Celi Ana Beatriz""]",2,"[""aff_c6401d047eb855e2"", ""aff_e5f9c92d47206008""]"
41824201,Di Giusto G,"[""Di Giusto Gisela""]",2,"[""aff_c6401d047eb855e2"", ""aff_e5f9c92d47206008""]"
41824201,Ford P,"[""Ford Paula""]",2,"[""aff_c6401d047eb855e2"", ""aff_e5f9c92d47206008""]"
41824201,Grippo A,"[""Grippo Antonio""]",2,"[""aff_c6401d047eb855e2"", ""aff_e5f9c92d47206008""]"
41824201,Mechali A,"[""Mechali Ana""]",2,"[""aff_c6401d047eb855e2"", ""aff_e5f9c92d47206008""]"
41824201,Rivarola V,"[""Rivarola Valeria""]",2,"[""aff_2db4123a90143a16"", ""aff_9ac9bfd6578dd8ef""]"
41933672,Capurro C,"[""Capurro Claudia""]",1,"[""aff_e93a63dcf25df282""]"
41933672,Cocca M,"[""Cocca María Azul""]",1,"[""aff_e93a63dcf25df282""]"
41933672,Cutrera N,"[""Cutrera Nicolás""]",1,"[""aff_e93a63dcf25df282""]"
41933672,Di Giusto G,"[""Di Giusto Gisela""]",1,"[""aff_e93a63dcf25df282""]"
41933672,Echevarria M,"[""Echevarría Miriam""]",1,"[""aff_6a46eae90b4299c4""]"
41933672,Ford P,"[""Ford Paula""]",1,"[""aff_e93a63dcf25df282""]"
41933672,Netti V,"[""Netti Vanina""]",1,"[""aff_ad477e47d4fc5d69""]"
41950695,Damiano A,"[""Damiano A""]",1,"[""aff_84d7fd1c09ce8882""]"
41950695,Etcheverry T,"[""Etcheverry T""]",1,"[""aff_8a51e2e5a72197eb""]"
41950695,Farina M,"[""Farina M""]",1,"[""aff_8a51e2e5a72197eb""]"
41950695,Gornalusse G,"[""Gornalusse G""]",1,"[""aff_2cf1eb064e9a077e""]"
41950695,Martinez N,"[""Martínez N""]",1,"[""aff_3ac5c6f57b74ba5a""]"
41950695,Reppetti J,"[""Reppetti J""]",1,"[""aff_23868cf4421c32c1""]"
42086667,Igaz L,"[""Igaz Lionel M""]",2,"[""aff_ca730e5bf1197480"", ""aff_ee6a6208e8bd2e18""]"
42086667,Iribarne J,"[""Iribarne Josefina""]",3,"[""aff_482744f1412e6f10"", ""aff_b6123071603cb39f"", ""aff_e00bf8b996446a67""]"
42086667,Moncada D,"[""Moncada Diego""]",2,"[""aff_70877d91829891ad"", ""aff_ed49356c1fc536f9""]"
42086667,Renfijes M,"[""Renfijes Matias M""]",2,"[""aff_482744f1412e6f10"", ""aff_aa7a38c296ccdcdb""]"
42086667,Riboldi J,"[""Riboldi Juan G""]",3,"[""aff_482744f1412e6f10"", ""aff_b6123071603cb39f"", ""aff_e00bf8b996446a67""]"
42086667,Viola H,"[""Viola Haydee""]",3,"[""aff_17fd5602cf34c02a"", ""aff_68a215d3a9d46b87"", ""aff_846fef047571448d""]"
42097396,Aguilar L,"[""Aguilar Luis""]",1,"[""aff_1ed9c50c0e34d815""]"
42097396,Belforte J,"[""Belforte Juan E""]",1,"[""aff_ef083e0b6fab3f77""]"
42097396,Canteras N,"[""Canteras Newton""]",1,"[""aff_736a4ae88395e14f""]"
42097396,Cardenas F,"[""Cardenas Fernando P""]",1,"[""aff_40b6620d76b71fb6""]"
42097396,Carreira M,"[""Carreira María""]",1,"[""aff_1c0294c5728adabc""]"
42097396,Duenas Z,"[""Dueñas Zulma""]",1,"[""aff_81e8c71bde1a555f""]"
42097396,Montiel J,"[""Montiel Juan F""]",1,"[""aff_f3cffdb76c03a730""]"
42097396,Olazabal D,"[""Olazábal Daniel E""]",1,"[""aff_0bb962fc100154b9""]"
42097396,Pertusa M,"[""Pertusa María""]",1,"[""aff_7ab5a3572fa1d777""]"
42097396,Ramos A,"[""Ramos Alberto Javier""]",1,"[""aff_b9c260c4672c2544""]"
42097396,Rocha L,"[""Rocha Luisa""]",1,"[""aff_ad371ad9fd8a4a79""]"
42097396,Rodriguez-Labrada R,"[""Rodríguez-Labrada Roberto""]",1,"[""aff_fd873c37d6cab34d""]"
42097396,Sanchez-Vincitore L,"[""Sánchez-Vincitore Laura V""]",1,"[""aff_a8c1a36e85a5ce52""]"
42123443,Barragan-Zuniga L,"[""Barragán-Zúñiga Laura J""]",1,"[""aff_149cd4acc8e487f8""]"
42123443,Damiano A,"[""Damiano Alicia E""]",2,"[""aff_0a5c427088f59e74"", ""aff_99a69f3984adb769""]"
42123443,Enriquez-Mendiola D,"[""Enriquez-Mendiola Daniel""]",1,"[""aff_e202d802f5701e10""]"
42123443,Galaviz-Hernandez C,"[""Galaviz-Hernández Carlos""]",1,"[""aff_e202d802f5701e10""]"
42123443,Lazalde-Ramos B,"[""Lazalde-Ramos Blanca P""]",1,"[""aff_f3f619325302c00d""]"
42123443,Sifuentes-Garcia J,"[""Sifuentes-García Jorge E""]",1,"[""aff_e202d802f5701e10""]"
42123443,Sosa-Macias M,"[""Sosa-Macías Martha""]",1,"[""aff_e202d802f5701e10""]"
42123443,Vertiz-Hernandez A,"[""Vértiz-Hernández Angel A""]",1,"[""aff_944f545667408d72""]"
42134656,Caltana L,"[""Caltana Laura""]",1,"[""aff_5aec6476b0938f7b""]"
42134656,Casal J,"[""Casal Juan""]",1,"[""aff_2ad34fc7a9525e73""]"
42134656,Igaz L,"[""Igaz Lionel Muller""]",1,"[""aff_a7b4fb789a0f67b1""]"
42134656,Lopez Ambrosioni F,"[""López Ambrosioni Florencia""]",1,"[""aff_65c107e45d1b52b2""]"
42134656,Lopez M,"[""López Milagros""]",1,"[""aff_65c107e45d1b52b2""]"
42134656,Vassallu F,"[""Vassallu Florencia""]",1,"[""aff_65c107e45d1b52b2""]"
42313886,Della-Maggiore V,"[""Della-Maggiore Valeria""]",3,"[""aff_3690f2c27abd4930"", ""aff_6e8ca31d34ff20ec"", ""aff_e363a0e01dffa1c0""]"
42313886,Griffa G,"[""Griffa Guillermina""]",1,"[""aff_e363a0e01dffa1c0""]"
42313886,Huang S,"[""Huang Susie Y""]",1,"[""aff_d96149eafbf960ee""]"
42313886,Lee H,"[""Lee Hong-Hsi""]",1,"[""aff_d96149eafbf960ee""]"
42313886,Palombo M,"[""Palombo Marco""]",1,"[""aff_0874cfce70575f5f""]"
42313886,Solano A,"[""Solano Agustin""]",2,"[""aff_3690f2c27abd4930"", ""aff_e363a0e01dffa1c0""]"
42313886,Yeffal A,"[""Yeffal Abraham""]",2,"[""aff_3690f2c27abd4930"", ""aff_e363a0e01dffa1c0""]"
42327001,Casale R,"[""Casale Roberto""]",1,"[""aff_c12e18d4ec56b19c""]"
42327001,Corominas A,"[""Corominas Ana I""]",1,"[""aff_c12e18d4ec56b19c""]"
42327001,Damiano A,"[""Damiano Alicia E""]",2,"[""aff_646eb37713d89034"", ""aff_bcee52ab4aca5753""]"
42327001,Ferreiros A,"[""Ferreiros Alberto""]",1,"[""aff_c12e18d4ec56b19c""]"
42327001,Reynoso M,"[""Reynoso Mariano""]",2,"[""aff_976128492420de80"", ""aff_bcee52ab4aca5753""]"
42327001,Solimine F,"[""Solimine Franco""]",1,"[""aff_bcee52ab4aca5753""]"
42347511,Amaral M,"[""Amaral María Marta""]",2,"[""aff_0795be649c6b7425"", ""aff_534be2109fa6b205""]"
42347511,Bom A,"[""Bom Ariela O P""]",2,"[""aff_7f97c3e3ee25024f"", ""aff_d802cd1985d1e283""]"
42347511,Carbonari C,"[""Carbonari Claudia C""]",1,"[""aff_982a3130fc36d17d""]"
42347511,Chen G,"[""Chen Gang""]",1,"[""aff_be3cdaff59dd2dbe""]"
42347511,Chinen I,"[""Chinen Isabel""]",1,"[""aff_b52389e401a11078""]"
42347511,Ferreira R,"[""Ferreira Raissa L""]",1,"[""aff_d802cd1985d1e283""]"
42347511,Giron D,"[""Girón Daniel""]",2,"[""aff_0795be649c6b7425"", ""aff_534be2109fa6b205""]"
42347511,Gomez F,"[""Gómez Fernando D""]",2,"[""aff_0795be649c6b7425"", ""aff_534be2109fa6b205""]"
42347511,Henrique C,"[""Henrique Camila""]",1,"[""aff_d802cd1985d1e283""]"
42347511,Henrique I,"[""Henrique Izabella M""]",1,"[""aff_d802cd1985d1e283""]"
42347511,Luz D,"[""Luz Daniela""]",2,"[""aff_7f97c3e3ee25024f"", ""aff_d802cd1985d1e283""]"
42347511,Marques da Silva W,"[""Marques da Silva Wanderson""]",2,"[""aff_0795be649c6b7425"", ""aff_534be2109fa6b205""]"
42347511,Miliwebsky E,"[""Miliwebsky Elizabeth S""]",1,"[""aff_982a3130fc36d17d""]"
42347511,Piazza R,"[""Piazza Roxane M F""]",2,"[""aff_7f97c3e3ee25024f"", ""aff_d802cd1985d1e283""]"
42347511,Sacerdoti F,"[""Sacerdoti Flavia""]",2,"[""aff_0795be649c6b7425"", ""aff_534be2109fa6b205""]"
42347511,Sidhu S,"[""Sidhu Sachdev S""]",1,"[""aff_be3cdaff59dd2dbe""]"
42404802,Depino A,"[""Depino Amaicha""]",2,"[""aff_39e9696618ee188a"", ""aff_f39ddc6ac5eb1872""]"
42404802,Igaz L,"[""Igaz Lionel Muller""]",2,"[""aff_afc38922ae1d120b"", ""aff_e5f9c92d47206008""]"
42404802,Netti V,"[""Netti Vanina""]",2,"[""aff_5d7553c4e919cc25"", ""aff_e5f9c92d47206008""]"
42404802,Nieva G,"[""Nieva Gabriela""]",2,"[""aff_afc38922ae1d120b"", ""aff_e5f9c92d47206008""]"
42404802,Vassallu F,"[""Vassallu Florencia""]",2,"[""aff_afc38922ae1d120b"", ""aff_e5f9c92d47206008""]"
42570776,Alberquilla S,"[""Alberquilla Samuel""]",1,"[""aff_235ab606c50eadfb""]"
42570776,Merino-Serrais P,"[""Merino-Serrais Paula""]",1,"[""aff_e90bf6ee21d23ac6""]"
42570776,Moratalla R,"[""Moratalla Rosario""]",1,"[""aff_b311ef42c0f250ce""]"
42570776,Murer M,"[""Murer Mario Gustavo""]",1,"[""aff_6d9a8120b9939b41""]"
42570776,Salas-Prieto C,"[""Salas-Prieto Carlos""]",1,"[""aff_235ab606c50eadfb""]"
42576265,Blanco M,"[""Blanco Mailén""]",1,"[""aff_c2ac317d571d14d8""]"
42576265,Bortman G,"[""Bortman Guillermo""]",1,"[""aff_c2ac317d571d14d8""]"
42576265,Capurro C,"[""Capurro Claudia""]",2,"[""aff_4692ada1b2336e9a"", ""aff_5d7553c4e919cc25""]"
42576265,Di Giusto G,"[""Di Giusto Gisela""]",2,"[""aff_4692ada1b2336e9a"", ""aff_5d7553c4e919cc25""]"
42576265,Ferreyra R,"[""Ferreyra Raúl""]",1,"[""aff_c2ac317d571d14d8""]"
42576265,Fonseca S,"[""Fonseca Sebastián Raúl""]",1,"[""aff_c2ac317d571d14d8""]"
42576265,Piazza A,"[""Piazza Antonio""]",1,"[""aff_c2ac317d571d14d8""]"
42576265,Politi M,"[""Politi María Teresa""]",2,"[""aff_4692ada1b2336e9a"", ""aff_5d7553c4e919cc25""]"
42601945,Acurio J,"[""Acurio Jesenia""]",2,"[""aff_1b8e5f52e1fb48ea"", ""aff_45b1ee5fc7a61b61""]"
42601945,Burgos C,"[""Burgos Carlos Felipe""]",1,"[""aff_a909f722d42b3b63""]"
42601945,Damiano A,"[""Damiano Alicia E""]",2,"[""aff_d975544b73c2a5f0"", ""aff_f854683b07196682""]"
42601945,Escudero C,"[""Escudero Carlos Alonso""]",2,"[""aff_1b8e5f52e1fb48ea"", ""aff_45b1ee5fc7a61b61""]"
42601945,Galaviz-Hernandez C,"[""Galaviz-Hernandez Carlos""]",1,"[""aff_3080499bd91d2a29""]"
42601945,Marchat L,"[""Marchat Laurence A""]",1,"[""aff_e100a8607f459396""]"
42601945,Reynoso M,"[""Reynoso Mariano""]",2,"[""aff_d975544b73c2a5f0"", ""aff_f854683b07196682""]"
42601945,Simental-Mendia L,"[""Simental-Mendía Luis E""]",1,"[""aff_1ee1a593793b00b3""]"
42601945,Sosa-Macias M,"[""Sosa-Macías Martha""]",1,"[""aff_3080499bd91d2a29""]"
42601945,Valenzuela-Torres P,"[""Valenzuela-Torres Perla""]",1,"[""aff_3080499bd91d2a29""]"
42611393,Dujovne N,"[""Dujovne Noelia""]",1,"[""aff_e914c85632115e81""]"
42611393,Garzon V,"[""Garzón Valeria F""]",1,"[""aff_3f8876a2ebc5c382""]"
42611393,Gomes Pio M,"[""Gomes Pio Mauricio""]",2,"[""aff_3f8876a2ebc5c382"", ""aff_818694892a796f8c""]"
42611393,Lazzati J,"[""Lazzati Juan M""]",1,"[""aff_d1a4041a82013473""]"
42611393,Marques da Silva W,"[""Marques da Silva Wanderson""]",2,"[""aff_314259d4a47e9112"", ""aff_3f8876a2ebc5c382""]"
42611393,Marti J,"[""Marti Jéssica López""]",1,"[""aff_140781061fdfbb79""]"
42611393,Rivolta C,"[""Rivolta Carina M""]",2,"[""aff_3f8876a2ebc5c382"", ""aff_818694892a796f8c""]"
42611393,Targovnik H,"[""Targovnik Héctor M""]",1,"[""aff_c222418a76a1e702""]"
42611393,Zappa J,"[""Zappa Jorge""]",1,"[""aff_fece55b74d394aa9""]"
42675027,Alexander A,"[""Alexander Ashley""]",1,"[""aff_060898f8edfee759""]"
42675027,Alford S,"[""Alford Susan""]",1,"[""aff_a8ac85e5f8ed5ec7""]"
42675027,Alzheimer's Association Innovation Roundtable,"[""""]",1,"[""aff_dcfdefc85004e71d""]"
42675027,Breithaupt A,"[""Breithaupt Andrew""]",1,"[""aff_4f0f1b688bc40b5e""]"
42675027,Bumaschny V,"[""Bumaschny Viviana F""]",1,"[""aff_a07345911164da0c""]"
42675027,Daniels A,"[""Daniels Aaron""]",1,"[""aff_da6a420d7e2533c4""]"
42675027,Daven M,"[""Daven Morgan""]",1,"[""aff_044d6005de17a336""]"
42675027,Deaner N,"[""Deaner Nicole""]",1,"[""aff_044d6005de17a336""]"
42675027,Dezzutti L,"[""Dezzutti Lisa""]",1,"[""aff_c08e50ac1ccd4145""]"
42675027,Naik A,"[""Naik Aanand D""]",1,"[""aff_c43b03a54555dacc""]"
42675027,Possin K,"[""Possin Katherine""]",1,"[""aff_887617d5e5c56af4""]"
42675027,Sabbagh M,"[""Sabbagh Marwan""]",1,"[""aff_f3c45d6d17776ed3""]"
